place_type,internal_id,parent_id,name_en,name_bn,latitude,longitude,website
Division,DIV_1,BD,Chattagram,চট্টগ্রাম,,,www.chittagongdiv.gov.bd
Division,DIV_2,BD,Rajshahi,রাজশাহী,,,www.rajshahidiv.gov.bd
Division,DIV_3,BD,Khulna,খুলনা,,,www.khulnadiv.gov.bd
Division,DIV_4,BD,Barisal,বরিশাল,,,www.barisaldiv.gov.bd
Division,DIV_5,BD,Sylhet,সিলেট,,,www.sylhetdiv.gov.bd
Division,DIV_6,BD,Dhaka,ঢাকা,,,www.dhakadiv.gov.bd
Division,DIV_7,BD,Rangpur,রংপুর,,,www.rangpurdiv.gov.bd
Division,DIV_8,BD,Mymensingh,ময়মনসিংহ,,,www.mymensinghdiv.gov.bd
District,DIST_1,DIV_1,Comilla,কুমিল্লা,23.4682747,,www.comilla.gov.bd
District,DIST_2,DIV_1,Feni,ফেনী,23.023231,,www.feni.gov.bd
District,DIST_3,DIV_1,Brahmanbaria,ব্রাহ্মণবাড়িয়া,23.9570904,,www.brahmanbaria.gov.bd
District,DIST_4,DIV_1,Rangamati,রাঙ্গামাটি,22.65561018,,www.rangamati.gov.bd
District,DIST_5,DIV_1,Noakhali,নোয়াখালী,22.869563,,www.noakhali.gov.bd
District,DIST_6,DIV_1,Chandpur,চাঁদপুর,23.2332585,,www.chandpur.gov.bd
District,DIST_7,DIV_1,Lakshmipur,লক্ষ্মীপুর,22.942477,,www.lakshmipur.gov.bd
District,DIST_8,DIV_1,Chattogram,চট্টগ্রাম,22.335109,,www.chittagong.gov.bd
District,DIST_9,DIV_1,Coxsbazar,কক্সবাজার,21.44315751,,www.coxsbazar.gov.bd
District,DIST_10,DIV_1,Khagrachhari,খাগড়াছড়ি,23.119285,,www.khagrachhari.gov.bd
District,DIST_11,DIV_1,Bandarban,বান্দরবান,22.1953275,,www.bandarban.gov.bd
District,DIST_12,DIV_2,Sirajganj,সিরাজগঞ্জ,24.4533978,,www.sirajganj.gov.bd
District,DIST_13,DIV_2,Pabna,পাবনা,23.998524,,www.pabna.gov.bd
District,DIST_14,DIV_2,Bogura,বগুড়া,24.8465228,,www.bogra.gov.bd
District,DIST_15,DIV_2,Rajshahi,রাজশাহী,24.37230298,,www.rajshahi.gov.bd
District,DIST_16,DIV_2,Natore,নাটোর,24.420556,,www.natore.gov.bd
District,DIST_17,DIV_2,Joypurhat,জয়পুরহাট,25.09636876,,www.joypurhat.gov.bd
District,DIST_18,DIV_2,Chapainawabganj,চাঁপাইনবাবগঞ্জ,24.5965034,,www.chapainawabganj.gov.bd
District,DIST_19,DIV_2,Naogaon,নওগাঁ,24.83256191,,www.naogaon.gov.bd
District,DIST_20,DIV_3,Jashore,যশোর,23.16643,,www.jessore.gov.bd
District,DIST_21,DIV_3,Satkhira,সাতক্ষীরা,22.7180905,,www.satkhira.gov.bd
District,DIST_22,DIV_3,Meherpur,মেহেরপুর,23.762213,,www.meherpur.gov.bd
District,DIST_23,DIV_3,Narail,নড়াইল,23.172534,,www.narail.gov.bd
District,DIST_24,DIV_3,Chuadanga,চুয়াডাঙ্গা,23.6401961,,www.chuadanga.gov.bd
District,DIST_25,DIV_3,Kushtia,কুষ্টিয়া,23.901258,,www.kushtia.gov.bd
District,DIST_26,DIV_3,Magura,মাগুরা,23.487337,,www.magura.gov.bd
District,DIST_27,DIV_3,Khulna,খুলনা,22.815774,,www.khulna.gov.bd
District,DIST_28,DIV_3,Bagerhat,বাগেরহাট,22.651568,,www.bagerhat.gov.bd
District,DIST_29,DIV_3,Jhenaidah,ঝিনাইদহ,23.5448176,,www.jhenaidah.gov.bd
District,DIST_30,DIV_4,Jhalakathi,ঝালকাঠি,22.6422689,,www.jhalakathi.gov.bd
District,DIST_31,DIV_4,Patuakhali,পটুয়াখালী,22.3596316,,www.patuakhali.gov.bd
District,DIST_32,DIV_4,Pirojpur,পিরোজপুর,22.5781398,,www.pirojpur.gov.bd
District,DIST_33,DIV_4,Barisal,বরিশাল,22.7004179,,www.barisal.gov.bd
District,DIST_34,DIV_4,Bhola,ভোলা,22.685923,,www.bhola.gov.bd
District,DIST_35,DIV_4,Barguna,বরগুনা,22.159182,,www.barguna.gov.bd
District,DIST_36,DIV_5,Sylhet,সিলেট,24.8897956,,www.sylhet.gov.bd
District,DIST_37,DIV_5,Moulvibazar,মৌলভীবাজার,24.482934,,www.moulvibazar.gov.bd
District,DIST_38,DIV_5,Habiganj,হবিগঞ্জ,24.374945,,www.habiganj.gov.bd
District,DIST_39,DIV_5,Sunamganj,সুনামগঞ্জ,25.0658042,,www.sunamganj.gov.bd
District,DIST_40,DIV_6,Narsingdi,নরসিংদী,23.932233,,www.narsingdi.gov.bd
District,DIST_41,DIV_6,Gazipur,গাজীপুর,24.0022858,,www.gazipur.gov.bd
District,DIST_42,DIV_6,Shariatpur,শরীয়তপুর,23.2060195,,www.shariatpur.gov.bd
District,DIST_43,DIV_6,Narayanganj,নারায়ণগঞ্জ,23.63366,,www.narayanganj.gov.bd
District,DIST_44,DIV_6,Tangail,টাঙ্গাইল,24.264145,,www.tangail.gov.bd
District,DIST_45,DIV_6,Kishoreganj,কিশোরগঞ্জ,24.444937,,www.kishoreganj.gov.bd
District,DIST_46,DIV_6,Manikganj,মানিকগঞ্জ,23.8602262,,www.manikganj.gov.bd
District,DIST_47,DIV_6,Dhaka,ঢাকা,23.7115253,,www.dhaka.gov.bd
District,DIST_48,DIV_6,Munshiganj,মুন্সিগঞ্জ,23.5435742,,www.munshiganj.gov.bd
District,DIST_49,DIV_6,Rajbari,রাজবাড়ী,23.7574305,,www.rajbari.gov.bd
District,DIST_50,DIV_6,Madaripur,মাদারীপুর,23.164102,,www.madaripur.gov.bd
District,DIST_51,DIV_6,Gopalganj,গোপালগঞ্জ,23.0050857,,www.gopalganj.gov.bd
District,DIST_52,DIV_6,Faridpur,ফরিদপুর,23.6070822,,www.faridpur.gov.bd
District,DIST_53,DIV_7,Panchagarh,পঞ্চগড়,26.3411,,www.panchagarh.gov.bd
District,DIST_54,DIV_7,Dinajpur,দিনাজপুর,25.6217061,,www.dinajpur.gov.bd
District,DIST_55,DIV_7,Lalmonirhat,লালমনিরহাট,25.9165451,,www.lalmonirhat.gov.bd
District,DIST_56,DIV_7,Nilphamari,নীলফামারী,25.931794,,www.nilphamari.gov.bd
District,DIST_57,DIV_7,Gaibandha,গাইবান্ধা,25.328751,,www.gaibandha.gov.bd
District,DIST_58,DIV_7,Thakurgaon,ঠাকুরগাঁও,26.0336945,,www.thakurgaon.gov.bd
District,DIST_59,DIV_7,Rangpur,রংপুর,25.7558096,,www.rangpur.gov.bd
District,DIST_60,DIV_7,Kurigram,কুড়িগ্রাম,25.805445,,www.kurigram.gov.bd
District,DIST_61,DIV_8,Sherpur,শেরপুর,25.0204933,,www.sherpur.gov.bd
District,DIST_62,DIV_8,Mymensingh,ময়মনসিংহ,24.7465670,,www.mymensingh.gov.bd
District,DIST_63,DIV_8,Jamalpur,জামালপুর,24.937533,,www.jamalpur.gov.bd
District,DIST_64,DIV_8,Netrokona,নেত্রকোণা,24.870955,,www.netrokona.gov.bd
Upazila,UPA_1,DIST_1,Debidwar,দেবিদ্বার,,,debidwar.comilla.gov.bd
Upazila,UPA_2,DIST_1,Barura,বরুড়া,,,barura.comilla.gov.bd
Upazila,UPA_3,DIST_1,Brahmanpara,ব্রাহ্মণপাড়া,,,brahmanpara.comilla.gov.bd
Upazila,UPA_4,DIST_1,Chandina,চান্দিনা,,,chandina.comilla.gov.bd
Upazila,UPA_5,DIST_1,Chauddagram,চৌদ্দগ্রাম,,,chauddagram.comilla.gov.bd
Upazila,UPA_6,DIST_1,Daudkandi,দাউদকান্দি,,,daudkandi.comilla.gov.bd
Upazila,UPA_7,DIST_1,Homna,হোমনা,,,homna.comilla.gov.bd
Upazila,UPA_8,DIST_1,Laksam,লাকসাম,,,laksam.comilla.gov.bd
Upazila,UPA_9,DIST_1,Muradnagar,মুরাদনগর,,,muradnagar.comilla.gov.bd
Upazila,UPA_10,DIST_1,Nangalkot,নাঙ্গলকোট,,,nangalkot.comilla.gov.bd
Upazila,UPA_11,DIST_1,Comilla Sadar,কুমিল্লা সদর,,,comillasadar.comilla.gov.bd
Upazila,UPA_12,DIST_1,Meghna,মেঘনা,,,meghna.comilla.gov.bd
Upazila,UPA_13,DIST_1,Monohargonj,মনোহরগঞ্জ,,,monohargonj.comilla.gov.bd
Upazila,UPA_14,DIST_1,Sadarsouth,সদর দক্ষিণ,,,sadarsouth.comilla.gov.bd
Upazila,UPA_15,DIST_1,Titas,তিতাস,,,titas.comilla.gov.bd
Upazila,UPA_16,DIST_1,Burichang,বুড়িচং,,,burichang.comilla.gov.bd
Upazila,UPA_17,DIST_1,Lalmai,লালমাই,,,lalmai.comilla.gov.bd
Upazila,UPA_18,DIST_2,Chhagalnaiya,ছাগলনাইয়া,,,chhagalnaiya.feni.gov.bd
Upazila,UPA_19,DIST_2,Feni Sadar,ফেনী সদর,,,sadar.feni.gov.bd
Upazila,UPA_20,DIST_2,Sonagazi,সোনাগাজী,,,sonagazi.feni.gov.bd
Upazila,UPA_21,DIST_2,Fulgazi,ফুলগাজী,,,fulgazi.feni.gov.bd
Upazila,UPA_22,DIST_2,Parshuram,পরশুরাম,,,parshuram.feni.gov.bd
Upazila,UPA_23,DIST_2,Daganbhuiyan,দাগনভূঞা,,,daganbhuiyan.feni.gov.bd
Upazila,UPA_24,DIST_3,Brahmanbaria Sadar,ব্রাহ্মণবাড়িয়া সদর,,,sadar.brahmanbaria.gov.bd
Upazila,UPA_25,DIST_3,Kasba,কসবা,,,kasba.brahmanbaria.gov.bd
Upazila,UPA_26,DIST_3,Nasirnagar,নাসিরনগর,,,nasirnagar.brahmanbaria.gov.bd
Upazila,UPA_27,DIST_3,Sarail,সরাইল,,,sarail.brahmanbaria.gov.bd
Upazila,UPA_28,DIST_3,Ashuganj,আশুগঞ্জ,,,ashuganj.brahmanbaria.gov.bd
Upazila,UPA_29,DIST_3,Akhaura,আখাউড়া,,,akhaura.brahmanbaria.gov.bd
Upazila,UPA_30,DIST_3,Nabinagar,নবীনগর,,,nabinagar.brahmanbaria.gov.bd
Upazila,UPA_31,DIST_3,Bancharampur,বাঞ্ছারামপুর,,,bancharampur.brahmanbaria.gov.bd
Upazila,UPA_32,DIST_3,Bijoynagar,বিজয়নগর,,,bijoynagar.brahmanbaria.gov.bd    
Upazila,UPA_33,DIST_4,Rangamati Sadar,রাঙ্গামাটি সদর,,,sadar.rangamati.gov.bd
Upazila,UPA_34,DIST_4,Kaptai,কাপ্তাই,,,kaptai.rangamati.gov.bd
Upazila,UPA_35,DIST_4,Kawkhali,কাউখালী,,,kawkhali.rangamati.gov.bd
Upazila,UPA_36,DIST_4,Baghaichari,বাঘাইছড়ি,,,baghaichari.rangamati.gov.bd
Upazila,UPA_37,DIST_4,Barkal,বরকল,,,barkal.rangamati.gov.bd
Upazila,UPA_38,DIST_4,Langadu,লংগদু,,,langadu.rangamati.gov.bd
Upazila,UPA_39,DIST_4,Rajasthali,রাজস্থলী,,,rajasthali.rangamati.gov.bd
Upazila,UPA_40,DIST_4,Belaichari,বিলাইছড়ি,,,belaichari.rangamati.gov.bd
Upazila,UPA_41,DIST_4,Juraichari,জুরাছড়ি,,,juraichari.rangamati.gov.bd
Upazila,UPA_42,DIST_4,Naniarchar,নানিয়ারচর,,,naniarchar.rangamati.gov.bd
Upazila,UPA_43,DIST_5,Noakhali Sadar,নোয়াখালী সদর,,,sadar.noakhali.gov.bd
Upazila,UPA_44,DIST_5,Companiganj,কোম্পানীগঞ্জ,,,companiganj.noakhali.gov.bd
Upazila,UPA_45,DIST_5,Begumganj,বেগমগঞ্জ,,,begumganj.noakhali.gov.bd
Upazila,UPA_46,DIST_5,Hatia,হাতিয়া,,,hatia.noakhali.gov.bd
Upazila,UPA_47,DIST_5,Subarnachar,সুবর্ণচর,,,subarnachar.noakhali.gov.bd
Upazila,UPA_48,DIST_5,Kabirhat,কবিরহাট,,,kabirhat.noakhali.gov.bd
Upazila,UPA_49,DIST_5,Senbug,সেনবাগ,,,senbug.noakhali.gov.bd
Upazila,UPA_50,DIST_5,Chatkhil,চাটখিল,,,chatkhil.noakhali.gov.bd
Upazila,UPA_51,DIST_5,Sonaimori,সোনাইমুড়ী,,,sonaimori.noakhali.gov.bd
Upazila,UPA_52,DIST_6,Haimchar,হাইমচর,,,haimchar.chandpur.gov.bd
Upazila,UPA_53,DIST_6,Kachua,কচুয়া,,,kachua.chandpur.gov.bd
Upazila,UPA_54,DIST_6,Shahrasti,শাহরাস্তি	,,,shahrasti.chandpur.gov.bd
Upazila,UPA_55,DIST_6,Chandpur Sadar,চাঁদপুর সদর,,,sadar.chandpur.gov.bd
Upazila,UPA_56,DIST_6,Matlab South,মতলব দক্ষিণ,,,matlabsouth.chandpur.gov.bd
Upazila,UPA_57,DIST_6,Hajiganj,হাজীগঞ্জ,,,hajiganj.chandpur.gov.bd
Upazila,UPA_58,DIST_6,Matlab North,মতলব উত্তর,,,matlabnorth.chandpur.gov.bd
Upazila,UPA_59,DIST_6,Faridgonj,ফরিদগঞ্জ,,,faridgonj.chandpur.gov.bd
Upazila,UPA_60,DIST_7,Lakshmipur Sadar,লক্ষ্মীপুর সদর,,,sadar.lakshmipur.gov.bd
Upazila,UPA_61,DIST_7,Kamalnagar,কমলনগর,,,kamalnagar.lakshmipur.gov.bd
Upazila,UPA_62,DIST_7,Raipur,রায়পুর,,,raipur.lakshmipur.gov.bd
Upazila,UPA_63,DIST_7,Ramgati,রামগতি,,,ramgati.lakshmipur.gov.bd
Upazila,UPA_64,DIST_7,Ramganj,রামগঞ্জ,,,ramganj.lakshmipur.gov.bd
Upazila,UPA_65,DIST_8,Rangunia,রাঙ্গুনিয়া,,,rangunia.chittagong.gov.bd
Upazila,UPA_66,DIST_8,Sitakunda,সীতাকুন্ড,,,sitakunda.chittagong.gov.bd
Upazila,UPA_67,DIST_8,Mirsharai,মীরসরাই,,,mirsharai.chittagong.gov.bd
Upazila,UPA_68,DIST_8,Patiya,পটিয়া,,,patiya.chittagong.gov.bd
Upazila,UPA_69,DIST_8,Sandwip,সন্দ্বীপ,,,sandwip.chittagong.gov.bd
Upazila,UPA_70,DIST_8,Banshkhali,বাঁশখালী,,,banshkhali.chittagong.gov.bd
Upazila,UPA_71,DIST_8,Boalkhali,বোয়ালখালী,,,boalkhali.chittagong.gov.bd
Upazila,UPA_72,DIST_8,Anwara,আনোয়ারা,,,anwara.chittagong.gov.bd
Upazila,UPA_73,DIST_8,Chandanaish,চন্দনাইশ,,,chandanaish.chittagong.gov.bd
Upazila,UPA_74,DIST_8,Satkania,সাতকানিয়া,,,satkania.chittagong.gov.bd
Upazila,UPA_75,DIST_8,Lohagara,লোহাগাড়া,,,lohagara.chittagong.gov.bd
Upazila,UPA_76,DIST_8,Hathazari,হাটহাজারী,,,hathazari.chittagong.gov.bd
Upazila,UPA_77,DIST_8,Fatikchhari,ফটিকছড়ি,,,fatikchhari.chittagong.gov.bd
Upazila,UPA_78,DIST_8,Raozan,রাউজান,,,raozan.chittagong.gov.bd
Upazila,UPA_79,DIST_8,Karnafuli,কর্ণফুলী,,,karnafuli.chittagong.gov.bd
Upazila,UPA_80,DIST_9,Coxsbazar Sadar,কক্সবাজার সদর,,,sadar.coxsbazar.gov.bd
Upazila,UPA_81,DIST_9,Chakaria,চকরিয়া,,,chakaria.coxsbazar.gov.bd
Upazila,UPA_82,DIST_9,Kutubdia,কুতুবদিয়া,,,kutubdia.coxsbazar.gov.bd
Upazila,UPA_83,DIST_9,Ukhiya,উখিয়া,,,ukhiya.coxsbazar.gov.bd
Upazila,UPA_84,DIST_9,Moheshkhali,মহেশখালী,,,moheshkhali.coxsbazar.gov.bd
Upazila,UPA_85,DIST_9,Pekua,পেকুয়া,,,pekua.coxsbazar.gov.bd
Upazila,UPA_86,DIST_9,Ramu,রামু,,,ramu.coxsbazar.gov.bd
Upazila,UPA_87,DIST_9,Teknaf,টেকনাফ,,,teknaf.coxsbazar.gov.bd
Upazila,UPA_88,DIST_10,Khagrachhari Sadar,খাগড়াছড়ি সদর,,,sadar.khagrachhari.gov.bd
Upazila,UPA_89,DIST_10,Dighinala,দিঘীনালা,,,dighinala.khagrachhari.gov.bd
Upazila,UPA_90,DIST_10,Panchari,পানছড়ি,,,panchari.khagrachhari.gov.bd
Upazila,UPA_91,DIST_10,Laxmichhari,লক্ষীছড়ি,,,laxmichhari.khagrachhari.gov.bd
Upazila,UPA_92,DIST_10,Mohalchari,মহালছড়ি,,,mohalchari.khagrachhari.gov.bd
Upazila,UPA_93,DIST_10,Manikchari,মানিকছড়ি,,,manikchari.khagrachhari.gov.bd
Upazila,UPA_94,DIST_10,Ramgarh,রামগড়,,,ramgarh.khagrachhari.gov.bd
Upazila,UPA_95,DIST_10,Matiranga,মাটিরাঙ্গা,,,matiranga.khagrachhari.gov.bd
Upazila,UPA_96,DIST_10,Guimara,গুইমারা,,,guimara.khagrachhari.gov.bd
Upazila,UPA_97,DIST_11,Bandarban Sadar,বান্দরবান সদর,,,sadar.bandarban.gov.bd
Upazila,UPA_98,DIST_11,Alikadam,আলীকদম,,,alikadam.bandarban.gov.bd
Upazila,UPA_99,DIST_11,Naikhongchhari,নাইক্ষ্যংছড়ি,,,naikhongchhari.bandarban.gov.bd
Upazila,UPA_100,DIST_11,Rowangchhari,রোয়াংছড়ি,,,rowangchhari.bandarban.gov.bd
Upazila,UPA_101,DIST_11,Lama,লামা,,,lama.bandarban.gov.bd
Upazila,UPA_102,DIST_11,Ruma,রুমা,,,ruma.bandarban.gov.bd
Upazila,UPA_103,DIST_11,Thanchi,থানচি,,,thanchi.bandarban.gov.bd
Upazila,UPA_104,DIST_12,Belkuchi,বেলকুচি,,,belkuchi.sirajganj.gov.bd
Upazila,UPA_105,DIST_12,Chauhali,চৌহালি,,,chauhali.sirajganj.gov.bd
Upazila,UPA_106,DIST_12,Kamarkhand,কামারখন্দ,,,kamarkhand.sirajganj.gov.bd
Upazila,UPA_107,DIST_12,Kazipur,কাজীপুর,,,kazipur.sirajganj.gov.bd
Upazila,UPA_108,DIST_12,Raigonj,রায়গঞ্জ,,,raigonj.sirajganj.gov.bd
Upazila,UPA_109,DIST_12,Shahjadpur,শাহজাদপুর,,,shahjadpur.sirajganj.gov.bd
Upazila,UPA_110,DIST_12,Sirajganj Sadar,সিরাজগঞ্জ সদর,,,sirajganjsadar.sirajganj.gov.bd
Upazila,UPA_111,DIST_12,Tarash,তাড়াশ,,,tarash.sirajganj.gov.bd
Upazila,UPA_112,DIST_12,Ullapara,উল্লাপাড়া,,,ullapara.sirajganj.gov.bd
Upazila,UPA_113,DIST_13,Sujanagar,সুজানগর,,,sujanagar.pabna.gov.bd
Upazila,UPA_114,DIST_13,Ishurdi,ঈশ্বরদী,,,ishurdi.pabna.gov.bd
Upazila,UPA_115,DIST_13,Bhangura,ভাঙ্গুড়া,,,bhangura.pabna.gov.bd
Upazila,UPA_116,DIST_13,Pabna Sadar,পাবনা সদর,,,pabnasadar.pabna.gov.bd
Upazila,UPA_117,DIST_13,Bera,বেড়া,,,bera.pabna.gov.bd
Upazila,UPA_118,DIST_13,Atghoria,আটঘরিয়া,,,atghoria.pabna.gov.bd
Upazila,UPA_119,DIST_13,Chatmohar,চাটমোহর,,,chatmohar.pabna.gov.bd
Upazila,UPA_120,DIST_13,Santhia,সাঁথিয়া,,,santhia.pabna.gov.bd
Upazila,UPA_121,DIST_13,Faridpur,ফরিদপুর,,,faridpur.pabna.gov.bd
Upazila,UPA_122,DIST_14,Kahaloo,কাহালু,,,kahaloo.bogra.gov.bd
Upazila,UPA_123,DIST_14,Bogra Sadar,বগুড়া সদর,,,sadar.bogra.gov.bd
Upazila,UPA_124,DIST_14,Shariakandi,সারিয়াকান্দি,,,shariakandi.bogra.gov.bd
Upazila,UPA_125,DIST_14,Shajahanpur,শাজাহানপুর,,,shajahanpur.bogra.gov.bd
Upazila,UPA_126,DIST_14,Dupchanchia,দুপচাচিঁয়া,,,dupchanchia.bogra.gov.bd
Upazila,UPA_127,DIST_14,Adamdighi,আদমদিঘি,,,adamdighi.bogra.gov.bd
Upazila,UPA_128,DIST_14,Nondigram,নন্দিগ্রাম,,,nondigram.bogra.gov.bd
Upazila,UPA_129,DIST_14,Sonatala,সোনাতলা,,,sonatala.bogra.gov.bd
Upazila,UPA_130,DIST_14,Dhunot,ধুনট,,,dhunot.bogra.gov.bd
Upazila,UPA_131,DIST_14,Gabtali,গাবতলী,,,gabtali.bogra.gov.bd
Upazila,UPA_132,DIST_14,Sherpur,শেরপুর,,,sherpur.bogra.gov.bd
Upazila,UPA_133,DIST_14,Shibganj,শিবগঞ্জ,,,shibganj.bogra.gov.bd
Upazila,UPA_134,DIST_15,Paba,পবা,,,paba.rajshahi.gov.bd
Upazila,UPA_135,DIST_15,Durgapur,দুর্গাপুর,,,durgapur.rajshahi.gov.bd
Upazila,UPA_136,DIST_15,Mohonpur,মোহনপুর,,,mohonpur.rajshahi.gov.bd
Upazila,UPA_137,DIST_15,Charghat,চারঘাট,,,charghat.rajshahi.gov.bd
Upazila,UPA_138,DIST_15,Puthia,পুঠিয়া,,,puthia.rajshahi.gov.bd
Upazila,UPA_139,DIST_15,Bagha,বাঘা,,,bagha.rajshahi.gov.bd
Upazila,UPA_140,DIST_15,Godagari,গোদাগাড়ী,,,godagari.rajshahi.gov.bd
Upazila,UPA_141,DIST_15,Tanore,তানোর,,,tanore.rajshahi.gov.bd
Upazila,UPA_142,DIST_15,Bagmara,বাগমারা,,,bagmara.rajshahi.gov.bd
Upazila,UPA_143,DIST_16,Natore Sadar,নাটোর সদর,,,natoresadar.natore.gov.bd
Upazila,UPA_144,DIST_16,Singra,সিংড়া,,,singra.natore.gov.bd
Upazila,UPA_145,DIST_16,Baraigram,বড়াইগ্রাম,,,baraigram.natore.gov.bd
Upazila,UPA_146,DIST_16,Bagatipara,বাগাতিপাড়া,,,bagatipara.natore.gov.bd
Upazila,UPA_147,DIST_16,Lalpur,লালপুর,,,lalpur.natore.gov.bd
Upazila,UPA_148,DIST_16,Gurudaspur,গুরুদাসপুর,,,gurudaspur.natore.gov.bd
Upazila,UPA_149,DIST_16,Naldanga,নলডাঙ্গা,,,naldanga.natore.gov.bd
Upazila,UPA_150,DIST_17,Akkelpur,আক্কেলপুর,,,akkelpur.joypurhat.gov.bd
Upazila,UPA_151,DIST_17,Kalai,কালাই,,,kalai.joypurhat.gov.bd
Upazila,UPA_152,DIST_17,Khetlal,ক্ষেতলাল,,,khetlal.joypurhat.gov.bd
Upazila,UPA_153,DIST_17,Panchbibi,পাঁচবিবি,,,panchbibi.joypurhat.gov.bd
Upazila,UPA_154,DIST_17,Joypurhat Sadar,জয়পুরহাট সদর,,,joypurhatsadar.joypurhat.gov.bd
Upazila,UPA_155,DIST_18,Chapainawabganj Sadar,চাঁপাইনবাবগঞ্জ সদর,,,chapainawabganjsadar.chapainawabganj.gov.bd
Upazila,UPA_156,DIST_18,Gomostapur,গোমস্তাপুর,,,gomostapur.chapainawabganj.gov.bd
Upazila,UPA_157,DIST_18,Nachol,নাচোল,,,nachol.chapainawabganj.gov.bd
Upazila,UPA_158,DIST_18,Bholahat,ভোলাহাট,,,bholahat.chapainawabganj.gov.bd
Upazila,UPA_159,DIST_18,Shibganj,শিবগঞ্জ,,,shibganj.chapainawabganj.gov.bd
Upazila,UPA_160,DIST_19,Mohadevpur,মহাদেবপুর,,,mohadevpur.naogaon.gov.bd
Upazila,UPA_161,DIST_19,Badalgachi,বদলগাছী,,,badalgachi.naogaon.gov.bd
Upazila,UPA_162,DIST_19,Patnitala,পত্নিতলা,,,patnitala.naogaon.gov.bd
Upazila,UPA_163,DIST_19,Dhamoirhat,ধামইরহাট,,,dhamoirhat.naogaon.gov.bd
Upazila,UPA_164,DIST_19,Niamatpur,নিয়ামতপুর,,,niamatpur.naogaon.gov.bd
Upazila,UPA_165,DIST_19,Manda,মান্দা,,,manda.naogaon.gov.bd
Upazila,UPA_166,DIST_19,Atrai,আত্রাই,,,atrai.naogaon.gov.bd
Upazila,UPA_167,DIST_19,Raninagar,রাণীনগর,,,raninagar.naogaon.gov.bd
Upazila,UPA_168,DIST_19,Naogaon Sadar,নওগাঁ সদর,,,naogaonsadar.naogaon.gov.bd
Upazila,UPA_169,DIST_19,Porsha,পোরশা,,,porsha.naogaon.gov.bd
Upazila,UPA_170,DIST_19,Sapahar,সাপাহার,,,sapahar.naogaon.gov.bd
Upazila,UPA_171,DIST_20,Manirampur,মণিরামপুর,,,manirampur.jessore.gov.bd
Upazila,UPA_172,DIST_20,Abhaynagar,অভয়নগর,,,abhaynagar.jessore.gov.bd
Upazila,UPA_173,DIST_20,Bagherpara,বাঘারপাড়া,,,bagherpara.jessore.gov.bd
Upazila,UPA_174,DIST_20,Chougachha,চৌগাছা,,,chougachha.jessore.gov.bd
Upazila,UPA_175,DIST_20,Jhikargacha,ঝিকরগাছা,,,jhikargacha.jessore.gov.bd
Upazila,UPA_176,DIST_20,Keshabpur,কেশবপুর,,,keshabpur.jessore.gov.bd
Upazila,UPA_177,DIST_20,Jessore Sadar,যশোর সদর,,,sadar.jessore.gov.bd
Upazila,UPA_178,DIST_20,Sharsha,শার্শা,,,sharsha.jessore.gov.bd
Upazila,UPA_179,DIST_21,Assasuni,আশাশুনি,,,assasuni.satkhira.gov.bd
Upazila,UPA_180,DIST_21,Debhata,দেবহাটা,,,debhata.satkhira.gov.bd
Upazila,UPA_181,DIST_21,Kalaroa,কলারোয়া,,,kalaroa.satkhira.gov.bd
Upazila,UPA_182,DIST_21,Satkhira Sadar,সাতক্ষীরা সদর,,,satkhirasadar.satkhira.gov.bd
Upazila,UPA_183,DIST_21,Shyamnagar,শ্যামনগর,,,shyamnagar.satkhira.gov.bd
Upazila,UPA_184,DIST_21,Tala,তালা,,,tala.satkhira.gov.bd
Upazila,UPA_185,DIST_21,Kaliganj,কালিগঞ্জ,,,kaliganj.satkhira.gov.bd
Upazila,UPA_186,DIST_22,Mujibnagar,মুজিবনগর,,,mujibnagar.meherpur.gov.bd
Upazila,UPA_187,DIST_22,Meherpur Sadar,মেহেরপুর সদর,,,meherpursadar.meherpur.gov.bd
Upazila,UPA_188,DIST_22,Gangni,গাংনী,,,gangni.meherpur.gov.bd
Upazila,UPA_189,DIST_23,Narail Sadar,নড়াইল সদর,,,narailsadar.narail.gov.bd
Upazila,UPA_190,DIST_23,Lohagara,লোহাগড়া,,,lohagara.narail.gov.bd
Upazila,UPA_191,DIST_23,Kalia,কালিয়া,,,kalia.narail.gov.bd
Upazila,UPA_192,DIST_24,Chuadanga Sadar,চুয়াডাঙ্গা সদর,,,chuadangasadar.chuadanga.gov.bd
Upazila,UPA_193,DIST_24,Alamdanga,আলমডাঙ্গা,,,alamdanga.chuadanga.gov.bd
Upazila,UPA_194,DIST_24,Damurhuda,দামুড়হুদা,,,damurhuda.chuadanga.gov.bd
Upazila,UPA_195,DIST_24,Jibannagar,জীবননগর,,,jibannagar.chuadanga.gov.bd
Upazila,UPA_196,DIST_25,Kushtia Sadar,কুষ্টিয়া সদর,,,kushtiasadar.kushtia.gov.bd
Upazila,UPA_197,DIST_25,Kumarkhali,কুমারখালী,,,kumarkhali.kushtia.gov.bd
Upazila,UPA_198,DIST_25,Khoksa,খোকসা,,,khoksa.kushtia.gov.bd
Upazila,UPA_199,DIST_25,Mirpur,মিরপুর,,,mirpurkushtia.kushtia.gov.bd
Upazila,UPA_200,DIST_25,Daulatpur,দৌলতপুর,,,daulatpur.kushtia.gov.bd
Upazila,UPA_201,DIST_25,Bheramara,ভেড়ামারা,,,bheramara.kushtia.gov.bd
Upazila,UPA_202,DIST_26,Shalikha,শালিখা,,,shalikha.magura.gov.bd
Upazila,UPA_203,DIST_26,Sreepur,শ্রীপুর,,,sreepur.magura.gov.bd
Upazila,UPA_204,DIST_26,Magura Sadar,মাগুরা সদর,,,magurasadar.magura.gov.bd
Upazila,UPA_205,DIST_26,Mohammadpur,মহম্মদপুর,,,mohammadpur.magura.gov.bd
Upazila,UPA_206,DIST_27,Paikgasa,পাইকগাছা,,,paikgasa.khulna.gov.bd
Upazila,UPA_207,DIST_27,Fultola,ফুলতলা,,,fultola.khulna.gov.bd
Upazila,UPA_208,DIST_27,Digholia,দিঘলিয়া,,,digholia.khulna.gov.bd
Upazila,UPA_209,DIST_27,Rupsha,রূপসা,,,rupsha.khulna.gov.bd
Upazila,UPA_210,DIST_27,Terokhada,তেরখাদা,,,terokhada.khulna.gov.bd
Upazila,UPA_211,DIST_27,Dumuria,ডুমুরিয়া,,,dumuria.khulna.gov.bd
Upazila,UPA_212,DIST_27,Botiaghata,বটিয়াঘাটা,,,botiaghata.khulna.gov.bd
Upazila,UPA_213,DIST_27,Dakop,দাকোপ,,,dakop.khulna.gov.bd
Upazila,UPA_214,DIST_27,Koyra,কয়রা,,,koyra.khulna.gov.bd
Upazila,UPA_215,DIST_28,Fakirhat,ফকিরহাট,,,fakirhat.bagerhat.gov.bd
Upazila,UPA_216,DIST_28,Bagerhat Sadar,বাগেরহাট সদর,,,sadar.bagerhat.gov.bd
Upazila,UPA_217,DIST_28,Mollahat,মোল্লাহাট,,,mollahat.bagerhat.gov.bd
Upazila,UPA_218,DIST_28,Sarankhola,শরণখোলা,,,sarankhola.bagerhat.gov.bd
Upazila,UPA_219,DIST_28,Rampal,রামপাল,,,rampal.bagerhat.gov.bd
Upazila,UPA_220,DIST_28,Morrelganj,মোড়েলগঞ্জ,,,morrelganj.bagerhat.gov.bd
Upazila,UPA_221,DIST_28,Kachua,কচুয়া,,,kachua.bagerhat.gov.bd
Upazila,UPA_222,DIST_28,Mongla,মোংলা,,,mongla.bagerhat.gov.bd
Upazila,UPA_223,DIST_28,Chitalmari,চিতলমারী,,,chitalmari.bagerhat.gov.bd
Upazila,UPA_224,DIST_29,Jhenaidah Sadar,ঝিনাইদহ সদর,,,sadar.jhenaidah.gov.bd
Upazila,UPA_225,DIST_29,Shailkupa,শৈলকুপা,,,shailkupa.jhenaidah.gov.bd
Upazila,UPA_226,DIST_29,Harinakundu,হরিণাকুন্ডু,,,harinakundu.jhenaidah.gov.bd
Upazila,UPA_227,DIST_29,Kaliganj,কালীগঞ্জ,,,kaliganj.jhenaidah.gov.bd
Upazila,UPA_228,DIST_29,Kotchandpur,কোটচাঁদপুর,,,kotchandpur.jhenaidah.gov.bd
Upazila,UPA_229,DIST_29,Moheshpur,মহেশপুর,,,moheshpur.jhenaidah.gov.bd
Upazila,UPA_230,DIST_30,Jhalakathi Sadar,ঝালকাঠি সদর,,,sadar.jhalakathi.gov.bd
Upazila,UPA_231,DIST_30,Kathalia,কাঠালিয়া,,,kathalia.jhalakathi.gov.bd
Upazila,UPA_232,DIST_30,Nalchity,নলছিটি,,,nalchity.jhalakathi.gov.bd
Upazila,UPA_233,DIST_30,Rajapur,রাজাপুর,,,rajapur.jhalakathi.gov.bd
Upazila,UPA_234,DIST_31,Bauphal,বাউফল,,,bauphal.patuakhali.gov.bd
Upazila,UPA_235,DIST_31,Patuakhali Sadar,পটুয়াখালী সদর,,,sadar.patuakhali.gov.bd
Upazila,UPA_236,DIST_31,Dumki,দুমকি,,,dumki.patuakhali.gov.bd
Upazila,UPA_237,DIST_31,Dashmina,দশমিনা,,,dashmina.patuakhali.gov.bd
Upazila,UPA_238,DIST_31,Kalapara,কলাপাড়া,,,kalapara.patuakhali.gov.bd
Upazila,UPA_239,DIST_31,Mirzaganj,মির্জাগঞ্জ,,,mirzaganj.patuakhali.gov.bd
Upazila,UPA_240,DIST_31,Galachipa,গলাচিপা,,,galachipa.patuakhali.gov.bd
Upazila,UPA_241,DIST_31,Rangabali,রাঙ্গাবালী,,,rangabali.patuakhali.gov.bd
Upazila,UPA_242,DIST_32,Pirojpur Sadar,পিরোজপুর সদর,,,sadar.pirojpur.gov.bd
Upazila,UPA_243,DIST_32,Nazirpur,নাজিরপুর,,,nazirpur.pirojpur.gov.bd
Upazila,UPA_244,DIST_32,Kawkhali,কাউখালী,,,kawkhali.pirojpur.gov.bd
Upazila,UPA_245,DIST_32,Zianagar,জিয়ানগর,,,zianagar.pirojpur.gov.bd
Upazila,UPA_246,DIST_32,Bhandaria,ভান্ডারিয়া,,,bhandaria.pirojpur.gov.bd
Upazila,UPA_247,DIST_32,Mathbaria,মঠবাড়ীয়া,,,mathbaria.pirojpur.gov.bd
Upazila,UPA_248,DIST_32,Nesarabad,নেছারাবাদ,,,nesarabad.pirojpur.gov.bd
Upazila,UPA_249,DIST_33,Barisal Sadar,বরিশাল সদর,,,barisalsadar.barisal.gov.bd
Upazila,UPA_250,DIST_33,Bakerganj,বাকেরগঞ্জ,,,bakerganj.barisal.gov.bd
Upazila,UPA_251,DIST_33,Babuganj,বাবুগঞ্জ,,,babuganj.barisal.gov.bd
Upazila,UPA_252,DIST_33,Wazirpur,উজিরপুর,,,wazirpur.barisal.gov.bd
Upazila,UPA_253,DIST_33,Banaripara,বানারীপাড়া,,,banaripara.barisal.gov.bd
Upazila,UPA_254,DIST_33,Gournadi,গৌরনদী,,,gournadi.barisal.gov.bd
Upazila,UPA_255,DIST_33,Agailjhara,আগৈলঝাড়া,,,agailjhara.barisal.gov.bd
Upazila,UPA_256,DIST_33,Mehendiganj,মেহেন্দিগঞ্জ,,,mehendiganj.barisal.gov.bd
Upazila,UPA_257,DIST_33,Muladi,মুলাদী,,,muladi.barisal.gov.bd
Upazila,UPA_258,DIST_33,Hizla,হিজলা,,,hizla.barisal.gov.bd
Upazila,UPA_259,DIST_34,Bhola Sadar,ভোলা সদর,,,sadar.bhola.gov.bd
Upazila,UPA_260,DIST_34,Borhan Sddin,বোরহান উদ্দিন,,,borhanuddin.bhola.gov.bd
Upazila,UPA_261,DIST_34,Charfesson,চরফ্যাশন,,,charfesson.bhola.gov.bd
Upazila,UPA_262,DIST_34,Doulatkhan,দৌলতখান,,,doulatkhan.bhola.gov.bd
Upazila,UPA_263,DIST_34,Monpura,মনপুরা,,,monpura.bhola.gov.bd
Upazila,UPA_264,DIST_34,Tazumuddin,তজুমদ্দিন,,,tazumuddin.bhola.gov.bd
Upazila,UPA_265,DIST_34,Lalmohan,লালমোহন,,,lalmohan.bhola.gov.bd
Upazila,UPA_266,DIST_35,Amtali,আমতলী,,,amtali.barguna.gov.bd
Upazila,UPA_267,DIST_35,Barguna Sadar,বরগুনা সদর,,,sadar.barguna.gov.bd
Upazila,UPA_268,DIST_35,Betagi,বেতাগী,,,betagi.barguna.gov.bd
Upazila,UPA_269,DIST_35,Bamna,বামনা,,,bamna.barguna.gov.bd
Upazila,UPA_270,DIST_35,Pathorghata,পাথরঘাটা,,,pathorghata.barguna.gov.bd
Upazila,UPA_271,DIST_35,Taltali,তালতলি,,,taltali.barguna.gov.bd
Upazila,UPA_272,DIST_36,Balaganj,বালাগঞ্জ,,,balaganj.sylhet.gov.bd
Upazila,UPA_273,DIST_36,Beanibazar,বিয়ানীবাজার,,,beanibazar.sylhet.gov.bd
Upazila,UPA_274,DIST_36,Bishwanath,বিশ্বনাথ,,,bishwanath.sylhet.gov.bd
Upazila,UPA_275,DIST_36,Companiganj,কোম্পানীগঞ্জ,,,companiganj.sylhet.gov.bd
Upazila,UPA_276,DIST_36,Fenchuganj,ফেঞ্চুগঞ্জ,,,fenchuganj.sylhet.gov.bd
Upazila,UPA_277,DIST_36,Golapganj,গোলাপগঞ্জ,,,golapganj.sylhet.gov.bd
Upazila,UPA_278,DIST_36,Gowainghat,গোয়াইনঘাট,,,gowainghat.sylhet.gov.bd
Upazila,UPA_279,DIST_36,Jaintiapur,জৈন্তাপুর,,,jaintiapur.sylhet.gov.bd
Upazila,UPA_280,DIST_36,Kanaighat,কানাইঘাট,,,kanaighat.sylhet.gov.bd
Upazila,UPA_281,DIST_36,Sylhet Sadar,সিলেট সদর,,,sylhetsadar.sylhet.gov.bd
Upazila,UPA_282,DIST_36,Zakiganj,জকিগঞ্জ,,,zakiganj.sylhet.gov.bd
Upazila,UPA_283,DIST_36,Dakshinsurma,দক্ষিণ সুরমা,,,dakshinsurma.sylhet.gov.bd
Upazila,UPA_284,DIST_36,Osmaninagar,ওসমানী নগর,,,osmaninagar.sylhet.gov.bd
Upazila,UPA_285,DIST_37,Barlekha,বড়লেখা,,,barlekha.moulvibazar.gov.bd
Upazila,UPA_286,DIST_37,Kamolganj,কমলগঞ্জ,,,kamolganj.moulvibazar.gov.bd
Upazila,UPA_287,DIST_37,Kulaura,কুলাউড়া,,,kulaura.moulvibazar.gov.bd
Upazila,UPA_288,DIST_37,Moulvibazar Sadar,মৌলভীবাজার সদর,,,moulvibazarsadar.moulvibazar.gov.bd
Upazila,UPA_289,DIST_37,Rajnagar,রাজনগর,,,rajnagar.moulvibazar.gov.bd
Upazila,UPA_290,DIST_37,Sreemangal,শ্রীমঙ্গল,,,sreemangal.moulvibazar.gov.bd
Upazila,UPA_291,DIST_37,Juri,জুড়ী,,,juri.moulvibazar.gov.bd
Upazila,UPA_292,DIST_38,Nabiganj,নবীগঞ্জ,,,nabiganj.habiganj.gov.bd
Upazila,UPA_293,DIST_38,Bahubal,বাহুবল,,,bahubal.habiganj.gov.bd
Upazila,UPA_294,DIST_38,Ajmiriganj,আজমিরীগঞ্জ,,,ajmiriganj.habiganj.gov.bd
Upazila,UPA_295,DIST_38,Baniachong,বানিয়াচং,,,baniachong.habiganj.gov.bd
Upazila,UPA_296,DIST_38,Lakhai,লাখাই,,,lakhai.habiganj.gov.bd
Upazila,UPA_297,DIST_38,Chunarughat,চুনারুঘাট,,,chunarughat.habiganj.gov.bd
Upazila,UPA_298,DIST_38,Habiganj Sadar,হবিগঞ্জ সদর,,,habiganjsadar.habiganj.gov.bd
Upazila,UPA_299,DIST_38,Madhabpur,মাধবপুর,,,madhabpur.habiganj.gov.bd
Upazila,UPA_300,DIST_39,Sunamganj Sadar,সুনামগঞ্জ সদর,,,sadar.sunamganj.gov.bd
Upazila,UPA_301,DIST_39,South Sunamganj,দক্ষিণ সুনামগঞ্জ,,,southsunamganj.sunamganj.gov.bd
Upazila,UPA_302,DIST_39,Bishwambarpur,বিশ্বম্ভরপুর,,,bishwambarpur.sunamganj.gov.bd
Upazila,UPA_303,DIST_39,Chhatak,ছাতক,,,chhatak.sunamganj.gov.bd
Upazila,UPA_304,DIST_39,Jagannathpur,জগন্নাথপুর,,,jagannathpur.sunamganj.gov.bd
Upazila,UPA_305,DIST_39,Dowarabazar,দোয়ারাবাজার,,,dowarabazar.sunamganj.gov.bd
Upazila,UPA_306,DIST_39,Tahirpur,তাহিরপুর,,,tahirpur.sunamganj.gov.bd
Upazila,UPA_307,DIST_39,Dharmapasha,ধর্মপাশা,,,dharmapasha.sunamganj.gov.bd
Upazila,UPA_308,DIST_39,Jamalganj,জামালগঞ্জ,,,jamalganj.sunamganj.gov.bd
Upazila,UPA_309,DIST_39,Shalla,শাল্লা,,,shalla.sunamganj.gov.bd
Upazila,UPA_310,DIST_39,Derai,দিরাই,,,derai.sunamganj.gov.bd
Upazila,UPA_311,DIST_40,Belabo,বেলাবো,,,belabo.narsingdi.gov.bd
Upazila,UPA_312,DIST_40,Monohardi,মনোহরদী,,,monohardi.narsingdi.gov.bd
Upazila,UPA_313,DIST_40,Narsingdi Sadar,নরসিংদী সদর,,,narsingdisadar.narsingdi.gov.bd
Upazila,UPA_314,DIST_40,Palash,পলাশ,,,palash.narsingdi.gov.bd
Upazila,UPA_315,DIST_40,Raipura,রায়পুরা,,,raipura.narsingdi.gov.bd
Upazila,UPA_316,DIST_40,Shibpur,শিবপুর,,,shibpur.narsingdi.gov.bd
Upazila,UPA_317,DIST_41,Kaliganj,কালীগঞ্জ,,,kaliganj.gazipur.gov.bd
Upazila,UPA_318,DIST_41,Kaliakair,কালিয়াকৈর,,,kaliakair.gazipur.gov.bd
Upazila,UPA_319,DIST_41,Kapasia,কাপাসিয়া,,,kapasia.gazipur.gov.bd
Upazila,UPA_320,DIST_41,Gazipur Sadar,গাজীপুর সদর,,,sadar.gazipur.gov.bd
Upazila,UPA_321,DIST_41,Sreepur,শ্রীপুর,,,sreepur.gazipur.gov.bd
Upazila,UPA_322,DIST_42,Shariatpur Sadar,শরিয়তপুর সদর,,,sadar.shariatpur.gov.bd
Upazila,UPA_323,DIST_42,Naria,নড়িয়া,,,naria.shariatpur.gov.bd
Upazila,UPA_324,DIST_42,Zajira,জাজিরা,,,zajira.shariatpur.gov.bd
Upazila,UPA_325,DIST_42,Gosairhat,গোসাইরহাট,,,gosairhat.shariatpur.gov.bd
Upazila,UPA_326,DIST_42,Bhedarganj,ভেদরগঞ্জ,,,bhedarganj.shariatpur.gov.bd
Upazila,UPA_327,DIST_42,Damudya,ডামুড্যা,,,damudya.shariatpur.gov.bd
Upazila,UPA_328,DIST_43,Araihazar,আড়াইহাজার,,,araihazar.narayanganj.gov.bd
Upazila,UPA_329,DIST_43,Bandar,বন্দর,,,bandar.narayanganj.gov.bd
Upazila,UPA_330,DIST_43,Narayanganj Sadar,নারায়নগঞ্জ সদর,,,narayanganjsadar.narayanganj.gov.bd
Upazila,UPA_331,DIST_43,Rupganj,রূপগঞ্জ,,,rupganj.narayanganj.gov.bd
Upazila,UPA_332,DIST_43,Sonargaon,সোনারগাঁ,,,sonargaon.narayanganj.gov.bd
Upazila,UPA_333,DIST_44,Basail,বাসাইল,,,basail.tangail.gov.bd
Upazila,UPA_334,DIST_44,Bhuapur,ভুয়াপুর,,,bhuapur.tangail.gov.bd
Upazila,UPA_335,DIST_44,Delduar,দেলদুয়ার,,,delduar.tangail.gov.bd
Upazila,UPA_336,DIST_44,Ghatail,ঘাটাইল,,,ghatail.tangail.gov.bd
Upazila,UPA_337,DIST_44,Gopalpur,গোপালপুর,,,gopalpur.tangail.gov.bd
Upazila,UPA_338,DIST_44,Madhupur,মধুপুর,,,madhupur.tangail.gov.bd
Upazila,UPA_339,DIST_44,Mirzapur,মির্জাপুর,,,mirzapur.tangail.gov.bd
Upazila,UPA_340,DIST_44,Nagarpur,নাগরপুর,,,nagarpur.tangail.gov.bd
Upazila,UPA_341,DIST_44,Sakhipur,সখিপুর,,,sakhipur.tangail.gov.bd
Upazila,UPA_342,DIST_44,Tangail Sadar,টাঙ্গাইল সদর,,,tangailsadar.tangail.gov.bd
Upazila,UPA_343,DIST_44,Kalihati,কালিহাতী,,,kalihati.tangail.gov.bd
Upazila,UPA_344,DIST_44,Dhanbari,ধনবাড়ী,,,dhanbari.tangail.gov.bd
Upazila,UPA_345,DIST_45,Itna,ইটনা,,,itna.kishoreganj.gov.bd
Upazila,UPA_346,DIST_45,Katiadi,কটিয়াদী,,,katiadi.kishoreganj.gov.bd
Upazila,UPA_347,DIST_45,Bhairab,ভৈরব,,,bhairab.kishoreganj.gov.bd
Upazila,UPA_348,DIST_45,Tarail,তাড়াইল,,,tarail.kishoreganj.gov.bd
Upazila,UPA_349,DIST_45,Hossainpur,হোসেনপুর,,,hossainpur.kishoreganj.gov.bd
Upazila,UPA_350,DIST_45,Pakundia,পাকুন্দিয়া,,,pakundia.kishoreganj.gov.bd
Upazila,UPA_351,DIST_45,Kuliarchar,কুলিয়ারচর,,,kuliarchar.kishoreganj.gov.bd
Upazila,UPA_352,DIST_45,Kishoreganj Sadar,কিশোরগঞ্জ সদর,,,kishoreganjsadar.kishoreganj.gov.bd
Upazila,UPA_353,DIST_45,Karimgonj,করিমগঞ্জ,,,karimgonj.kishoreganj.gov.bd
Upazila,UPA_354,DIST_45,Bajitpur,বাজিতপুর,,,bajitpur.kishoreganj.gov.bd
Upazila,UPA_355,DIST_45,Austagram,অষ্টগ্রাম,,,austagram.kishoreganj.gov.bd
Upazila,UPA_356,DIST_45,Mithamoin,মিঠামইন,,,mithamoin.kishoreganj.gov.bd
Upazila,UPA_357,DIST_45,Nikli,নিকলী,,,nikli.kishoreganj.gov.bd
Upazila,UPA_358,DIST_46,Harirampur,হরিরামপুর,,,harirampur.manikganj.gov.bd
Upazila,UPA_359,DIST_46,Saturia,সাটুরিয়া,,,saturia.manikganj.gov.bd
Upazila,UPA_360,DIST_46,Manikganj Sadar,মানিকগঞ্জ সদর,,,sadar.manikganj.gov.bd
Upazila,UPA_361,DIST_46,Gior,ঘিওর,,,gior.manikganj.gov.bd
Upazila,UPA_362,DIST_46,Shibaloy,শিবালয়,,,shibaloy.manikganj.gov.bd
Upazila,UPA_363,DIST_46,Doulatpur,দৌলতপুর,,,doulatpur.manikganj.gov.bd
Upazila,UPA_364,DIST_46,Singiar,সিংগাইর,,,singiar.manikganj.gov.bd
Upazila,UPA_365,DIST_47,Savar,সাভার,,,savar.dhaka.gov.bd
Upazila,UPA_366,DIST_47,Dhamrai,ধামরাই,,,dhamrai.dhaka.gov.bd
Upazila,UPA_367,DIST_47,Keraniganj,কেরাণীগঞ্জ,,,keraniganj.dhaka.gov.bd
Upazila,UPA_368,DIST_47,Nawabganj,নবাবগঞ্জ,,,nawabganj.dhaka.gov.bd
Upazila,UPA_369,DIST_47,Dohar,দোহার,,,dohar.dhaka.gov.bd
Upazila,UPA_370,DIST_48,Munshiganj Sadar,মুন্সিগঞ্জ সদর,,,sadar.munshiganj.gov.bd
Upazila,UPA_371,DIST_48,Sreenagar,শ্রীনগর,,,sreenagar.munshiganj.gov.bd
Upazila,UPA_372,DIST_48,Sirajdikhan,সিরাজদিখান,,,sirajdikhan.munshiganj.gov.bd
Upazila,UPA_373,DIST_48,Louhajanj,লৌহজং,,,louhajanj.munshiganj.gov.bd
Upazila,UPA_374,DIST_48,Gajaria,গজারিয়া,,,gajaria.munshiganj.gov.bd
Upazila,UPA_375,DIST_48,Tongibari,টংগীবাড়ি,,,tongibari.munshiganj.gov.bd
Upazila,UPA_376,DIST_49,Rajbari Sadar,রাজবাড়ী সদর,,,sadar.rajbari.gov.bd
Upazila,UPA_377,DIST_49,Goalanda,গোয়ালন্দ,,,goalanda.rajbari.gov.bd
Upazila,UPA_378,DIST_49,Pangsa,পাংশা,,,pangsa.rajbari.gov.bd
Upazila,UPA_379,DIST_49,Baliakandi,বালিয়াকান্দি,,,baliakandi.rajbari.gov.bd
Upazila,UPA_380,DIST_49,Kalukhali,কালুখালী,,,kalukhali.rajbari.gov.bd
Upazila,UPA_381,DIST_50,Madaripur Sadar,মাদারীপুর সদর,,,sadar.madaripur.gov.bd
Upazila,UPA_382,DIST_50,Shibchar,শিবচর,,,shibchar.madaripur.gov.bd
Upazila,UPA_383,DIST_50,Kalkini,কালকিনি,,,kalkini.madaripur.gov.bd
Upazila,UPA_384,DIST_50,Rajoir,রাজৈর,,,rajoir.madaripur.gov.bd
Upazila,UPA_385,DIST_51,Gopalganj Sadar,গোপালগঞ্জ সদর,,,sadar.gopalganj.gov.bd
Upazila,UPA_386,DIST_51,Kashiani,কাশিয়ানী,,,kashiani.gopalganj.gov.bd
Upazila,UPA_387,DIST_51,Tungipara,টুংগীপাড়া,,,tungipara.gopalganj.gov.bd
Upazila,UPA_388,DIST_51,Kotalipara,কোটালীপাড়া,,,kotalipara.gopalganj.gov.bd
Upazila,UPA_389,DIST_51,Muksudpur,মুকসুদপুর,,,muksudpur.gopalganj.gov.bd
Upazila,UPA_390,DIST_52,Faridpur Sadar,ফরিদপুর সদর,,,sadar.faridpur.gov.bd
Upazila,UPA_391,DIST_52,Alfadanga,আলফাডাঙ্গা,,,alfadanga.faridpur.gov.bd
Upazila,UPA_392,DIST_52,Boalmari,বোয়ালমারী,,,boalmari.faridpur.gov.bd
Upazila,UPA_393,DIST_52,Sadarpur,সদরপুর,,,sadarpur.faridpur.gov.bd
Upazila,UPA_394,DIST_52,Nagarkanda,নগরকান্দা,,,nagarkanda.faridpur.gov.bd
Upazila,UPA_395,DIST_52,Bhanga,ভাঙ্গা,,,bhanga.faridpur.gov.bd
Upazila,UPA_396,DIST_52,Charbhadrasan,চরভদ্রাসন,,,charbhadrasan.faridpur.gov.bd
Upazila,UPA_397,DIST_52,Madhukhali,মধুখালী,,,madhukhali.faridpur.gov.bd
Upazila,UPA_398,DIST_52,Saltha,সালথা,,,saltha.faridpur.gov.bd
Upazila,UPA_399,DIST_53,Panchagarh Sadar,পঞ্চগড় সদর,,,panchagarhsadar.panchagarh.gov.bd
Upazila,UPA_400,DIST_53,Debiganj,দেবীগঞ্জ,,,debiganj.panchagarh.gov.bd
Upazila,UPA_401,DIST_53,Boda,বোদা,,,boda.panchagarh.gov.bd
Upazila,UPA_402,DIST_53,Atwari,আটোয়ারী,,,atwari.panchagarh.gov.bd
Upazila,UPA_403,DIST_53,Tetulia,তেতুলিয়া,,,tetulia.panchagarh.gov.bd
Upazila,UPA_404,DIST_54,Nawabganj,নবাবগঞ্জ,,,nawabganj.dinajpur.gov.bd
Upazila,UPA_405,DIST_54,Birganj,বীরগঞ্জ,,,birganj.dinajpur.gov.bd
Upazila,UPA_406,DIST_54,Ghoraghat,ঘোড়াঘাট,,,ghoraghat.dinajpur.gov.bd
Upazila,UPA_407,DIST_54,Birampur,বিরামপুর,,,birampur.dinajpur.gov.bd
Upazila,UPA_408,DIST_54,Parbatipur,পার্বতীপুর,,,parbatipur.dinajpur.gov.bd
Upazila,UPA_409,DIST_54,Bochaganj,বোচাগঞ্জ,,,bochaganj.dinajpur.gov.bd
Upazila,UPA_410,DIST_54,Kaharol,কাহারোল,,,kaharol.dinajpur.gov.bd
Upazila,UPA_411,DIST_54,Fulbari,ফুলবাড়ী,,,fulbari.dinajpur.gov.bd
Upazila,UPA_412,DIST_54,Dinajpur Sadar,দিনাজপুর সদর,,,dinajpursadar.dinajpur.gov.bd
Upazila,UPA_413,DIST_54,Hakimpur,হাকিমপুর,,,hakimpur.dinajpur.gov.bd
Upazila,UPA_414,DIST_54,Khansama,খানসামা,,,khansama.dinajpur.gov.bd
Upazila,UPA_415,DIST_54,Birol,বিরল,,,birol.dinajpur.gov.bd
Upazila,UPA_416,DIST_54,Chirirbandar,চিরিরবন্দর,,,chirirbandar.dinajpur.gov.bd
Upazila,UPA_417,DIST_55,Lalmonirhat Sadar,লালমনিরহাট সদর,,,sadar.lalmonirhat.gov.bd
Upazila,UPA_418,DIST_55,Kaliganj,কালীগঞ্জ,,,kaliganj.lalmonirhat.gov.bd
Upazila,UPA_419,DIST_55,Hatibandha,হাতীবান্ধা,,,hatibandha.lalmonirhat.gov.bd
Upazila,UPA_420,DIST_55,Patgram,পাটগ্রাম,,,patgram.lalmonirhat.gov.bd
Upazila,UPA_421,DIST_55,Aditmari,আদিতমারী,,,aditmari.lalmonirhat.gov.bd
Upazila,UPA_422,DIST_56,Syedpur,সৈয়দপুর,,,syedpur.nilphamari.gov.bd
Upazila,UPA_423,DIST_56,Domar,ডোমার,,,domar.nilphamari.gov.bd
Upazila,UPA_424,DIST_56,Dimla,ডিমলা,,,dimla.nilphamari.gov.bd
Upazila,UPA_425,DIST_56,Jaldhaka,জলঢাকা,,,jaldhaka.nilphamari.gov.bd
Upazila,UPA_426,DIST_56,Kishorganj,কিশোরগঞ্জ,,,kishorganj.nilphamari.gov.bd
Upazila,UPA_427,DIST_56,Nilphamari Sadar,নীলফামারী সদর,,,nilphamarisadar.nilphamari.gov.bd
Upazila,UPA_428,DIST_57,Sadullapur,সাদুল্লাপুর,,,sadullapur.gaibandha.gov.bd
Upazila,UPA_429,DIST_57,Gaibandha Sadar,গাইবান্ধা সদর,,,gaibandhasadar.gaibandha.gov.bd
Upazila,UPA_430,DIST_57,Palashbari,পলাশবাড়ী,,,palashbari.gaibandha.gov.bd
Upazila,UPA_431,DIST_57,Saghata,সাঘাটা,,,saghata.gaibandha.gov.bd
Upazila,UPA_432,DIST_57,Gobindaganj,গোবিন্দগঞ্জ,,,gobindaganj.gaibandha.gov.bd
Upazila,UPA_433,DIST_57,Sundarganj,সুন্দরগঞ্জ,,,sundarganj.gaibandha.gov.bd
Upazila,UPA_434,DIST_57,Phulchari,ফুলছড়ি,,,phulchari.gaibandha.gov.bd
Upazila,UPA_435,DIST_58,Thakurgaon Sadar,ঠাকুরগাঁও সদর,,,thakurgaonsadar.thakurgaon.gov.bd
Upazila,UPA_436,DIST_58,Pirganj,পীরগঞ্জ,,,pirganj.thakurgaon.gov.bd
Upazila,UPA_437,DIST_58,Ranisankail,রাণীশংকৈল,,,ranisankail.thakurgaon.gov.bd
Upazila,UPA_438,DIST_58,Haripur,হরিপুর,,,haripur.thakurgaon.gov.bd
Upazila,UPA_439,DIST_58,Baliadangi,বালিয়াডাঙ্গী,,,baliadangi.thakurgaon.gov.bd
Upazila,UPA_440,DIST_59,Rangpur Sadar,রংপুর সদর,,,rangpursadar.rangpur.gov.bd
Upazila,UPA_441,DIST_59,Gangachara,গংগাচড়া,,,gangachara.rangpur.gov.bd
Upazila,UPA_442,DIST_59,Taragonj,তারাগঞ্জ,,,taragonj.rangpur.gov.bd
Upazila,UPA_443,DIST_59,Badargonj,বদরগঞ্জ,,,badargonj.rangpur.gov.bd
Upazila,UPA_444,DIST_59,Mithapukur,মিঠাপুকুর,,,mithapukur.rangpur.gov.bd
Upazila,UPA_445,DIST_59,Pirgonj,পীরগঞ্জ,,,pirgonj.rangpur.gov.bd
Upazila,UPA_446,DIST_59,Kaunia,কাউনিয়া,,,kaunia.rangpur.gov.bd
Upazila,UPA_447,DIST_59,Pirgacha,পীরগাছা,,,pirgacha.rangpur.gov.bd
Upazila,UPA_448,DIST_60,Kurigram Sadar,কুড়িগ্রাম সদর,,,kurigramsadar.kurigram.gov.bd
Upazila,UPA_449,DIST_60,Nageshwari,নাগেশ্বরী,,,nageshwari.kurigram.gov.bd
Upazila,UPA_450,DIST_60,Bhurungamari,ভুরুঙ্গামারী,,,bhurungamari.kurigram.gov.bd
Upazila,UPA_451,DIST_60,Phulbari,ফুলবাড়ী,,,phulbari.kurigram.gov.bd
Upazila,UPA_452,DIST_60,Rajarhat,রাজারহাট,,,rajarhat.kurigram.gov.bd
Upazila,UPA_453,DIST_60,Ulipur,উলিপুর,,,ulipur.kurigram.gov.bd
Upazila,UPA_454,DIST_60,Chilmari,চিলমারী,,,chilmari.kurigram.gov.bd
Upazila,UPA_455,DIST_60,Rowmari,রৌমারী,,,rowmari.kurigram.gov.bd
Upazila,UPA_456,DIST_60,Charrajibpur,চর রাজিবপুর,,,charrajibpur.kurigram.gov.bd
Upazila,UPA_457,DIST_61,Sherpur Sadar,শেরপুর সদর,,,sherpursadar.sherpur.gov.bd
Upazila,UPA_458,DIST_61,Nalitabari,নালিতাবাড়ী,,,nalitabari.sherpur.gov.bd
Upazila,UPA_459,DIST_61,Sreebordi,শ্রীবরদী,,,sreebordi.sherpur.gov.bd
Upazila,UPA_460,DIST_61,Nokla,নকলা,,,nokla.sherpur.gov.bd
Upazila,UPA_461,DIST_61,Jhenaigati,ঝিনাইগাতী,,,jhenaigati.sherpur.gov.bd
Upazila,UPA_462,DIST_62,Fulbaria,ফুলবাড়ীয়া,,,fulbaria.mymensingh.gov.bd
Upazila,UPA_463,DIST_62,Trishal,ত্রিশাল,,,trishal.mymensingh.gov.bd
Upazila,UPA_464,DIST_62,Bhaluka,ভালুকা,,,bhaluka.mymensingh.gov.bd
Upazila,UPA_465,DIST_62,Muktagacha,মুক্তাগাছা,,,muktagacha.mymensingh.gov.bd
Upazila,UPA_466,DIST_62,Mymensingh Sadar,ময়মনসিংহ সদর,,,mymensinghsadar.mymensingh.gov.bd
Upazila,UPA_467,DIST_62,Dhobaura,ধোবাউড়া,,,dhobaura.mymensingh.gov.bd
Upazila,UPA_468,DIST_62,Phulpur,ফুলপুর,,,phulpur.mymensingh.gov.bd
Upazila,UPA_469,DIST_62,Haluaghat,হালুয়াঘাট,,,haluaghat.mymensingh.gov.bd
Upazila,UPA_470,DIST_62,Gouripur,গৌরীপুর,,,gouripur.mymensingh.gov.bd
Upazila,UPA_471,DIST_62,Gafargaon,গফরগাঁও,,,gafargaon.mymensingh.gov.bd
Upazila,UPA_472,DIST_62,Iswarganj,ঈশ্বরগঞ্জ,,,iswarganj.mymensingh.gov.bd
Upazila,UPA_473,DIST_62,Nandail,নান্দাইল,,,nandail.mymensingh.gov.bd
Upazila,UPA_474,DIST_62,Tarakanda,তারাকান্দা,,,tarakanda.mymensingh.gov.bd
Upazila,UPA_475,DIST_63,Jamalpur Sadar,জামালপুর সদর,,,jamalpursadar.jamalpur.gov.bd
Upazila,UPA_476,DIST_63,Melandah,মেলান্দহ,,,melandah.jamalpur.gov.bd
Upazila,UPA_477,DIST_63,Islampur,ইসলামপুর,,,islampur.jamalpur.gov.bd
Upazila,UPA_478,DIST_63,Dewangonj,দেওয়ানগঞ্জ,,,dewangonj.jamalpur.gov.bd
Upazila,UPA_479,DIST_63,Sarishabari,সরিষাবাড়ী,,,sarishabari.jamalpur.gov.bd
Upazila,UPA_480,DIST_63,Madarganj,মাদারগঞ্জ,,,madarganj.jamalpur.gov.bd
Upazila,UPA_481,DIST_63,Bokshiganj,বকশীগঞ্জ,,,bokshiganj.jamalpur.gov.bd
Upazila,UPA_482,DIST_64,Barhatta,বারহাট্টা,,,barhatta.netrokona.gov.bd
Upazila,UPA_483,DIST_64,Durgapur,দুর্গাপুর,,,durgapur.netrokona.gov.bd
Upazila,UPA_484,DIST_64,Kendua,কেন্দুয়া,,,kendua.netrokona.gov.bd
Upazila,UPA_485,DIST_64,Atpara,আটপাড়া,,,atpara.netrokona.gov.bd
Upazila,UPA_486,DIST_64,Madan,মদন,,,madan.netrokona.gov.bd
Upazila,UPA_487,DIST_64,Khaliajuri,খালিয়াজুরী,,,khaliajuri.netrokona.gov.bd
Upazila,UPA_488,DIST_64,Kalmakanda,কলমাকান্দা,,,kalmakanda.netrokona.gov.bd
Upazila,UPA_489,DIST_64,Mohongonj,মোহনগঞ্জ,,,mohongonj.netrokona.gov.bd
Upazila,UPA_490,DIST_64,Purbadhala,পূর্বধলা,,,purbadhala.netrokona.gov.bd
Upazila,UPA_491,DIST_64,Netrokona Sadar,নেত্রকোণা সদর,,,netrokonasadar.netrokona.gov.bd
Upazila,UPA_492,DIST_9,Eidgaon,ঈদগাঁও,,,null
Upazila,UPA_493,DIST_39,Madhyanagar,মধ্যনগর,,,null
Upazila,UPA_494,DIST_50,Dasar,ডাসার,,,null
Union,UNI_1,UPA_1,Subil,সুবিল,,,subilup.comilla.gov.bd
Union,UNI_2,UPA_1,North Gunaighor,উত্তর গুনাইঘর,,,gunaighornorthup.comilla.gov.bd
Union,UNI_3,UPA_1,South Gunaighor,দক্ষিণ গুনাইঘর,,,gunaighorsouth.comilla.gov.bd
Union,UNI_4,UPA_1,Boroshalghor,বড়শালঘর,,,boroshalghorup.comilla.gov.bd
Union,UNI_5,UPA_1,Rajameher,রাজামেহার,,,rajameherup.comila.gov.bd
Union,UNI_6,UPA_1,Yousufpur,ইউসুফপুর,,,yousufpurup.comilla.gov.bd
Union,UNI_7,UPA_1,Rasulpur,রসুলপুর,,,rasulpurup.comilla.gov.bd
Union,UNI_8,UPA_1,Fatehabad,ফতেহাবাদ,,,fatehabadup.comilla.gov.bd
Union,UNI_9,UPA_1,Elahabad,এলাহাবাদ,,,elahabadup.comilla.gov.bd
Union,UNI_10,UPA_1,Jafargonj,জাফরগঞ্জ,,,jafargonjup.comilla.gov.bd
Union,UNI_11,UPA_1,Dhampti,ধামতী,,,dhamptiup.comilla.gov.bd
Union,UNI_12,UPA_1,Mohanpur,মোহনপুর,,,mohanpurup.comilla.gov.bd
Union,UNI_13,UPA_1,Vani,ভানী,,,vaniup.comilla.gov.bd
Union,UNI_14,UPA_1,Barkamta,বরকামতা,,,barkamtaup.comilla.gov.bd
Union,UNI_15,UPA_1,Sultanpur,সুলতানপুর,,,sultanpurup.comilla.gov.bd
Union,UNI_16,UPA_2,Aganagar,আগানগর,,,aganagarup.comilla.gov.bd
Union,UNI_17,UPA_2,Bhabanipur,ভবানীপুর,,,bhabanipurup.comilla.gov.bd
Union,UNI_18,UPA_2,North Khoshbas,উত্তর খোশবাস,,,khoshbasnorthup.comilla.gov.bd
Union,UNI_19,UPA_2,South Khoshbas,দক্ষিন খোশবাস,,,khoshbassouthup.comilla.gov.bd
Union,UNI_20,UPA_2,Jhalam,ঝলম,,,jhalamup.comilla.gov.bd
Union,UNI_21,UPA_2,Chitodda,চিতড্ডা,,,chitoddaup.comilla.gov.bd
Union,UNI_22,UPA_2,North Shilmuri,উত্তর শিলমুড়ি,,,shilmurinorthup.comilla.gov.bd
Union,UNI_23,UPA_2,South Shilmuri,দক্ষিন শিলমুড়ি,,,shilmurisouthup.comilla.gov.bd
Union,UNI_24,UPA_2,Galimpur,গালিমপুর,,,galimpurup.comilla.gov.bd
Union,UNI_25,UPA_2,Shakpur,শাকপুর,,,shakpurup.comilla.gov.bd
Union,UNI_26,UPA_2,Bhaukshar,ভাউকসার,,,bhauksharup.comilla.gov.bd
Union,UNI_27,UPA_2,Adda,আড্ডা,,,addaup.comilla.gov.bd
Union,UNI_28,UPA_2,Adra,আদ্রা,,,adraup.comilla.gov.bd
Union,UNI_29,UPA_2,Payalgacha,পয়ালগাছা,,,payalgachaup.comilla.gov.bd
Union,UNI_30,UPA_2,Laxmipur,লক্ষীপুর,,,laxmipurup.comilla.gov.bd
Union,UNI_31,UPA_3,Shidli,শিদলাই,,,shidliup.comilla.gov.bd
Union,UNI_32,UPA_3,Chandla,চান্দলা,,,chandlaup.comilla.gov.bd
Union,UNI_33,UPA_3,Shashidal,শশীদল,,,shashidalup.comilla.gov.bd
Union,UNI_34,UPA_3,Dulalpur,দুলালপুর,,,dulalpurup2.comilla.gov.bd
Union,UNI_35,UPA_3,Brahmanpara Sadar,ব্রাহ্মনপাড়া সদর,,,brahmanparasadarup.comilla.gov.bd
Union,UNI_36,UPA_3,Shahebabad,সাহেবাবাদ,,,shahebabadup.comilla.gov.bd
Union,UNI_37,UPA_3,Malapara,মালাপাড়া,,,malaparaup.comilla.gov.bd
Union,UNI_38,UPA_3,Madhabpur,মাধবপুর,,,madhabpurup.comilla.gov.bd
Union,UNI_39,UPA_4,Shuhilpur,সুহিলপুর,,,shuhilpurup.comilla.gov.bd
Union,UNI_40,UPA_4,Bataghashi,বাতাঘাসি,,,bataghashiup.comilla.gov.bd
Union,UNI_41,UPA_4,Joag,জোয়াগ,,,joagup.comilla.gov.bd
Union,UNI_42,UPA_4,Borcarai,বরকরই,,,borcaraiup.comilla.gov.bd
Union,UNI_43,UPA_4,Madhaiya,মাধাইয়া,,,madhaiyaup.comilla.gov.bd
Union,UNI_44,UPA_4,Dollai Nowabpur,দোল্লাই নবাবপুর,,,dollainowabpurup.comilla.gov.bd
Union,UNI_45,UPA_4,Mohichial,মহিচাইল,,,mohichialup.comilla.gov.bd
Union,UNI_46,UPA_4,Gollai,গল্লাই,,,gollaiup.comilla.gov.bd
Union,UNI_47,UPA_4,Keronkhal,কেরণখাল,,,keronkhalup.comilla.gov.bd
Union,UNI_48,UPA_4,Maijkhar,মাইজখার,,,maijkharup.comilla.gov.bd
Union,UNI_49,UPA_4,Etberpur,এতবারপুর,,,etberpurup.comilla.gov.bd
Union,UNI_50,UPA_4,Barera,বাড়েরা,,,bareraup.comilla.gov.bd
Union,UNI_51,UPA_4,Borcoit,বরকইট,,,borcoitup.comilla.gov.bd
Union,UNI_52,UPA_5,Sreepur,শ্রীপুর,,,sreepurup.comilla.gov.bd
Union,UNI_53,UPA_5,Kashinagar,কাশিনগর,,,kashinagarup.comilla.gov.bd
Union,UNI_54,UPA_5,Kalikapur,কালিকাপুর,,,kalikapurup.comilla.gov.bd
Union,UNI_55,UPA_5,Shuvapur,শুভপুর,,,shuvapurup.comilla.gov.bd
Union,UNI_56,UPA_5,Ghulpasha,ঘোলপাশা,,,ghulpashaup.comilla.gov.bd
Union,UNI_57,UPA_5,Moonshirhat,মুন্সীরহাট,,,moonshirhatup.comilla.gov.bd
Union,UNI_58,UPA_5,Batisha,বাতিসা,,,batishaup.comilla.gov.bd
Union,UNI_59,UPA_5,Kankapait,কনকাপৈত,,,kankapaitup.comilla.gov.bd
Union,UNI_60,UPA_5,Cheora,চিওড়া,,,cheoraup.comilla.gov.bd
Union,UNI_61,UPA_5,Jagannatdighi,জগন্নাথদিঘী,,,jagannatdighiup.comilla.gov.bd
Union,UNI_62,UPA_5,Goonabati,গুনবতী,,,goonabatiup.comilla.gov.bd
Union,UNI_63,UPA_5,Alkara,আলকরা,,,alkaraup.comilla.gov.bd
Union,UNI_64,UPA_6,Doulotpur,দৌলতপুর,,,doulotpurup.comilla.gov.bd
Union,UNI_65,UPA_6,Daudkandi,দাউদকান্দি,,,daudkandinorthup.comilla.gov.bd
Union,UNI_66,UPA_6,North Eliotgonj,উত্তর ইলিয়টগঞ্জ,,,eliotgonjnorthup.comilla.gov.bd
Union,UNI_67,UPA_6,South Eliotgonj,দক্ষিন ইলিয়টগঞ্জ,,,eliotgonjsouthup.comilla.gov.bd
Union,UNI_68,UPA_6,Zinglatoli,জিংলাতলী,,,zinglatoliup.comilla.gov.bd
Union,UNI_69,UPA_6,Sundolpur,সুন্দলপুর,,,sundolpurup.comilla.gov.bd
Union,UNI_70,UPA_6,Gouripur,গৌরীপুর,,,gouripurup.comilla.gov.bd
Union,UNI_71,UPA_6,East Mohammadpur,পুর্ব মোহাম্মদপুর,,,mohammadpureastup.comilla.gov.bd
Union,UNI_72,UPA_6,West Mohammadpur,পশ্চিম মোহাম্মদপুর,,,mohammadpurwestup.comilla.gov.bd
Union,UNI_73,UPA_6,Goalmari,গোয়ালমারী,,,goalmariup.comilla.gov.bd
Union,UNI_74,UPA_6,Maruka,মারুকা,,,marukaup.comilla.gov.bd
Union,UNI_75,UPA_6,Betessor,বিটেশ্বর,,,betessorup.comilla.gov.bd
Union,UNI_76,UPA_6,Podua,পদুয়া,,,poduaup.comilla.gov.bd
Union,UNI_77,UPA_6,West Passgacia,পশ্চিম পাচঁগাছিয়া,,,passgaciawestup.comilla.gov.bd
Union,UNI_78,UPA_6,Baropara,বারপাড়া,,,baroparaup2.comilla.gov.bd
Union,UNI_79,UPA_7,Mathabanga,মাথাভাঙ্গা,,,mathabangaup.comilla.gov.bd
Union,UNI_80,UPA_7,Gagutiea,ঘাগুটিয়া,,,gagutieaup.comilla.gov.bd
Union,UNI_81,UPA_7,Asadpur,আছাদপুর,,,asadpurup.comilla.gov.bd
Union,UNI_82,UPA_7,Chanderchor,চান্দেরচর,,,chanderchorup.comilla.gov.bd
Union,UNI_83,UPA_7,Vashania,ভাষানিয়া,,,vashaniaup.comilla.gov.bd
Union,UNI_84,UPA_7,Nilokhi,নিলখী,,,nilokhiup.comilla.gov.bd
Union,UNI_85,UPA_7,Garmora,ঘারমোড়া,,,garmoraup.comilla.gov.bd
Union,UNI_86,UPA_7,Joypur,জয়পুর,,,joypurup.comilla.gov.bd
Union,UNI_87,UPA_7,Dulalpur,দুলালপুর,,,dulalpurup1.comilla.gov.bd
Union,UNI_88,UPA_8,Bakoi,বাকই,,,bakoiup.comilla.gov.bd
Union,UNI_89,UPA_8,Mudafargonj,মুদাফফর গঞ্জ,,,mudafargonjup.comilla.gov.bd
Union,UNI_90,UPA_8,Kandirpar,কান্দিরপাড়,,,kandirparup.comilla.gov.bd
Union,UNI_91,UPA_8,Gobindapur,গোবিন্দপুর,,,gobindapurup.comilla.gov.bd
Union,UNI_92,UPA_8,Uttarda,উত্তরদা,,,uttardaup.comilla.gov.bd
Union,UNI_93,UPA_8,Laksam Purba,লাকসাম পুর্ব,,,laksampurbaup.comilla.gov.bd
Union,UNI_94,UPA_8,Azgora,আজগরা,,,azgoraup.comilla.gov.bd
Union,UNI_95,UPA_9,Sreekil,শ্রীকাইল,,,sreekilup.comilla.gov.bd
Union,UNI_96,UPA_9,Akubpur,আকুবপুর,,,akubpurup.comilla.gov.bd
Union,UNI_97,UPA_9,Andicot,আন্দিকোট,,,andicotup.comilla.gov.bd
Union,UNI_98,UPA_9,Purbadair (East),পুর্বধৈইর (পুর্ব),,,purbadaireastup.comilla.gov.bd
Union,UNI_99,UPA_9,Purbadair (West),পুর্বধৈইর (পশ্চিম),,,purbadairwestup.comilla.gov.bd
Union,UNI_100,UPA_9,Bangara (East),বাঙ্গরা (পূর্ব),,,bangaraeastup.comilla.gov.bd
Union,UNI_101,UPA_9,Bangara (West),বাঙ্গরা (পশ্চিম),,,bangarawestup.comilla.gov.bd
Union,UNI_102,UPA_9,Chapitala,চাপিতলা,,,chapitalaup.comilla.gov.bd
Union,UNI_103,UPA_9,Camalla,কামাল্লা,,,camallaup.comilla.gov.bd
Union,UNI_104,UPA_9,Jatrapur,যাত্রাপুর,,,jatrapurup.comilla.gov.bd
Union,UNI_105,UPA_9,Ramachandrapur (North),রামচন্দ্রপুর (উত্তর),,,ramachandrapurnorthup.comilla.gov.bd
Union,UNI_106,UPA_9,Ramachandrapur (South),রামচন্দ্রপুর (দক্ষিন),,,ramachandrapursouthup.comilla.gov.bd
Union,UNI_107,UPA_9,Muradnagar Sadar,মুরাদনগর সদর,,,muradnagarsadarup.comilla.gov.bd
Union,UNI_108,UPA_9,Nobipur (East),নবীপুর (পুর্ব),,,nobipureastup.comilla.gov.bd
Union,UNI_109,UPA_9,Nobipur (West),নবীপুর (পশ্চিম),,,nobipurwestup.comilla.gov.bd
Union,UNI_110,UPA_9,Damgar,ধামঘর,,,damgarup.comilla.gov.bd
Union,UNI_111,UPA_9,Jahapur,জাহাপুর,,,jahapurup.comilla.gov.bd
Union,UNI_112,UPA_9,Salikandi,ছালিয়াকান্দি,,,salikandiup.comilla.gov.bd
Union,UNI_113,UPA_9,Darura,দারোরা,,,daruraup.comilla.gov.bd
Union,UNI_114,UPA_9,Paharpur,পাহাড়পুর,,,paharpurup.comilla.gov.bd
Union,UNI_115,UPA_9,Babutipara,বাবুটিপাড়া,,,babutiparaup.comilla.gov.bd
Union,UNI_116,UPA_9,Tanki,টনকী,,,tankiup.comilla.gov.bd
Union,UNI_117,UPA_10,Bangadda,বাঙ্গড্ডা,,,bangadda.comilla.gov.bd
Union,UNI_118,UPA_10,Paria,পেরিয়া,,,pariaup.comilla.gov.bd
Union,UNI_119,UPA_10,Raykot,রায়কোট,,,raykotup.comilla.gov.bd
Union,UNI_120,UPA_10,Mokara,মোকরা,,,mokaraup.comilla.gov.bd
Union,UNI_121,UPA_10,Makrabpur,মক্রবপুর,,,makrabpurup.comilla.gov.bd
Union,UNI_122,UPA_10,Heshakhal,হেসাখাল,,,heshakhalup.comilla.gov.bd
Union,UNI_123,UPA_10,Adra,আদ্রা,,,adraup.comilla.gov.bd
Union,UNI_124,UPA_10,Judda,জোড্ডা,,,juddaup.comilla.gov.bd
Union,UNI_125,UPA_10,Dhalua,ঢালুয়া,,,dhaluaup.comilla.gov.bd
Union,UNI_126,UPA_10,Doulkha,দৌলখাঁড়,,,doulkhaup.comilla.gov.bd
Union,UNI_127,UPA_10,Boxgonj,বক্সগঞ্জ,,,boxgonjup.comilla.gov.bd
Union,UNI_128,UPA_10,Satbaria,সাতবাড়ীয়া,,,satbariaup.comilla.gov.bd
Union,UNI_129,UPA_11,Kalirbazer,কালীর বাজার,,,kalirbazerup.comilla.gov.bd
Union,UNI_130,UPA_11,North Durgapur,উত্তর দুর্গাপুর,,,durgapurnorthup.comilla.gov.bd
Union,UNI_131,UPA_11,South Durgapur,দক্ষিন দুর্গাপুর,,,durgapursouthup.comilla.gov.bd
Union,UNI_132,UPA_11,Amratoli,আমড়াতলী,,,amratoliup.comilla.gov.bd
Union,UNI_133,UPA_11,Panchthubi,পাঁচথুবী,,,panchthubiup.comilla.gov.bd
Union,UNI_134,UPA_11,Jagannatpur,জগন্নাথপুর,,,jagannatpurup.comilla.gov.bd
Union,UNI_135,UPA_12,Chandanpur,চন্দনপুর,,,chandanpurup.comilla.gov.bd
Union,UNI_136,UPA_12,Chalibanga,চালিভাঙ্গা,,,chalibangaup.comilla.gov.bd
Union,UNI_137,UPA_12,Radanagar,রাধানগর,,,radanagarup.comilla.gov.bd
Union,UNI_138,UPA_12,Manikarchar,মানিকারচর,,,manikarcharup.comilla.gov.bd
Union,UNI_139,UPA_12,Barakanda,বড়কান্দা,,,barakandaup.comilla.gov.bd
Union,UNI_140,UPA_12,Govindapur,গোবিন্দপুর,,,govindapurup1.comilla.gov.bd
Union,UNI_141,UPA_12,Luterchar,লুটেরচর,,,lutercharup.comilla.gov.bd
Union,UNI_142,UPA_12,Vaorkhola,ভাওরখোলা,,,vaorkholaup.comilla.gov.bd
Union,UNI_143,UPA_13,Baishgaon,বাইশগাঁও,,,baishgaonup.comilla.gov.bd
Union,UNI_144,UPA_13,Shoroshpur,সরসপুর,,,shoroshpurup.comilla.gov.bd
Union,UNI_145,UPA_13,Hasnabad,হাসনাবাদ,,,hasnabadup.comilla.gov.bd
Union,UNI_146,UPA_13,Jholam (North),ঝলম (উত্তর),,,jholamnorthup.comilla.gov.bd
Union,UNI_147,UPA_13,Jholam (South),ঝলম (দক্ষিন),,,jholamsouthup.comilla.gov.bd
Union,UNI_148,UPA_13,Moishatua,মৈশাতুয়া,,,moishatuaup.comilla.gov.bd
Union,UNI_149,UPA_13,Lokkhanpur,লক্ষনপুর,,,lokkhanpurup.comilla.gov.bd
Union,UNI_150,UPA_13,Khela,খিলা,,,khelaup.comilla.gov.bd
Union,UNI_151,UPA_13,Uttarhowla,উত্তর হাওলা,,,uttarhowlaup.comilla.gov.bd
Union,UNI_152,UPA_13,Natherpetua,নাথেরপেটুয়া,,,natherpetuaup.comilla.gov.bd
Union,UNI_153,UPA_13,Bipulashar,বিপুলাসার,,,bipulasharup.comilla.gov.bd
Union,UNI_154,UPA_14,Chuwara,চৌয়ারা,,,chuwaraup.comilla.gov.bd
Union,UNI_155,UPA_14,Baropara,বারপাড়া,,,baroparaup1.comilla.gov.bd
Union,UNI_156,UPA_14,Jorkanoneast,জোড়কানন (পুর্ব),,,jorkanoneastup.comilla.gov.bd
Union,UNI_157,UPA_14,Goliara,গলিয়ারা,,,goliaraup.comilla.gov.bd
Union,UNI_158,UPA_14,Jorkanonwest,জোড়কানন (পশ্চিম),,,jorkanonwestup.comilla.gov.bd
Union,UNI_159,UPA_14,Bagmara (North),বাগমারা (উত্তর),,,bagmaranorthup.comilla.gov.bd
Union,UNI_160,UPA_14,Bagmara (South),বাগমারা (দক্ষিন),,,bagmarasouthup.comilla.gov.bd
Union,UNI_161,UPA_14,Bhuloin (North),ভূলইন (উত্তর),,,bhuloinnorthup.comilla.gov.bd
Union,UNI_162,UPA_14,Bhuloin (South),ভূলইন (দক্ষিন),,,bhuloinsouthup.comilla.gov.bd
Union,UNI_163,UPA_14,Belgor (North),বেলঘর (উত্তর),,,belgornorthup.comilla.gov.bd
Union,UNI_164,UPA_14,Belgor (South),বেলঘর (দক্ষিন),,,belgorsouthup.comilla.gov.bd
Union,UNI_165,UPA_14,Perul (North),পেরুল (উত্তর),,,perulnorthup.comilla.gov.bd
Union,UNI_166,UPA_14,Perul (South),পেরুল (দক্ষিন),,,perulsouthup.comilla.gov.bd
Union,UNI_167,UPA_14,Bijoypur,বিজয়পুর,,,bijoypurup.comilla.gov.bd
Union,UNI_168,UPA_15,Satani,সাতানী,,,sataniup.comilla.gov.bd
Union,UNI_169,UPA_15,Jagatpur,জগতপুর,,,jagatpurup.comilla.gov.bd
Union,UNI_170,UPA_15,Balorampur,বলরামপুর,,,balorampurup.comilla.gov.bd
Union,UNI_171,UPA_15,Karikandi,কড়িকান্দি,,,karikandiup.comilla.gov.bd
Union,UNI_172,UPA_15,Kalakandi,কলাকান্দি,,,kalakandiup.comilla.gov.bd
Union,UNI_173,UPA_15,Vitikandi,ভিটিকান্দি,,,vitikandiup.comilla.gov.bd
Union,UNI_174,UPA_15,Narayandia,নারান্দিয়া,,,narayandiaup.comilla.gov.bd
Union,UNI_175,UPA_15,Zearkandi,জিয়ারকান্দি,,,zearkandiup.comilla.gov.bd
Union,UNI_176,UPA_15,Majidpur,মজিদপুর,,,majidpurup.comilla.gov.bd
Union,UNI_177,UPA_16,Moynamoti,ময়নামতি,,,moynamotiup.comilla.gov.bd
Union,UNI_178,UPA_16,Varella,ভারেল্লা,,,varellaup.comilla.gov.bd
Union,UNI_179,UPA_16,Mokam,মোকাম,,,mokamup.comilla.gov.bd
Union,UNI_180,UPA_16,Burichang Sadar,বুড়িচং সদর,,,burichangsadarup.comilla.gov.bd
Union,UNI_181,UPA_16,Bakshimul,বাকশীমূল,,,bakshimulup.comilla.gov.bd
Union,UNI_182,UPA_16,Pirjatrapur,পীরযাত্রাপুর,,,pirjatrapurup.comilla.gov.bd
Union,UNI_183,UPA_16,Sholonal,ষোলনল,,,sholonalup.comilla.gov.bd
Union,UNI_184,UPA_16,Rajapur,রাজাপুর,,,rajapurup.comilla.gov.bd
Union,UNI_185,UPA_17,Bagmara (North),বাগমারা (উত্তর),,,bagmaranorthup.comilla.gov.bd
Union,UNI_186,UPA_17,Bagmara (South),বাগমারা (দক্ষিন),,,bagmarasouthup.comilla.gov.bd
Union,UNI_187,UPA_17,Bhuloin (North),ভূলইন (উত্তর),,,bhuloinnorthup.comilla.gov.bd
Union,UNI_188,UPA_17,Bhuloin (South),ভূলইন (দক্ষিন),,,bhuloinsouthup.comilla.gov.bd
Union,UNI_189,UPA_17,Belgor (North),বেলঘর (উত্তর),,,belgornorthup.comilla.gov.bd
Union,UNI_190,UPA_17,Belgor (South),বেলঘর (দক্ষিন),,,belgorsouthup.comilla.gov.bd
Union,UNI_191,UPA_17,Perul (North),পেরুল (উত্তর),,,perulnorthup.comilla.gov.bd
Union,UNI_192,UPA_17,Perul (South),পেরুল (দক্ষিন),,,perulsouthup.comilla.gov.bd
Union,UNI_193,UPA_18,Mohamaya,মহামায়া,,,mohamayaup.feni.gov.bd
Union,UNI_194,UPA_18,Pathannagar,পাঠাননগর,,,pathannagarup.feni.gov.bd
Union,UNI_195,UPA_18,Subhapur,শুভপুর,,,subhapurup.feni.gov.bd
Union,UNI_196,UPA_18,Radhanagar,রাধানগর,,,radhanagarup.feni.gov.bd
Union,UNI_197,UPA_18,Gopal,ঘোপাল,,,gopalup.feni.gov.bd
Union,UNI_198,UPA_19,Sarishadi,শর্শদি,,,sarishadiup.feni.gov.bd
Union,UNI_199,UPA_19,Panchgachia,পাঁচগাছিয়া,,,panchgachiaup.feni.gov.bd
Union,UNI_200,UPA_19,Dhormapur,ধর্মপুর,,,dhormapurup.feni.gov.bd
Union,UNI_201,UPA_19,Kazirbag,কাজিরবাগ,,,kazirbagup.feni.gov.bd
Union,UNI_202,UPA_19,Kalidah,কালিদহ,,,kalidahup.feni.gov.bd
Union,UNI_203,UPA_19,Baligaon,বালিগাঁও,,,baligaonup.feni.gov.bd
Union,UNI_204,UPA_19,Dholia,ধলিয়া,,,dholiaup.feni.gov.bd
Union,UNI_205,UPA_19,Lemua,লেমুয়া,,,lemuaup.feni.gov.bd
Union,UNI_206,UPA_19,Chonua,ছনুয়া,,,chonuaup.feni.gov.bd
Union,UNI_207,UPA_19,Motobi,মোটবী,,,motobiup.feni.gov.bd
Union,UNI_208,UPA_19,Fazilpur,ফাজিলপুর,,,fazilpurup.feni.gov.bd
Union,UNI_209,UPA_19,Forhadnogor,ফরহাদনগর,,,forhadnogorup.feni.gov.bd
Union,UNI_210,UPA_20,Charmozlishpur,চরমজলিশপুর,,,charmozlishpurup.feni.gov.bd
Union,UNI_211,UPA_20,Bogadana,বগাদানা,,,bogadanaup.feni.gov.bd
Union,UNI_212,UPA_20,Motigonj,মতিগঞ্জ,,,motigonjup.feni.gov.bd
Union,UNI_213,UPA_20,Mongolkandi,মঙ্গলকান্দি,,,mongolkandiup.feni.gov.bd
Union,UNI_214,UPA_20,Chardorbesh,চরদরবেশ,,,chardorbeshup.feni.gov.bd
Union,UNI_215,UPA_20,Chorchandia,চরচান্দিয়া,,,chorchandiaup.feni.gov.bd
Union,UNI_216,UPA_20,Sonagazi,সোনাগাজী,,,sonagaziup.feni.gov.bd
Union,UNI_217,UPA_20,Amirabad,আমিরাবাদ,,,amirabadup.feni.gov.bd
Union,UNI_218,UPA_20,Nababpur,নবাবপুর,,,nababpurup.feni.gov.bd
Union,UNI_219,UPA_21,Fulgazi,ফুলগাজী,,,fulgaziup.feni.gov.bd
Union,UNI_220,UPA_21,Munshirhat,মুন্সিরহাট,,,munshirhatup.feni.gov.bd
Union,UNI_221,UPA_21,Dorbarpur,দরবারপুর,,,dorbarpurup.feni.gov.bd
Union,UNI_222,UPA_21,Anandopur,আনন্দপুর,,,anandopurup.feni.gov.bd
Union,UNI_223,UPA_21,Amzadhat,আমজাদহাট,,,amzadhatup.feni.gov.bd
Union,UNI_224,UPA_21,Gmhat,"জি,এম, হাট",,,gmhatup.feni.gov.bd
Union,UNI_225,UPA_22,Mizanagar,মির্জানগর,,,mizanagarup.feni.gov.bd
Union,UNI_226,UPA_22,Ctholia,চিথলিয়া,,,ctholiaup.feni.gov.bd
Union,UNI_227,UPA_22,Boxmahmmud,বক্সমাহমুদ,,,boxmahmmudup.feni.gov.bd
Union,UNI_228,UPA_23,Sindurpur,সিন্দুরপুর,,,sindurpurup.feni.gov.bd
Union,UNI_229,UPA_23,Rajapur,রাজাপুর,,,rajapurup.feni.gov.bd
Union,UNI_230,UPA_23,Purbachandrapur,পূর্বচন্দ্রপুর,,,purbachandrapurup.feni.gov.bd
Union,UNI_231,UPA_23,Ramnagar,রামনগর,,,ramnagarup.feni.gov.bd
Union,UNI_232,UPA_23,Yeakubpur,ইয়াকুবপুর,,,yeakubpur.feni.gov.bd
Union,UNI_233,UPA_23,Daganbhuiyan,দাগনভূঞা,,,daganbhuiyanup.feni.gov.bd
Union,UNI_234,UPA_23,Matubhuiyan,মাতুভূঞা,,,matubhuiyanup.feni.gov.bd
Union,UNI_235,UPA_23,Jayloskor,জায়লস্কর,,,jayloskorup.feni.gov.bd
Union,UNI_236,UPA_24,Basudeb,বাসুদেব,,,basudeb.brahmanbaria.gov.bd
Union,UNI_237,UPA_24,Machihata,মাছিহাতা,,,machihata.brahmanbaria.gov.bd
Union,UNI_238,UPA_24,Sultanpur,সুলতানপুর,,,sultanpur.brahmanbaria.gov.bd
Union,UNI_239,UPA_24,Ramrail,রামরাইল,,,ramrail.brahmanbaria.gov.bd
Union,UNI_240,UPA_24,Sadekpur,সাদেকপুর,,,sadekpur.brahmanbaria.gov.bd
Union,UNI_241,UPA_24,Talsahar,তালশহর,,,talsahar.brahmanbaria.gov.bd
Union,UNI_242,UPA_24,Natai,নাটাই (দক্ষিন),,,natais.brahmanbaria.gov.bd
Union,UNI_243,UPA_24,Natai,নাটাই (উত্তর),,,natain.brahmanbaria.gov.bd
Union,UNI_244,UPA_24,Shuhilpur,সুহিলপুর,,,shuhilpur.brahmanbaria.gov.bd
Union,UNI_245,UPA_24,Bodhal,বুধল,,,bodhal.brahmanbaria.gov.bd
Union,UNI_246,UPA_24,Majlishpur,মজলিশপুর,,,majlishpur.brahmanbaria.gov.bd
Union,UNI_247,UPA_25,Mulagram,মূলগ্রাম,,,mulagramup.brahmanbaria.gov.bd
Union,UNI_248,UPA_25,Mehari,মেহারী,,,mehariup.brahmanbaria.gov.bd
Union,UNI_249,UPA_25,Badair,বাদৈর,,,badairup.brahmanbaria.gov.bd
Union,UNI_250,UPA_25,Kharera,খাড়েরা,,,khareraup.brahmanbaria.gov.bd
Union,UNI_251,UPA_25,Benauty,বিনাউটি,,,benautyup.brahmanbaria.gov.bd
Union,UNI_252,UPA_25,Gopinathpur,গোপীনাথপুর,,,gopinathpurup.brahmanbaria.gov.bd
Union,UNI_253,UPA_25,Kasbaw,কসবা,,,kasbawup.brahmanbaria.gov.bd
Union,UNI_254,UPA_25,Kuti,কুটি,,,kutiup.brahmanbaria.gov.bd
Union,UNI_255,UPA_25,Kayempur,কাইমপুর,,,kayempurup.brahmanbaria.gov.bd
Union,UNI_256,UPA_25,Bayek,বায়েক,,,bayekup.brahmanbaria.gov.bd
Union,UNI_257,UPA_26,Chatalpar,চাতলপাড়,,,chatalparup.brahmanbaria.gov.bd
Union,UNI_258,UPA_26,Bhalakut,ভলাকুট,,,bhalakutup.brahmanbaria.gov.bd 
Union,UNI_259,UPA_26,Kunda,কুন্ডা,,,kundaup.brahmanbaria.gov.bd
Union,UNI_260,UPA_26,Goalnagar,গোয়ালনগর,,,goalnagarup.brahmanbaria.gov.bd
Union,UNI_261,UPA_26,Nasirnagar,নাসিরনগর,,,nasirnagarup.brahmanbaria.gov.bd
Union,UNI_262,UPA_26,Burishwar,বুড়িশ্বর,,,burishwarup.brahmanbaria.gov.bd
Union,UNI_263,UPA_26,Fandauk,ফান্দাউক,,,fandaukup.brahmanbaria.gov.bd
Union,UNI_264,UPA_26,Goniauk,গুনিয়াউক,,,goniaukup.brahmanbaria.gov.bd
Union,UNI_265,UPA_26,Chapartala,চাপৈরতলা,,,chapartalaup.brahmanbaria.gov.bd
Union,UNI_266,UPA_26,Dharnondol,ধরমন্ডল,,,dharnondolup.brahmanbaria.gov.bd
Union,UNI_267,UPA_26,Haripur,হরিপুর,,,haripurup.brahmanbaria.gov.bd
Union,UNI_268,UPA_26,Purbabhag,পূর্বভাগ,,,purbabhagup.brahmanbaria.gov.bd
Union,UNI_269,UPA_26,Gokarna,গোকর্ণ,,,gokarnaup.brahmanbaria.gov.bd
Union,UNI_270,UPA_27,Auraol,অরুয়াইল,,,auraolup.brahmanbaria.gov.bd
Union,UNI_271,UPA_27,Pakshimuul,পাকশিমুল,,,pakshimuulup.brahmanbaria.gov.bd
Union,UNI_272,UPA_27,Chunta,চুন্টা,,,chuntaup.brahmanbaria.gov.bd
Union,UNI_273,UPA_27,Kalikaccha,কালীকচ্ছ,,,kalikacchaup.brahmanbaria.gov.bd
Union,UNI_274,UPA_27,Panishor,পানিশ্বর,,,panishorup.brahmanbaria.gov.bd
Union,UNI_275,UPA_27,Sarail,সরাইল সদর,,,sarailup.brahmanbaria.gov.bd
Union,UNI_276,UPA_27,Noagoun,নোয়াগাঁও,,,noagounup.brahmanbaria.gov.bd
Union,UNI_277,UPA_27,Shahajadapur,শাহজাদাপুর,,,shahajadapurup.brahmanbaria.gov.bd
Union,UNI_278,UPA_27,Shahbazpur,শাহবাজপুর,,,shahbazpurup.brahmanbaria.gov.bd
Union,UNI_279,UPA_28,Ashuganj,আশুগঞ্জ সদর,,,ashuganjup.brahmanbaria.gov.bd
Union,UNI_280,UPA_28,Charchartala,চরচারতলা,,,charchartalaup.brahmanbaria.gov.bd
Union,UNI_281,UPA_28,Durgapur,দুর্গাপুর,,,durgapurup.brahmanbaria.gov.bd
Union,UNI_282,UPA_28,Araishidha,আড়াইসিধা,,,araishidhaup.brahmanbaria.gov.bd
Union,UNI_283,UPA_28,Talshaharw,তালশহর(পঃ),,,talshaharwup.brahmanbaria.gov.bd
Union,UNI_284,UPA_28,Sarifpur,শরীফপুর,,,sarifpurup.brahmanbaria.gov.bd
Union,UNI_285,UPA_28,Lalpur,লালপুর,,,lalpurup.brahmanbaria.gov.bd
Union,UNI_286,UPA_28,Tarua,তারুয়া,,,taruaup.brahmanbaria.gov.bd
Union,UNI_287,UPA_29,Monionda,মনিয়ন্দ,,,moniondaup.brahmanbaria.gov.bd
Union,UNI_288,UPA_29,Dharkhar,ধরখার,,,dharkharup.brahmanbaria.gov.bd
Union,UNI_289,UPA_29,Mogra,মোগড়া,,,mograup.brahmanbaria.gov.bd
Union,UNI_290,UPA_29,Akhauran,আখাউড়া (উঃ),,,akhauranup.brahmanbaria.gov.bd
Union,UNI_291,UPA_29,Akhauras,আখাউড়া (দঃ),,,akhaurasup.brahmanbaria.gov.bd
Union,UNI_292,UPA_30,Barail,বড়াইল,,,barailup.brahmanbaria.gov.bd
Union,UNI_293,UPA_30,Birgaon,বীরগাঁও,,,birgaonup.brahmanbaria.gov.bd
Union,UNI_294,UPA_30,Krishnanagar,কৃষ্ণনগর,,,krishnanagarup.brahmanbaria.gov.bd
Union,UNI_295,UPA_30,Nathghar,নাটঘর,,,nathgharup.brahmanbaria.gov.bd
Union,UNI_296,UPA_30,Biddayakut,বিদ্যাকুট,,,biddayakutup.brahmanbaria.gov.bd
Union,UNI_297,UPA_30,Nabinagare,নবীনগর (পূর্ব),,,nabinagareup.brahmanbaria.gov.bd
Union,UNI_298,UPA_30,Nabinagarw,নবীনগর(পশ্চিম),,,nabinagarwup.brahmanbaria.gov.bd
Union,UNI_299,UPA_30,Bitghar,বিটঘর,,,bitgharup.brahmanbaria.gov.bd
Union,UNI_300,UPA_30,Shibpur,শিবপুর,,,shibpurup.brahmanbaria.gov.bd
Union,UNI_301,UPA_30,Sreerampur,শ্রীরামপুর,,,sreerampurup.brahmanbaria.gov.bd
Union,UNI_302,UPA_30,Jinudpur,জিনোদপুর,,,jinudpurup.brahmanbaria.gov.bd
Union,UNI_303,UPA_30,Laurfatehpur,লাউরফতেপুর,,,laurfatehpurup.brahmanbaria.gov.bd
Union,UNI_304,UPA_30,Ibrahimpur,ইব্রাহিমপুর,,,ibrahimpurup.brahmanbaria.gov.bd
Union,UNI_305,UPA_30,Satmura,সাতমোড়া,,,satmuraup.brahmanbaria.gov.bd
Union,UNI_306,UPA_30,Shamogram,শ্যামগ্রাম,,,shamogramup.brahmanbaria.gov.bd
Union,UNI_307,UPA_30,Rasullabad,রসুল্লাবাদ,,,rasullabadup.brahmanbaria.gov.bd
Union,UNI_308,UPA_30,Barikandi,বড়িকান্দি,,,barikandiup.brahmanbaria.gov.bd
Union,UNI_309,UPA_30,Salimganj,ছলিমগঞ্জ,,,salimganjup.brahmanbaria.gov.bd
Union,UNI_310,UPA_30,Ratanpur,রতনপুর,,,ratanpurup.brahmanbaria.gov.bd
Union,UNI_311,UPA_30,Kaitala (North),কাইতলা (উত্তর),,,kaitalanup.brahmanbaria.gov.bd
Union,UNI_312,UPA_30,Kaitala (South),কাইতলা (দক্ষিন),,,kaitalasup.brahmanbaria.gov.bd
Union,UNI_313,UPA_31,Tazkhali,তেজখালী,,,tazkhaliup.brahmanbaria.gov.bd
Union,UNI_314,UPA_31,Pahariya Kandi,পাহাড়িয়া কান্দি,,,pahariyakandiup.brahmanbaria.gov.bd
Union,UNI_315,UPA_31,Dariadulat,দরিয়াদৌলত,,,dariadulatup.brahmanbaria.gov.bd
Union,UNI_316,UPA_31,Sonarampur,সোনারামপুর,,,sonarampurup.brahmanbaria.gov.bd
Union,UNI_317,UPA_31,Darikandi,দড়িকান্দি,,,darikandiup.brahmanbaria.gov.bd
Union,UNI_318,UPA_31,Saifullyakandi,ছয়ফুল্লাকান্দি,,,saifullyakandiup.brahmanbaria.gov.bd
Union,UNI_319,UPA_31,Bancharampur,বাঞ্ছারামপুর,,,bancharampurup.brahmanbaria.gov.bd
Union,UNI_320,UPA_31,Ayabpur,আইয়ুবপুর,,,ayabpurup.brahmanbaria.gov.bd
Union,UNI_321,UPA_31,Fardabad,ফরদাবাদ,,,fardabadup.brahmanbaria.gov.bd
Union,UNI_322,UPA_31,Rupushdi,রুপসদী পশ্চিম,,,rupushdiup.brahmanbaria.gov.bd
Union,UNI_323,UPA_31,Salimabad,ছলিমাবাদ,,,salimabadup.brahmanbaria.gov.bd
Union,UNI_324,UPA_31,Ujanchar,উজানচর পূর্ব,,,ujancharup.brahmanbaria.gov.bd
Union,UNI_325,UPA_31,Manikpur,মানিকপুর,,,manikpurup.brahmanbaria.gov.bd
Union,UNI_326,UPA_32,Bhudanty,বুধন্তি,,,bhudantyup.brahmanbaria.gov.bd
Union,UNI_327,UPA_32,Chandura,চান্দুরা,,,chanduraup.brahmanbaria.gov.bd
Union,UNI_328,UPA_32,Ichapura,ইছাপুরা,,,ichapuraup.brahmanbaria.gov.bd
Union,UNI_329,UPA_32,Champaknagar,চম্পকনগর,,,champaknagarup.brahmanbaria.gov.bd
Union,UNI_330,UPA_32,Harashpur,হরষপুর,,,harashpurup.brahmanbaria.gov.bd
Union,UNI_331,UPA_32,Pattan,পত্তন,,,pattanup.brahmanbaria.gov.bd
Union,UNI_332,UPA_32,Singerbil,সিংগারবিল,,,singerbilup.brahmanbaria.gov.bd
Union,UNI_333,UPA_32,Bishupor,বিষ্ণুপুর,,,bishuporup.brahmanbaria.gov.bd
Union,UNI_334,UPA_32,Charislampur,চর-ইসলামপুর,,,charislampurup.brahmanbaria.gov.bd
Union,UNI_335,UPA_32,Paharpur,পাহাড়পুর,,,paharpurup.brahmanbaria.gov.bd
Union,UNI_336,UPA_33,Jibtali,জীবতলি,,,jibtaliup.rangamati.gov.bd
Union,UNI_337,UPA_33,Sapchari,সাপছড়ি,,,sapchariup.rangamati.gov.bd
Union,UNI_338,UPA_33,Kutukchari,কুতুকছড়ি,,,kutukchariup.rangamati.gov.bd
Union,UNI_339,UPA_33,Bandukbhanga,বন্দুকভাঙ্গা,,,bandukbhangaup.rangamati.gov.bd
Union,UNI_340,UPA_33,Balukhali,বালুখালী,,,balukhaliup.rangamati.gov.bd
Union,UNI_341,UPA_33,Mogban,মগবান,,,mogbanup.rangamati.gov.bd
Union,UNI_342,UPA_34,Raikhali,রাইখালী,,,raikhaliup.rangamati.gov.bd
Union,UNI_343,UPA_34,Kaptai,কাপ্তাই,,,kaptaiup.rangamati.gov.bd
Union,UNI_344,UPA_34,Wagga,ওয়াজ্ঞা,,,waggaup.rangamati.gov.bd
Union,UNI_345,UPA_34,Chandraghona,চন্দ্রঘোনা,,,chandraghonaup.rangamati.gov.bd
Union,UNI_346,UPA_34,Chitmorom,চিৎমরম,,,chitmoromup.rangamati.gov.bd
Union,UNI_347,UPA_35,Ghagra,ঘাগড়া,,,ghagraup.rangamati.gov.bd
Union,UNI_348,UPA_35,Fatikchari,ফটিকছড়ি,,,fatikchariup.rangamati.gov.bd
Union,UNI_349,UPA_35,Betbunia,বেতবুনিয়া,,,betbuniaup.rangamati.gov.bd
Union,UNI_350,UPA_35,Kalampati,কলমপতি,,,kalampatiup.rangamati.gov.bd
Union,UNI_351,UPA_36,Sajek,সাজেক,,,sajekup.rangamati.gov.bd
Union,UNI_352,UPA_36,Amtali,আমতলী,,,amtaliup.rangamati.gov.bd
Union,UNI_353,UPA_36,Bongoltali,বঙ্গলতলী,,,bongoltaliup.rangamati.gov.bd
Union,UNI_354,UPA_36,Rupokari,রুপকারী,,,rupokariup.rangamati.gov.bd
Union,UNI_355,UPA_36,Marisha,মারিশ্যা,,,marishaup.rangamati.gov.bd
Union,UNI_356,UPA_36,Khedarmara,খেদারমারা,,,khedarmaraup.rangamati.gov.bd
Union,UNI_357,UPA_36,Sharoyatali,সারোয়াতলী,,,sharoyataliup.rangamati.gov.bd
Union,UNI_358,UPA_36,Baghaichari,বাঘাইছড়ি,,,baghaichariup.rangamati.gov.bd
Union,UNI_359,UPA_37,Subalong,সুবলং,,,subalongup.rangamati.gov.bd
Union,UNI_360,UPA_37,Barkal,বরকল,,,barkalup.rangamati.gov.bd
Union,UNI_361,UPA_37,Bushanchara,ভূষনছড়া,,,bushancharaup.rangamati.gov.bd
Union,UNI_362,UPA_37,Aimachara,আইমাছড়া,,,aimacharaup.rangamati.gov.bd
Union,UNI_363,UPA_37,Borohorina,বড় হরিণা,,,borohorinaup.rangamati.gov.bd
Union,UNI_364,UPA_38,Langad,লংগদু,,,langaduup.rangamati.gov.bd
Union,UNI_365,UPA_38,Maeinimukh,মাইনীমুখ,,,maeinimukhup.rangamati.gov.bd
Union,UNI_366,UPA_38,Vasannadam,ভাসান্যাদম,,,vasannadamup.rangamati.gov.bd
Union,UNI_367,UPA_38,Bogachattar,বগাচতর,,,bogachattarup.rangamati.gov.bd
Union,UNI_368,UPA_38,Gulshakhali,গুলশাখালী,,,gulshakhaliup.rangamati.gov.bd
Union,UNI_369,UPA_38,Kalapakujja,কালাপাকুজ্যা,,,kalapakujjaup.rangamati.gov.bd
Union,UNI_370,UPA_38,Atarakchara,আটারকছড়া,,,atarakcharaup.rangamati.gov.bd
Union,UNI_371,UPA_39,Ghilachari,ঘিলাছড়ি,,,ghilachariup.rangamati.gov.bd
Union,UNI_372,UPA_39,Gaindya,গাইন্দ্যা,,,gaindyaup.rangamati.gov.bd
Union,UNI_373,UPA_39,Bangalhalia,বাঙ্গালহালিয়া,,,bangalhaliaup.rangamati.gov.bd
Union,UNI_374,UPA_40,Kengrachari,কেংড়াছড়ি,,,kengrachariup.rangamati.gov.bd
Union,UNI_375,UPA_40,Belaichari,বিলাইছড়ি,,,belaichariup.rangamati.gov.bd
Union,UNI_376,UPA_40,Farua,ফারুয়া,,,faruaup.rangamati.gov.bd
Union,UNI_377,UPA_41,Juraichari,জুরাছড়ি,,,juraichariup.rangamati.gov.bd
Union,UNI_378,UPA_41,Banajogichara,বনযোগীছড়া,,,banajogicharaup.rangamati.gov.bd
Union,UNI_379,UPA_41,Moidong,মৈদং,,,moidongup.rangamati.gov.bd
Union,UNI_380,UPA_41,Dumdumya,দুমদুম্যা,,,dumdumyaup.rangamati.gov.bd
Union,UNI_381,UPA_42,Sabekkhong,সাবেক্ষ্যং,,,sabekkhongup.rangamati.gov.bd
Union,UNI_382,UPA_42,Naniarchar,নানিয়ারচর,,,naniarcharup.rangamati.gov.bd
Union,UNI_383,UPA_42,Burighat,বুড়িঘাট,,,burighatup.rangamati.gov.bd
Union,UNI_384,UPA_42,Ghilachhari,ঘিলাছড়ি,,,ghilachhariup.rangamati.gov.bd
Union,UNI_385,UPA_43,Charmatua,চরমটুয়া,,,charmatuaup.noakhali.gov.bd
Union,UNI_386,UPA_43,Dadpur,দাদপুর,,,dadpurup.noakhali.gov.bd
Union,UNI_387,UPA_43,Noannoi,নোয়ান্নই,,,noannoiup.noakhali.gov.bd
Union,UNI_388,UPA_43,Kadirhanif,কাদির হানিফ,,,kadirhanifup.noakhali.gov.bd
Union,UNI_389,UPA_43,Binodpur,বিনোদপুর,,,binodpurup.noakhali.gov.bd
Union,UNI_390,UPA_43,Dharmapur,ধর্মপুর,,,dharmapurup.noakhali.gov.bd
Union,UNI_391,UPA_43,Aujbalia,এওজবালিয়া,,,aujbaliaup.noakhali.gov.bd
Union,UNI_392,UPA_43,Kaladara,কালাদরপ,,,kaladarapup.noakhali.gov.bd
Union,UNI_393,UPA_43,Ashwadia,অশ্বদিয়া,,,ashwadiaup.noakhali.gov.bd
Union,UNI_394,UPA_43,Newajpur,নিয়াজপুর,,,newajpurup.noakhali.gov.bd
Union,UNI_395,UPA_43,East Charmatua,পূর্ব চরমটুয়া,,,eastcharmatuap.noakhali.gov.bd
Union,UNI_396,UPA_43,Andarchar,আন্ডারচর,,,andarcharup.noakhali.gov.bd
Union,UNI_397,UPA_43,Noakhali,নোয়াখালী,,,noakhaliup.noakhali.gov.bd
Union,UNI_398,UPA_44,Sirajpur,সিরাজপুর,,,sirajpurup.noakhali.gov.bd
Union,UNI_399,UPA_44,Charparboti,চরপার্বতী,,,charparbotiup.noakhali.gov.bd
Union,UNI_400,UPA_44,Charhazari,চরহাজারী,,,charhazariup.noakhali.gov.bd
Union,UNI_401,UPA_44,Charkakra,চরকাঁকড়া,,,charkakraup.noakhali.gov.bd
Union,UNI_402,UPA_44,Charfakira,চরফকিরা,,,charfakiraup.noakhali.gov.bd
Union,UNI_403,UPA_44,Musapur,মুসাপুর,,,musapurup.noakhali.gov.bd
Union,UNI_404,UPA_44,Charelahi,চরএলাহী,,,charelahiup.noakhali.gov.bd
Union,UNI_405,UPA_44,Rampur,রামপুর,,,rampurup.noakhali.gov.bd
Union,UNI_406,UPA_45,Amanullapur,আমানউল্ল্যাপুর,,,amanullapurup.noakhali.gov.bd
Union,UNI_407,UPA_45,Gopalpur,গোপালপুর,,,gopalpurup.noakhali.gov.bd
Union,UNI_408,UPA_45,Jirtali,জিরতলী,,,jirtaliup.noakhali.gov.bd
Union,UNI_409,UPA_45,Kutubpur,কুতবপুর,,,kutubpurup.noakhali.gov.bd
Union,UNI_410,UPA_45,Alyearpur,আলাইয়ারপুর,,,alyearpurup.noakhali.gov.bd
Union,UNI_411,UPA_45,Chayani,ছয়ানী,,,chayaniup.noakhali.gov.bd
Union,UNI_412,UPA_45,Rajganj,রাজগঞ্জ,,,rajganjup.noakhali.gov.bd
Union,UNI_413,UPA_45,Eklashpur,একলাশপুর,,,eklashpurup.noakhali.gov.bd
Union,UNI_414,UPA_45,Begumganj,বেগমগঞ্জ,,,begumganjup.noakhali.gov.bd
Union,UNI_415,UPA_45,Mirwarishpur,মিরওয়ারিশপুর,,,mirwarishpurup.noakhali.gov.bd
Union,UNI_416,UPA_45,Narottampur,নরোত্তমপুর,,,narottampurup.noakhali.gov.bd
Union,UNI_417,UPA_45,Durgapur,দূর্গাপুর,,,durgapurup.noakhali.gov.bd
Union,UNI_418,UPA_45,Rasulpur,রসুলপুর,,,rasulpurup.noakhali.gov.bd
Union,UNI_419,UPA_45,Hajipur,হাজীপুর,,,hajipurup.noakhali.gov.bd
Union,UNI_420,UPA_45,Sharifpur,শরীফপুর,,,sharifpurup.noakhali.gov.bd
Union,UNI_421,UPA_45,Kadirpur,কাদিরপুর,,,kadirpurup.noakhali.gov.bd
Union,UNI_422,UPA_46,Sukhchar,সুখচর,,,sukhcharup.noakhali.gov.bd
Union,UNI_423,UPA_46,Nolchira,নলচিরা,,,nolchiraup.noakhali.gov.bd
Union,UNI_424,UPA_46,Charishwar,চরঈশ্বর,,,charishwarup.noakhali.gov.bd
Union,UNI_425,UPA_46,Charking,চরকিং,,,charkingup.noakhali.gov.bd
Union,UNI_426,UPA_46,Tomoroddi,তমরদ্দি,,,tomoroddiup.noakhali.gov.bd
Union,UNI_427,UPA_46,Sonadiya,সোনাদিয়া,,,sonadiyaup.noakhali.gov.bd
Union,UNI_428,UPA_46,Burirchar,বুড়িরচর,,,burircharup.noakhali.gov.bd
Union,UNI_429,UPA_46,Jahajmara,জাহাজমারা,,,jahajmaraup.noakhali.gov.bd
Union,UNI_430,UPA_46,Nijhumdwi,নিঝুমদ্বীপ,,,nijhumdwipup.noakhali.gov.bd
Union,UNI_431,UPA_47,Charjabbar,চরজাব্বার,,,charjabbarup.noakhali.gov.bd
Union,UNI_432,UPA_47,Charbata,চরবাটা,,,charbataup.noakhali.gov.bd
Union,UNI_433,UPA_47,Charclerk,চরক্লার্ক,,,charclerkup.noakhali.gov.bd
Union,UNI_434,UPA_47,Charwapda,চরওয়াপদা,,,charwapdaup.noakhali.gov.bd
Union,UNI_435,UPA_47,Charjubilee,চরজুবলী,,,charjubileeup.noakhali.gov.bd
Union,UNI_436,UPA_47,Charaman Ullah,চরআমান উল্যা,,,charamanullahup.noakhali.gov.bd
Union,UNI_437,UPA_47,East Charbata,পূর্ব চরবাটা,,,eastcharbataup.noakhali.gov.bd
Union,UNI_438,UPA_47,Mohammadpur,মোহাম্মদপুর,,,mohammadpurup.noakhali.gov.bd
Union,UNI_439,UPA_48,Narottampur,নরোত্তমপুর,,,narottampurup1.noakhali.gov.bd
Union,UNI_440,UPA_48,Dhanshiri,ধানসিঁড়ি,,,dhanshiriup.noakhali.gov.bd
Union,UNI_441,UPA_48,Sundalpur,সুন্দলপুর,,,sundalpurup.noakhali.gov.bd
Union,UNI_442,UPA_48,Ghoshbag,ঘোষবাগ,,,ghoshbagup.noakhali.gov.bd
Union,UNI_443,UPA_48,Chaprashirhat,চাপরাশিরহাট,,,chaprashirhatup.noakhali.gov.bd
Union,UNI_444,UPA_48,Dhanshalik,ধানশালিক,,,dhanshalikup.noakhali.gov.bd
Union,UNI_445,UPA_48,Batoiya,বাটইয়া,,,batoiyaup.noakhali.gov.bd
Union,UNI_446,UPA_49,Chhatarpaia,ছাতারপাইয়া,,,chhatarpaiaup.noakhali.gov.bd
Union,UNI_447,UPA_49,Kesharpar,কেশরপাড়া,,,kesharparup.noakhali.gov.bd
Union,UNI_448,UPA_49,Dumurua,ডুমুরুয়া,,,dumuruaup.noakhali.gov.bd
Union,UNI_449,UPA_49,Kadra,কাদরা,,,kadraup.noakhali.gov.bd
Union,UNI_450,UPA_49,Arjuntala,অর্জুনতলা,,,arjuntalaup.noakhali.gov.bd
Union,UNI_451,UPA_49,Kabilpur,কাবিলপুর,,,kabilpurup.noakhali.gov.bd
Union,UNI_452,UPA_49,Mohammadpur,মোহাম্মদপুর,,,mohammadpurup7.noakhali.gov.bd
Union,UNI_453,UPA_49,Nabipur,নবীপুর,,,nabipurup.noakhali.gov.bd
Union,UNI_454,UPA_49,Bejbagh,বিজবাগ,,,bejbaghup.noakhali.gov.bd
Union,UNI_455,UPA_50,Sahapur,সাহাপুর,,,sahapurup.noakhali.gov.bd
Union,UNI_456,UPA_50,Ramnarayanpur,রামনারায়নপুর,,,ramnarayanpurup.noakhali.gov.bd
Union,UNI_457,UPA_50,Porokote,পরকোট,,,porokoteup.noakhali.gov.bd
Union,UNI_458,UPA_50,Badalkot,বাদলকোট,,,badalkotup.noakhali.gov.bd
Union,UNI_459,UPA_50,Panchgaon,পাঁচগাঁও,,,panchgaonup.noakhali.gov.bd
Union,UNI_460,UPA_50,Hat-Pukuria Ghatlabag,হাট-পুকুরিয়া ঘাটলাবাগ,,,hatpukuriaghatlabagup.noakhali.gov.bd
Union,UNI_461,UPA_50,Noakhala,নোয়াখলা,,,noakhalaup.noakhali.gov.bd
Union,UNI_462,UPA_50,Khilpara,খিলপাড়া,,,khilparaup.noakhali.gov.bd
Union,UNI_463,UPA_50,Mohammadpur,মোহাম্মদপুর,,,mohammadpuru5p.noakhali.gov.bd
Union,UNI_464,UPA_51,Joyag,জয়াগ,,,joyagup.noakhali.gov.bd
Union,UNI_465,UPA_51,Nodona,নদনা,,,nodonaup.noakhali.gov.bd
Union,UNI_466,UPA_51,Chashirhat,চাষীরহাট,,,chashirhatup.noakhali.gov.bd
Union,UNI_467,UPA_51,Barogaon,বারগাঁও,,,barogaonup.noakhali.gov.bd
Union,UNI_468,UPA_51,Ambarnagor,অম্বরনগর,,,ambarnagorup.noakhali.gov.bd
Union,UNI_469,UPA_51,Nateshwar,নাটেশ্বর,,,nateshwarup.noakhali.gov.bd
Union,UNI_470,UPA_51,Bajra,বজরা,,,bajraup.noakhali.gov.bd
Union,UNI_471,UPA_51,Sonapur,সোনাপুর,,,sonapurup.noakhali.gov.bd
Union,UNI_472,UPA_51,Deoti,দেওটি,,,deotiup.noakhali.gov.bd
Union,UNI_473,UPA_51,Amishapara,আমিশাপাড়া,,,amishaparaup.noakhali.gov.bd
Union,UNI_474,UPA_52,Gazipur,গাজীপুর,,,gazipurup.chandpur.gov.bd
Union,UNI_475,UPA_52,Algidurgapur (North),আলগী দুর্গাপুর (উত্তর),,,algidurgapurnorthup.chandpur.gov.bd
Union,UNI_476,UPA_52,Algidurgapur (South),আলগী দুর্গাপুর (দক্ষিণ),,,algidurgapursouth.chandpur.gov.bd
Union,UNI_477,UPA_52,Nilkamal,নীলকমল,,,nilkamalup.chandpur.gov.bd
Union,UNI_478,UPA_52,Haimchar,হাইমচর,,,haimcharup.chandpur.gov.bd
Union,UNI_479,UPA_52,Charbhairabi,চরভৈরবী,,,charbhairabiup.chandpur.gov.bd
Union,UNI_480,UPA_53,Pathair,পাথৈর,,,pathairup.chandpur.gov.bd
Union,UNI_481,UPA_53,Bitara,বিতারা,,,bitaraup.chandpur.gov.bd
Union,UNI_482,UPA_53,Shohodebpur (East),সহদেবপুর (পূর্ব),,,shohodebpureastup.chandpur.gov.bd
Union,UNI_483,UPA_53,Shohodebpur (West),সহদেবপুর (পশ্চিম),,,shohodebpurwestup.chandpur.gov.bd
Union,UNI_484,UPA_53,Kachua (North),কচুয়া (উত্তর),,,kachuanorthup.chandpur.gov.bd
Union,UNI_485,UPA_53,Kachua (South),কচুয়া (দক্ষিণ),,,kachuasouthup.chandpur.gov.bd
Union,UNI_486,UPA_53,Gohat (North),গোহাট (উত্তর),,,gohatnorthup.chandpur.gov.bd
Union,UNI_487,UPA_53,Kadla,কাদলা,,,kadlaup.chandpur.gov.bd
Union,UNI_488,UPA_53,Ashrafpur,আসরাফপুর,,,ashrafpurup.chandpur.gov.bd
Union,UNI_489,UPA_53,Gohat (South),গোহাট (দক্ষিণ),,,gohatsouthup.chandpur.gov.bd
Union,UNI_490,UPA_53,Sachar,সাচার,,,sacharup.chandpur.gov.bd
Union,UNI_491,UPA_53,Koroia,কড়ইয়া,,,koroiaup.chandpur.gov.bd
Union,UNI_492,UPA_54,Tamta (South),টামটা (দক্ষিণ),,,tamtasouthup.chandpur.gov.bd
Union,UNI_493,UPA_54,Tamta (North),টামটা (উত্তর),,,tamtanorthup.chandpur.gov.bd
Union,UNI_494,UPA_54,Meher (North),মেহের (উত্তর),,,mehernorthup.chandpur.gov.bd
Union,UNI_495,UPA_54,Meher (South),মেহের (দক্ষিণ),,,mehersouthup.chandpur.gov.bd
Union,UNI_496,UPA_54,Suchipara (North),সুচিপাড়া (উত্তর),,,suchiparanorthup.chandpur.gov.bd
Union,UNI_497,UPA_54,Suchipara (South),সুচিপাড়া (দক্ষিণ),,,suchiparasouthup.chandpur.gov.bd
Union,UNI_498,UPA_54,Chitoshi (East),চিতষী (পূর্ব),,,chitoshieastup.chandpur.gov.bd
Union,UNI_499,UPA_54,Raysree (South),রায়শ্রী (দক্ষিন),,,raysreesouthup.chandpur.gov.bd
Union,UNI_500,UPA_54,Raysree (North),রায়শ্রী (উত্তর),,,raysreenorthup.chandpur.gov.bd
Union,UNI_501,UPA_54,Chitoshiwest,চিতষী (পশ্চিম),,,chitoshiwestup.chandpur.gov.bd
Union,UNI_502,UPA_55,Bishnapur,বিষ্ণপুর,,,bishnapurup.chandpur.gov.bd
Union,UNI_503,UPA_55,Ashikati,আশিকাটি,,,ashikatiup.chandpur.gov.bd
Union,UNI_504,UPA_55,Shahmahmudpur,শাহ্‌ মাহমুদপুর,,,shahmahmudpurup.chandpur.gov.bd
Union,UNI_505,UPA_55,Kalyanpur,কল্যাণপুর,,,kalyanpurup.chandpur.gov.bd
Union,UNI_506,UPA_55,Rampur,রামপুর,,,rampurup.chandpur.gov.bd
Union,UNI_507,UPA_55,Maishadi,মৈশাদী,,,maishadiup.chandpur.gov.bd
Union,UNI_508,UPA_55,Tarpurchandi,তরপুচন্ডী,,,tarpurchandiup.chandpur.gov.bd
Union,UNI_509,UPA_55,Baghadi,বাগাদী,,,baghadiup.chandpur.gov.bd
Union,UNI_510,UPA_55,Laxmipur Model,লক্ষীপুর মডেল,,,laxmipurmodelup.chandpur.gov.bd
Union,UNI_511,UPA_55,Hanarchar,হানারচর,,,hanarcharup.chandpur.gov.bd
Union,UNI_512,UPA_55,Chandra,চান্দ্রা,,,chandraup.chandpur.gov.bd
Union,UNI_513,UPA_55,Rajrajeshwar,রাজরাজেশ্বর,,,rajrajeshwarup.chandpur.gov.bd
Union,UNI_514,UPA_55,Ibrahimpur,ইব্রাহীমপুর,,,ibrahimpurup.chandpur.gov.bd
Union,UNI_515,UPA_55,Balia,বালিয়া,,,baliaup.chandpur.gov.bd
Union,UNI_516,UPA_56,Nayergaon (North),নায়েরগাঁও (উত্তর),,,nayergaonnorthup.chandpur.gov.bd
Union,UNI_517,UPA_56,Nayergaon (South),নায়েরগাঁও (দক্ষিন),,,nayergaonsouthup.chandpur.gov.bd
Union,UNI_518,UPA_56,Khadergaon,খাদেরগাঁও,,,khadergaonup.chandpur.gov.bd
Union,UNI_519,UPA_56,Narayanpur,নারায়নপুর,,,narayanpurup.chandpur.gov.bd
Union,UNI_520,UPA_56,Upadi (South),উপাদী (দক্ষিণ),,,upadisouthup.chandpur.gov.bd
Union,UNI_521,UPA_56,Upadi (North),উপাদী (উত্তর),,,upadinorthup.chandpur.gov.bd
Union,UNI_522,UPA_57,Rajargaon (North),রাজারগাঁও (উত্তর),,,rajargaonnorthup.chandpur.gov.bd
Union,UNI_523,UPA_57,Bakila,বাকিলা,,,bakilaup.chandpur.gov.bd
Union,UNI_524,UPA_57,Kalocho (North),কালচোঁ (উত্তর),,,kalochonorthup.chandpur.gov.bd
Union,UNI_525,UPA_57,Hajiganj Sadar,হাজীগঞ্জ সদর,,,hajiganjsadarup.chandpur.gov.bd
Union,UNI_526,UPA_57,Kalocho (South),কালচোঁ (দক্ষিণ),,,kalochosouthup.chandpur.gov.bd
Union,UNI_527,UPA_57,Barkul (East),বড়কুল (পূর্ব),,,barkuleastup.chandpur.gov.bd
Union,UNI_528,UPA_57,Barkul (West),বড়কুল (পশ্চিম),,,barkulwestup.chandpur.gov.bd
Union,UNI_529,UPA_57,Hatila (East),হাটিলা (পূর্ব),,,hatilaeastup.chandpur.gov.bd
Union,UNI_530,UPA_57,Hatila (West),হাটিলা (পশ্চিম),,,hatilawestup.chandpur.gov.bd
Union,UNI_531,UPA_57,Gandharbapur (North),গন্ধর্ব্যপুর (উত্তর),,,gandharbapurnorthup.chandpur.gov.bd
Union,UNI_532,UPA_57,Gandharbapur (South),গন্ধর্ব্যপুর (দক্ষিণ),,,gandharbapursouthup.chandpur.gov.bd
Union,UNI_533,UPA_58,Satnal,ষাটনল,,,satnalup.chandpur.gov.bd
Union,UNI_534,UPA_58,Banganbari,বাগানবাড়ী,,,banganbariup.chandpur.gov.bd
Union,UNI_535,UPA_58,Sadullapur,সাদুল্ল্যাপুর,,,sadullapurup.chandpur.gov.bd
Union,UNI_536,UPA_58,Durgapur,দূর্গাপুর,,,durgapurup.chandpur.gov.bd
Union,UNI_537,UPA_58,Kalakanda,কালাকান্দা,,,kalakandaup.chandpur.gov.bd
Union,UNI_538,UPA_58,Mohanpur,মোহনপুর,,,mohanpurup.chandpur.gov.bd
Union,UNI_539,UPA_58,Eklaspur,এখলাছপুর,,,eklaspurup.chandpur.gov.bd
Union,UNI_540,UPA_58,Jahirabad,জহিরাবাদ,,,jahirabadup.chandpur.gov.bd
Union,UNI_541,UPA_58,Fatehpur (East),ফতেহপুর (পূর্ব),,,eastfatehpur.chandpur.gov.bd
Union,UNI_542,UPA_58,Fatehpur (West),ফতেহপুর (পশ্চিম),,,westfatehpurup.chandpur.gov.bd
Union,UNI_543,UPA_58,Farajikandi,ফরাজীকান্দি,,,farajikandiup.chandpur.gov.bd
Union,UNI_544,UPA_58,Islamabad,ইসলামাবাদ,,,islamabadup.chandpur.gov.bd
Union,UNI_545,UPA_58,Sultanabad,সুলতানাবাদ,,,sultanabadup.chandpur.gov.bd
Union,UNI_546,UPA_58,Gazra,গজরা,,,gazraup.chandpur.gov.bd
Union,UNI_547,UPA_59,Balithuba (West),বালিথুবা (পশ্চিম),,,balithubawestup.chandpur.gov.bd
Union,UNI_548,UPA_59,Balithuba (East),বালিথুবা (পূর্ব),,,balithubaeastup.chandpur.gov.bd
Union,UNI_549,UPA_59,Subidpur (East),সুবিদপুর (পূর্ব),,,subidpureastup.chandpur.gov.bd
Union,UNI_550,UPA_59,Subidpur (West),সুবিদপুর (পশ্চিম),,,subidpurwestup.chandpur.gov.bd
Union,UNI_551,UPA_59,Gupti (West),গুপ্তি (পশ্চিম),,,guptiwestup.chandpur.gov.bd
Union,UNI_552,UPA_59,Gupti (East),গুপ্তি (পূর্ব),,,guptieastup.chandpur.gov.bd
Union,UNI_553,UPA_59,Paikpara (North),পাইকপাড়া (উত্তর),,,paikparanorthup.chandpur.gov.bd
Union,UNI_554,UPA_59,Paikpara (South),পাইকপাড়া (দক্ষিণ),,,paikparasouthup.chandpur.gov.bd
Union,UNI_555,UPA_59,Gobindapur (North),গবিন্দপুর (উত্তর),,,gobindapurnorthup.chandpur.gov.bd
Union,UNI_556,UPA_59,Gobindapur (South),গবিন্দপুর (দক্ষিণ),,,gobindapursouthup.chandpur.gov.bd
Union,UNI_557,UPA_59,Chardukhia (East),চরদুখিয়া (পূর্ব),,,chardukhiaeastup.chandpur.gov.bd
Union,UNI_558,UPA_59,Chardukhia (West),চরদুঃখিয়া (পশ্চিম),,,chardukhiawestup.chandpur.gov.bd
Union,UNI_559,UPA_59,Faridgonj (South),ফরিদ্গঞ্জ (দক্ষিণ),,,faridgonjsouthup.chandpur.gov.bd
Union,UNI_560,UPA_59,Rupsha (South),রুপসা (দক্ষিণ),,,rupshasouthup.chandpur.gov.bd
Union,UNI_561,UPA_59,Rupsha (North),রুপসা (উত্তর),,,rupshanorthup.chandpur.gov.bd
Union,UNI_562,UPA_60,Hamsadi (North),হামছাদী (উত্তর),,,northhamsadiup.lakshmipur.gov.bd
Union,UNI_563,UPA_60,Hamsadi (South),হামছাদী (দক্ষিন),,,southhamsadiup.lakshmipur.gov.bd
Union,UNI_564,UPA_60,Dalalbazar,দালাল বাজার,,,dalalbazarup.lakshmipur.gov.bd
Union,UNI_565,UPA_60,Charruhita,চররুহিতা,,,charruhitaup.lakshmipur.gov.bd
Union,UNI_566,UPA_60,Parbotinagar,পার্বতীনগর,,,parbotinagarup.lakshmipur.gov.bd
Union,UNI_567,UPA_60,Bangakha,বাঙ্গাখাঁ,,,bangakhaup.lakshmipur.gov.bd
Union,UNI_568,UPA_60,Dattapara,দত্তপাড়া,,,dattaparaup.lakshmipur.gov.bd
Union,UNI_569,UPA_60,Basikpur,বশিকপুর,,,basikpurup.lakshmipur.gov.bd
Union,UNI_570,UPA_60,Chandrogonj,চন্দ্রগঞ্জ,,,chandrogonjup.lakshmipur.gov.bd
Union,UNI_571,UPA_60,Nourthjoypur,উত্তর জয়পুর,,,nourthjoypurup.lakshmipur.gov.bd
Union,UNI_572,UPA_60,Hazirpara,হাজিরপাড়া,,,hazirparaup.lakshmipur.gov.bd
Union,UNI_573,UPA_60,Charshahi,চরশাহী,,,charshahiup.lakshmipur.gov.bd
Union,UNI_574,UPA_60,Digli,দিঘলী,,,digliup.lakshmipur.gov.bd
Union,UNI_575,UPA_60,Laharkandi,লাহারকান্দি,,,laharkandiup.lakshmipur.gov.bd
Union,UNI_576,UPA_60,Vobanigonj,ভবানীগঞ্জ,,,vobanigonjup.lakshmipur.gov.bd
Union,UNI_577,UPA_60,Kusakhali,কুশাখালী,,,kusakhaliup.lakshmipur.gov.bd
Union,UNI_578,UPA_60,Sakchor,শাকচর,,,sakchorup.lakshmipur.gov.bd
Union,UNI_579,UPA_60,Tearigonj,তেয়ারীগঞ্জ,,,tearigonjup.lakshmipur.gov.bd
Union,UNI_580,UPA_60,Tumchor,টুমচর,,,tumchorup.lakshmipur.gov.bd
Union,UNI_581,UPA_60,Charramoni Mohon,চররমনী মোহন,,,charramonimohonup.lakshmipur.gov.bd
Union,UNI_582,UPA_61,Charkalkini,চর কালকিনি,,,charkalkiniup.lakshmipur.gov.bd
Union,UNI_583,UPA_61,Shaheberhat,সাহেবেরহাট,,,shaheberhatup.lakshmipur.gov.bd
Union,UNI_584,UPA_61,Char Martin,চর মার্টিন,,,charmartinup.lakshmipur.gov.bd
Union,UNI_585,UPA_61,Char Folcon,চর ফলকন,,,charfolconup.lakshmipur.gov.bd
Union,UNI_586,UPA_61,Patarirhat,পাটারীরহাট,,,patarirhatup.lakshmipur.gov.bd
Union,UNI_587,UPA_61,Hajirhat,হাজিরহাট,,,hajirhatup.lakshmipur.gov.bd
Union,UNI_588,UPA_61,Char Kadira,চর কাদিরা,,,charkadiraup.lakshmipur.gov.bd
Union,UNI_589,UPA_61,Torabgonj,তোরাবগঞ্জ,,,torabgonjup.lakshmipur.gov.bd
Union,UNI_590,UPA_61,Charlorench,চর লরেঞ্চ,,,charlorenchup.lakshmipur.gov.bd
Union,UNI_591,UPA_62,North Char Ababil,উত্তর চর আবাবিল,,,northcharababilup.lakshmipur.gov.bd
Union,UNI_592,UPA_62,North Char Bangshi,উত্তর চর বংশী,,,northcharbangshiup.lakshmipur.gov.bd
Union,UNI_593,UPA_62,Char Mohana,চর মোহনা,,,charmohanaup.lakshmipur.gov.bd
Union,UNI_594,UPA_62,Sonapur,সোনাপুর,,,sonapurup.lakshmipur.gov.bd
Union,UNI_595,UPA_62,Charpata,চর পাতা,,,charpataup.lakshmipur.gov.bd
Union,UNI_596,UPA_62,Bamni,বামনী,,,bamniup.lakshmipur.gov.bd
Union,UNI_597,UPA_62,South Char Bangshi,দক্ষিন চর বংশী,,,southcharbangshiup.lakshmipur.gov.bd
Union,UNI_598,UPA_62,South Char Ababil,দক্ষিন চর আবাবিল,,,southcharababilup.lakshmipur.gov.bd
Union,UNI_599,UPA_62,Raipur,রায়পুর,,,raipurup.lakshmipur.gov.bd
Union,UNI_600,UPA_62,Keora,কেরোয়া,,,keoraup.lakshmipur.gov.bd
Union,UNI_601,UPA_63,Char Poragacha,চর পোড়াগাছা,,,charporagachaup.lakshmipur.gov.bd
Union,UNI_602,UPA_63,Charbadam,চর বাদাম,,,charbadamup.lakshmipur.gov.bd
Union,UNI_603,UPA_63,Char Abdullah,চর আবদুল্যাহ,,,charabdullahup.lakshmipur.gov.bd
Union,UNI_604,UPA_63,Alxendar,আলেকজান্ডার,,,alxendarup.lakshmipur.gov.bd
Union,UNI_605,UPA_63,Char Algi,চর আলগী,,,charalgiup.lakshmipur.gov.bd
Union,UNI_606,UPA_63,Char Ramiz,চর রমিজ,,,charramizup.lakshmipur.gov.bd
Union,UNI_607,UPA_63,Borokheri,বড়খেড়ী,,,borokheriup.lakshmipur.gov.bd
Union,UNI_608,UPA_63,Chargazi,চরগাজী,,,chargaziup.lakshmipur.gov.bd
Union,UNI_609,UPA_64,Kanchanpur,কাঞ্চনপুর,,,kanchanpurup.lakshmipur.gov.bd
Union,UNI_610,UPA_64,Noagaon,নোয়াগাঁও,,,noagaonup.lakshmipur.gov.bd
Union,UNI_611,UPA_64,Bhadur,ভাদুর,,,bhadurup.lakshmipur.gov.bd
Union,UNI_612,UPA_64,Ichhapur,ইছাপুর,,,ichhapurup.lakshmipur.gov.bd
Union,UNI_613,UPA_64,Chandipur,চন্ডিপুর,,,chandipurup.lakshmipur.gov.bd
Union,UNI_614,UPA_64,Lamchar,লামচর,,,lamcharup.lakshmipur.gov.bd
Union,UNI_615,UPA_64,Darbeshpur,দরবেশপুর,,,darbeshpurup.lakshmipur.gov.bd
Union,UNI_616,UPA_64,Karpara,করপাড়া,,,karparaup.lakshmipur.gov.bd
Union,UNI_617,UPA_64,Bholakot,ভোলাকোট,,,bholakotup.lakshmipur.gov.bd
Union,UNI_618,UPA_64,Bhatra,ভাটরা,,,bhatraup.lakshmipur.gov.bd
Union,UNI_619,UPA_65,Rajanagar,রাজানগর,,,rajanagarup.chittagong.gov.bd
Union,UNI_620,UPA_65,Hosnabad,হোছনাবাদ,,,hosnabadup.chittagong.gov.bd
Union,UNI_621,UPA_65,Swanirbor Rangunia,স্বনির্ভর রাঙ্গুনিয়া,,,swanirborranguniaup.chittagong.gov.bd
Union,UNI_622,UPA_65,Mariumnagar,মরিয়মনগর,,,mariumnagarup.chittagong.gov.bd
Union,UNI_623,UPA_65,Parua,পারুয়া,,,paruaup.chittagong.gov.bd
Union,UNI_624,UPA_65,Pomra,পোমরা,,,pomraup.chittagong.gov.bd
Union,UNI_625,UPA_65,Betagi,বেতাগী,,,betagiup.chittagong.gov.bd
Union,UNI_626,UPA_65,Sharafbhata,সরফভাটা,,,sharafbhataup.chittagong.gov.bd
Union,UNI_627,UPA_65,Shilok,শিলক,,,shilokup.chittagong.gov.bd
Union,UNI_628,UPA_65,Chandraghona,চন্দ্রঘোনা,,,chandraghonaup.chittagong.gov.bd
Union,UNI_629,UPA_65,Kodala,কোদালা,,,kodalaup.chittagong.gov.bd
Union,UNI_630,UPA_65,Islampur,ইসলামপুর,,,islampurup.chittagong.gov.bd
Union,UNI_631,UPA_65,South Rajanagar,দক্ষিণ রাজানগর,,,southrajanagarup.chittagong.gov.bd
Union,UNI_632,UPA_65,Lalanagar,লালানগর,,,lalanagarup.chittagong.gov.bd
Union,UNI_633,UPA_66,Kumira,কুমিরা,,,kumiraup.chittagong.gov.bd
Union,UNI_634,UPA_66,Banshbaria,বাঁশবারীয়া,,,banshbariaup.chittagong.gov.bd
Union,UNI_635,UPA_66,Barabkunda,বারবকুন্ড,,,barabkundaup.chittagong.gov.bd
Union,UNI_636,UPA_66,Bariadyala,বাড়িয়াডিয়ালা,,,bariadyalaup.chittagong.gov.bd
Union,UNI_637,UPA_66,Muradpur,মুরাদপুর,,,muradpurup.chittagong.gov.bd
Union,UNI_638,UPA_66,Saidpur,সাঈদপুর,,,saidpurup.chittagong.gov.bd
Union,UNI_639,UPA_66,Salimpur,সালিমপুর,,,salimpurup.chittagong.gov.bd
Union,UNI_640,UPA_66,Sonaichhari,সোনাইছড়ি,,,sonaichhariup.chittagong.gov.bd
Union,UNI_641,UPA_66,Bhatiari,ভাটিয়ারী,,,bhatiariup.chittagong.gov.bd
Union,UNI_642,UPA_67,Korerhat,করেরহাট,,,korerhatup.chittagong.gov.bd
Union,UNI_643,UPA_67,Hinguli,হিংগুলি,,,hinguliup.chittagong.gov.bd
Union,UNI_644,UPA_67,Jorarganj,জোরারগঞ্জ,,,jorarganjup.chittagong.gov.bd
Union,UNI_645,UPA_67,Dhoom,ধুম,,,dhoomup.chittagong.gov.bd
Union,UNI_646,UPA_67,Osmanpur,ওসমানপুর,,,osmanpurup.chittagong.gov.bd
Union,UNI_647,UPA_67,Ichakhali,ইছাখালী,,,ichakhaliup.chittagong.gov.bd
Union,UNI_648,UPA_67,Katachhara,কাটাছরা,,,katachharaup.chittagong.gov.bd
Union,UNI_649,UPA_67,Durgapur,দূর্গাপুর,,,durgapurup.chittagong.gov.bd
Union,UNI_650,UPA_67,Mirsharai,মীরসরাই,,,mirsharaiup.chittagong.gov.bd
Union,UNI_651,UPA_67,Mithanala,মিঠানালা,,,mithanalaup.chittagong.gov.bd
Union,UNI_652,UPA_67,Maghadia,মঘাদিয়া,,,maghadiaup.chittagong.gov.bd
Union,UNI_653,UPA_67,Khaiyachhara,খৈয়াছরা,,,khaiyachharaup.chittagong.gov.bd
Union,UNI_654,UPA_67,Mayani,মায়ানী,,,mayaniup.chittagong.gov.bd
Union,UNI_655,UPA_67,Haitkandi,হাইতকান্দি,,,haitkandiup.chittagong.gov.bd
Union,UNI_656,UPA_67,Wahedpur,ওয়াহেদপুর,,,wahedpurup.chittagong.gov.bd
Union,UNI_657,UPA_67,Saherkhali,সাহেরখালী,,,saherkhaliup.chittagong.gov.bd
Union,UNI_658,UPA_68,Asia,আশিয়া,,,asiaup.chittagong.gov.bd
Union,UNI_659,UPA_68,Kachuai,কাচুয়াই,,,kachuaiup.chittagong.gov.bd
Union,UNI_660,UPA_68,Kasiais,কাশিয়াইশ,,,kasiaisup.chittagong.gov.bd
Union,UNI_661,UPA_68,Kusumpura,কুসুমপুরা,,,kusumpuraup.chittagong.gov.bd
Union,UNI_662,UPA_68,Kelishahar,কেলিশহর,,,kelishaharup.chittagong.gov.bd
Union,UNI_663,UPA_68,Kolagaon,কোলাগাঁও,,,kolagaonup.chittagong.gov.bd
Union,UNI_664,UPA_68,Kharana,খরনা,,,kharanaup.chittagong.gov.bd
Union,UNI_665,UPA_68,Char Patharghata,চর পাথরঘাটা,,,charpatharghataup.chittagong.gov.bd
Union,UNI_666,UPA_68,Char Lakshya,চর লক্ষ্যা,,,charlakshyaup.chittagong.gov.bd
Union,UNI_667,UPA_68,Chanhara,ছনহরা,,,chanharaup.chittagong.gov.bd
Union,UNI_668,UPA_68,Janglukhain,জঙ্গলখাইন,,,janglukhainup.chittagong.gov.bd
Union,UNI_669,UPA_68,Jiri,জিরি,,,jiriup.chittagong.gov.bd
Union,UNI_670,UPA_68,Juldha,জুলধা,,,juldhaup.chittagong.gov.bd
Union,UNI_671,UPA_68,Dakkhin Bhurshi,দক্ষিণ ভূর্ষি,,,dakhinbhurshiup.chittagong.gov.bd
Union,UNI_672,UPA_68,Dhalghat,ধলঘাট,,,dhalghatup.chittagong.gov.bd
Union,UNI_673,UPA_68,Bara Uthan,বড় উঠান,,,barauthanup.chittagong.gov.bd
Union,UNI_674,UPA_68,Baralia,বরলিয়া,,,baraliaup.chittagong.gov.bd
Union,UNI_675,UPA_68,Bhatikhain,ভাটিখাইন,,,bhatikhainup.chittagong.gov.bd
Union,UNI_676,UPA_68,Sikalbaha,শিকলবাহা,,,sikalbahaup.chittagong.gov.bd
Union,UNI_677,UPA_68,Sobhandandi,শোভনদন্ডী,,,sobhandandiup.chittagong.gov.bd
Union,UNI_678,UPA_68,Habilasdwi,হাবিলাসদ্বীপ,,,habilasdwipup.chittagong.gov.bd
Union,UNI_679,UPA_68,Haidgaon,হাইদগাঁও,,,haidgaonup.chittagong.gov.bd
Union,UNI_680,UPA_69,Rahmatpur,রহমতপুর,,,rahmatpurup.chittagong.gov.bd
Union,UNI_681,UPA_69,Harispur,হরিশপুর,,,harispurup.chittagong.gov.bd
Union,UNI_682,UPA_69,Kalapania,কালাপানিয়া,,,kalapaniaup.chittagong.gov.bd
Union,UNI_683,UPA_69,Amanullah,আমানউল্যা,,,amanullahup.chittagong.gov.bd
Union,UNI_684,UPA_69,Santoshpur,সন্তোষপুর,,,santoshpurup.chittagong.gov.bd
Union,UNI_685,UPA_69,Gachhua,গাছুয়া,,,gachhuaup.chittagong.gov.bd
Union,UNI_686,UPA_69,Bauria,বাউরিয়া,,,bauriaup.chittagong.gov.bd
Union,UNI_687,UPA_69,Haramia,হারামিয়া,,,haramiaup.chittagong.gov.bd
Union,UNI_688,UPA_69,Magdhara,মগধরা,,,magdharaup.chittagong.gov.bd
Union,UNI_689,UPA_69,Maitbhanga,মাইটভাঙ্গা,,,maitbhangaup.chittagong.gov.bd
Union,UNI_690,UPA_69,Sarikait,সারিকাইত,,,sarikaitup.chittagong.gov.bd
Union,UNI_691,UPA_69,Musapur,মুছাপুর,,,musapurup.chittagong.gov.bd
Union,UNI_692,UPA_69,Azimpur,আজিমপুর,,,azimpurup.chittagong.gov.bd
Union,UNI_693,UPA_69,Urirchar,উড়িরচর,,,urircharup.chittagong.gov.bd
Union,UNI_694,UPA_70,Pukuria,পুকুরিয়া,,,pukuriaup.chittagong.gov.bd
Union,UNI_695,UPA_70,Sadhanpur,সাধনপুর,,,sadhanpurup.chittagong.gov.bd
Union,UNI_696,UPA_70,Khankhanabad,খানখানাবাদ,,,khankhanabadup.chittagong.gov.bd
Union,UNI_697,UPA_70,Baharchhara,বাহারছড়া,,,baharchharaup.chittagong.gov.bd
Union,UNI_698,UPA_70,Kalipur,কালীপুর,,,kalipurup.chittagong.gov.bd
Union,UNI_699,UPA_70,Bailchhari,বৈলছড়ি,,,bailchhariup.chittagong.gov.bd
Union,UNI_700,UPA_70,Katharia,কাথরিয়া,,,kathariaup.chittagong.gov.bd
Union,UNI_701,UPA_70,Saral,সরল,,,saralup.chittagong.gov.bd
Union,UNI_702,UPA_70,Silk,শীলকুপ,,,silkupup.chittagong.gov.bd
Union,UNI_703,UPA_70,Chambal,চাম্বল,,,chambalup.chittagong.gov.bd
Union,UNI_704,UPA_70,Gandamara,গন্ডামারা,,,gandamaraup.chittagong.gov.bd
Union,UNI_705,UPA_70,Sekherkhil,শেখেরখীল,,,sekherkhilup.chittagong.gov.bd
Union,UNI_706,UPA_70,Puichhari,পুঁইছড়ি,,,puichhariup.chittagong.gov.bd
Union,UNI_707,UPA_70,Chhanua,ছনুয়া,,,chhanuaup.chittagong.gov.bd
Union,UNI_708,UPA_71,Kandhurkhil,কধুরখীল,,,kandhurkhilup.chittagong.gov.bd
Union,UNI_709,UPA_71,Pashchim Gamdandi,পশ্চিম গোমদন্ডী,,,pashchimgamdandiup.chittagong.gov.bd
Union,UNI_710,UPA_71,Purba Gomdandi,পুর্ব গোমদন্ডী,,,purbagomdandiup.chittagong.gov.bd
Union,UNI_711,UPA_71,Sakpura,শাকপুরা,,,sakpuraup.chittagong.gov.bd
Union,UNI_712,UPA_71,Saroatali,সারোয়াতলী,,,saroataliup.chittagong.gov.bd
Union,UNI_713,UPA_71,Popadia,পোপাদিয়া,,,popadiaup.chittagong.gov.bd
Union,UNI_714,UPA_71,Charandwi,চরনদ্বীপ,,,charandwipup.chittagong.gov.bd
Union,UNI_715,UPA_71,Sreepur-Kharandwi,শ্রীপুর-খরন্দীপ,,,sreepurkharandwipup.chittagong.gov.bd
Union,UNI_716,UPA_71,Amuchia,আমুচিয়া,,,amuchiaup.chittagong.gov.bd
Union,UNI_717,UPA_71,Ahla Karaldenga,আহল্লা করলডেঙ্গা,,,ahlakaraldengaup.chittagong.gov.bd
Union,UNI_718,UPA_72,Boirag,বৈরাগ,,,boiragup.chittagong.gov.bd
Union,UNI_719,UPA_72,Barasat,বারশত,,,barasatup.chittagong.gov.bd
Union,UNI_720,UPA_72,Raipur,রায়পুর,,,raipurup.chittagong.gov.bd
Union,UNI_721,UPA_72,Battali,বটতলী,,,battaliup.chittagong.gov.bd
Union,UNI_722,UPA_72,Barumchara,বরম্নমচড়া,,,barumcharaup.chittagong.gov.bd
Union,UNI_723,UPA_72,Baroakhan,বারখাইন,,,baroakhanup.chittagong.gov.bd
Union,UNI_724,UPA_72,Anwara,আনোয়ারা,,,anwaraup.chittagong.gov.bd
Union,UNI_725,UPA_72,Chatari,চাতরী,,,chatariup.chittagong.gov.bd
Union,UNI_726,UPA_72,Paraikora,পরৈকোড়া,,,paraikoraup.chittagong.gov.bd
Union,UNI_727,UPA_72,Haildhar,হাইলধর,,,haildharup.chittagong.gov.bd
Union,UNI_728,UPA_72,Juidandi,জুঁইদন্ডী,,,juidandiup.chittagong.gov.bd
Union,UNI_729,UPA_73,Kanchanabad,কাঞ্চনাবাদ,,,kanchanabadup.chittagong.gov.bd
Union,UNI_730,UPA_73,Joara,জোয়ারা,,,joaraup.chittagong.gov.bd
Union,UNI_731,UPA_73,Barkal,বরকল,,,barkalup.chittagong.gov.bd
Union,UNI_732,UPA_73,Barama,বরমা,,,baramaup.chittagong.gov.bd
Union,UNI_733,UPA_73,Bailtali,বৈলতলী,,,bailtaliup.chittagong.gov.bd
Union,UNI_734,UPA_73,Satbaria,সাতবাড়িয়া,,,satbariaup.chittagong.gov.bd
Union,UNI_735,UPA_73,Hashimpur,হাশিমপুর,,,hashimpurup.chittagong.gov.bd
Union,UNI_736,UPA_73,Dohazari,দোহাজারী,,,dohazariup.chittagong.gov.bd
Union,UNI_737,UPA_73,Dhopachhari,ধোপাছড়ী,,,dhopachhariup.chittagong.gov.bd
Union,UNI_738,UPA_74,Charati,চরতী,,,charatiup.chittagong.gov.bd
Union,UNI_739,UPA_74,Khagaria,খাগরিয়া,,,khagariaup.chittagong.gov.bd
Union,UNI_740,UPA_74,Nalua,নলুয়া,,,naluaup.chittagong.gov.bd
Union,UNI_741,UPA_74,Kanchana,কাঞ্চনা,,,kanchanaup.chittagong.gov.bd
Union,UNI_742,UPA_74,Amilaisi,আমিলাইশ,,,amilaisiup.chittagong.gov.bd
Union,UNI_743,UPA_74,Eochiai,এওচিয়া,,,eochiaiup.chittagong.gov.bd
Union,UNI_744,UPA_74,Madarsa,মাদার্শা,,,madarsaup.chittagong.gov.bd
Union,UNI_745,UPA_74,Dhemsa,ঢেমশা,,,dhemsaup.chittagong.gov.bd
Union,UNI_746,UPA_74,Paschim Dhemsa,পশ্চিম ঢেমশা,,,paschimdhemsaup.chittagong.gov.bd
Union,UNI_747,UPA_74,Keochia,কেঁওচিয়া,,,keochiaup.chittagong.gov.bd
Union,UNI_748,UPA_74,Kaliais,কালিয়াইশ,,,kaliaisup.chittagong.gov.bd
Union,UNI_749,UPA_74,Bazalia,বাজালিয়া,,,bazaliaup.chittagong.gov.bd
Union,UNI_750,UPA_74,Puranagar,পুরানগড়,,,puranagarup.chittagong.gov.bd
Union,UNI_751,UPA_74,Sadaha,ছদাহা,,,sadahaup.chittagong.gov.bd
Union,UNI_752,UPA_74,Satkania,সাতকানিয়া,,,satkaniaup.chittagong.gov.bd
Union,UNI_753,UPA_74,Sonakania,সোনাকানিয়া,,,sonakaniaup.chittagong.gov.bd
Union,UNI_754,UPA_75,Padua,পদুয়া,,,paduaup.chittagong.gov.bd
Union,UNI_755,UPA_75,Barahatia,বড়হাতিয়া,,,barahatiaup.chittagong.gov.bd
Union,UNI_756,UPA_75,Amirabad,আমিরাবাদ,,,amirabadup.chittagong.gov.bd
Union,UNI_757,UPA_75,Charamba,চরম্বা,,,charambaup.chittagong.gov.bd
Union,UNI_758,UPA_75,Kalauzan,কলাউজান,,,kalauzanup.chittagong.gov.bd
Union,UNI_759,UPA_75,Lohagara,লোহাগাড়া,,,lohagaraup.chittagong.gov.bd
Union,UNI_760,UPA_75,Putibila,পুটিবিলা,,,putibilaup.chittagong.gov.bd
Union,UNI_761,UPA_75,Chunati,চুনতি,,,chunatiup.chittagong.gov.bd
Union,UNI_762,UPA_75,Adhunagar,আধুনগর,,,adhunagarup.chittagong.gov.bd
Union,UNI_763,UPA_76,Farhadabad,ফরহাদাবাদ,,,farhadabadup.chittagong.gov.bd
Union,UNI_764,UPA_76,Dhalai,ধলই,,,dhalaiup.chittagong.gov.bd
Union,UNI_765,UPA_76,Mirjapur,মির্জাপুর,,,mirjapurup.chittagong.gov.bd
Union,UNI_766,UPA_76,Nangolmora,নাঙ্গলমোরা,,,nangolmoraup.chittagong.gov.bd
Union,UNI_767,UPA_76,Gomanmordan,গুমানমর্দ্দন,,,gomanmordanup.chittagong.gov.bd
Union,UNI_768,UPA_76,Chipatali,ছিপাতলী,,,chipataliup.chittagong.gov.bd
Union,UNI_769,UPA_76,Mekhal,মেখল,,,mekhalup.chittagong.gov.bd
Union,UNI_770,UPA_76,Garduara,গড়দুয়ারা,,,garduaraup.chittagong.gov.bd
Union,UNI_771,UPA_76,Fathepur,ফতেপুর,,,fathepurup.chittagong.gov.bd
Union,UNI_772,UPA_76,Chikondandi,চিকনদন্ডী,,,chikondandiup.chittagong.gov.bd
Union,UNI_773,UPA_76,Uttar Madrasha,উত্তর মাদার্শা,,,uttarmadrashaup.chittagong.gov.bd
Union,UNI_774,UPA_76,Dakkin Madrasha,দক্ষিন মাদার্শা,,,dakkinmadrashaup.chittagong.gov.bd
Union,UNI_775,UPA_76,Sikarpur,শিকারপুর,,,sikarpurup.chittagong.gov.bd
Union,UNI_776,UPA_76,Budirchar,বুডিরশ্চর,,,budircharup.chittagong.gov.bd
Union,UNI_777,UPA_76,Hathazari,হাটহাজারী,,,hathazariup.chittagong.gov.bd
Union,UNI_778,UPA_77,Dharmapur,ধর্মপুর,,,dharmapurup.chittagong.gov.bd
Union,UNI_779,UPA_77,Baganbazar,বাগান বাজার,,,baganbazarup.chittagong.gov.bd
Union,UNI_780,UPA_77,Dantmara,দাঁতমারা,,,dantmaraup.chittagong.gov.bd
Union,UNI_781,UPA_77,Narayanhat,নারায়নহাট,,,narayanhatup.chittagong.gov.bd
Union,UNI_782,UPA_77,Bhujpur,ভূজপুর,,,bhujpurup.chittagong.gov.bd
Union,UNI_783,UPA_77,Harualchari,হারুয়ালছড়ি,,,harualchariup.chittagong.gov.bd
Union,UNI_784,UPA_77,Paindong,পাইনদং,,,paindongup.chittagong.gov.bd
Union,UNI_785,UPA_77,Kanchannagor,কাঞ্চনগর,,,kanchannagorup.chittagong.gov.bd
Union,UNI_786,UPA_77,Sunderpur,সুনদরপুর,,,sunderpurup.chittagong.gov.bd
Union,UNI_787,UPA_77,Suabil,সুয়াবিল,,,Suabilup.chittagong.gov.bd
Union,UNI_788,UPA_77,Abdullapur,আবদুল্লাপুর,,,abdullapurup.chittagong.gov.bd
Union,UNI_789,UPA_77,Samitirhat,সমিতির হাট,,,samitirhatup.chittagong.gov.bd
Union,UNI_790,UPA_77,Jafathagar,জাফতনগর,,,jafathagarup.chittagong.gov.bd
Union,UNI_791,UPA_77,Bokhtapur,বক্তপুর,,,bokhtapurup.chittagong.gov.bd
Union,UNI_792,UPA_77,Roshangiri,রোসাংগিরী,,,roshangiriup.chittagong.gov.bd
Union,UNI_793,UPA_77,Nanupur,নানুপুর,,,nanupurup.chittagong.gov.bd
Union,UNI_794,UPA_77,Lelang,লেলাং,,,lelangup.chittagong.gov.bd
Union,UNI_795,UPA_77,Daulatpur,দৌলতপুর,,,daulatpurup.chittagong.gov.bd
Union,UNI_796,UPA_78,Raozan,রাউজান,,,raozanup.chittagong.gov.bd
Union,UNI_797,UPA_78,Bagoan,বাগোয়ান,,,bagoanup.chittagong.gov.bd
Union,UNI_798,UPA_78,Binajuri,বিনাজুরী,,,binajuriup.chittagong.gov.bd
Union,UNI_799,UPA_78,Chikdair,চিকদাইর,,,chikdairup.chittagong.gov.bd
Union,UNI_800,UPA_78,Dabua,ডাবুয়া,,,dabuaup.chittagong.gov.bd
Union,UNI_801,UPA_78,Purbagujra,পূর্ব গুজরা,,,purbagujraup.chittagong.gov.bd
Union,UNI_802,UPA_78,Paschim Gujra,পশ্চিম গুজরা,,,paschimgujraup.chittagong.gov.bd
Union,UNI_803,UPA_78,Gohira,গহিরা,,,gohiraup.chittagong.gov.bd
Union,UNI_804,UPA_78,Holdia,হলদিয়া,,,holdiaup.chittagong.gov.bd
Union,UNI_805,UPA_78,Kodolpur,কদলপূর,,,kodolpurup.chittagong.gov.bd
Union,UNI_806,UPA_78,Noapara,নোয়াপাড়া,,,noaparaup.chittagong.gov.bd
Union,UNI_807,UPA_78,Pahartali,পাহাড়তলী,,,pahartaliup.chittagong.gov.bd
Union,UNI_808,UPA_78,Urkirchar,উড়কিরচর,,,urkircharup.chittagong.gov.bd
Union,UNI_809,UPA_78,Nowajushpur,নওয়াজিশপুর,,,nowajushpurup.chittagong.gov.bd
Union,UNI_810,UPA_79,Char Patharghata,চর পাথরঘাটা,,,charpatharghataup.chittagong.gov.bd
Union,UNI_811,UPA_79,Char Lakshya,চর লক্ষ্যা,,,charlakshyaup.chittagong.gov.bd
Union,UNI_812,UPA_79,Juldha,জুলধা,,,juldhaup.chittagong.gov.bd
Union,UNI_813,UPA_79,Barauthan,বড় উঠান,,,barauthanup.chittagong.gov.bd
Union,UNI_814,UPA_79,Sikalbaha,শিকলবাহা,,,sikalbahaup.chittagong.gov.bd
Union,UNI_815,UPA_80,Islamabad,ইসলামাবাদ,,,islamabadup.coxsbazar.gov.bd
Union,UNI_816,UPA_80,Islampur,ইসলামপুর,,,islampurup.coxsbazar.gov.bd
Union,UNI_817,UPA_80,Pokkhali,পোকখালী,,,pokkhaliup.coxsbazar.gov.bd
Union,UNI_818,UPA_80,Eidgaon,ঈদগাঁও,,,eidgaonup.coxsbazar.gov.bd
Union,UNI_819,UPA_80,Jalalabad,জালালাবাদ,,,jalalabadup.coxsbazar.gov.bd
Union,UNI_820,UPA_80,Chowfaldandi,চৌফলদন্ডী,,,chowfaldandi.coxsbazar.gov.bd
Union,UNI_821,UPA_80,Varuakhali,ভারুয়াখালী,,,varuakhaliup.coxsbazar.gov.bd
Union,UNI_822,UPA_80,Pmkhali,পিএমখালী,,,pmkhaliup.coxsbazar.gov.bd
Union,UNI_823,UPA_80,Khurushkhul,খুরুশকুল,,,khurushkhulup.coxsbazar.gov.bd
Union,UNI_824,UPA_80,Jhilongjha,ঝিলংঝা,,,jhilongjhaup.coxsbazar.gov.bd
Union,UNI_825,UPA_81,Kakhara,কাকারা,,,Kakharaup.coxsbazar.gov.bd
Union,UNI_826,UPA_81,Kaiar Bil,কাইয়ার বিল,,,kaiarbilup.coxsbazar.gov.bd
Union,UNI_827,UPA_81,Konakhali,কোনাখালী,,,konakhaliup.coxsbazar.gov.bd
Union,UNI_828,UPA_81,Khuntakhali,খুটাখালী,,,khuntakhaliup.coxsbazar.gov.bd
Union,UNI_829,UPA_81,Chiringa,চিরিঙ্গা,,,chiringaup.coxsbazar.gov.bd
Union,UNI_830,UPA_81,Demusia,ঢেমুশিয়া,,,demusiaup.coxsbazar.gov.bd
Union,UNI_831,UPA_81,Dulahazara,ডুলাহাজারা,,,dulahazaraup.coxsbazar.gov.bd
Union,UNI_832,UPA_81,Paschim Bara Bheola,পশ্চিম বড় ভেওলা,,,paschimbarabheolaup.coxsbazar.gov.bd
Union,UNI_833,UPA_81,Badarkhali,বদরখালী,,,badarkhaliup.coxsbazar.gov.bd
Union,UNI_834,UPA_81,Bamobil Chari,বামু বিলছড়ি,,,bamobilchariup.coxsbazar.gov.bd
Union,UNI_835,UPA_81,Baraitali,বড়ইতলী,,,baraitaliup.coxsbazar.gov.bd
Union,UNI_836,UPA_81,Bheola Manik Char,ভেওলা মানিক চর,,,bheolamanikcharup.coxsbazar.gov.bd
Union,UNI_837,UPA_81,Saharbil,শাহারবিল,,,saharbilup.coxsbazar.gov.bd
Union,UNI_838,UPA_81,Surajpur Manikpur,সুরজপুর মানিকপুর,,,surajpurmanikpurup.coxsbazar.gov.bd
Union,UNI_839,UPA_81,Harbang,হারবাঙ্গ,,,harbangup.coxsbazar.gov.bd
Union,UNI_840,UPA_81,Fashiakhali,ফাঁসিয়াখালী,,,fashiakhaliup.coxsbazar.gov.bd
Union,UNI_841,UPA_82,Ali Akbar Deil,আলি আকবর ডেইল,,,aliakbardeilup.coxsbazar.gov.bd
Union,UNI_842,UPA_82,Uttar Dhurung,উত্তর ধুরুং,,,uttardhurungup.coxsbazar.gov.bd
Union,UNI_843,UPA_82,Kaiyarbil,কৈয়ারবিল,,,kaiyarbilup.coxsbazar.gov.bd
Union,UNI_844,UPA_82,Dakshi Dhurung,দক্ষিণ ধুরুং,,,dakshidhurungup.coxsbazar.gov.bd
Union,UNI_845,UPA_82,Baragho,বড়ঘোপ,,,baraghopup.coxsbazar.gov.bd
Union,UNI_846,UPA_82,Lemsikhali,লেমসিখালী,,,lemsikhaliup.coxsbazar.gov.bd
Union,UNI_847,UPA_83,Rajapalong,রাজাপালং,,,rajapalongup.coxsbazar.gov.bd
Union,UNI_848,UPA_83,Jaliapalong,জালিয়াপালং,,,jaliapalongup.coxsbazar.gov.bd
Union,UNI_849,UPA_83,Holdiapalong,হলদিয়াপালং,,,holdiapalongup.coxsbazar.gov.bd
Union,UNI_850,UPA_83,Ratnapalong,রত্নাপালং,,,ratnapalongup.coxsbazar.gov.bd
Union,UNI_851,UPA_83,Palongkhali,পালংখালী,,,palongkhali.coxsbazar.gov.bd
Union,UNI_852,UPA_84,Boro Moheshkhali,বড় মহেশখালী,,,boramoheshkhaliup.coxsbazar.gov.bd
Union,UNI_853,UPA_84,Choto Moheshkhali,ছোট মহেশখালী,,,chotamoheshkhaliup.coxsbazar.gov.bd
Union,UNI_854,UPA_84,Shaplapur,শাপলাপুর,,,shaplapurup.coxsbazar.gov.bd
Union,UNI_855,UPA_84,Kutubjum,কুতুবজোম,,,kutubjumup.coxsbazar.gov.bd
Union,UNI_856,UPA_84,Hoanak,হোয়ানক,,,hoanakup.coxsbazar.gov.bd
Union,UNI_857,UPA_84,Kalarmarchhara,কালারমারছড়া,,,kalarmarchharaup.coxsbazar.gov.bd
Union,UNI_858,UPA_84,Matarbari,মাতারবাড়ী,,,matarbariup.coxsbazar.gov.bd
Union,UNI_859,UPA_84,Dhalghata,ধলঘাটা,,,dhalghataup.coxsbazar.gov.bd
Union,UNI_860,UPA_85,Ujantia,উজানটিয়া,,,ujantiaup.coxsbazar.gov.bd
Union,UNI_861,UPA_85,Taitong,টাইটং,,,taitongup.coxsbazar.gov.bd
Union,UNI_862,UPA_85,Pekua,পেকুয়া,,,pekuaup.coxsbazar.gov.bd
Union,UNI_863,UPA_85,Barabakia,বড় বাকিয়া,,,barabakiaup.coxsbazar.gov.bd
Union,UNI_864,UPA_85,Magnama,মগনামা,,,magnamaup.coxsbazar.gov.bd
Union,UNI_865,UPA_85,Rajakhali,রাজাখালী,,,rajakhaliup.coxsbazar.gov.bd
Union,UNI_866,UPA_85,Shilkhali,শীলখালী,,,shilkhaliup.coxsbazar.gov.bd
Union,UNI_867,UPA_86,Fotekharkul,ফতেখাঁরকুল,,,fotekharkulup.coxsbazar.gov.bd
Union,UNI_868,UPA_86,Rajarkul,রাজারকুল,,,rajarkulup.coxsbazar.gov.bd
Union,UNI_869,UPA_86,Rashidnagar,রশীদনগর,,,rashidnagarup.coxsbazar.gov.bd
Union,UNI_870,UPA_86,Khuniapalong,খুনিয়াপালং,,,khuniapalongup.coxsbazar.gov.bd
Union,UNI_871,UPA_86,Eidghar,ঈদগড়,,,eidgharup.coxsbazar.gov.bd
Union,UNI_872,UPA_86,Chakmarkul,চাকমারকুল,,,chakmarkulup.coxsbazar.gov.bd
Union,UNI_873,UPA_86,Kacchapia,কচ্ছপিয়া,,,kacchapiaup.coxsbazar.gov.bd
Union,UNI_874,UPA_86,Kauwarkho,কাউয়ারখোপ,,,kauwarkhopup.coxsbazar.gov.bd
Union,UNI_875,UPA_86,Dakkhin Mithachhari,দক্ষিণ মিঠাছড়ি,,,dakkhinmithachhariup.coxsbazar.gov.bd
Union,UNI_876,UPA_86,Jouarianala,জোয়ারিয়া নালা,,,jouarianalaup.coxsbazar.gov.bd
Union,UNI_877,UPA_86,Garjoniya,গর্জনিয়া,,,garjoniyaup.coxsbazar.gov.bd
Union,UNI_878,UPA_87,Subrang,সাবরাং,,,subrangup.coxsbazar.gov.bd
Union,UNI_879,UPA_87,Baharchara,বাহারছড়া,,,baharcharaup.coxsbazar.gov.bd
Union,UNI_880,UPA_87,Hnila,হ্নীলা,,,hnilaup.coxsbazar.gov.bd
Union,UNI_881,UPA_87,Whykong,হোয়াইক্যং,,,whykongup.coxsbazar.gov.bd
Union,UNI_882,UPA_87,Saintmartin,সেন্ট মার্টিন,,,saintmartinup.coxsbazar.gov.bd
Union,UNI_883,UPA_87,Teknaf Sadar,টেকনাফ সদর,,,teknafsadarup.coxsbazar.gov.bd
Union,UNI_884,UPA_88,Khagrachhari Sadar,খাগরাছড়ি সদর,,,sadarup.khagrachhari.gov.bd
Union,UNI_885,UPA_88,Golabari,গোলাবাড়ী,,,golabariup.khagrachhari.gov.bd
Union,UNI_886,UPA_88,Parachara,পেরাছড়া,,,paracharaup.khagrachhari.gov.bd
Union,UNI_887,UPA_88,Kamalchari,কমলছড়ি,,,kamalchariup.khagrachhari.gov.bd
Union,UNI_888,UPA_89,Merung,মেরুং,,,merungup.khagrachhari.gov.bd
Union,UNI_889,UPA_89,Boalkhali,বোয়ালখালী,,,boalkhaliup.khagrachhari.gov.bd
Union,UNI_890,UPA_89,Kabakhali,কবাখালী,,,kabakhaliup.khagrachhari.gov.bd
Union,UNI_891,UPA_89,Dighinala,দিঘীনালা,,,dighinalaup.khagrachhari.gov.bd
Union,UNI_892,UPA_89,Babuchara,বাবুছড়া,,,babucharaup.khagrachhari.gov.bd
Union,UNI_893,UPA_90,Logang,লোগাং,,,logangup.khagrachhari.gov.bd
Union,UNI_894,UPA_90,Changi,চেংগী,,,changiup.khagrachhari.gov.bd
Union,UNI_895,UPA_90,Panchari,পানছড়ি,,,panchariup.khagrachhari.gov.bd
Union,UNI_896,UPA_90,Latiban,লতিবান,,,latibanup.khagrachhari.gov.bd
Union,UNI_897,UPA_91,Dullyatali,দুল্যাতলী,,,dullyataliup.khagrachhari.gov.bd
Union,UNI_898,UPA_91,Barmachari,বর্মাছড়ি,,,barmachariup.khagrachhari.gov.bd
Union,UNI_899,UPA_91,Laxmichhari,লক্ষীছড়ি,,,laxmichhariup.khagrachhari.gov.bd
Union,UNI_900,UPA_92,Bhaibonchara,ভাইবোনছড়া,,,bhaiboncharaup.khagrachhari.gov.bd
Union,UNI_901,UPA_92,Mahalchari,মহালছড়ি,,,mahalchariup.khagrachhari.gov.bd
Union,UNI_902,UPA_92,Mobachari,মুবাছড়ি,,,mobachariup.khagrachhari.gov.bd
Union,UNI_903,UPA_92,Kayanghat,ক্যায়াংঘাট,,,kayanghatup.khagrachhari.gov.bd
Union,UNI_904,UPA_92,Maischari,মাইসছড়ি,,,maischariup.khagrachhari.gov.bd
Union,UNI_905,UPA_93,Manikchari,মানিকছড়ি,,,manikchariup.khagrachhari.gov.bd
Union,UNI_906,UPA_93,Batnatali,বাটনাতলী,,,batnataliup.khagrachhari.gov.bd
Union,UNI_907,UPA_93,Jogyachola,যোগ্যছোলা,,,jogyacholaup.khagrachhari.gov.bd
Union,UNI_908,UPA_93,Tintahari,তিনটহরী,,,tintahariup.khagrachhari.gov.bd
Union,UNI_909,UPA_94,Ramgarh,রামগড়,,,ramgarhup.khagrachhari.gov.bd
Union,UNI_910,UPA_94,Patachara,পাতাছড়া,,,patacharaup.khagrachhari.gov.bd
Union,UNI_911,UPA_94,Hafchari,হাফছড়ি,,,hafchariup.khagrachhari.gov.bd
Union,UNI_912,UPA_95,Taindong,তাইন্দং,,,taindongup.khagrachhari.gov.bd
Union,UNI_913,UPA_95,Tabalchari,তবলছড়ি,,,tabalchariup.khagrachhari.gov.bd
Union,UNI_914,UPA_95,Barnal,বর্ণাল,,,barnalup.khagrachhari.gov.bd
Union,UNI_915,UPA_95,Gomti,গোমতি,,,gomtiup.khagrachhari.gov.bd
Union,UNI_916,UPA_95,Balchari,বেলছড়ি,,,balchariup.khagrachhari.gov.bd
Union,UNI_917,UPA_95,Matiranga,মাটিরাঙ্গা,,,matirangaup.khagrachhari.gov.bd
Union,UNI_918,UPA_95,Guimara,গুইমারা,,,guimaraup.khagrachhari.gov.bd
Union,UNI_919,UPA_95,Amtali,আমতলি,,,amtaliup.khagrachhari.gov.bd
Union,UNI_920,UPA_97,Rajbila,রাজবিলা,,,rajbilaup.bandarban.gov.bd
Union,UNI_921,UPA_97,Tongkaboty,টংকাবতী,,,tongkabotyup.bandarban.gov.bd
Union,UNI_922,UPA_97,Suwalok,সুয়ালক,,,suwalokup.bandarban.gov.bd
Union,UNI_923,UPA_97,Bandarban Sadar,বান্দরবান সদর,,,bandarbansadarup.bandarban.gov.bd
Union,UNI_924,UPA_97,Kuhalong,কুহালং,,,kuhalongup.bandarban.gov.bd
Union,UNI_925,UPA_98,Alikadam Sadar,আলীকদম সদর,,,alikadamsadarup.bandarban.gov.bd
Union,UNI_926,UPA_98,Chwekhyong,চৈক্ষ্যং,,,chwekhyongup.bandarban.gov.bd
Union,UNI_927,UPA_99,Naikhyongchari Sadar,নাইক্ষ্যংছড়ি সদর,,,naikhyongcharisadarup.bandarban.gov.bd
Union,UNI_928,UPA_99,Gumdhum,ঘুমধুম,,,gumdhumup.bandarban.gov.bd
Union,UNI_929,UPA_99,Baishari,বাইশারী,,,baishariup.bandarban.gov.bd
Union,UNI_930,UPA_99,Sonaychari,সোনাইছড়ি,,,sonaychariup.bandarban.gov.bd
Union,UNI_931,UPA_99,Duwchari,দোছড়ি,,,duwchariup.bandarban.gov.bd
Union,UNI_932,UPA_100,Rowangchari Sadar,রোয়াংছড়ি সদর,,,rowangcharisadarup.bandarban.gov.bd
Union,UNI_933,UPA_100,Taracha,তারাছা,,,tarachaup.bandarban.gov.bd
Union,UNI_934,UPA_100,Alekyong,আলেক্ষ্যং,,,alekyongup.bandarban.gov.bd
Union,UNI_935,UPA_100,Nawapotong,নোয়াপতং,,,nawapotongup.bandarban.gov.bd
Union,UNI_936,UPA_101,Gajalia,গজালিয়া,,,gajaliaup.bandarban.gov.bd
Union,UNI_937,UPA_101,Lama Sadar,লামা সদর,,,lamasadarup.bandarban.gov.bd
Union,UNI_938,UPA_101,Fasiakhali,ফাসিয়াখালী,,,fasiakhaliup.bandarban.gov.bd
Union,UNI_939,UPA_101,Fythong,ফাইতং,,,fythongup.bandarban.gov.bd
Union,UNI_940,UPA_101,Rupushipara,রূপসীপাড়া,,,rupushiparaup.bandarban.gov.bd
Union,UNI_941,UPA_101,Sarai,সরই,,,saraiup.bandarban.gov.bd
Union,UNI_942,UPA_101,Aziznagar,আজিজনগর,,,aziznagarup.bandarban.gov.bd
Union,UNI_943,UPA_102,Paind,পাইন্দু,,,painduup.bandarban.gov.bd
Union,UNI_944,UPA_102,Ruma Sadar,রুমা সদর,,,rumasadarup.bandarban.gov.bd
Union,UNI_945,UPA_102,Ramakreprangsa,রেমাক্রীপ্রাংসা,,,ramakreprangsaup.bandarban.gov.bd
Union,UNI_946,UPA_102,Galanggya,গ্যালেংগ্যা,,,galanggyaup.bandarban.gov.bd
Union,UNI_947,UPA_103,Remakre,রেমাক্রী,,,remakreup.bandarban.gov.bd
Union,UNI_948,UPA_103,Tind,তিন্দু,,,tinduup.bandarban.gov.bd
Union,UNI_949,UPA_103,Thanchi Sadar,থানচি সদর,,,thanchisadarup.bandarban.gov.bd
Union,UNI_950,UPA_103,Balipara,বলিপাড়া,,,baliparaup.bandarban.gov.bd
Union,UNI_951,UPA_104,Rajapur,রাজাপুর,,,rajapurup.sirajganj.gov.bd
Union,UNI_952,UPA_104,Baradhul,বড়ধুল,,,baradhulup.sirajganj.gov.bd
Union,UNI_953,UPA_104,Belkuchi Sadar,বেলকুচি সদর,,,belkuchisadarup.sirajganj.gov.bd
Union,UNI_954,UPA_104,Dhukuriabera,ধুকুরিয়া বেড়া,,,dhukuriaberaup.sirajganj.gov.bd
Union,UNI_955,UPA_104,Doulatpur,দৌলতপুর,,,doulatpurup.sirajganj.gov.bd
Union,UNI_956,UPA_104,Bhangabari,ভাঙ্গাবাড়ী,,,bhangabariup.sirajganj.gov.bd
Union,UNI_957,UPA_105,Baghutia,বাঘুটিয়া,,,baghutiaup.sirajganj.gov.bd
Union,UNI_958,UPA_105,Gharjan,ঘোরজান,,,gharjanup.sirajganj.gov.bd
Union,UNI_959,UPA_105,Khaskaulia,খাসকাউলিয়া,,,khaskauliaup.sirajganj.gov.bd
Union,UNI_960,UPA_105,Khaspukuria,খাসপুকুরিয়া,,,khaspukuriaup.sirajganj.gov.bd
Union,UNI_961,UPA_105,Omarpur,উমারপুর,,,omarpurup.sirajganj.gov.bd
Union,UNI_962,UPA_105,Sadia Chandpur,সদিয়া চাঁদপুর,,,sadiachandpurup.sirajganj.gov.bd
Union,UNI_963,UPA_105,Sthal,স্থল,,,sthalup.sirajganj.gov.bd
Union,UNI_964,UPA_106,Bhadraghat,ভদ্রঘাট,,,bhadraghatup.sirajganj.gov.bd
Union,UNI_965,UPA_106,Jamtail,জামতৈল,,,jamtailup.sirajganj.gov.bd
Union,UNI_966,UPA_106,Jhawail,ঝাঐল,,,jhawailup.sirajganj.gov.bd
Union,UNI_967,UPA_106,Roydaulatpur,রায়দৌলতপুর,,,roydaulatpurup.sirajganj.gov.bd
Union,UNI_968,UPA_107,Chalitadangha,চালিতাডাঙ্গা,,,chalitadanghaup.sirajganj.gov.bd
Union,UNI_969,UPA_107,Chargirish,চরগিরিশ,,,chargirishup.sirajganj.gov.bd
Union,UNI_970,UPA_107,Gandail,গান্ধাইল,,,gandailup.sirajganj.gov.bd
Union,UNI_971,UPA_107,Kazipur Sadar,কাজিপুর সদর,,,kazipursadarup.sirajganj.gov.bd
Union,UNI_972,UPA_107,Khasrajbari,খাসরাজবাড়ী,,,khasrajbariup.sirajganj.gov.bd
Union,UNI_973,UPA_107,Maijbari,মাইজবাড়ী,,,maijbariup.sirajganj.gov.bd
Union,UNI_974,UPA_107,Monsur Nagar,মনসুর নগর,,,monsurnagarup.sirajganj.gov.bd
Union,UNI_975,UPA_107,Natuarpara,নাটুয়ারপাড়া,,,natuarparaup.sirajganj.gov.bd
Union,UNI_976,UPA_107,Nishchintapur,নিশ্চিন্তপুর,,,nishchintapurup.sirajganj.gov.bd
Union,UNI_977,UPA_107,Sonamukhi,সোনামুখী,,,sonamukhiup.sirajganj.gov.bd
Union,UNI_978,UPA_107,Subhagacha,শুভগাছা,,,subhagachaup.sirajganj.gov.bd
Union,UNI_979,UPA_107,Tekani,তেকানী,,,tekaniup.sirajganj.gov.bd
Union,UNI_980,UPA_108,Brommogacha,ব্রহ্মগাছা,,,brommogachaup.sirajganj.gov.bd
Union,UNI_981,UPA_108,Chandaikona,চান্দাইকোনা,,,chandaikonaup.sirajganj.gov.bd
Union,UNI_982,UPA_108,Dhamainagar,ধামাইনগর,,,dhamainagarup.sirajganj.gov.bd
Union,UNI_983,UPA_108,Dhangora,ধানগড়া,,,dhangoraup.sirajganj.gov.bd
Union,UNI_984,UPA_108,Dhubil,ধুবিল,,,dhubilup.sirajganj.gov.bd
Union,UNI_985,UPA_108,Ghurka,ঘুড়কা,,,ghurkaup.sirajganj.gov.bd
Union,UNI_986,UPA_108,Nalka,নলকা,,,nalkaup.sirajganj.gov.bd
Union,UNI_987,UPA_108,Pangashi,পাঙ্গাসী,,,pangashiup.sirajganj.gov.bd
Union,UNI_988,UPA_108,Sonakhara,সোনাখাড়া,,,sonakharaup.sirajganj.gov.bd
Union,UNI_989,UPA_109,Beltail,বেলতৈল,,,beltailup.sirajganj.gov.bd
Union,UNI_990,UPA_109,Jalalpur,জালালপুর,,,jalalpurup.sirajganj.gov.bd
Union,UNI_991,UPA_109,Kayempure,কায়েমপুর,,,kayempureup.sirajganj.gov.bd
Union,UNI_992,UPA_109,Garadah,গাড়াদহ,,,garadahup.sirajganj.gov.bd
Union,UNI_993,UPA_109,Potazia,পোতাজিয়া,,,potaziaup.sirajganj.gov.bd
Union,UNI_994,UPA_109,Rupbati,রূপবাটি,,,rupbatiup.sirajganj.gov.bd
Union,UNI_995,UPA_109,Gala,গালা,,,galaup.sirajganj.gov.bd
Union,UNI_996,UPA_109,Porzona,পোরজনা,,,porzonaup.sirajganj.gov.bd
Union,UNI_997,UPA_109,Habibullah Nagar,হাবিবুল্লাহ নগর,,,habibullahnagarup.sirajganj.gov.bd
Union,UNI_998,UPA_109,Khukni,খুকনী,,,khukniup.sirajganj.gov.bd
Union,UNI_999,UPA_109,Koizuri,কৈজুরী,,,koizuriup.sirajganj.gov.bd
Union,UNI_1000,UPA_109,Sonatoni,সোনাতনী,,,sonatoniup.sirajganj.gov.bd
Union,UNI_1001,UPA_109,Narina,নরিনা,,,narinaup.sirajganj.gov.bd
Union,UNI_1002,UPA_110,Bagbati,বাগবাটি,,,bagbatiup.sirajganj.gov.bd
Union,UNI_1003,UPA_110,Ratankandi,রতনকান্দি,,,ratankandiup.sirajganj.gov.bd
Union,UNI_1004,UPA_110,Bohuli,বহুলী,,,bohuliup.sirajganj.gov.bd
Union,UNI_1005,UPA_110,Sheyalkol,শিয়ালকোল,,,sheyalkolup.sirajganj.gov.bd
Union,UNI_1006,UPA_110,Khokshabari,খোকশাবাড়ী,,,khokshabariup.nilphamari.gov.bd
Union,UNI_1007,UPA_110,Songacha,ছোনগাছা,,,songachaup.sirajganj.gov.bd
Union,UNI_1008,UPA_110,Mesra,মেছড়া,,,mesraup.sirajganj.gov.bd
Union,UNI_1009,UPA_110,Kowakhola,কাওয়াখোলা,,,kowakholaup.sirajganj.gov.bd
Union,UNI_1010,UPA_110,Kaliahoripur,কালিয়াহরিপুর,,,kaliahoripurup.sirajganj.gov.bd
Union,UNI_1011,UPA_110,Soydabad,সয়দাবাদ,,,soydabadup.sirajganj.gov.bd
Union,UNI_1012,UPA_111,Baruhas,বারুহাস,,,baruhasup.sirajganj.gov.bd
Union,UNI_1013,UPA_111,Talam,তালম,,,talamup.sirajganj.gov.bd
Union,UNI_1014,UPA_111,Soguna,সগুনা,,,sogunaup.sirajganj.gov.bd
Union,UNI_1015,UPA_111,Magura Binod,মাগুড়া বিনোদ,,,magurabinodup.sirajganj.gov.bd
Union,UNI_1016,UPA_111,Naogaon,নওগাঁ,,,naogaonup.sirajganj.gov.bd
Union,UNI_1017,UPA_111,Tarash Sadar,তাড়াশ সদর,,,tarashsadarup.sirajganj.gov.bd
Union,UNI_1018,UPA_111,Madhainagar,মাধাইনগর,,,madhainagarup.sirajganj.gov.bd
Union,UNI_1019,UPA_111,Deshigram,দেশীগ্রাম,,,deshigramup.sirajganj.gov.bd
Union,UNI_1020,UPA_112,Ullapara Sadar,উল্লাপাড়া সদর,,,ullaparasadarup.sirajganj.gov.bd
Union,UNI_1021,UPA_112,Ramkrisnopur,রামকৃষ্ণপুর,,,ramkrisnopurup.sirajganj.gov.bd
Union,UNI_1022,UPA_112,Bangala,বাঙ্গালা,,,bangalaup.sirajganj.gov.bd
Union,UNI_1023,UPA_112,Udhunia,উধুনিয়া,,,udhuniaup.sirajganj.gov.bd
Union,UNI_1024,UPA_112,Boropangashi,বড়পাঙ্গাসী,,,boropangashiup.sirajganj.gov.bd
Union,UNI_1025,UPA_112,Durga Nagar,দুর্গা নগর,,,durganagarup.sirajganj.gov.bd
Union,UNI_1026,UPA_112,Purnimagati,পূর্ণিমাগাতী,,,purnimagatiup.sirajganj.gov.bd
Union,UNI_1027,UPA_112,Salanga,সলঙ্গা,,,salangaup.sirajganj.gov.bd
Union,UNI_1028,UPA_112,Hatikumrul,হটিকুমরুল,,,hatikumrulup.sirajganj.gov.bd
Union,UNI_1029,UPA_112,Borohor,বড়হর,,,borohorup.sirajganj.gov.bd
Union,UNI_1030,UPA_112,Ponchocroshi,পঞ্চক্রোশী,,,ponchocroshiup.sirajganj.gov.bd
Union,UNI_1031,UPA_112,Salo,সলপ,,,salopup.sirajganj.gov.bd
Union,UNI_1032,UPA_112,Mohonpur,মোহনপুর,,,mohonpurup.sirajganj.gov.bd
Union,UNI_1033,UPA_113,Vaina,ভায়না,,,vainaup.pabna.gov.bd
Union,UNI_1034,UPA_113,Tantibonda,তাঁতিবন্দ,,,tantibondaup.pabna.gov.bd
Union,UNI_1035,UPA_113,Manikhat,মানিকহাট,,,manikhatup.pabna.gov.bd
Union,UNI_1036,UPA_113,Dulai,দুলাই,,,dulaiup.pabna.gov.bd
Union,UNI_1037,UPA_113,Ahammadpur,আহম্মদপুর,,,ahammadpurup.pabna.gov.bd
Union,UNI_1038,UPA_113,Raninagar,রাণীনগর,,,raninagarup.pabna.gov.bd
Union,UNI_1039,UPA_113,Satbaria,সাতবাড়ীয়া,,,satbariaup.pabna.gov.bd
Union,UNI_1040,UPA_113,Hatkhali,হাটখালী,,,hatkhaliup.pabna.gov.bd
Union,UNI_1041,UPA_113,Nazirganj,নাজিরগঞ্জ,,,nazirganjup.pabna.gov.bd
Union,UNI_1042,UPA_113,Sagorkandi,সাগরকান্দি,,,sagorkandiup.pabna.gov.bd
Union,UNI_1043,UPA_114,Sara,সাঁড়া,,,saraup.pabna.gov.bd
Union,UNI_1044,UPA_114,Pakshi,পাকশী,,,pakshiup.pabna.gov.bd
Union,UNI_1045,UPA_114,Muladuli,মুলাডুলি,,,muladuliup.pabna.gov.bd
Union,UNI_1046,UPA_114,Dashuria,দাশুরিয়া,,,dashuriaup.pabna.gov.bd
Union,UNI_1047,UPA_114,Silimpur,ছলিমপুর,,,silimpurup.pabna.gov.bd
Union,UNI_1048,UPA_114,Sahapur,সাহাপুর,,,sahapurup.pabna.gov.bd
Union,UNI_1049,UPA_114,Luxmikunda,লক্ষীকুন্ডা,,,luxmikundaup.pabna.gov.bd
Union,UNI_1050,UPA_115,Bhangura,ভাঙ্গুড়া,,,bhanguraup.pabna.gov.bd
Union,UNI_1051,UPA_115,Khanmarich,খানমরিচ,,,khanmarichup.pabna.gov.bd
Union,UNI_1052,UPA_115,Ashtamanisha,অষ্টমণিষা,,,ashtamanishaup.pabna.gov.bd
Union,UNI_1053,UPA_115,Dilpasar,দিলপাশার,,,dilpasarup.pabna.gov.bd
Union,UNI_1054,UPA_115,Parbhangura,পারভাঙ্গুড়া,,,parbhanguraup.pabna.gov.bd
Union,UNI_1055,UPA_116,Maligachha,মালিগাছা,,,maligachhaup.pabna.gov.bd
Union,UNI_1056,UPA_116,Malanchi,মালঞ্চি,,,malanchiup.pabna.gov.bd
Union,UNI_1057,UPA_116,Gayeshpur,গয়েশপুর,,,gayeshpurup.pabna.gov.bd
Union,UNI_1058,UPA_116,Ataikula,আতাইকুলা,,,ataikulaup.pabna.gov.bd
Union,UNI_1059,UPA_116,Chartarapur,চরতারাপুর,,,chartarapurup.pabna.gov.bd
Union,UNI_1060,UPA_116,Sadullahpur,সাদুল্লাপুর,,,sadullahpurup.pabna.gov.bd
Union,UNI_1061,UPA_116,Bharara,ভাঁড়ারা,,,bhararaup.pabna.gov.bd
Union,UNI_1062,UPA_116,Dogachi,দোগাছী,,,dogachiup.pabna.gov.bd
Union,UNI_1063,UPA_116,Hemayetpur,হেমায়েতপুর,,,hemayetpurup.pabna.gov.bd
Union,UNI_1064,UPA_116,Dapunia,দাপুনিয়া,,,dapuniaup.pabna.gov.bd
Union,UNI_1065,UPA_117,Haturia Nakalia,হাটুরিয়া নাকালিয়া,,,haturianakaliaup.pabna.gov.bd
Union,UNI_1066,UPA_117,Notun Varenga,নতুন ভারেঙ্গা,,,notunvarengaup.pabna.gov.bd
Union,UNI_1067,UPA_117,Koitola,কৈটোলা,,,koitolaup.pabna.gov.bd
Union,UNI_1068,UPA_117,Chakla,চাকলা,,,chaklaup.pabna.gov.bd
Union,UNI_1069,UPA_117,Jatsakhini,জাতসাখিনি,,,jatsakhiniup.pabna.gov.bd
Union,UNI_1070,UPA_117,Puran Varenga,পুরান ভারেঙ্গা,,,puranvarengaup.pabna.gov.bd
Union,UNI_1071,UPA_117,Ruppur,রূপপুর,,,ruppurup.pabna.gov.bd
Union,UNI_1072,UPA_117,Masumdia,মাসুমদিয়া,,,masumdiaup.pabna.gov.bd
Union,UNI_1073,UPA_117,Dhalar Char,ঢালার চর,,,dhalarcharup.pabna.gov.bd
Union,UNI_1074,UPA_118,Majhpara,মাজপাড়া,,,majhparaup.pabna.gov.bd
Union,UNI_1075,UPA_118,Chandba,চাঁদভা,,,chandbaup.pabna.gov.bd
Union,UNI_1076,UPA_118,Debottar,দেবোত্তর,,,debottarup.pabna.gov.bd
Union,UNI_1077,UPA_118,Ekdanta,একদন্ত,,,ekdantaup.pabna.gov.bd
Union,UNI_1078,UPA_118,Laxshmipur,লক্ষীপুর,,,laxshmipurup.pabna.gov.bd
Union,UNI_1079,UPA_119,Handial,হান্ডিয়াল,,,handialup.pabna.gov.bd
Union,UNI_1080,UPA_119,Chhaikola,ছাইকোলা,,,chhaikolaup.pabna.gov.bd
Union,UNI_1081,UPA_119,Nimaichara,নিমাইচড়া,,,nimaicharaup.pabna.gov.bd
Union,UNI_1082,UPA_119,Gunaigachha,গুনাইগাছা,,,gunaigachhaup.pabna.gov.bd
Union,UNI_1083,UPA_119,Parshadanga,পার্শ্বডাঙ্গা,,,parshadangaup.pabna.gov.bd
Union,UNI_1084,UPA_119,Failjana,ফৈলজানা,,,failjanaup.pabna.gov.bd
Union,UNI_1085,UPA_119,Mulgram,মুলগ্রাম,,,mulgramup.pabna.gov.bd
Union,UNI_1086,UPA_119,Haripur,হরিপুর,,,haripurup.pabna.gov.bd
Union,UNI_1087,UPA_119,Mothurapur,মথুরাপুর,,,mothurapurup.pabna.gov.bd
Union,UNI_1088,UPA_119,Bilchalan,বিলচলন,,,bilchalanup.pabna.gov.bd
Union,UNI_1089,UPA_119,Danthia Bamangram,দাতিয়া বামনগ্রাম,,,danthiabamangramup.pabna.gov.bd
Union,UNI_1090,UPA_120,Nagdemra,নাগডেমড়া,,,nagdemraup.pabna.gov.bd
Union,UNI_1091,UPA_120,Dhulauri,ধুলাউড়ি,,,dhulauriup.pabna.gov.bd
Union,UNI_1092,UPA_120,Bhulbaria,ভুলবাড়ীয়া,,,bhulbariaup.pabna.gov.bd
Union,UNI_1093,UPA_120,Dhopadaha,ধোপাদহ,,,dhopadahaup.pabna.gov.bd
Union,UNI_1094,UPA_120,Karamja,করমজা,,,karamjaup.pabna.gov.bd
Union,UNI_1095,UPA_120,Kashinathpur,কাশিনাথপুর,,,kashinathpurup.pabna.gov.bd
Union,UNI_1096,UPA_120,Gaurigram,গৌরীগ্রাম,,,gaurigramup.pabna.gov.bd
Union,UNI_1097,UPA_120,Nandanpur,নন্দনপুর,,,nandanpurup.pabna.gov.bd
Union,UNI_1098,UPA_120,Khetupara,ক্ষেতুপাড়া,,,khetuparaup.pabna.gov.bd
Union,UNI_1099,UPA_120,Ar-Ataikula,আর-আতাইকুলা,,,rataiqulaup.pabna.gov.bd
Union,UNI_1100,UPA_121,Brilahiribari,বৃলাহিড়ীবাড়ী,,,brilahiribariup.pabna.gov.bd
Union,UNI_1101,UPA_121,Pungali,পুঙ্গুলি,,,pungaliup.pabna.gov.bd
Union,UNI_1102,UPA_121,Faridpur,ফরিদপুর,,,faridpurup.pabna.gov.bd
Union,UNI_1103,UPA_121,Hadal,হাদল,,,hadalup.pabna.gov.bd
Union,UNI_1104,UPA_121,Banwarinagar,বনওয়ারীনগর,,,banwarinagarup.pabna.gov.bd
Union,UNI_1105,UPA_121,Demra,ডেমড়া,,,demraup.pabna.gov.bd
Union,UNI_1106,UPA_122,Birkedar,বীরকেদার,,,birkedarup.bogra.gov.bd
Union,UNI_1107,UPA_122,Kalai,কালাই,,,kalaiup.bogra.gov.bd
Union,UNI_1108,UPA_122,Paikar,পাইকড়,,,paikarup.bogra.gov.bd
Union,UNI_1109,UPA_122,Narhatta,নারহট্ট,,,narhattaup.bogra.gov.bd
Union,UNI_1110,UPA_122,Murail,মুরইল,,,murailup.bogra.gov.bd
Union,UNI_1111,UPA_122,Kahaloo,কাহালু,,,kahalooup.bogra.gov.bd
Union,UNI_1112,UPA_122,Durgapur,দূর্গাপুর,,,durgapurup.bogra.gov.bd
Union,UNI_1113,UPA_122,Jamgaon,জামগ্রাম,,,jamgaonup.bogra.gov.bd
Union,UNI_1114,UPA_122,Malancha,মালঞ্চা,,,malanchaup.bogra.gov.bd
Union,UNI_1115,UPA_123,Fapore,ফাঁপোর,,,faporeup.bogra.gov.bd
Union,UNI_1116,UPA_123,Shabgram,সাবগ্রাম,,,shabgramup.bogra.gov.bd
Union,UNI_1117,UPA_123,Nishindara,নিশিন্দারা,,,nishindaraup.bogra.gov.bd
Union,UNI_1118,UPA_123,Erulia,এরুলিয়া,,,eruliaup.bogra.gov.bd
Union,UNI_1119,UPA_123,Rajapur,রাজাপুর,,,rajapurup.bogra.gov.bd
Union,UNI_1120,UPA_123,Shakharia,শাখারিয়া,,,shakhariaup.bogra.gov.bd
Union,UNI_1121,UPA_123,Sekherkola,শেখেরকোলা,,,sekherkolaup.bogra.gov.bd
Union,UNI_1122,UPA_123,Gokul,গোকুল,,,gokulup.bogra.gov.bd
Union,UNI_1123,UPA_123,Noongola,নুনগোলা,,,noongolaup.bogra.gov.bd
Union,UNI_1124,UPA_123,Lahiripara,লাহিড়ীপাড়া,,,lahiriparaup.bogra.gov.bd
Union,UNI_1125,UPA_123,Namuja,নামুজা,,,namujaup.bogra.gov.bd
Union,UNI_1126,UPA_124,Sariakandi Sadar,সারিয়াকান্দি সদর,,,sariakandisadarup.bogra.gov.bd
Union,UNI_1127,UPA_124,Narchi,নারচী,,,narchiup.bogra.gov.bd
Union,UNI_1128,UPA_124,Bohail,বোহাইল,,,bohailup.bogra.gov.bd
Union,UNI_1129,UPA_124,Chaluabari,চালুয়াবাড়ী,,,chaluabariup.bogra.gov.bd
Union,UNI_1130,UPA_124,Chandanbaisha,চন্দনবাইশা,,,chandanbaishaup.bogra.gov.bd
Union,UNI_1131,UPA_124,Hatfulbari,হাটফুলবাড়ী,,,hatfulbariup.bogra.gov.bd
Union,UNI_1132,UPA_124,Hatsherpur,হাটশেরপুর,,,hatsherpurup.bogra.gov.bd
Union,UNI_1133,UPA_124,Karnibari,কর্ণিবাড়ী,,,karnibariup.bogra.gov.bd
Union,UNI_1134,UPA_124,Kazla,কাজলা,,,kazlaup.bogra.gov.bd
Union,UNI_1135,UPA_124,Kutubpur,কুতুবপুর,,,kutubpurup.bogra.gov.bd
Union,UNI_1136,UPA_124,Kamalpur,কামালপুর,,,kamalpur.bogra.gov.bd
Union,UNI_1137,UPA_124,Bhelabari,ভেলাবাড়ী,,,bhelabari.bogra.gov.bd
Union,UNI_1138,UPA_125,Asekpur,আশেকপুর,,,asekpurup.bogra.gov.bd
Union,UNI_1139,UPA_125,Madla,মাদলা,,,madlaup.bogra.gov.bd
Union,UNI_1140,UPA_125,Majhira,মাঝিড়া,,,majhiraup.bogra.gov.bd
Union,UNI_1141,UPA_125,Aria,আড়িয়া,,,ariaup.bogra.gov.bd
Union,UNI_1142,UPA_125,Kharna,খরনা,,,kharnaup.bogra.gov.bd
Union,UNI_1143,UPA_125,Khottapara,খোট্টাপাড়া,,,Khottaparaup.bogra.gov.bd
Union,UNI_1144,UPA_125,Chopinagar,চোপিনগর,,,chopinagarup.bogra.gov.bd
Union,UNI_1145,UPA_125,Amrul,আমরুল,,,amrulup.bogra.gov.bd
Union,UNI_1146,UPA_125,Gohail,গোহাইল,,,gohailup.bogra.gov.bd
Union,UNI_1147,UPA_126,Zianagar,জিয়ানগর,,,zianagarup.bogra.gov.bd
Union,UNI_1148,UPA_126,Chamrul,চামরুল,,,chamrulup.bogra.gov.bd
Union,UNI_1149,UPA_126,Dupchanchia,দুপচাঁচিয়া,,,dupchanchiaup.bogra.gov.bd
Union,UNI_1150,UPA_126,Gunahar,গুনাহার,,,gunaharup.bogra.gov.bd
Union,UNI_1151,UPA_126,Gobindapur,গোবিন্দপুর,,,gobindapurup.bogra.gov.bd
Union,UNI_1152,UPA_126,Talora,তালোড়া,,,taloraup.bogra.gov.bd
Union,UNI_1153,UPA_127,Chhatiangram,ছাতিয়ানগ্রাম,,,chhatiangramup.bogra.gov.bd
Union,UNI_1154,UPA_127,Nasaratpur,নশরতপুর,,,nasaratpurup.bogra.gov.bd
Union,UNI_1155,UPA_127,Adamdighi,আদমদিঘি,,,adamdighiup.bogra.gov.bd
Union,UNI_1156,UPA_127,Kundagram,কুন্দগ্রাম,,,kundagramup.bogra.gov.bd
Union,UNI_1157,UPA_127,Chapapur,চাঁপাপুর,,,chapapurup.bogra.gov.bd
Union,UNI_1158,UPA_127,Shantahar,সান্তাহার,,,shantaharup.bogra.gov.bd
Union,UNI_1159,UPA_128,Burail,বুড়ইল,,,burailup.bogra.gov.bd
Union,UNI_1160,UPA_128,Nandigram,নন্দিগ্রাম,,,nandigramup.bogra.gov.bd
Union,UNI_1161,UPA_128,Bhatra,ভাটরা,,,bhatraup.bogra.gov.bd
Union,UNI_1162,UPA_128,Thalta Majhgram,থালতা মাঝগ্রাম,,,thaltamajhgramup.bogra.gov.bd
Union,UNI_1163,UPA_128,Bhatgram,ভাটগ্রাম,,,bhatgramup.bogra.gov.bd
Union,UNI_1164,UPA_129,Sonatala,সোনাতলা,,,sonatalaup.bogra.gov.bd
Union,UNI_1165,UPA_129,Balua,বালুয়া,,,baluaup.bogra.gov.bd
Union,UNI_1166,UPA_129,Zorgacha,জোড়গাছা,,,zorgachaup.bogra.gov.bd
Union,UNI_1167,UPA_129,Digdair,দিগদাইড়,,,digdairup.bogra.gov.bd
Union,UNI_1168,UPA_129,Madhupur,মধুপুর,,,madhupurup.bogra.gov.bd
Union,UNI_1169,UPA_129,Pakulla,পাকুল্ল্যা,,,pakullaup.bogra.gov.bd
Union,UNI_1170,UPA_129,Tekani Chukinagar,তেকানী চুকাইনগর,,,tekanichukinagarup.bogra.gov.bd
Union,UNI_1171,UPA_130,Nimgachi,নিমগাছি,,,nimgachiup.bogra.gov.bd
Union,UNI_1172,UPA_130,Kalerpara,কালেরপাড়া,,,kalerparaup.bogra.gov.bd
Union,UNI_1173,UPA_130,Chikashi,চিকাশী,,,chikashiup.bogra.gov.bd
Union,UNI_1174,UPA_130,Gossainbari,গোসাইবাড়ী,,,gossainbariup.bogra.gov.bd
Union,UNI_1175,UPA_130,Bhandarbari,ভান্ডারবাড়ী,,,bhandarbariup.bogra.gov.bd
Union,UNI_1176,UPA_130,Gopalnagar,১গোপালনগর,,,gopalnagarup.bogra.gov.bd
Union,UNI_1177,UPA_130,Mothurapur,মথুরাপুর,,,mothurapurup.bogra.gov.bd
Union,UNI_1178,UPA_130,Chowkibari,চৌকিবাড়ী,,,chowkibariup.bogra.gov.bd
Union,UNI_1179,UPA_130,Elangi,এলাঙ্গী,,,elangiup.bogra.gov.bd
Union,UNI_1180,UPA_130,Dhunat Sadar,ধুনট সদর,,,dhunatsadarup.bogra.gov.bd
Union,UNI_1181,UPA_131,Baliadighi,বালিয়া দিঘী,,,baliadighiup.bogra.gov.bd
Union,UNI_1182,UPA_131,Dakshinpara,দক্ষিণপাড়া,,,dakshinparaup.bogra.gov.bd
Union,UNI_1183,UPA_131,Durgahata,দুর্গাহাটা,,,durgahataup.bogra.gov.bd
Union,UNI_1184,UPA_131,Kagail,কাগইল,,,kagailup.bogra.gov.bd
Union,UNI_1185,UPA_131,Sonarai,সোনারায়,,,sonaraiup.bogra.gov.bd
Union,UNI_1186,UPA_131,Rameshwarpur,রামেশ্বরপুর,,,rameshwarpurup.bogra.gov.bd
Union,UNI_1187,UPA_131,Naruamala,নাড়ুয়ামালা,,,naruamalaup.bogra.gov.bd
Union,UNI_1188,UPA_131,Nepaltali,নেপালতলী,,,nepaltaliup.bogra.gov.bd
Union,UNI_1189,UPA_131,Gabtali,গাবতলি,,,gabtaliup.bogra.gov.bd
Union,UNI_1190,UPA_131,Mahishaban,মহিষাবান,,,mahishabanup.bogra.gov.bd
Union,UNI_1191,UPA_131,Nasipur,নশিপুর,,,nasipurup.bogra.gov.bd
Union,UNI_1192,UPA_132,Mirzapur,মির্জাপুর,,,mirzapurup.bogra.gov.bd
Union,UNI_1193,UPA_132,Khamarkandi,খামারকান্দি,,,khamarkandiup.bogra.gov.bd
Union,UNI_1194,UPA_132,Garidaha,গাড়িদহ,,,garidahaup.bogra.gov.bd
Union,UNI_1195,UPA_132,Kusumbi,কুসুম্বী,,,kusumbiup.bogra.gov.bd
Union,UNI_1196,UPA_132,Bishalpur,বিশালপুর,,,bishalpurup.bogra.gov.bd
Union,UNI_1197,UPA_132,Shimabari,সীমাবাড়ি,,,shimabariup.bogra.gov.bd
Union,UNI_1198,UPA_132,Shahbondegi,শাহবন্দেগী,,,shahbondegiup.bogra.gov.bd
Union,UNI_1199,UPA_132,Sughat,সুঘাট,,,sughatup.bogra.gov.bd
Union,UNI_1200,UPA_132,Khanpur,খানপুর,,,khanpurup.bogra.gov.bd
Union,UNI_1201,UPA_132,Bhabanipur,ভবানীপুর,,,bhabanipurup.bogra.gov.bd
Union,UNI_1202,UPA_133,Moidanhatta,ময়দানহাট্টা,,,moidanhattaup.bogra.gov.bd
Union,UNI_1203,UPA_133,Kichok,কিচক,,,kichokup.bogra.gov.bd
Union,UNI_1204,UPA_133,Atmul,আটমূল,,,atmulup.bogra.gov.bd
Union,UNI_1205,UPA_133,Pirob,পিরব,,,pirobup.bogra.gov.bd
Union,UNI_1206,UPA_133,Majhihatta,মাঝিহট্ট,,,majhihattaup.bogra.gov.bd
Union,UNI_1207,UPA_133,Buriganj,বুড়িগঞ্জ,,,buriganjup.bogra.gov.bd
Union,UNI_1208,UPA_133,Bihar,বিহার,,,biharup.bogra.gov.bd
Union,UNI_1209,UPA_133,Shibganj,শিবগঞ্জ,,,shibganjup.bogra.gov.bd
Union,UNI_1210,UPA_133,Deuly,দেউলি,,,deulyup.bogra.gov.bd
Union,UNI_1211,UPA_133,Sayedpur,সৈয়দপুর,,,sayedpurup.bogra.gov.bd
Union,UNI_1212,UPA_133,Mokamtala,মোকামতলা,,,mokamtalaup.bogra.gov.bd
Union,UNI_1213,UPA_133,Raynagar,রায়নগর,,,raynagarup.bogra.gov.bd
Union,UNI_1214,UPA_134,Darsanpara,দর্শনপাড়া,,,darsanparaup.rajshahi.gov.bd
Union,UNI_1215,UPA_134,Hujuripara,হুজুরী পাড়া,,,hujuriparaup.rajshahi.gov.bd
Union,UNI_1216,UPA_134,Damkura,দামকুড়া,,,damkuraup.rajshahi.gov.bd
Union,UNI_1217,UPA_134,Horipur,হরিপুর,,,horipurup.rajshahi.gov.bd
Union,UNI_1218,UPA_134,Horogram,হড়গ্রাম,,,horogramup.rajshahi.gov.bd
Union,UNI_1219,UPA_134,Harian,হরিয়ান,,,harianup.rajshahi.gov.bd
Union,UNI_1220,UPA_134,Borgachi,বড়্গাছি,,,borgachiup.rajshahi.gov.bd
Union,UNI_1221,UPA_134,Parila,পারিলা,,,parilaup.rajshahi.gov.bd
Union,UNI_1222,UPA_135,Naopara,নওপাড়া,,,naoparaup.rajshahi.gov.bd
Union,UNI_1223,UPA_135,Kismatgankoir,কিসমতগণকৈড়,,,kismatgankoirup.rajshahi.gov.bd
Union,UNI_1224,UPA_135,Pananagar,পানানগর,,,pananagarup.rajshahi.gov.bd
Union,UNI_1225,UPA_135,Deluabari,দেলুয়াবাড়ী,,,deluabariup.rajshahi.gov.bd
Union,UNI_1226,UPA_135,Jhaluka,ঝালুকা,,,jhalukaup.rajshahi.gov.bd
Union,UNI_1227,UPA_135,Maria,মাড়িয়া,,,mariaup.rajshahi.gov.bd
Union,UNI_1228,UPA_135,Joynogor,জয়নগর,,,joynogorup.rajshahi.gov.bd
Union,UNI_1229,UPA_136,Dhuroil,ধুরইল,,,dhuroilup.rajshahi.gov.bd
Union,UNI_1230,UPA_136,Ghasigram,ঘষিগ্রাম,,,ghasigramup.rajshahi.gov.bd
Union,UNI_1231,UPA_136,Raighati,রায়ঘাটি,,,raighatiup.rajshahi.gov.bd
Union,UNI_1232,UPA_136,Mougachi,মৌগাছি,,,mougachiup.rajshahi.gov.bd
Union,UNI_1233,UPA_136,Baksimoil,বাকশিমইল,,,baksimoilup.rajshahi.gov.bd
Union,UNI_1234,UPA_136,Jahanabad,জাহানাবাদ,,,jahanabadup.rajshahi.gov.bd
Union,UNI_1235,UPA_137,Yousufpur,ইউসুফপুর,,,yousufpurup.rajshahi.gov.bd
Union,UNI_1236,UPA_137,Solua,শলুয়া,,,soluaup.rajshahi.gov.bd
Union,UNI_1237,UPA_137,Sardah,সরদহ,,,sardahup.rajshahi.gov.bd
Union,UNI_1238,UPA_137,Nimpara,নিমপাড়া,,,nimparaup.rajshahi.gov.bd
Union,UNI_1239,UPA_137,Charghat,চারঘাট,,,charghatup.rajshahi.gov.bd
Union,UNI_1240,UPA_137,Vialuxmipur,ভায়ালক্ষ্মীপুর,,,vialuxmipurup.rajshahi.gov.bd
Union,UNI_1241,UPA_138,Puthia,পুঠিয়া,,,puthiaup.rajshahi.gov.bd
Union,UNI_1242,UPA_138,Belpukuria,বেলপুকুরিয়া,,,belpukuriaup.rajshahi.gov.bd
Union,UNI_1243,UPA_138,Baneswar,বানেশ্বর,,,baneswarup.rajshahi.gov.bd
Union,UNI_1244,UPA_138,Valukgachi,ভালুক গাছি,,,valukgachiup.rajshahi.gov.bd
Union,UNI_1245,UPA_138,Shilmaria,শিলমাড়িয়া,,,shilmariaup.rajshahi.gov.bd
Union,UNI_1246,UPA_138,Jewpara,জিউপাড়া,,,jewparaup.rajshahi.gov.bd
Union,UNI_1247,UPA_139,Bajubagha,বাজুবাঘা,,,bajubaghaup.rajshahi.gov.bd
Union,UNI_1248,UPA_139,Gorgori,গড়গড়ি,,,gorgoriup.rajshahi.gov.bd
Union,UNI_1249,UPA_139,Pakuria,পাকুড়িয়া,,,pakuriaup.rajshahi.gov.bd
Union,UNI_1250,UPA_139,Monigram,মনিগ্রাম,,,monigramup.rajshahi.gov.bd
Union,UNI_1251,UPA_139,Bausa,বাউসা,,,bausaup.rajshahi.gov.bd
Union,UNI_1252,UPA_139,Arani,আড়ানী,,,araniup.rajshahi.gov.bd
Union,UNI_1253,UPA_140,Godagari,গোদাগাড়ী,,,godagariup.rajshahi.gov.bd
Union,UNI_1254,UPA_140,Mohonpur,মোহনপুর,,,mohonpurup.rajshahi.gov.bd
Union,UNI_1255,UPA_140,Pakri,পাকড়ী,,,pakriup.rajshahi.gov.bd
Union,UNI_1256,UPA_140,Risikul,রিশিকুল,,,risikulup.rajshahi.gov.bd
Union,UNI_1257,UPA_140,Gogram,গোগ্রাম,,,gogramup.rajshahi.gov.bd
Union,UNI_1258,UPA_140,Matikata,মাটিকাটা,,,matikataup.rajshahi.gov.bd
Union,UNI_1259,UPA_140,Dewpara,দেওপাড়া,,,dewparaup.rajshahi.gov.bd
Union,UNI_1260,UPA_140,Basudebpur,বাসুদেবপুর,,,basudebpurup.rajshahi.gov.bd
Union,UNI_1261,UPA_140,Asariadaha,আষাড়িয়াদহ,,,asariadahaup.rajshahi.gov.bd
Union,UNI_1262,UPA_141,Kalma,কলমা,,,kalmaup.rajshahi.gov.bd
Union,UNI_1263,UPA_141,Badhair,বাধাইড়,,,badhairup.rajshahi.gov.bd
Union,UNI_1264,UPA_141,Panchandar,পাঁচন্দর,,,panchandarup.rajshahi.gov.bd
Union,UNI_1265,UPA_141,Saranjai,সরঞ্জাই,,,saranjaiup.rajshahi.gov.bd
Union,UNI_1266,UPA_141,Talondo,তালন্দ,,,talondoup.rajshahi.gov.bd
Union,UNI_1267,UPA_141,Kamargaon,কামারগাঁ,,,kamargaonup.rajshahi.gov.bd
Union,UNI_1268,UPA_141,Chanduria,চান্দুড়িয়া,,,chanduriaup.rajshahi.gov.bd
Union,UNI_1269,UPA_142,Gobindopara,গোবিন্দপাড়া,,,gobindoparaup.rajshahi.gov.bd
Union,UNI_1270,UPA_142,Nordas,নরদাস,,,nordasup.rajshahi.gov.bd
Union,UNI_1271,UPA_142,Dippur,দ্বীপপুর,,,dippurup.rajshahi.gov.bd
Union,UNI_1272,UPA_142,Borobihanoli,বড়বিহানলী,,,borobihanoliup.rajshahi.gov.bd
Union,UNI_1273,UPA_142,Auchpara,আউচপাড়া,,,auchparaup.rajshahi.gov.bd
Union,UNI_1274,UPA_142,Sreepur,শ্রীপুর,,,sreepurup.rajshahi.gov.bd
Union,UNI_1275,UPA_142,Basupara,বাসুপাড়া,,,basuparaup.rajshahi.gov.bd
Union,UNI_1276,UPA_142,Kacharikoalipara,কাচাড়ী কোয়লিপাড়া,,,kacharikoaliparaup.rajshahi.gov.bd
Union,UNI_1277,UPA_142,Suvodanga,শুভডাঙ্গা,,,suvodangaup.rajshahi.gov.bd
Union,UNI_1278,UPA_142,Mariaup,মাড়িয়া,,,mariaup10.rajshahi.gov.bd
Union,UNI_1279,UPA_142,Ganipur,গণিপুর,,,ganipurup.rajshahi.gov.bd
Union,UNI_1280,UPA_142,Zhikara,ঝিকড়া,,,zhikaraup.rajshahi.gov.bd
Union,UNI_1281,UPA_142,Gualkandi,গোয়ালকান্দি,,,gualkandiup.rajshahi.gov.bd
Union,UNI_1282,UPA_142,Hamirkutsa,হামিরকুৎসা,,,hamirkutsaup.rajshahi.gov.bd
Union,UNI_1283,UPA_142,Jogipara,যোগিপাড়া,,,jogiparaup.rajshahi.gov.bd
Union,UNI_1284,UPA_142,Sonadanga,সোনাডাঙ্গা,,,sonadangaup.rajshahi.gov.bd
Union,UNI_1285,UPA_143,Brahmapur,ব্রহ্মপুর,,,brahmapurup.natore.gov.bd
Union,UNI_1286,UPA_143,Madhnagar,মাধনগর,,,madhnagar.natore.gov.bd
Union,UNI_1287,UPA_143,Khajura,খাজুরা,,,khajura.bdgovportal.com
Union,UNI_1288,UPA_143,Piprul,পিপরুল,,,piprulup.natore.gov.bd
Union,UNI_1289,UPA_143,Biprobelghoria,বিপ্রবেলঘড়িয়া,,,biprobelghoria.bdgovportal.com
Union,UNI_1290,UPA_143,Chhatni,ছাতনী,,,chhatni.bdgovportal.com
Union,UNI_1291,UPA_143,Tebaria,তেবাড়িয়া,,,tebariaup.natore.gov.bd
Union,UNI_1292,UPA_143,Dighapatia,দিঘাপতিয়া,,,dighapatiaup.natore.gov.bd
Union,UNI_1293,UPA_143,Luxmipurkholabaria,লক্ষীপুর খোলাবাড়িয়া,,,luxmipurkholabariaup.natore.gov.bd
Union,UNI_1294,UPA_143,Barahorispur,বড়হরিশপুর,,,barahorispur.bdgovportal.com
Union,UNI_1295,UPA_143,Kaphuria,কাফুরিয়া,,,kaphuria.bdgovportal.com
Union,UNI_1296,UPA_143,Halsa,হালসা,,,halsa.natore.gov.bd
Union,UNI_1297,UPA_144,Sukash,শুকাশ,,,sukashup.natore.gov.bd
Union,UNI_1298,UPA_144,Dahia,ডাহিয়া,,,dahiaup.natore.gov.bd
Union,UNI_1299,UPA_144,Italy,ইটালী,,,italyup.natore.gov.bd
Union,UNI_1300,UPA_144,Kalam,কলম,,,kalamup.natore.gov.bd
Union,UNI_1301,UPA_144,Chamari,চামারী,,,chamariup.natore.gov.bd
Union,UNI_1302,UPA_144,Hatiandaha,হাতিয়ানদহ,,,hatiandahaup.natore.gov.bd
Union,UNI_1303,UPA_144,Lalore,লালোর,,,laloreup.natore.gov.bd
Union,UNI_1304,UPA_144,Sherkole,শেরকোল,,,sherkoleup.natore.gov.bd
Union,UNI_1305,UPA_144,Tajpur,তাজপুর,,,tajpurup.natore.gov.bd
Union,UNI_1306,UPA_144,Chaugram,চৌগ্রাম,,,chaugramup.natore.gov.bd
Union,UNI_1307,UPA_144,Chhatardighi,ছাতারদিঘী,,,chhatardighiup.natore.gov.bd
Union,UNI_1308,UPA_144,Ramanandakhajura,রামান্দখাজুরা,,,ramanandakhajuraup.natore.gov.bd
Union,UNI_1309,UPA_145,Joari,জোয়াড়ী,,,joariup.natore.gov.bd
Union,UNI_1310,UPA_145,Baraigram,বড়াইগ্রাম,,,baraigramup.natore.gov.bd
Union,UNI_1311,UPA_145,Zonail,জোনাইল,,,zonailup.natore.gov.bd
Union,UNI_1312,UPA_145,Nagor,নগর,,,nagorup.natore.gov.bd
Union,UNI_1313,UPA_145,Majgoan,মাঝগাও,,,majgoanup.natore.gov.bd
Union,UNI_1314,UPA_145,Gopalpur,গোপালপুর,,,gopalpurup.natore.gov.bd
Union,UNI_1315,UPA_145,Chandai,চান্দাই,,,chandai.bdgovportal.com
Union,UNI_1316,UPA_146,Panka,পাঁকা,,,pankaup.natore.gov.bd
Union,UNI_1317,UPA_146,Jamnagor,জামনগর,,,jamnagorup.natore.gov.bd
Union,UNI_1318,UPA_146,Bagatipara,বাগাতিপাড়া,,,bagatiparaup.natore.gov.bd
Union,UNI_1319,UPA_146,Dayarampur,দয়ারামপুর,,,dayarampurup.natore.gov.bd
Union,UNI_1320,UPA_146,Faguardiar,ফাগুয়ারদিয়াড়,,,faguardiarup.natore.gov.bd
Union,UNI_1321,UPA_147,Lalpur,লালপুর,,,lalpurup.natore.gov.bd
Union,UNI_1322,UPA_147,Iswardi,ঈশ্বরদী,,,iswardiup.natore.gov.bd
Union,UNI_1323,UPA_147,Chongdhupoil,চংধুপইল,,,chongdhupoilup.natore.gov.bd
Union,UNI_1324,UPA_147,Arbab,আড়বাব,,,arbabup.natore.gov.bd
Union,UNI_1325,UPA_147,Bilmaria,বিলমাড়িয়া,,,bilmariaup.natore.gov.bd
Union,UNI_1326,UPA_147,Duaria,দুয়ারিয়া,,,duariaup.natore.gov.bd
Union,UNI_1327,UPA_147,Oalia,ওয়ালিয়া,,,oaliaup.natore.gov.bd
Union,UNI_1328,UPA_147,Durduria,দুড়দুরিয়া,,,durduriaup.natore.gov.bd
Union,UNI_1329,UPA_147,Arjunpur,অর্জুনপুর বরমহাটী,,,arjunpurup.natore.gov.bd
Union,UNI_1330,UPA_147,Kadimchilan,কদিমচিলান,,,kadimchilanup.natore.gov.bd
Union,UNI_1331,UPA_148,Nazirpur,নাজিরপুর,,,nazirpurup.natore.gov.bd
Union,UNI_1332,UPA_148,Biaghat,বিয়াঘাট,,,biaghatup.natore.gov.bd
Union,UNI_1333,UPA_148,Khubjipur,খুবজীপুর,,,khubjipurup.natore.gov.bd
Union,UNI_1334,UPA_148,Dharabarisha,ধারাবারিষা,,,dharabarishaup.natore.gov.bd
Union,UNI_1335,UPA_148,Moshindha,মসিন্দা,,,moshindhaup.natore.gov.bd
Union,UNI_1336,UPA_148,Chapila,চাপিলা,,,chapilaup.natore.gov.bd
Union,UNI_1337,UPA_150,Rukindipur,রুকিন্দীপুর,,,rukindipurup.joypurhat.gov.bd
Union,UNI_1338,UPA_150,Sonamukhi,সোনামূখী,,,sonamukhiup.joypurhat.gov.bd
Union,UNI_1339,UPA_150,Tilakpur,তিলকপুর,,,tilakpurup.joypurhat.gov.bd
Union,UNI_1340,UPA_150,Raikali,রায়কালী,,,raikaliup.joypurhat.gov.bd
Union,UNI_1341,UPA_150,Gopinathpur,গোপীনাথপুর,,,gopinathpurup.joypurhat.gov.bd
Union,UNI_1342,UPA_151,Matrai,মাত্রাই,,,matraiup.joypurhat.gov.bd
Union,UNI_1343,UPA_151,Ahammedabad,আহম্মেদাবাদ,,,ahammedabadup.joypurhat.gov.bd
Union,UNI_1344,UPA_151,Punot,পুনট,,,punotup.joypurhat.gov.bd
Union,UNI_1345,UPA_151,Zindarpur,জিন্দারপুর,,,zindarpurup.joypurhat.gov.bd
Union,UNI_1346,UPA_151,Udaipur,উদয়পুর,,,udaipurup.joypurhat.gov.bd
Union,UNI_1347,UPA_152,Alampur,আলমপুর,,,alampurup.joypurhat.gov.bd
Union,UNI_1348,UPA_152,Borail,বড়াইল,,,borailup.joypurhat.gov.bd
Union,UNI_1349,UPA_152,Tulshiganga, তুলশীগংগা,,,tulshigangaup.joypurhat.gov.bd
Union,UNI_1350,UPA_152,Mamudpur,মামুদপুর,,,mamudpurup.joypurhat.gov.bd
Union,UNI_1351,UPA_152,Boratara,বড়তারা,,,borataraup.joypurhat.gov.bd
Union,UNI_1352,UPA_153,Bagjana,বাগজানা,,,bagjanaup.joypurhat.gov.bd
Union,UNI_1353,UPA_153,Dharanji,ধরঞ্জি,,,dharanjiup.joypurhat.gov.bd
Union,UNI_1354,UPA_153,Aymarasulpur,আয়মারসুলপুর,,,aymarasulpurup.joypurhat.gov.bd
Union,UNI_1355,UPA_153,Balighata,বালিঘাটা,,,balighataup.joypurhat.gov.bd
Union,UNI_1356,UPA_153,Atapur,আটাপুর,,,atapurup.joypurhat.gov.bd
Union,UNI_1357,UPA_153,Mohammadpur,মোহাম্মদপুর,,,mohammadpurup.joypurhat.gov.bd
Union,UNI_1358,UPA_153,Aolai,আওলাই,,,aolaiup.joypurhat.gov.bd
Union,UNI_1359,UPA_153,Kusumba,কুসুম্বা,,,kusumbaup.joypurhat.gov.bd
Union,UNI_1360,UPA_154,Amdai,আমদই,,,amdaiup.joypurhat.gov.bd
Union,UNI_1361,UPA_154,Bamb,বম্বু,,,bambuup.joypurhat.gov.bd
Union,UNI_1362,UPA_154,Dogachi,দোগাছি,,,dogachiup.joypurhat.gov.bd
Union,UNI_1363,UPA_154,Puranapail,পুরানাপৈল,,,puranapailup.joypurhat.gov.bd
Union,UNI_1364,UPA_154,Jamalpur,জামালপুর,,,jamalpurup.joypurhat.gov.bd
Union,UNI_1365,UPA_154,Chakborkat,চকবরকত,,,chakborkatup.joypurhat.gov.bd
Union,UNI_1366,UPA_154,Mohammadabad,মোহাম্মদাবাদ,,,mohammadabadup.joypurhat.gov.bd
Union,UNI_1367,UPA_154,Dhalahar,ধলাহার,,,dhalaharup.joypurhat.gov.bd
Union,UNI_1368,UPA_154,Bhadsha,ভাদসা,,,bhadshaup.joypurhat.gov.bd
Union,UNI_1369,UPA_155,Alatuli,আলাতুলী,,,alatuliup.chapainawabganj.gov.bd
Union,UNI_1370,UPA_155,Baroghoria,বারঘরিয়া,,,baroghoriaup.chapainawabganj.gov.bd
Union,UNI_1371,UPA_155,Moharajpur,মহারাজপুর,,,moharajpurup.chapainawabganj.gov.bd
Union,UNI_1372,UPA_155,Ranihati,রানীহাটি,,,ranihatiup.chapainawabganj.gov.bd
Union,UNI_1373,UPA_155,Baliadanga,বালিয়াডাঙ্গা,,,baliadangaup.chapainawabganj.gov.bd
Union,UNI_1374,UPA_155,Gobratola,গোবরাতলা,,,gobratolaup.chapainawabganj.gov.bd
Union,UNI_1375,UPA_155,Jhilim,ঝিলিম,,,jhilimup.chapainawabganj.gov.bd
Union,UNI_1376,UPA_155,Char Anupnagar,চর অনুপনগর,,,charaunupnagarup.chapainawabganj.gov.bd
Union,UNI_1377,UPA_155,Debinagar,দেবীনগর,,,debinagarup.chapainawabganj.gov.bd
Union,UNI_1378,UPA_155,Shahjahanpur,শাহজাহানপুর,,,shahjahanpurup.chapainawabganj.gov.bd
Union,UNI_1379,UPA_155,Islampur,ইসলামপুর,,,islampurup.chapainawabganj.gov.bd
Union,UNI_1380,UPA_155,Charbagdanga,চরবাগডাঙ্গা,,,charbagdangaup.chapainawabganj.gov.bd
Union,UNI_1381,UPA_155,Narayanpur,নারায়নপুর,,,narayanpurup.chapainawabganj.gov.bd
Union,UNI_1382,UPA_155,Sundarpur,সুন্দরপুর,,,sundarpurup.chapainawabganj.gov.bd
Union,UNI_1383,UPA_156,Radhanagar,রাধানগর,,,radhanagarup.chapainawabganj.gov.bd
Union,UNI_1384,UPA_156,Rahanpur,রহনপুর,,,rahanpurup.chapainawabganj.gov.bd
Union,UNI_1385,UPA_156,Boalia,বোয়ালিয়া,,,boaliaup.chapainawabganj.gov.bd
Union,UNI_1386,UPA_156,Bangabari,বাঙ্গাবাড়ী,,,bangabariup.chapainawabganj.gov.bd
Union,UNI_1387,UPA_156,Parbotipur,পার্বতীপুর,,,parbotipurup.chapainawabganj.gov.bd
Union,UNI_1388,UPA_156,Chowdala,চৌডালা,,,chowdalaup.chapainawabganj.gov.bd
Union,UNI_1389,UPA_156,Gomostapur,গোমস্তাপুর,,,gomostapurup.chapainawabganj.gov.bd
Union,UNI_1390,UPA_156,Alinagar,আলীনগর,,,alinagarup.chapainawabganj.gov.bd
Union,UNI_1391,UPA_157,Fhotepur,ফতেপুর,,,fhotepurup.chapainawabganj.gov.bd
Union,UNI_1392,UPA_157,Kosba,কসবা,,,kosbaup.chapainawabganj.gov.bd
Union,UNI_1393,UPA_157,Nezampur,নেজামপুর,,,nezampurup.chapainawabganj.gov.bd
Union,UNI_1394,UPA_157,Nachol,নাচোল,,,nacholup.chapainawabganj.gov.bd
Union,UNI_1395,UPA_158,Bholahat,ভোলাহাট,,,bholahatup.chapainawabganj.gov.bd
Union,UNI_1396,UPA_158,Jambaria,জামবাড়িয়া,,,jambariaup.chapainawabganj.gov.bd
Union,UNI_1397,UPA_158,Gohalbari,গোহালবাড়ী,,,gohalbariup.chapainawabganj.gov.bd
Union,UNI_1398,UPA_158,Daldoli,দলদলী,,,daldoliup.chapainawabganj.gov.bd
Union,UNI_1399,UPA_159,Binodpur,বিনোদপুর,,,binodpurup.chapainawabganj.gov.bd
Union,UNI_1400,UPA_159,Chakkirti,চককির্তী,,,chakkirtiup.chapainawabganj.gov.bd
Union,UNI_1401,UPA_159,Daipukuria,দাইপুকুরিয়া,,,daipukuriaup.chapainawabganj.gov.bd
Union,UNI_1402,UPA_159,Dhainagar,ধাইনগর,,,dhainagarup.chapainawabganj.gov.bd
Union,UNI_1403,UPA_159,Durlovpur,দুর্লভপুর,,,durlovpurup.chapainawabganj.gov.bd
Union,UNI_1404,UPA_159,Ghorapakhia,ঘোড়াপাখিয়া,,,ghorapakhiaup.chapainawabganj.gov.bd
Union,UNI_1405,UPA_159,Mobarakpur,মোবারকপুর,,,mobarakpurup.chapainawabganj.gov.bd
Union,UNI_1406,UPA_159,Monakasha,মনাকষা,,,monakashaup.chapainawabganj.gov.bd
Union,UNI_1407,UPA_159,Noyalavanga,নয়ালাভাঙ্গা,,,noyalavangaup.chapainawabganj.gov.bd
Union,UNI_1408,UPA_159,Panka,পাঁকা,,,pankaup.chapainawabganj.gov.bd
Union,UNI_1409,UPA_159,Chatrajitpur,ছত্রাজিতপুর,,,chhatrajitpurup.chapainawabganj.gov.bd
Union,UNI_1410,UPA_159,Shahabajpur,শাহাবাজপুর,,,shahabajpurup.chapainawabganj.gov.bd
Union,UNI_1411,UPA_159,Shyampur,শ্যামপুর,,,shyampurup.chapainawabganj.gov.bd
Union,UNI_1412,UPA_159,Kansat,কানসাট,,,kansatup.bdgovportal.com
Union,UNI_1413,UPA_159,Ujirpur,উজিরপুর,,,ujirpurup.chapainawabganj.gov.bd
Union,UNI_1414,UPA_160,1nomohadevpur,মহাদেবপুর,,,1nomohadevpurup.naogaon.gov.bd
Union,UNI_1415,UPA_160,Hatur,হাতুড়,,,2nohaturup.naogaon.gov.bd
Union,UNI_1416,UPA_160,Khajur,খাজুর,,,3nokhajurup.naogaon.gov.bd
Union,UNI_1417,UPA_160,Chandas,চাঁন্দাশ,,,4nochandasup.naogaon.gov.bd
Union,UNI_1418,UPA_160,Enayetpur,এনায়েতপুর,,,6noenayetpurup.naogaon.gov.bd
Union,UNI_1419,UPA_160,Sofapur,সফাপুর,,,7nosofapurup.naogaon.gov.bd
Union,UNI_1420,UPA_160,Uttargram,উত্তরগ্রাম,,,8nouttargramup.naogaon.gov.bd
Union,UNI_1421,UPA_160,Cheragpur,চেরাগপুর,,,9nocheragpurup.naogaon.gov.bd
Union,UNI_1422,UPA_160,Vimpur,ভীমপুর,,,10novimpurup.naogaon.gov.bd
Union,UNI_1423,UPA_160,Roygon,রাইগাঁ,,,roygonup.naogaon.gov.bd
Union,UNI_1424,UPA_161,Badalgachi,বদলগাছী,,,1nobadalgachiup.naogaon.gov.bd
Union,UNI_1425,UPA_161,Mothurapur,মথুরাপুর,,,2nomothurapurup.naogaon.gov.bd
Union,UNI_1426,UPA_161,Paharpur,পাহারপুর,,,3nopaharpurup.naogaon.gov.bd
Union,UNI_1427,UPA_161,Mithapur,মিঠাপুর,,,4nomithapurup.naogaon.gov.bd
Union,UNI_1428,UPA_161,Kola,কোলা,,,5nokolaup.naogaon.gov.bd
Union,UNI_1429,UPA_161,Bilashbari,বিলাশবাড়ী,,,6nobilashbariup.naogaon.gov.bd
Union,UNI_1430,UPA_161,Adhaipur,আধাইপুর,,,7noadhaipurup.naogaon.gov.bd
Union,UNI_1431,UPA_161,Balubhara,বালুভরা,,,8nobalubharaup.naogaon.gov.bd
Union,UNI_1432,UPA_162,Patnitala,পত্নীতলা,,,1nopatnitalaup.naogaon.gov.bd
Union,UNI_1433,UPA_162,Nirmail,নিমইল,,,2nonirmailup.naogaon.gov.bd
Union,UNI_1434,UPA_162,Dibar,দিবর,,,3nodibarup.naogaon.gov.bd
Union,UNI_1435,UPA_162,Akbarpur,আকবরপুর,,,4noakbarpurup.naogaon.gov.bd
Union,UNI_1436,UPA_162,Matindar,মাটিন্দর,,,5nomatindarup.naogaon.gov.bd
Union,UNI_1437,UPA_162,Krishnapur,কৃষ্ণপুর,,,6nokrishnapurup.naogaon.gov.bd
Union,UNI_1438,UPA_162,Patichrara,পাটিচড়া,,,7nopatichraraup.naogaon.gov.bd
Union,UNI_1439,UPA_162,Nazipur,নজিপুর,,,8nonazipurup.naogaon.gov.bd
Union,UNI_1440,UPA_162,Ghasnagar,ঘষনগর,,,9noghasnagarup.naogaon.gov.bd
Union,UNI_1441,UPA_162,Amair,আমাইড়,,,10noamairup.naogaon.gov.bd
Union,UNI_1442,UPA_162,Shihara,শিহারা,,,11noahiharaup.naogaon.gov.bd
Union,UNI_1443,UPA_163,Dhamoirhat,ধামইরহাট,,,1nodhamoirhatup.naogaon.gov.bd
Union,UNI_1444,UPA_163,Alampur,আলমপুর,,,3noalampurup.naogaon.gov.bd
Union,UNI_1445,UPA_163,Umar,উমার,,,4noumarup.naogaon.gov.bd
Union,UNI_1446,UPA_163,Aranagar,আড়ানগর,,,5noaranagarup.naogaon.gov.bd
Union,UNI_1447,UPA_163,Jahanpur,জাহানপুর,,,6nojahanpurup.naogaon.gov.bd
Union,UNI_1448,UPA_163,Isabpur,ইসবপুর,,,7noisabpurup.naogaon.gov.bd
Union,UNI_1449,UPA_163,Khelna,খেলনা,,,8nokhelnaup.naogaon.gov.bd
Union,UNI_1450,UPA_163,Agradigun,আগ্রাদ্বিগুন,,,2noagradigunup.naogaon.gov.bd
Union,UNI_1451,UPA_164,Hajinagar,হাজীনগর,,,1nohajinagarup.naogaon.gov.bd
Union,UNI_1452,UPA_164,Chandannagar,চন্দননগর,,,2nochandannagarup.naogaon.gov.bd
Union,UNI_1453,UPA_164,Bhabicha,ভাবিচা,,,3nobhabichaup.naogaon.gov.bd
Union,UNI_1454,UPA_164,Niamatpur,নিয়ামতপুর,,,4noniamatpurup.naogaon.gov.bd
Union,UNI_1455,UPA_164,Rasulpur,রসুলপুর,,,5norasulpurup.naogaon.gov.bd
Union,UNI_1456,UPA_164,Paroil,পাড়ইল,,,6noparoilup.naogaon.gov.bd
Union,UNI_1457,UPA_164,Sremantapur,শ্রীমন্তপুর,,,7nosremantapurup.naogaon.gov.bd
Union,UNI_1458,UPA_164,Bahadurpur,বাহাদুরপুর,,,8nobahadurpurup.naogaon.gov.bd
Union,UNI_1459,UPA_165,Varsho,ভারশো,,,1novarshoup.naogaon.gov.bd
Union,UNI_1460,UPA_165,Valain,ভালাইন,,,2novalainup.naogaon.gov.bd
Union,UNI_1461,UPA_165,Paranpur,পরানপুর,,,3noparanpurup.naogaon.gov.bd
Union,UNI_1462,UPA_165,Manda,মান্দা,,,4nomandaup.naogaon.gov.bd
Union,UNI_1463,UPA_165,Goneshpur,গনেশপুর,,,5nogoneshpurup.naogaon.gov.bd
Union,UNI_1464,UPA_165,Moinom,মৈনম,,,6nomoinomup.naogaon.gov.bd
Union,UNI_1465,UPA_165,Proshadpur,প্রসাদপুর,,,7noproshadpurup.naogaon.gov.bd
Union,UNI_1466,UPA_165,Kosomba,কুসুম্বা,,,8nokosombaup.naogaon.gov.bd
Union,UNI_1467,UPA_165,Tetulia,তেঁতুলিয়া,,,9notetuliaup.naogaon.gov.bd
Union,UNI_1468,UPA_165,Nurullabad,নূরুল্যাবাদ,,,10nonurullabadup.naogaon.gov.bd
Union,UNI_1469,UPA_165,Kalikapur,কালিকাপুর,,,11nokalikapurup.naogaon.gov.bd
Union,UNI_1470,UPA_165,Kashopara,কাঁশোকাপুর,,,12nokashoparaup.naogaon.gov.bd
Union,UNI_1471,UPA_165,Koshob,কশব,,,13nokoshobup.naogaon.gov.bd
Union,UNI_1472,UPA_165,Bisnopur,বিষ্ণপুর,,,14nobisnopurup.naogaon.gov.bd
Union,UNI_1473,UPA_166,Shahagola,শাহাগোলা,,,1noshahagolaup.naogaon.gov.bd
Union,UNI_1474,UPA_166,Bhonpara,ভোঁপড়া,,,2nobhonparaup.naogaon.gov.bd
Union,UNI_1475,UPA_166,Ahsanganj,আহসানগঞ্জ,,,3noahsanganjup.naogaon.gov.bd
Union,UNI_1476,UPA_166,Panchupur,পাঁচুপুর,,,4nopanchupurup.naogaon.gov.bd
Union,UNI_1477,UPA_166,Bisha,বিশা,,,5nobishaup.naogaon.gov.bd
Union,UNI_1478,UPA_166,Maniary,মনিয়ারী,,,6nomaniaryup.naogaon.gov.bd
Union,UNI_1479,UPA_166,Kalikapur,কালিকাপুর,,,7nokalikapurup.naogaon.gov.bd
Union,UNI_1480,UPA_166,Hatkalupara,হাটকালুপাড়া,,,8nohatkaluparaup.naogaon.gov.bd
Union,UNI_1481,UPA_167,Khatteshawr,খট্টেশ্বর রাণীনগর,,,1nokhatteshawrup.naogaon.gov.bd
Union,UNI_1482,UPA_167,Kashimpur,কাশিমপুর,,,2nokashimpurup.naogaon.gov.bd
Union,UNI_1483,UPA_167,Gona,গোনা,,,3nogonaup.naogaon.gov.bd
Union,UNI_1484,UPA_167,Paroil,পারইল,,,4noparoilup.naogaon.gov.bd
Union,UNI_1485,UPA_167,Borgoca,বরগাছা,,,5noborgocaup.naogaon.gov.bd
Union,UNI_1486,UPA_167,Kaligram,কালিগ্রাম,,,6nokaligramup.naogaon.gov.bd
Union,UNI_1487,UPA_167,Ekdala,একডালা,,,7noekdalaup.naogaon.gov.bd
Union,UNI_1488,UPA_167,Mirat,মিরাট,,,8nomiratup.naogaon.gov.bd
Union,UNI_1489,UPA_168,Barshail,বর্ষাইল,,,1nobarshailup.naogaon.gov.bd
Union,UNI_1490,UPA_168,Kritipur,কির্ত্তিপুর,,,2nokritipurup.naogaon.gov.bd
Union,UNI_1491,UPA_168,Baktiarpur,বক্তারপুর,,,3nobaktiarpurup.naogaon.gov.bd
Union,UNI_1492,UPA_168,Tilakpur,তিলোকপুর,,,4notilakpurup.naogaon.gov.bd
Union,UNI_1493,UPA_168,Hapaniya,হাপানিয়া,,,5nohapaniyaup.naogaon.gov.bd
Union,UNI_1494,UPA_168,Dubalhati,দুবলহাটী,,,6nodubalhatiup.naogaon.gov.bd
Union,UNI_1495,UPA_168,Boalia,বোয়ালিয়া,,,7noboaliaup.naogaon.gov.bd
Union,UNI_1496,UPA_168,Hashaigari,হাঁসাইগাড়ী,,,8nohashaigariup.naogaon.gov.bd
Union,UNI_1497,UPA_168,Chandipur,চন্ডিপুর,,,9nochandipurup.naogaon.gov.bd
Union,UNI_1498,UPA_168,Bolihar,বলিহার,,,10noboliharup.naogaon.gov.bd
Union,UNI_1499,UPA_168,Shekerpur,শিকারপুর,,,11noshekerpurup.naogaon.gov.bd
Union,UNI_1500,UPA_168,Shailgachhi,শৈলগাছী,,,12noshailgachhiup.naogaon.gov.bd
Union,UNI_1501,UPA_169,Nitpur,নিতপুর,,,nitpurup.naogaon.gov.bd
Union,UNI_1502,UPA_169,Tetulia,তেঁতুলিয়া,,,2notetuliaup.naogaon.gov.bd
Union,UNI_1503,UPA_169,Chhaor,ছাওড়,,,3nochhaorup.naogaon.gov.bd
Union,UNI_1504,UPA_169,Ganguria,গাঙ্গুরিয়া,,,4noganguriaup.naogaon.gov.bd
Union,UNI_1505,UPA_169,Ghatnagar,ঘাটনগর,,,5noghatnagarup.naogaon.gov.bd
Union,UNI_1506,UPA_169,Moshidpur,মশিদপুর,,,6nomoshidpurup.naogaon.gov.bd
Union,UNI_1507,UPA_170,Sapahar,সাপাহার,,,1nosapaharup.naogaon.gov.bd
Union,UNI_1508,UPA_170,Tilna,তিলনা,,,3notilnaup.naogaon.gov.bd
Union,UNI_1509,UPA_170,Aihai,আইহাই,,,4noaihaiup.naogaon.gov.bd
Union,UNI_1510,UPA_170,Shironti,শিরন্টী,,,6noshirontiup.naogaon.gov.bd
Union,UNI_1511,UPA_170,Goala,গোয়ালা,,,goalaup.naogaon.gov.bd
Union,UNI_1512,UPA_170,Patari,পাতাড়ী,,,patariup.naogaon.gov.bd
Union,UNI_1513,UPA_171,Nehalpur,নেহালপুর,,,nehalpurup.jessore.gov.bd
Union,UNI_1514,UPA_171,Hariharnagar,হরিহরনগর,,,hariharnagarup.jessore.gov.bd
Union,UNI_1515,UPA_171,Haridaskati,হরিদাসকাটি,,,haridaskatiup.jessore.gov.bd
Union,UNI_1516,UPA_171,Shyamkur,শ্যামকুড়,,,shyamkurup.jessore.gov.bd
Union,UNI_1517,UPA_171,Rohita,রোহিতা,,,rohitaup.jessore.gov.bd
Union,UNI_1518,UPA_171,Maswimnagar,মশ্মিমনগর,,,maswimnagarup.jessore.gov.bd
Union,UNI_1519,UPA_171,Manoharpur,মনোহরপুর,,,manoharpurup.jessore.gov.bd
Union,UNI_1520,UPA_171,Manirampur,মনিরামপুর,,,manirampurup.jessore.gov.bd
Union,UNI_1521,UPA_171,Bhojgati,ভোজগাতি,,,bhojgatiup.jessore.gov.bd
Union,UNI_1522,UPA_171,Durbadanga,দুর্বাডাংগা,,,durbadangaup.jessore.gov.bd
Union,UNI_1523,UPA_171,Dhakuria,ঢাকুরিয়া,,,dhakuriaup.jessore.gov.bd
Union,UNI_1524,UPA_171,Jhanpa,ঝাঁপা,,,jhanpaup.jessore.gov.bd
Union,UNI_1525,UPA_171,Chaluahati,চালুয়াহাটি,,,chaluahatiup.jessore.gov.bd
Union,UNI_1526,UPA_171,Khedapara,খেদাপাড়া,,,khedaparaup.jessore.gov.bd
Union,UNI_1527,UPA_171,Khanpur,খানপুর,,,khanpurup.jessore.gov.bd
Union,UNI_1528,UPA_171,Kultia,কুলটিয়া,,,kultiaup.jessore.gov.bd
Union,UNI_1529,UPA_171,Kashimnagar,কাশিমনগর,,,kashimnagarup.jessore.gov.bd
Union,UNI_1530,UPA_172,Baghutia,বাঘুটিয়া,,,baghutia.jessore.gov.bd
Union,UNI_1531,UPA_172,Chalishia,চলিশিয়া,,,chalishiaup.jessore.gov.bd
Union,UNI_1532,UPA_172,Sundoli,সুন্দলী,,,sundoliup.jessore.gov.bd
Union,UNI_1533,UPA_172,Siddhipasha,সিদ্দিপাশা,,,siddhipashaup.jessore.gov.bd
Union,UNI_1534,UPA_172,Sreedharpur,শ্রীধরপুর,,,sreedharpurup.jessore.gov.bd
Union,UNI_1535,UPA_172,Subharara,শুভরাড়া,,,subhararaup.jessore.gov.bd
Union,UNI_1536,UPA_172,Prambag,প্রেমবাগ,,,prambagup.jessore.gov.bd
Union,UNI_1537,UPA_172,Payra,পায়রা,,,payraup.jessore.gov.bd
Union,UNI_1538,UPA_173,Jaharpur,জহুরপুর,,,jaharpurup.jessore.gov.bd
Union,UNI_1539,UPA_173,Jamdia,জামদিয়া,,,jamdiaup.jessore.gov.bd
Union,UNI_1540,UPA_173,Darajhat,দরাজহাট,,,darajhatup.jessore.gov.bd
Union,UNI_1541,UPA_173,Dhalgram,ধলগ্রাম,,,dhalgramup.jessore.gov.bd
Union,UNI_1542,UPA_173,Narikelbaria,নারিকেলবাড়ীয়া,,,narikelbariaup.jessore.gov.bd
Union,UNI_1543,UPA_173,Bandabilla,বন্দবিলা,,,bandabillaup.jessore.gov.bd
Union,UNI_1544,UPA_173,Basuari,বাসুয়াড়ী,,,basuariup.jessore.gov.bd
Union,UNI_1545,UPA_173,Roypur,রায়পুর,,,roypurup.jessore.gov.bd
Union,UNI_1546,UPA_173,Dohakula,দোহাকুলা,,,dohakulaup.jessore.gov.bd
Union,UNI_1547,UPA_174,Chougachha,চৌগাছা,,,chougachhaup5.jessore.gov.bd
Union,UNI_1548,UPA_174,Jagadishpur,জগদীশপুর,,,jagadishpurup6.jessore.gov.bd
Union,UNI_1549,UPA_174,Dhuliani,ধুলিয়ানী,,,dhulianiup4.jessore.gov.bd
Union,UNI_1550,UPA_174,Narayanpur,নারায়নপুর,,,narayanpurup10.jessore.gov.bd
Union,UNI_1551,UPA_174,Patibila,পাতিবিলা,,,patibilaup7.jessore.gov.bd
Union,UNI_1552,UPA_174,Pashapole,পাশাপোল,,,pashapoleup2.jessore.gov.bd
Union,UNI_1553,UPA_174,Fulsara,ফুলসারা,,,fulsaraup1.jessore.gov.bd
Union,UNI_1554,UPA_174,Singhajhuli,সিংহঝুলি,,,singhajhuliup3.jessore.gov.bd
Union,UNI_1555,UPA_174,Sukpukhuria,সুখপুকুরিয়া,,,sukpukhuriaup11.jessore.gov.bd
Union,UNI_1556,UPA_174,Swarupdaha,সরুপদাহ,,,swarupdahaup9.jessore.gov.bd
Union,UNI_1557,UPA_174,Hakimpur,হাকিমপুর,,,hakimpurup8.jessore.gov.bd
Union,UNI_1558,UPA_175,Gangananda,গংগানন্দপুর,,,ganganandapurup.jessore.gov.bd
Union,UNI_1559,UPA_175,Gadkhali,গদখালী,,,gadkhaliup.jessore.gov.bd
Union,UNI_1560,UPA_175,Jhikargachha,ঝিকরগাছা,,,jhikargachhaup.jessore.gov.bd
Union,UNI_1561,UPA_175,Nabharan,নাভারন,,,nabharanup.jessore.gov.bd
Union,UNI_1562,UPA_175,Nibaskhola,নির্বাসখোলা,,,nibaskholaup.jessore.gov.bd
Union,UNI_1563,UPA_175,Panisara,পানিসারা,,,panisaraup.jessore.gov.bd
Union,UNI_1564,UPA_175,Bankra,বাঁকড়া,,,bankraup.jessore.gov.bd
Union,UNI_1565,UPA_175,Shankarpur,শংকরপুর,,,shankarpurup10.jessore.gov.bd
Union,UNI_1566,UPA_175,Shimulia,শিমুলিয়া,,,shimuliaup3.jessore.gov.bd
Union,UNI_1567,UPA_175,Hajirbagh,হাজিরবাগ,,,hajirbaghup9.jessore.gov.bd
Union,UNI_1568,UPA_175,Magura,মাগুরা,,,maguraup.jessore.gov.bd
Union,UNI_1569,UPA_176,Sufalakati,সুফলাকাটি,,,sufalakatiup8.jessore.gov.bd
Union,UNI_1570,UPA_176,Sagardari,সাগরদাড়ী,,,sagardariup2.jessore.gov.bd
Union,UNI_1571,UPA_176,Majidpur,মজিদপুর,,,majidpurup3.jessore.gov.bd
Union,UNI_1572,UPA_176,Mongolkot,মঙ্গলকোর্ট,,,mongolkotup5.jessore.gov.bd
Union,UNI_1573,UPA_176,Bidyanandakati,বিদ্যানন্দকাটি,,,bidyanandakatiup4.jessore.gov.bd
Union,UNI_1574,UPA_176,Panjia,পাজিয়া,,,panjiaup7.jessore.gov.bd
Union,UNI_1575,UPA_176,Trimohini,ত্রিমোহিনী,,,trimohiniup1.jessore.gov.bd
Union,UNI_1576,UPA_176,Gaurighona,গৌরিঘোনা,,,gaurighonaup9.jessore.gov.bd
Union,UNI_1577,UPA_176,Keshabpur,কেশবপুর,,,keshabpurup6.jessore.gov.bd
Union,UNI_1578,UPA_177,Lebutala,লেবুতলা,,,lebutalaup.jessore.gov.bd
Union,UNI_1579,UPA_177,Ichhali,ইছালী,,,ichhaliup.jessore.gov.bd
Union,UNI_1580,UPA_177,Arabpur,আরবপুর,,,arabpurup9.jessore.gov.bd
Union,UNI_1581,UPA_177,Upasahar,উপশহর,,,upasaharup.jessore.gov.bd
Union,UNI_1582,UPA_177,Kachua,কচুয়া,,,kachuaup13.jessore.gov.bd
Union,UNI_1583,UPA_177,Kashimpur,কাশিমপুর,,,kashimpurup6.jessore.gov.bd
Union,UNI_1584,UPA_177,Chanchra,চাঁচড়া,,,chanchraup.jessore.gov.bd
Union,UNI_1585,UPA_177,Churamankati,চূড়ামনকাটি,,,churamankatiup.jessore.gov.bd
Union,UNI_1586,UPA_177,Narendrapur,নরেন্দ্রপুর,,,narendrapurup.jessore.gov.bd
Union,UNI_1587,UPA_177,Noapara,নওয়াপাড়া,,,noaparaup4.jessore.gov.bd
Union,UNI_1588,UPA_177,Fathehpur,ফতেপুর,,,fathehpurup.jessore.gov.bd
Union,UNI_1589,UPA_177,Basundia,বসুন্দিয়া,,,basundiaup.jessore.gov.bd
Union,UNI_1590,UPA_177,Ramnagar,রামনগর,,,ramnagarup.jessore.gov.bd
Union,UNI_1591,UPA_177,Haibatpur,হৈবতপুর,,,haibatpurup.jessore.gov.bd
Union,UNI_1592,UPA_177,Dearamodel,দেয়ারা মডেল,,,dearamodelup.jessore.gov.bd
Union,UNI_1593,UPA_178,Ulshi,উলশী,,,ulshiup9.jessore.gov.bd
Union,UNI_1594,UPA_178,Sharsha,শার্শা,,,sharshaup10.jessore.gov.bd
Union,UNI_1595,UPA_178,Lakshmanpur,লক্ষণপুর,,,lakshmanpurup2.jessore.gov.bd
Union,UNI_1596,UPA_178,Benapole,বেনাপোল,,,benapoleup4.jessore.gov.bd
Union,UNI_1597,UPA_178,Bahadurpur,বাহাদুরপুর,,,bahadurpurup3.jessore.gov.bd
Union,UNI_1598,UPA_178,Bagachra,বাগআচড়া,,,bagachraup8.jessore.gov.bd
Union,UNI_1599,UPA_178,Putkhali,পুটখালী,,,putkhaliup5.jessore.gov.bd
Union,UNI_1600,UPA_178,Nizampur,নিজামপুর,,,nizampurup11.jessore.gov.bd
Union,UNI_1601,UPA_178,Dihi,ডিহি,,,dihiup1.jessore.gov.bd
Union,UNI_1602,UPA_178,Goga,গোগা,,,gogaup6.jessore.gov.bd
Union,UNI_1603,UPA_178,Kayba,কায়বা,,,kaybaup7.jessore.gov.bd
Union,UNI_1604,UPA_179,Anulia,আনুলিয়া,,,anuliaup.satkhira.gov.bd
Union,UNI_1605,UPA_179,Assasuni,আশাশুনি,,,assasuniup.satkhira.gov.bd
Union,UNI_1606,UPA_179,Kadakati,কাদাকাটি,,,kadakatiup.satkhira.gov.bd
Union,UNI_1607,UPA_179,Kulla,কুল্যা,,,kullaup.satkhira.gov.bd
Union,UNI_1608,UPA_179,Khajra,খাজরা,,,khajraup.satkhira.gov.bd
Union,UNI_1609,UPA_179,Durgapur,দরগাহপুর,,,durgapurup.satkhira.gov.bd
Union,UNI_1610,UPA_179,Pratapnagar,প্রতাপনগর,,,pratapnagarup.satkhira.gov.bd
Union,UNI_1611,UPA_179,Budhhata,বুধহাটা,,,budhhataup.satkhira.gov.bd
Union,UNI_1612,UPA_179,Baradal,বড়দল,,,baradalup.satkhira.gov.bd
Union,UNI_1613,UPA_179,Sreeula,শ্রীউলা,,,sreeulaup.satkhira.gov.bd
Union,UNI_1614,UPA_179,Sobhnali,শোভনালী,,,sobhnaliup.satkhira.gov.bd
Union,UNI_1615,UPA_180,Kulia,কুলিয়া,,,kuliaup.satkhira.gov.bd
Union,UNI_1616,UPA_180,Debhata,দেবহাটা,,,debhataup.satkhira.gov.bd
Union,UNI_1617,UPA_180,Noapara,নওয়াপাড়া,,,noaparaup.satkhira.gov.bd
Union,UNI_1618,UPA_180,Parulia,পারুলিয়া,,,paruliaup.satkhira.gov.bd
Union,UNI_1619,UPA_180,Sakhipur,সখিপুর,,,sakhipurup.satkhira.gov.bd
Union,UNI_1620,UPA_181,Kushadanga,কুশোডাংগা,,,kushadangaup.satkhira.gov.bd
Union,UNI_1621,UPA_181,Keralkata,কেরালকাতা,,,keralkataup.satkhira.gov.bd
Union,UNI_1622,UPA_181,Keragachhi,কেঁড়াগাছি,,,keragachhiup.satkhira.gov.bd
Union,UNI_1623,UPA_181,Kaila,কয়লা,,,kailaup.satkhira.gov.bd
Union,UNI_1624,UPA_181,Jallabad,জালালাবাদ,,,jallabadup.satkhira.gov.bd
Union,UNI_1625,UPA_181,Jogikhali,যুগিখালী,,,jogikhaliup.satkhira.gov.bd
Union,UNI_1626,UPA_181,Langaljhara,লাঙ্গলঝাড়া,,,langaljharaup.satkhira.gov.bd
Union,UNI_1627,UPA_181,Sonabaria,সোনাবাড়িয়া,,,sonabariaup.satkhira.gov.bd
Union,UNI_1628,UPA_181,Helatala,হেলাতলা,,,helatalaup.satkhira.gov.bd
Union,UNI_1629,UPA_181,Chandanpur,চন্দনপুর,,,chandanpurup.satkhira.gov.bd
Union,UNI_1630,UPA_181,Deara,দেয়ারা,,,dearaup.satkhira.gov.bd
Union,UNI_1631,UPA_181,Joynagar,জয়নগর,,,joynagarup.satkhira.gov.bd
Union,UNI_1632,UPA_182,Shibpur,শিবপুর,,,shibpurup.satkhira.gov.bd
Union,UNI_1633,UPA_182,Labsa,লাবসা,,,labsaup.satkhira.gov.bd
Union,UNI_1634,UPA_182,Bhomra,ভোমরা,,,bhomraup.satkhira.gov.bd
Union,UNI_1635,UPA_182,Brahmarajpur,ব্রক্ষ্মরাজপুর,,,brahmarajpurup.satkhira.gov.bd
Union,UNI_1636,UPA_182,Balli,বল্লী,,,balliup.satkhira.gov.bd
Union,UNI_1637,UPA_182,Banshdaha,বাঁশদহ,,,banshdahaup.satkhira.gov.bd
Union,UNI_1638,UPA_182,Baikari,বৈকারী,,,baikariup.satkhira.gov.bd
Union,UNI_1639,UPA_182,Fingri,ফিংড়ি,,,fingriup.satkhira.gov.bd
Union,UNI_1640,UPA_182,Dhulihar,ধুলিহর,,,dhuliharup.satkhira.gov.bd
Union,UNI_1641,UPA_182,Jhaudanga,ঝাউডাঙ্গা,,,jhaudangaup.satkhira.gov.bd
Union,UNI_1642,UPA_182,Ghona,ঘোনা,,,ghonaup.satkhira.gov.bd
Union,UNI_1643,UPA_182,Kuskhali,কুশখালী,,,kuskhaliup.satkhira.gov.bd
Union,UNI_1644,UPA_182,Alipur,আলিপুর,,,alipurup.satkhira.gov.bd
Union,UNI_1645,UPA_182,Agardari,আগরদাড়ী,,,agardariup.satkhira.gov.bd
Union,UNI_1646,UPA_183,Atulia,আটুলিয়া,,,atuliaup.satkhira.gov.bd
Union,UNI_1647,UPA_183,Ishwaripur,ঈশ্বরীপুর,,,ishwaripurup.satkhira.gov.bd
Union,UNI_1648,UPA_183,Kaikhali,কৈখালী,,,kaikhaliup.satkhira.gov.bd
Union,UNI_1649,UPA_183,Kashimari,কাশিমাড়ী,,,kashimariup.satkhira.gov.bd
Union,UNI_1650,UPA_183,Nurnagar,নুরনগর,,,nurnagarup.satkhira.gov.bd
Union,UNI_1651,UPA_183,Padmapukur,পদ্মপুকুর,,,padmapukurup.satkhira.gov.bd
Union,UNI_1652,UPA_183,Burigoalini,বুড়িগোয়ালিনী,,,burigoaliniup.satkhira.gov.bd
Union,UNI_1653,UPA_183,Bhurulia,ভুরুলিয়া,,,bhuruliaup.satkhira.gov.bd
Union,UNI_1654,UPA_183,Munshiganj,মুন্সীগজ্ঞ,,,munshiganjup.satkhira.gov.bd
Union,UNI_1655,UPA_183,Ramjannagar,রমজাননগর,,,ramjannagarup.satkhira.gov.bd
Union,UNI_1656,UPA_183,Shyamnagar,শ্যামনগর,,,shyamnagarup.satkhira.gov.bd
Union,UNI_1657,UPA_183,Gabura,গাবুরা,,,gaburaup.satkhira.gov.bd
Union,UNI_1658,UPA_184,Sarulia,সরুলিয়া,,,saruliaup3.satkhira.gov.bd
Union,UNI_1659,UPA_184,Magura,মাগুরা,,,maguraup8.satkhira.gov.bd
Union,UNI_1660,UPA_184,Nagarghata,নগরঘাটা,,,nagarghataup1.satkhira.gov.bd
Union,UNI_1661,UPA_184,Dhandia,ধানদিয়া,,,dhandiaup1.satkhira.gov.bd
Union,UNI_1662,UPA_184,Tentulia,তেতুলিয়া,,,tentuliaup5.satkhira.gov.bd
Union,UNI_1663,UPA_184,Tala,তালা,,,talaup6.satkhira.gov.bd
Union,UNI_1664,UPA_184,Jalalpur,জালালপুর,,,jalalpurup11.satkhira.gov.bd
Union,UNI_1665,UPA_184,Khesra,খেশরা,,,khesraup10.satkhira.gov.bd
Union,UNI_1666,UPA_184,Khalishkhali,খলিশখালী,,,khalishkhaliup9.satkhira.gov.bd
Union,UNI_1667,UPA_184,Khalilnagar,খলিলনগর,,,khalilnagarup12.satkhira.gov.bd
Union,UNI_1668,UPA_184,Kumira,কুমিরা,,,kumiraup4.satkhira.gov.bd
Union,UNI_1669,UPA_184,Islamkati,ইসলামকাটি,,,islamkatiup7.satkhira.gov.bd
Union,UNI_1670,UPA_185,Kushlia,কুশুলিয়া,,,kushliaup.satkhira.gov.bd
Union,UNI_1671,UPA_185,Champaphul,চাম্পাফুল,,,champaphulup.satkhira.gov.bd
Union,UNI_1672,UPA_185,Tarali,তারালী,,,taraliup.satkhira.gov.bd
Union,UNI_1673,UPA_185,Dakshin Sreepur,দক্ষিণ শ্রীপুর,,,dakshinsreepurup.satkhira.gov.bd
Union,UNI_1674,UPA_185,Dhalbaria,ধলবাড়িয়া,,,dhalbariaup.satkhira.gov.bd
Union,UNI_1675,UPA_185,Nalta,নলতা,,,naltaup.satkhira.gov.bd
Union,UNI_1676,UPA_185,Bishnupur,বিষ্ণুপুর,,,bishnupurup.satkhira.gov.bd
Union,UNI_1677,UPA_185,Bharasimla,ভাড়াশিমলা,,,bharasimlaup.satkhira.gov.bd
Union,UNI_1678,UPA_185,Mathureshpur,মথুরেশপুর,,,mathureshpurup.satkhira.gov.bd
Union,UNI_1679,UPA_185,Ratanpur,রতনপুর,,,ratanpurup.satkhira.gov.bd
Union,UNI_1680,UPA_185,Mautala,মৌতলা,,,mautalaup.satkhira.gov.bd
Union,UNI_1681,UPA_185,Krishnanagar,কৃষ্ণনগর,,,krishnanagarup.satkhira.gov.bd
Union,UNI_1682,UPA_186,Dariapur,দারিয়াপুর,,,dariapurup.meherpur.gov.bd
Union,UNI_1683,UPA_186,Monakhali,মোনাখালী,,,monakhali.meherpur.gov.bd
Union,UNI_1684,UPA_186,Bagowan,বাগোয়ান,,,bagowanup.meherpur.gov.bd
Union,UNI_1685,UPA_186,Mohajanpur,মহাজনপুর,,,mohajanpurup.meherpur.gov.bd
Union,UNI_1686,UPA_187,Amjhupi,আমঝুপি,,,amjhupi.meherpur.gov.bd
Union,UNI_1687,UPA_187,Pirojpur,পিরোজপুর,,,pirojpurup.meherpur.gov.bd
Union,UNI_1688,UPA_187,Kutubpur,কতুবপুর,,,kutubpurup.meherpur.gov.bd
Union,UNI_1689,UPA_187,Amdah,আমদহ,,,amdahup.meherpur.gov.bd
Union,UNI_1690,UPA_187,Buripota,বুড়িপোতা,,,buripotaup.meherpur.gov.bd
Union,UNI_1691,UPA_188,Tentulbaria,তেঁতুলবাড়ীয়া,,,tentulbaria.meherpur.gov.bd
Union,UNI_1692,UPA_188,Kazipur,কাজিপুর,,,kazipurup.meherpur.gov.bd
Union,UNI_1693,UPA_188,Bamondi,বামন্দী,,,bamondiup.meherpur.gov.bd
Union,UNI_1694,UPA_188,Motmura,মটমুড়া,,,motmuraup.meherpur.gov.bd
Union,UNI_1695,UPA_188,Sholotaka,ষোলটাকা,,,sholotakaup.meherpur.gov.bd
Union,UNI_1696,UPA_188,Shaharbati,সাহারবাটী,,,shaharbatiup.meherpur.gov.bd
Union,UNI_1697,UPA_188,Dhankolla,ধানখোলা,,,dhankollaup.meherpur.gov.bd
Union,UNI_1698,UPA_188,Raipur,রায়পুর,,,raipurup.meherpur.gov.bd
Union,UNI_1699,UPA_188,Kathuli,কাথুলী,,,kathuli.meherpur.gov.bd
Union,UNI_1700,UPA_189,Sheikhati,সেখহাটী,,,sheikhatiup.narail.gov.bd
Union,UNI_1701,UPA_189,Tularampur,তুলারামপুর,,,tularampurup.narail.gov.bd
Union,UNI_1702,UPA_189,Kalora,কলোড়া,,,kaloraup.narail.gov.bd
Union,UNI_1703,UPA_189,Shahabad,শাহাবাদ,,,shahabadup.narail.gov.bd
Union,UNI_1704,UPA_189,Bashgram,বাশগ্রাম,,,bashgramup.narail.gov.bd
Union,UNI_1705,UPA_189,Habokhali,হবখালী,,,habokhaliup.narail.gov.bd
Union,UNI_1706,UPA_189,Maijpara,মাইজপাড়া,,,maijparaup.narail.gov.bd
Union,UNI_1707,UPA_189,Bisali,বিছালী,,,bisaliup.narail.gov.bd
Union,UNI_1708,UPA_189,Chandiborpur,চন্ডিবরপুর,,,chandiborpurup.narail.gov.bd
Union,UNI_1709,UPA_189,Bhadrabila,ভদ্রবিলা,,,bhadrabilaup.narail.gov.bd
Union,UNI_1710,UPA_189,Auria,আউড়িয়া,,,auriaup.narail.gov.bd
Union,UNI_1711,UPA_189,Singasholpur,সিঙ্গাশোলপুর,,,singasholpurup.narail.gov.bd
Union,UNI_1712,UPA_189,Mulia,মুলিয়া,,,muliaup.narail.gov.bd
Union,UNI_1713,UPA_190,Lohagora,লোহাগড়া,,,lohagoraup.narail.gov.bd
Union,UNI_1714,UPA_190,Kashipur,কাশিপুর,,,kashipurup.narail.gov.bd
Union,UNI_1715,UPA_190,Naldi,নলদী,,,naldiup.narail.gov.bd
Union,UNI_1716,UPA_190,Noagram,নোয়াগ্রাম,,,noagramup.narail.gov.bd
Union,UNI_1717,UPA_190,Lahuria,লাহুড়িয়া,,,lahuriaup.narail.gov.bd
Union,UNI_1718,UPA_190,Mallikpur,মল্লিকপুর,,,mallikpurup.narail.gov.bd
Union,UNI_1719,UPA_190,Salnagar,শালনগর,,,salnagarup.narail.gov.bd
Union,UNI_1720,UPA_190,Lakshmipasha,লক্ষীপাশা,,,lakshmipashaup.narail.gov.bd
Union,UNI_1721,UPA_190,Joypur,জয়পুর,,,joypurup.narail.gov.bd
Union,UNI_1722,UPA_190,Kotakol,কোটাকোল,,,kotakolup.narail.gov.bd
Union,UNI_1723,UPA_190,Digholia,দিঘলিয়া,,,digholiaup1.narail.gov.bd
Union,UNI_1724,UPA_190,Itna,ইতনা,,,itnaup.narail.gov.bd
Union,UNI_1725,UPA_191,Jaynagor,জয়নগর,,,jaynagorup.narail.gov.bd
Union,UNI_1726,UPA_191,Pahordanga,পহরডাঙ্গা,,,pahordangaup.narail.gov.bd
Union,UNI_1727,UPA_191,Babrahasla,বাবরা-হাচলা,,,babrahaslaup.narail.gov.bd
Union,UNI_1728,UPA_191,Salamabad,সালামাবাদ,,,salamabadup.narail.gov.bd
Union,UNI_1729,UPA_191,Baioshona,বাঐসোনা,,,baioshonaup.narail.gov.bd
Union,UNI_1730,UPA_191,Chacuri,চাচুড়ী,,,chacuriup.narail.gov.bd
Union,UNI_1731,UPA_191,Hamidpur,হামিদপুর,,,hamidpurup.narail.gov.bd
Union,UNI_1732,UPA_191,Peroli,পেড়লী,,,peroliup.narail.gov.bd
Union,UNI_1733,UPA_191,Khashial,খাসিয়াল,,,khashialup.narail.gov.bd
Union,UNI_1734,UPA_191,Purulia,পুরুলিয়া,,,puruliaup.narail.gov.bd
Union,UNI_1735,UPA_191,Kalabaria,কলাবাড়ীয়া,,,kalabariaup.narail.gov.bd
Union,UNI_1736,UPA_191,Mauli,মাউলী,,,mauliup.narail.gov.bd
Union,UNI_1737,UPA_191,Boronaleliasabad,বড়নাল-ইলিয়াছাবাদ,,,boronaleliasabadup.narail.gov.bd
Union,UNI_1738,UPA_191,Panchgram,পাঁচগ্রাম,,,panchgramup.narail.gov.bd
Union,UNI_1739,UPA_192,Alukdia,আলুকদিয়া,,,alukdia.chuadanga.gov.bd
Union,UNI_1740,UPA_192,Mominpur,মোমিনপুর,,,mominpur.chuadanga.gov.bd
Union,UNI_1741,UPA_192,Titudah,তিতুদাহ,,,titudah.chuadanga.gov.bd
Union,UNI_1742,UPA_192,Shankarchandra,শংকরচন্দ্র,,,shankarchandra.chuadanga.gov.bd
Union,UNI_1743,UPA_192,Begumpur,বেগমপুর,,,begumpur.chuadanga.gov.bd
Union,UNI_1744,UPA_192,Kutubpur,কুতুবপুর,,,kutubpur.chuadanga.gov.bd
Union,UNI_1745,UPA_192,Padmabila,পদ্মবিলা,,,padmabila.chuadanga.gov.bd
Union,UNI_1746,UPA_193,Bhangbaria,ভাংবাড়ীয়া,,,bhangbaria.chuadanga.gov.bd
Union,UNI_1747,UPA_193,Baradi,বাড়াদী,,,baradiup.chuadanga.gov.bd
Union,UNI_1748,UPA_193,Gangni,গাংনী,,,gangniup.chuadanga.gov.bd
Union,UNI_1749,UPA_193,Khadimpur,খাদিমপুর,,,khadimpurup.chuadanga.gov.bd
Union,UNI_1750,UPA_193,Jehala,জেহালা,,,jehalaup.chuadanga.gov.bd
Union,UNI_1751,UPA_193,Belgachi,বেলগাছি,,,belgachiup.chuadanga.gov.bd
Union,UNI_1752,UPA_193,Dauki,ডাউকী,,,daukiup.chuadanga.gov.bd
Union,UNI_1753,UPA_193,Jamjami,জামজামি,,,jamjamiup.chuadanga.gov.bd
Union,UNI_1754,UPA_193,Nagdah,নাগদাহ,,,nagdahup.chuadanga.gov.bd
Union,UNI_1755,UPA_193,Kashkorara,খাসকররা,,,kashkoraraup.chuadanga.gov.bd
Union,UNI_1756,UPA_193,Chitla,চিৎলা,,,chitlaup.chuadanga.gov.bd
Union,UNI_1757,UPA_193,Kalidashpur,কালিদাসপুর,,,kalidashpurup.chuadanga.gov.bd
Union,UNI_1758,UPA_193,Kumari,কুমারী,,,kumariup.chuadanga.gov.bd
Union,UNI_1759,UPA_193,Hardi,হারদী,,,hardiup.chuadanga.gov.bd
Union,UNI_1760,UPA_193,Ailhash,আইলহাঁস,,,ailhashup.chuadanga.gov.bd
Union,UNI_1761,UPA_194,Damurhuda,দামুড়হুদা,,,damurhudaup.chuadanga.gov.bd
Union,UNI_1762,UPA_194,Karpashdanga,কার্পাসডাঙ্গা,,,karpashdanga.chuadanga.gov.bd
Union,UNI_1763,UPA_194,Natipota,নতিপোতা,,,natipota.chuadanga.gov.bd
Union,UNI_1764,UPA_194,Hawli,হাওলী,,,hawli.chuadanga.gov.bd
Union,UNI_1765,UPA_194,Kurulgachhi,কুড়ালগাছী,,,kurulgachhi.chuadanga.gov.bd
Union,UNI_1766,UPA_194,Perkrishnopur Madna,পারকৃষ্ণপুর মদনা,,,perkrishnopurmadna.chuadanga.gov.bd
Union,UNI_1767,UPA_194,Juranpur,জুড়ানপুর,,,juranpurup.chuadanga.gov.bd
Union,UNI_1768,UPA_195,Uthali,উথলী,,,uthaliup.chuadanga.gov.bd
Union,UNI_1769,UPA_195,Andulbaria,আন্দুলবাড়ীয়া,,,andulbaria.chuadanga.gov.bd
Union,UNI_1770,UPA_195,Banka,বাঁকা,,,bankaup.chuadanga.gov.bd
Union,UNI_1771,UPA_195,Shimanto,সীমান্ত,,,shimanto.chuadanga.gov.bd
Union,UNI_1772,UPA_195,Raypur,রায়পুর,,,raypurup.chuadanga.gov.bd
Union,UNI_1773,UPA_195,Hasadah,হাসাদাহ,,,hasadahup.chuadanga.gov.bd
Union,UNI_1774,UPA_196,Hatash Haripur,হাটশ হরিপুর,,,1nohatashharipurup.kushtia.gov.bd
Union,UNI_1775,UPA_196,Barkhada,বারখাদা,,,2nobarkhadaup.kushtia.gov.bd
Union,UNI_1776,UPA_196,Mazampur,মজমপুর,,,3nomazampurup.kushtia.gov.bd
Union,UNI_1777,UPA_196,Bottail,বটতৈল,,,4nobottailup.kushtia.gov.bd
Union,UNI_1778,UPA_196,Alampur,আলামপুর,,,5noalampurup.kushtia.gov.bd
Union,UNI_1779,UPA_196,Ziaraakhi,জিয়ারাখী,,,6noziaraakhiup.kushtia.gov.bd
Union,UNI_1780,UPA_196,Ailchara,আইলচারা,,,7noailcharaup.kushtia.gov.bd
Union,UNI_1781,UPA_196,Patikabari,পাটিকাবাড়ী,,,8nopatikabariup.kushtia.gov.bd
Union,UNI_1782,UPA_196,Jhaudia,ঝাউদিয়া,,,9nojhaudiaup.kushtia.gov.bd
Union,UNI_1783,UPA_196,Ujangram,উজানগ্রাম,,,10noujangramup.kushtia.gov.bd
Union,UNI_1784,UPA_196,Abdulpur,আব্দালপুর,,,11noabdulpurup.kushtia.gov.bd
Union,UNI_1785,UPA_196,Harinarayanpur,হরিনারায়নপুর,,,12noharinarayanpurup.kushtia.gov.bd
Union,UNI_1786,UPA_196,Monohardia,মনোহরদিয়া,,,13nomonohardiaup.kushtia.gov.bd
Union,UNI_1787,UPA_196,Goswami Durgapur,গোস্বামী দুর্গাপুর,,,14nogoswamidurgapurup.kushtia.gov.bd
Union,UNI_1788,UPA_197,Kaya,কয়া,,,1nokayaup.kushtia.gov.bd
Union,UNI_1789,UPA_197,Jagonnathpur,জগন্নাথপুর,,,3nojagonnathpurup.kushtia.gov.bd
Union,UNI_1790,UPA_197,Sadki,সদকী,,,4nosadkiup.kushtia.gov.bd
Union,UNI_1791,UPA_197,Shelaidah,শিলাইদহ,,,2noshelaidahup.kushtia.gov.bd
Union,UNI_1792,UPA_197,Nandolalpur,নন্দলালপুর,,,5nonandolalpurup.kushtia.gov.bd
Union,UNI_1793,UPA_197,Chapra,চাপড়া,,,6nochapraup.kushtia.gov.bd
Union,UNI_1794,UPA_197,Bagulat,বাগুলাট,,,7nobagulatup.kushtia.gov.bd
Union,UNI_1795,UPA_197,Jaduboyra,যদুবয়রা,,,8nojaduboyraup.kushtia.gov.bd
Union,UNI_1796,UPA_197,Chadpur,চাঁদপুর,,,9nochadpurup.kushtia.gov.bd
Union,UNI_1797,UPA_197,Panti,পান্টি,,,10nopantiup.kushtia.gov.bd
Union,UNI_1798,UPA_197,Charsadipur,চরসাদীপুর,,,11nocharsadipurup.kushtia.gov.bd
Union,UNI_1799,UPA_198,Khoksa,খোকসা,,,1nokhoksaup.kushtia.gov.bd
Union,UNI_1800,UPA_198,Osmanpur,ওসমানপুর,,,2noosmanpurup.kushtia.gov.bd
Union,UNI_1801,UPA_198,Janipur,জানিপুর,,,4nojanipurup.kushtia.gov.bd
Union,UNI_1802,UPA_198,Shimulia,শিমুলিয়া,,,5noshimuliaup.kushtia.gov.bd
Union,UNI_1803,UPA_198,Joyntihazra,জয়ন্তীহাজরা,,,8nojoyntihazraup.kushtia.gov.bd
Union,UNI_1804,UPA_198,Ambaria,আমবাড়ীয়া,,,9noambariaup.kushtia.gov.bd
Union,UNI_1805,UPA_198,Bethbaria,বেতবাড়ীয়া,,,3nobethbariaup.kushtia.gov.bd
Union,UNI_1806,UPA_198,Shomospur,শোমসপুর,,,6noshomospurup.kushtia.gov.bd
Union,UNI_1807,UPA_198,Gopgram,গোপগ্রাম,,,gopgram7up.kushtia.gov.bd
Union,UNI_1808,UPA_199,Chithalia,চিথলিয়া,,,chithaliaup.kushtia.gov.bd
Union,UNI_1809,UPA_199,Bahalbaria,বহলবাড়ীয়া,,,bahalbariaup.kushtia.gov.bd
Union,UNI_1810,UPA_199,Talbaria,তালবাড়ীয়া,,,talbariaup.kushtia.gov.bd
Union,UNI_1811,UPA_199,Baruipara,বারুইপাড়া,,,baruiparaup.kushtia.gov.bd
Union,UNI_1812,UPA_199,Fulbaria,ফুলবাড়ীয়া,,,fulbariaup.kushtia.gov.bd
Union,UNI_1813,UPA_199,Amla,আমলা,,,amlaup.kushtia.gov.bd
Union,UNI_1814,UPA_199,Sadarpur,সদরপুর,,,sadarpurup.kushtia.gov.bd
Union,UNI_1815,UPA_199,Chhatian,ছাতিয়ান,,,chhatianup.kushtia.gov.bd
Union,UNI_1816,UPA_199,Poradaha,পোড়াদহ,,,poradahaup.kushtia.gov.bd
Union,UNI_1817,UPA_199,Kursha,কুর্শা,,,kurshaup.kushtia.gov.bd
Union,UNI_1818,UPA_199,Ambaria,আমবাড়ীয়া,,,ambariaup.kushtia.gov.bd
Union,UNI_1819,UPA_199,Dhubail,ধূবইল,,,dhubailup.kushtia.gov.bd
Union,UNI_1820,UPA_199,Malihad,মালিহাদ,,,11nomalihadup.kushtia.gov.bd
Union,UNI_1821,UPA_200,Daulatpur,দৌলতপুর,,,daulatpurup.kushtia.gov.bd
Union,UNI_1822,UPA_200,Adabaria,ড়ীয়া,,,adabariaup.kushtia.gov.bd
Union,UNI_1823,UPA_200,Hogolbaria,হোগলবাড়ীয়া,,,hogolbariaup.kushtia.gov.bd
Union,UNI_1824,UPA_200,Boalia,বোয়ালি,,,boaliaup.kushtia.gov.bd
Union,UNI_1825,UPA_200,Philipnagor,ফিলিপনগর,,,philipnagorup.kushtia.gov.bd
Union,UNI_1826,UPA_200,Aria,আড়িয়া,,,ariaup.kushtia.gov.bd
Union,UNI_1827,UPA_200,Khalishakundi,খলিশাকুন্ডি,,,khalishakundiup.kushtia.gov.bd
Union,UNI_1828,UPA_200,Chilmary,চিলমারী,,,chilmaryup.kushtia.gov.bd
Union,UNI_1829,UPA_200,Mothurapur,মথুরাপুর,,,mothurapurup.kushtia.gov.bd
Union,UNI_1830,UPA_200,Pragpur,প্রাগপুর,,,pragpurup.kushtia.gov.bd
Union,UNI_1831,UPA_200,Piarpur,পিয়ারপুর,,,piarpurup.kushtia.gov.bd
Union,UNI_1832,UPA_200,Moricha,মরিচা,,,morichaup.kushtia.gov.bd
Union,UNI_1833,UPA_200,Refaitpur,রিফাইতপুর,,,9norefaitpurup.kushtia.gov.bd
Union,UNI_1834,UPA_200,Ramkrishnopur,রামকৃষ্ণপুর,,,5noramkrishnopurup.kushtia.gov.bd
Union,UNI_1835,UPA_201,Dharampur,ধরমপুর,,,5nodharampurup.kushtia.gov.bd
Union,UNI_1836,UPA_201,Bahirchar,বাহিরচর,,,3nobahircharup.kushtia.gov.bd
Union,UNI_1837,UPA_201,Mukarimpur,মোকারিমপুর,,,2nomukarimpurup.kushtia.gov.bd
Union,UNI_1838,UPA_201,Juniadah,জুনিয়াদহ,,,6nojuniadahup.kushtia.gov.bd
Union,UNI_1839,UPA_201,Chandgram,চাঁদগ্রাম,,,4nochandgramup.kushtia.gov.bd
Union,UNI_1840,UPA_201,Bahadurpur,বাহাদুরপুর,,,1nobahadurpurup.kushtia.gov.bd
Union,UNI_1841,UPA_202,Dhaneshwargati,ধনেশ্বরগাতী,,,dhaneshwargatiup.magura.gov.bd
Union,UNI_1842,UPA_202,Talkhari,তালখড়ি,,,talkhariup.magura.gov.bd
Union,UNI_1843,UPA_202,Arpara,আড়পাড়া,,,arparaup.magura.gov.bd
Union,UNI_1844,UPA_202,Shatakhali,শতখালী,,,shatakhaliup.magura.gov.bd
Union,UNI_1845,UPA_202,Shalikha,শালিখা,,,shalikhaup.magura.gov.bd
Union,UNI_1846,UPA_202,Bunagati,বুনাগাতী,,,bunagatiup.magura.gov.bd
Union,UNI_1847,UPA_202,Gongarampur,গঙ্গারামপুর,,,gongarampurup.magura.gov.bd
Union,UNI_1848,UPA_203,Goyespur,গয়েশপুর,,,goyespurup.magura.gov.bd
Union,UNI_1849,UPA_203,Sreekol,শ্রীকোল,,,sreekolup.magura.gov.bd
Union,UNI_1850,UPA_203,Dariapur,দ্বারিয়াপুর,,,dariapurup.magura.gov.bd
Union,UNI_1851,UPA_203,Kadirpara,কাদিরপাড়া,,,kadirparaup.magura.gov.bd
Union,UNI_1852,UPA_203,Shobdalpur,সব্দালপুর,,,shobdalpurup.magura.gov.bd
Union,UNI_1853,UPA_203,Sreepur,শ্রীপুর,,,sreepurup.magura.gov.bd
Union,UNI_1854,UPA_203,Nakol,নাকোল,,,nakolup.magura.gov.bd
Union,UNI_1855,UPA_203,Amalshar,আমলসার,,,amalsharup.magura.gov.bd
Union,UNI_1856,UPA_204,Hazipur,হাজীপুর,,,hazipurup.magura.gov.bd
Union,UNI_1857,UPA_204,Atharokhada,আঠারখাদা,,,atharokhadaup.magura.gov.bd
Union,UNI_1858,UPA_204,Kosundi,কছুন্দী,,,kosundiup.magura.gov.bd
Union,UNI_1859,UPA_204,Bogia,বগিয়া,,,bogiaup.magura.gov.bd
Union,UNI_1860,UPA_204,Hazrapur,হাজরাপুর,,,hazrapurup.magura.gov.bd
Union,UNI_1861,UPA_204,Raghobdair,রাঘবদাইড়,,,raghobdairup.magura.gov.bd
Union,UNI_1862,UPA_204,Jagdal,জগদল,,,jagdalup.magura.gov.bd
Union,UNI_1863,UPA_204,Chawlia,চাউলিয়া,,,chawliaup.magura.gov.bd
Union,UNI_1864,UPA_204,Satrijitpur,শত্রুজিৎপুর,,,satrijitpurup.magura.gov.bd
Union,UNI_1865,UPA_204,Baroilpolita,বেরইল পলিতা,,,baroilpolitaup.magura.gov.bd
Union,UNI_1866,UPA_204,Kuchiamora,কুচিয়ামো,,,kuchiamoraup.magura.gov.bd
Union,UNI_1867,UPA_204,Gopalgram,গোপালগ্রাম,,,gopalgramup.magura.gov.bd
Union,UNI_1868,UPA_204,Moghi,মঘী,,,moghiup.magura.gov.bd
Union,UNI_1869,UPA_205,Digha,দীঘা,,,dighaup.magura.gov.bd
Union,UNI_1870,UPA_205,Nohata,নহাটা,,,nohataup.magura.gov.bd
Union,UNI_1871,UPA_205,Palashbaria,পলাশবাড়ীয়া,,,palashbariaup.magura.gov.bd
Union,UNI_1872,UPA_205,Babukhali,বাবুখালী,,,babukhaliup.magura.gov.bd
Union,UNI_1873,UPA_205,Balidia,বালিদিয়া,,,balidiaup.magura.gov.bd
Union,UNI_1874,UPA_205,Binodpur,বিনোদপুর,,,binodpurup.magura.gov.bd
Union,UNI_1875,UPA_205,Mohammadpur,মহম্মদপুর,,,mohammadpurup.magura.gov.bd
Union,UNI_1876,UPA_205,Rajapur,রাজাপুর,,,rajapurup.magura.gov.bd
Union,UNI_1877,UPA_206,Horidhali,হরিঢালী,,,horidhaliup.khulna.gov.bd
Union,UNI_1878,UPA_206,Goroikhali,গড়ইখালী,,,goroikhaliup.khulna.gov.bd
Union,UNI_1879,UPA_206,Kopilmuni,কপিলমুনি,,,kopilmuniup.khulna.gov.bd
Union,UNI_1880,UPA_206,Lota,লতা,,,lotaup.khulna.gov.bd
Union,UNI_1881,UPA_206,Deluti,দেলুটি,,,delutiup.khulna.gov.bd
Union,UNI_1882,UPA_206,Loskor,লস্কর,,,loskorup.khulna.gov.bd
Union,UNI_1883,UPA_206,Godaipur,গদাইপুর,,,godaipurup.khulna.gov.bd
Union,UNI_1884,UPA_206,Raruli,রাড়ুলী,,,www.raruliup.khulna.gov.bd
Union,UNI_1885,UPA_206,Chandkhali,চাঁদখালী,,,chandkhaliup.khulna.gov.bd
Union,UNI_1886,UPA_206,Soladana,সোলাদানা,,,soladanaup.khulna.gov.bd
Union,UNI_1887,UPA_207,Fultola,ফুলতলা,,,www.fultolaup.khulna.gov.bd
Union,UNI_1888,UPA_207,Damodar,দামোদর,,,www.damodarup.khulna.gov.bd
Union,UNI_1889,UPA_207,Atra Gilatola,আটরা গিলাতলা,,,www.atragilatolaup.khulna.gov.bd
Union,UNI_1890,UPA_207,Jamira,জামিরা,,,www.jamiraup.khulna.gov.bd
Union,UNI_1891,UPA_208,Senhati,সেনহাটি,,,www.senhatiup.khulna.gov.bd
Union,UNI_1892,UPA_208,Gajirhat,গাজীরহাট,,,www.gajirhatup.khulna.gov.bd
Union,UNI_1893,UPA_208,Barakpur,বারাকপুর,,,www.barakpurup.khulna.gov.bd
Union,UNI_1894,UPA_208,Aronghata,আড়ংঘাটা,,,www.aronghataup.khulna.gov.bd
Union,UNI_1895,UPA_208,Jogipol,যোগীপোল,,,www.jogipolup.khulna.gov.bd
Union,UNI_1896,UPA_208,Digholia,দিঘলিয়া,,,www.digholiaup.khulna.gov.bd
Union,UNI_1897,UPA_209,Aichgati,আইচগাতী,,,aichgatiup.khulna.gov.bd
Union,UNI_1898,UPA_209,Srifoltola,শ্রীফলতলা,,,srifoltolaup.khulna.gov.bd
Union,UNI_1899,UPA_209,Noihati,নৈহাটি,,,noihatiup.khulna.gov.bd
Union,UNI_1900,UPA_209,Tsb,টিএসবি,,,tsbup.khulna.gov.bd
Union,UNI_1901,UPA_209,Ghatvog,ঘাটভোগ,,,ghatvogup.khulna.gov.bd
Union,UNI_1902,UPA_210,Terokhada,তেরখাদা,,,terokhadaup.khulna.gov.bd
Union,UNI_1903,UPA_210,Chagladoho,ছাগলাদহ,,,chagladohoup.khulna.gov.bd
Union,UNI_1904,UPA_210,Barasat,বারাসাত,,,www.barasatup.khulna.gov.bd
Union,UNI_1905,UPA_210,Sochiadaho,সাচিয়াদাহ,,,www.sochiadahoup.khulna.gov.bd
Union,UNI_1906,UPA_210,Modhupur,মধুপুর,,,www.modhupurup.khulna.gov.bd
Union,UNI_1907,UPA_210,Ajgora,আজগড়া,,,www.ajgoraup.khulna.gov.bd
Union,UNI_1908,UPA_211,Dumuria,ডুমুরিয়া,,,dumuriaup.khulna.gov.bd
Union,UNI_1909,UPA_211,Magurghona,মাগুরাঘোনা,,,magurghonaup.khulna.gov.bd
Union,UNI_1910,UPA_211,Vandarpara,ভান্ডারপাড়া,,,vandarparaup.khulna.gov.bd
Union,UNI_1911,UPA_211,Sahos,সাহস,,,sahosup.khulna.gov.bd
Union,UNI_1912,UPA_211,Rudaghora,রুদাঘরা,,,rudaghoraup.khulna.gov.bd
Union,UNI_1913,UPA_211,Ghutudia,গুটুদিয়া,,,ghutudiaup.khulna.gov.bd
Union,UNI_1914,UPA_211,Shovna,শোভনা,,,shovnaup.khulna.gov.bd
Union,UNI_1915,UPA_211,Khornia,খর্ণিয়া,,,khorniaup.khulna.gov.bd
Union,UNI_1916,UPA_211,Atlia,আটলিয়া,,,atliaup.khulna.gov.bd
Union,UNI_1917,UPA_211,Dhamalia,ধামালিয়া,,,dhamaliaup.khulna.gov.bd
Union,UNI_1918,UPA_211,Raghunathpur,রঘুনাথপুর,,,raghunathpurup.khulna.gov.bd
Union,UNI_1919,UPA_211,Rongpur,রংপুর,,,rongpurup.khulna.gov.bd
Union,UNI_1920,UPA_211,Shorafpur,শরাফপুর,,,shorafpurup.khulna.gov.bd
Union,UNI_1921,UPA_211,Magurkhali,মাগুরখালি,,,magurkhaliup.khulna.gov.bd
Union,UNI_1922,UPA_212,Botiaghata,বটিয়াঘাটা,,,www.botiaghataup.khulna.gov.bd
Union,UNI_1923,UPA_212,Amirpur,আমিরপুর,,,www.amirpurup.khulna.gov.bd
Union,UNI_1924,UPA_212,Gongarampur,গঙ্গারামপুর,,,www.gongarampurup.khulna.gov.bd
Union,UNI_1925,UPA_212,Surkhali,সুরখালী,,,www.surkhaliup.khulna.gov.bd
Union,UNI_1926,UPA_212,Vandarkot,ভান্ডারকোট,,,www.vandarkotup.khulna.gov.bd
Union,UNI_1927,UPA_212,Baliadanga,বালিয়াডাঙ্গা,,,www.baliadangaup.khulna.gov.bd
Union,UNI_1928,UPA_212,Jolma,জলমা,,,www.jolmaup.khulna.gov.bd
Union,UNI_1929,UPA_213,Dakop,দাকোপ,,,www.dakopup.khulna.gov.bd
Union,UNI_1930,UPA_213,Bajua,বাজুয়া,,,bajuaup.khulna.gov.bd
Union,UNI_1931,UPA_213,Kamarkhola,কামারখোলা,,,www.kamarkholaup.khulna.gov.bd
Union,UNI_1932,UPA_213,Tildanga,তিলডাঙ্গা,,,www.tildangaup.khulna.gov.bd
Union,UNI_1933,UPA_213,Sutarkhali,সুতারখালী,,,www.sutarkhaliup.khulna.gov.bd
Union,UNI_1934,UPA_213,Laudoba,লাউডোব,,,laudobaup.khulna.gov.bd
Union,UNI_1935,UPA_213,Pankhali,পানখালী,,,pankhaliup.khulna.gov.bd
Union,UNI_1936,UPA_213,Banishanta,বানিশান্তা,,,banishantaup.khulna.gov.bd
Union,UNI_1937,UPA_213,Koilashgonj,কৈলাশগঞ্জ,,,koilashgonjup.khulna.gov.bd
Union,UNI_1938,UPA_214,Koyra,কয়রা,,,koyraup.khulna.gov.bd
Union,UNI_1939,UPA_214,Moharajpur,মহারাজপুর,,,moharajpurup.khulna.gov.bd
Union,UNI_1940,UPA_214,Moheswaripur,মহেশ্বরীপুর,,,moheswaripurup.khulna.gov.bd
Union,UNI_1941,UPA_214,North Bedkashi,উত্তর বেদকাশী,,,northbedkashiup.khulna.gov.bd
Union,UNI_1942,UPA_214,South Bedkashi,দক্ষিণ বেদকাশী,,,southbedkashiup.khulna.gov.bd
Union,UNI_1943,UPA_214,Amadi,আমাদি,,,amadiup.khulna.gov.bd
Union,UNI_1944,UPA_214,Bagali,বাগালী,,,bagaliup.khulna.gov.bd
Union,UNI_1945,UPA_215,Betaga,বেতাগা,,,betagaup.bagerhat.gov.bd
Union,UNI_1946,UPA_215,Lakhpur,লখপুর,,,lakhpurup.bagerhat.gov.bd
Union,UNI_1947,UPA_215,Fakirhat,ফকিরহাট,,,fakirhatup.bagerhat.gov.bd
Union,UNI_1948,UPA_215,Bahirdia-Mansa,বাহিরদিয়া-মানসা,,,bahirdiamansaup.bagerhat.gov.bd
Union,UNI_1949,UPA_215,Piljanga,পিলজংগ,,,piljangaup.bagerhat.gov.bd
Union,UNI_1950,UPA_215,Naldha-Mouvhog,নলধা-মৌভোগ,,,naldhamauvhogup.bagerhat.gov.bd
Union,UNI_1951,UPA_215,Mulghar,মূলঘর,,,mulgharup.bagerhat.gov.bd
Union,UNI_1952,UPA_215,Suvhadia,শুভদিয়া,,,suvhadiaup.bagerhat.gov.bd
Union,UNI_1953,UPA_216,Karapara,কাড়াপাড়া,,,karaparaup.bagerhat.gov.bd
Union,UNI_1954,UPA_216,Bamorta,বেমরতা,,,bamortaup.bagerhat.gov.bd
Union,UNI_1955,UPA_216,Gotapara,গোটাপাড়া,,,gotaparaup.bagerhat.gov.bd
Union,UNI_1956,UPA_216,Bishnapur,বিষ্ণুপুর,,,bishnapurup.bagerhat.gov.bd
Union,UNI_1957,UPA_216,Baruipara,বারুইপাড়া,,,baruiparaup.bagerhat.gov.bd
Union,UNI_1958,UPA_216,Jatharapur,যাত্রাপুর,,,jatharapurup.bagerhat.gov.bd
Union,UNI_1959,UPA_216,Shaitgomboj,ষাটগুম্বজ,,,shaitgombojup.bagerhat.gov.bd
Union,UNI_1960,UPA_216,Khanpur,খানপুর,,,khanpurup.bagerhat.gov.bd
Union,UNI_1961,UPA_216,Rakhalgachi,রাখালগাছি,,,rakhalgachiup.bagerhat.gov.bd
Union,UNI_1962,UPA_216,Dema,ডেমা,,,demaup.bagerhat.gov.bd
Union,UNI_1963,UPA_217,Udoypur,উদয়পুর,,,udoypurup.bagerhat.gov.bd
Union,UNI_1964,UPA_217,Chunkhola,চুনখোলা,,,chunkholaup.bagerhat.gov.bd
Union,UNI_1965,UPA_217,Gangni,গাংনী,,,gangniup.bagerhat.gov.bd
Union,UNI_1966,UPA_217,Kulia,কুলিয়া,,,kuliaup.bagerhat.gov.bd
Union,UNI_1967,UPA_217,Gaola,গাওলা,,,gaolaup.bagerhat.gov.bd
Union,UNI_1968,UPA_217,Kodalia,কোদালিয়া,,,kodaliaup.bagerhat.gov.bd
Union,UNI_1969,UPA_217,Atjuri,আটজুড়ী,,,atjuriup.bagerhat.gov.bd
Union,UNI_1970,UPA_218,Dhanshagor,ধানসাগর,,,dhanshagorup.bagerhat.gov.bd
Union,UNI_1971,UPA_218,Khontakata,খোন্তাকাটা,,,khontakataup.bagerhat.gov.bd
Union,UNI_1972,UPA_218,Rayenda,রায়েন্দা,,,rayendaup.bagerhat.gov.bd
Union,UNI_1973,UPA_218,Southkhali,সাউথখালী,,,southkhaliup.bagerhat.gov.bd
Union,UNI_1974,UPA_219,Gouramva,গৌরম্ভা,,,gouramvaup.bagerhat.gov.bd
Union,UNI_1975,UPA_219,Uzzalkur,উজলকুড়,,,uzzalkurup.bagerhat.gov.bd
Union,UNI_1976,UPA_219,Baintala,বাইনতলা,,,baintalaup.bagerhat.gov.bd
Union,UNI_1977,UPA_219,Rampal,রামপাল,,,rampalup.bagerhat.gov.bd
Union,UNI_1978,UPA_219,Rajnagar,রাজনগর,,,rajnagarup.bagerhat.gov.bd
Union,UNI_1979,UPA_219,Hurka,হুড়কা,,,hurkaup.bagerhat.gov.bd
Union,UNI_1980,UPA_219,Perikhali,পেড়িখালী,,,perikhaliup.bagerhat.gov.bd
Union,UNI_1981,UPA_219,Vospatia,ভোজপাতিয়া,,,vospatiaup.bagerhat.gov.bd
Union,UNI_1982,UPA_219,Mollikerbar,মল্লিকেরবেড়,,,mollikerbarup.bagerhat.gov.bd
Union,UNI_1983,UPA_219,Bastoli,বাঁশতলী,,,bastoliup.bagerhat.gov.bd
Union,UNI_1984,UPA_220,Teligati,তেলিগাতী,,,teligatiup.bagerhat.gov.bd
Union,UNI_1985,UPA_220,Panchakaran,পঞ্চকরণ,,,panchakaranup.bagerhat.gov.bd
Union,UNI_1986,UPA_220,Putikhali,পুটিখালী,,,putikhaliup.bagerhat.gov.bd
Union,UNI_1987,UPA_220,Daibagnyahati,দৈবজ্ঞহাটি,,,daibagnyahatiup.bagerhat.gov.bd
Union,UNI_1988,UPA_220,Ramchandrapur,রামচন্দ্রপুর,,,ramchandrapurup.bagerhat.gov.bd
Union,UNI_1989,UPA_220,Chingrakhali,চিংড়াখালী,,,chingrakhaliup.bagerhat.gov.bd
Union,UNI_1990,UPA_220,Jiudhara,জিউধরা,,,jiudharaup.bagerhat.gov.bd
Union,UNI_1991,UPA_220,Hoglapasha,হোগলাপাশা,,,hoglapashaup.bagerhat.gov.bd
Union,UNI_1992,UPA_220,Banagram,বনগ্রাম,,,banagramup.bagerhat.gov.bd
Union,UNI_1993,UPA_220,Balaibunia,বলইবুনিয়া,,,balaibuniaup.bagerhat.gov.bd
Union,UNI_1994,UPA_220,Hoglabunia,হোগলাবুনিয়া,,,hoglabuniaup.bagerhat.gov.bd
Union,UNI_1995,UPA_220,Baharbunia,বহরবুনিয়া,,,baharbuniaup.bagerhat.gov.bd
Union,UNI_1996,UPA_220,Morrelganj,মোড়েলগঞ্জ,,,morrelganjup.bagerhat.gov.bd
Union,UNI_1997,UPA_220,Khaulia,খাউলিয়া,,,khauliaup.bagerhat.gov.bd
Union,UNI_1998,UPA_220,Nishanbaria,নিশানবাড়িয়া,,,nishanbariaup.bagerhat.gov.bd
Union,UNI_1999,UPA_220,Baraikhali,বারইখালী,,,baraikhaliup.bagerhat.gov.bd
Union,UNI_2000,UPA_221,Gojalia,গজালিয়া,,,gojaliaup.bagerhat.gov.bd
Union,UNI_2001,UPA_221,Dhopakhali,ধোপাখালী,,,dhopakhaliup.bagerhat.gov.bd
Union,UNI_2002,UPA_221,Moghia,মঘিয়া,,,moghiaup.bagerhat.gov.bd
Union,UNI_2003,UPA_221,Kachua,কচুয়া,,,kachuaup.bagerhat.gov.bd
Union,UNI_2004,UPA_221,Gopalpur,গোপালপুর,,,gopalpurup.bagerhat.gov.bd
Union,UNI_2005,UPA_221,Raripara,রাড়ীপাড়া,,,rariparaup.bagerhat.gov.bd
Union,UNI_2006,UPA_221,Badhal,বাধাল,,,badhalup.bagerhat.gov.bd
Union,UNI_2007,UPA_222,Burrirdangga,বুড়িরডাঙ্গা,,,burrirdanggaup.bagerhat.gov.bd
Union,UNI_2008,UPA_222,Mithakhali,মিঠাখালী,,,mithakhaliup.bagerhat.gov.bd
Union,UNI_2009,UPA_222,Sonailtala,সোনাইলতলা,,,sonailtalaup.bagerhat.gov.bd
Union,UNI_2010,UPA_222,Chadpai,চাঁদপাই,,,chadpaiup.bagerhat.gov.bd
Union,UNI_2011,UPA_222,Chila,চিলা,,,chilaup.bagerhat.gov.bd
Union,UNI_2012,UPA_222,Sundarban,সুন্দরবন,,,sundarbanup.bagerhat.gov.bd
Union,UNI_2013,UPA_223,Barobaria,বড়বাড়িয়া,,,barobariaup.bagerhat.gov.bd
Union,UNI_2014,UPA_223,Kalatala,কলাতলা,,,kalatalaup.bagerhat.gov.bd
Union,UNI_2015,UPA_223,Hizla,হিজলা,,,hizlaup.bagerhat.gov.bd
Union,UNI_2016,UPA_223,Shibpur,শিবপুর,,,shibpurup.bagerhat.gov.bd
Union,UNI_2017,UPA_223,Chitalmari,চিতলমারী,,,chitalmariup.bagerhat.gov.bd
Union,UNI_2018,UPA_223,Charbaniri,চরবানিয়ারী,,,charbaniriup.bagerhat.gov.bd
Union,UNI_2019,UPA_223,Shantoshpur,সন্তোষপুর,,,shantoshpurup.bagerhat.gov.bd
Union,UNI_2020,UPA_224,Sadhuhati,সাধুহাটী,,,sadhuhatiup.jhenaidah.gov.bd
Union,UNI_2021,UPA_224,Modhuhati,মধুহাটী,,,modhuhatiup.jhenaidah.gov.bd
Union,UNI_2022,UPA_224,Saganna,সাগান্না,,,sagannaup.jhenaidah.gov.bd
Union,UNI_2023,UPA_224,Halidhani,হলিধানী,,,halidhaniup.jhenaidah.gov.bd
Union,UNI_2024,UPA_224,Kumrabaria,কুমড়াবাড়ীয়া,,,kumrabariaup.jhenaidah.gov.bd
Union,UNI_2025,UPA_224,Ganna,গান্না,,,gannaup.jhenaidah.gov.bd
Union,UNI_2026,UPA_224,Maharazpur,মহারাজপুর,,,maharazpurup.jhenaidah.gov.bd
Union,UNI_2027,UPA_224,Paglakanai,পাগলাকানাই,,,paglakanaiup.jhenaidah.gov.bd
Union,UNI_2028,UPA_224,Porahati,পোড়াহাটী,,,porahatiup.jhenaidah.gov.bd
Union,UNI_2029,UPA_224,Harishongkorpur,হরিশংকরপুর,,,harishongkorpurup.jhenaidah.gov.bd
Union,UNI_2030,UPA_224,Padmakar,পদ্মাকর,,,padmakarup.jhenaidah.gov.bd
Union,UNI_2031,UPA_224,Dogachhi,দোগাছি,,,dogachhiup.jhenaidah.gov.bd
Union,UNI_2032,UPA_224,Furshondi,ফুরসন্দি,,,furshondiup.jhenaidah.gov.bd
Union,UNI_2033,UPA_224,Ghorshal,ঘোড়শাল,,,ghorshalup.jhenaidah.gov.bd
Union,UNI_2034,UPA_224,Kalicharanpur,কালীচরণপুর,,,kalicharanpurup.jhenaidah.gov.bd
Union,UNI_2035,UPA_224,Surat,সুরাট,,,suratup.jhenaidah.gov.bd
Union,UNI_2036,UPA_224,Naldanga,নলডাঙ্গা,,,naldangaup.jhenaidah.gov.bd
Union,UNI_2037,UPA_225,Tribeni,ত্রিবেনী,,,tribeniup.jhenaidah.gov.bd
Union,UNI_2038,UPA_225,Mirzapur,মির্জাপুর,,,mirzapurup.jhenaidah.gov.bd
Union,UNI_2039,UPA_225,Dignagore,দিগনগর,,,dignagoreup.jhenaidah.gov.bd
Union,UNI_2040,UPA_225,Kancherkol,কাঁচেরকোল,,,kancherkolup.jhenaidah.gov.bd
Union,UNI_2041,UPA_225,Sarutia,সারুটিয়া,,,sarutiaup.jhenaidah.gov.bd
Union,UNI_2042,UPA_225,Hakimpur,হাকিমপুর,,,hakimpurup.jhenaidah.gov.bd
Union,UNI_2043,UPA_225,Dhaloharachandra,ধলহরাচন্দ্র,,,dhaloharachandraup.jhenaidah.gov.bd
Union,UNI_2044,UPA_225,Manoharpur,মনোহরপুর,,,manoharpurup.jhenaidah.gov.bd
Union,UNI_2045,UPA_225,Bogura,বগুড়া,,,boguraup.jhenaidah.gov.bd
Union,UNI_2046,UPA_225,Abaipur,আবাইপুর,,,abaipurup.jhenaidah.gov.bd
Union,UNI_2047,UPA_225,Nityanandapur,নিত্যানন্দপুর,,,nityanandapurup.jhenaidah.gov.bd
Union,UNI_2048,UPA_225,Umedpur,উমেদপুর,,,umedpurup.jhenaidah.gov.bd
Union,UNI_2049,UPA_225,Dudshar,দুধসর,,,dudsharup.jhenaidah.gov.bd
Union,UNI_2050,UPA_225,Fulhari,ফুলহরি,,,fulhariup.jhenaidah.gov.bd
Union,UNI_2051,UPA_226,Bhayna,ভায়না,,,bhaynaup.jhenaidah.gov.bd
Union,UNI_2052,UPA_226,Joradah,জোড়াদহ,,,joradahup.jhenaidah.gov.bd
Union,UNI_2053,UPA_226,Taherhuda,তাহেরহুদা,,,taherhudaup.jhenaidah.gov.bd
Union,UNI_2054,UPA_226,Daulatpur,দৌলতপুর,,,daulatpurup.jhenaidah.gov.bd
Union,UNI_2055,UPA_226,Kapashatia,কাপাশহাটিয়া,,,kapashatiaup.jhenaidah.gov.bd
Union,UNI_2056,UPA_226,Falsi,ফলসী,,,falsiup.jhenaidah.gov.bd
Union,UNI_2057,UPA_226,Raghunathpur,রঘুনাথপুর,,,raghunathpurup.jhenaidah.gov.bd
Union,UNI_2058,UPA_226,Chandpur,চাঁদপুর,,,chandpurup.jhenaidah.gov.bd
Union,UNI_2059,UPA_227,Sundarpurdurgapur,সুন্দরপুর-দূর্গাপুর,,,sundarpurdurgapurup.jhenaidah.gov.bd
Union,UNI_2060,UPA_227,Jamal,জামাল,,,jamalup.jhenaidah.gov.bd
Union,UNI_2061,UPA_227,Kola,কোলা,,,kolaup.jhenaidah.gov.bd
Union,UNI_2062,UPA_227,Niamatpur,নিয়ামতপুর,,,niamatpurup.jhenaidah.gov.bd
Union,UNI_2063,UPA_227,Simla-Rokonpur,শিমলা-রোকনপুর,,,simlarokonpurup.jhenaidah.gov.bd
Union,UNI_2064,UPA_227,Trilochanpur,ত্রিলোচনপুর,,,trilochanpurup.jhenaidah.gov.bd
Union,UNI_2065,UPA_227,Raygram,রায়গ্রাম,,,raygramup.jhenaidah.gov.bd
Union,UNI_2066,UPA_227,Maliat,মালিয়াট,,,maliatup.jhenaidah.gov.bd
Union,UNI_2067,UPA_227,Barabazar,বারবাজার,,,barabazarup.jhenaidah.gov.bd
Union,UNI_2068,UPA_227,Kashtabhanga,কাষ্টভাঙ্গা,,,kashtabhangaup.jhenaidah.gov.bd
Union,UNI_2069,UPA_227,Rakhalgachhi,রাখালগাছি,,,rakhalgachhiup.jhenaidah.gov.bd
Union,UNI_2070,UPA_228,Sabdalpur,সাবদালপুর,,,sabdalpurup.jhenaidah.gov.bd
Union,UNI_2071,UPA_228,Dora,দোড়া,,,doraup.jhenaidah.gov.bd
Union,UNI_2072,UPA_228,Kushna,কুশনা,,,kushnaup.jhenaidah.gov.bd
Union,UNI_2073,UPA_228,Baluhar,বলুহর,,,baluharup.jhenaidah.gov.bd
Union,UNI_2074,UPA_228,Elangi,এলাঙ্গী,,,elangiup.jhenaidah.gov.bd
Union,UNI_2075,UPA_229,Sbk,"এস, বি, কে",,,sbkup.jhenaidah.gov.bd
Union,UNI_2076,UPA_229,Fatepur,ফতেপুর,,,fatepurup.jhenaidah.gov.bd
Union,UNI_2077,UPA_229,Panthapara,পান্থপাড়া,,,panthaparaup.jhenaidah.gov.bd
Union,UNI_2078,UPA_229,Swaruppur,স্বরুপপুর,,,swaruppurup.jhenaidah.gov.bd
Union,UNI_2079,UPA_229,Shyamkur,শ্যামকুড়,,,shyamkurup.jhenaidah.gov.bd
Union,UNI_2080,UPA_229,Nepa,নেপা,,,nepaup.jhenaidah.gov.bd
Union,UNI_2081,UPA_229,Kazirber,কাজীরবেড়,,,kazirberup.jhenaidah.gov.bd
Union,UNI_2082,UPA_229,Banshbaria,বাঁশবাড়ীয়া,,,banshbariaup.jhenaidah.gov.bd
Union,UNI_2083,UPA_229,Jadabpur,যাদবপুর,,,jadabpurup.jhenaidah.gov.bd
Union,UNI_2084,UPA_229,Natima,নাটিমা,,,natimaup.jhenaidah.gov.bd
Union,UNI_2085,UPA_229,Manderbaria,মান্দারবাড়ীয়া,,,manderbariaup.jhenaidah.gov.bd
Union,UNI_2086,UPA_229,Azampur,আজমপুর,,,azampurup.jhenaidah.gov.bd
Union,UNI_2087,UPA_230,Basanda,বাসন্ডা,,,basandaup.jhalakathi.gov.bd
Union,UNI_2088,UPA_230,Binoykati,বিনয়কাঠী,,,binoykatiup.jhalakathi.gov.bd
Union,UNI_2089,UPA_230,Gabharamchandrapur,গাভারামচন্দ্রপুর,,,gabharamchandrapurup.jhalakathi.gov.bd
Union,UNI_2090,UPA_230,Keora,কেওড়া,,,keoraup.jhalakathi.gov.bd
Union,UNI_2091,UPA_230,Kirtipasha,কীর্তিপাশা,,,kirtipashaup.jhalakathi.gov.bd
Union,UNI_2092,UPA_230,Nabagram,নবগ্রাম,,,nabagramup.jhalakathi.gov.bd
Union,UNI_2093,UPA_230,Nathullabad,নথুলল্লাবাদ,,,nathullabadup.jhalakathi.gov.bd
Union,UNI_2094,UPA_230,Ponabalia,পোনাবালিয়া,,,ponabaliaup.jhalakathi.gov.bd
Union,UNI_2095,UPA_230,Sekherhat,শেখেরহাট,,,sekherhatup.jhalakathi.gov.bd
Union,UNI_2096,UPA_230,Gabkhandhansiri,গাবখান ধানসিঁড়ি,,,gabkhandhansiriup.jhalakathi.gov.bd
Union,UNI_2097,UPA_231,Amua,আমুয়া,,,amuaup.jhalakathi.gov.bd
Union,UNI_2098,UPA_231,Awrabunia,আওরাবুনিয়া,,,awrabuniaup.jhalakathi.gov.bd
Union,UNI_2099,UPA_231,Chenchrirampur,চেঁচরীরামপুর,,,chenchrirampurup.jhalakathi.gov.bd
Union,UNI_2100,UPA_231,Kanthalia,কাঠালিয়া,,,kanthaliaup.jhalakathi.gov.bd
Union,UNI_2101,UPA_231,Patikhalghata,পাটিখালঘাটা,,,patikhalghataup.jhalakathi.gov.bd
Union,UNI_2102,UPA_231,Shaulajalia,শৌলজালিয়া,,,shaulajaliaup.jhalakathi.gov.bd
Union,UNI_2103,UPA_232,Subidpur,সুবিদপুর,,,subidpurup.jhalakathi.gov.bd
Union,UNI_2104,UPA_232,Siddhakati,সিদ্ধকাঠী,,,siddhakatiup.jhalakathi.gov.bd
Union,UNI_2105,UPA_232,Ranapasha,রানাপাশা,,,ranapashaup.jhalakathi.gov.bd
Union,UNI_2106,UPA_232,Nachanmohal,নাচনমহল,,,nachanmohalup.jhalakathi.gov.bd
Union,UNI_2107,UPA_232,Mollahat,মোল্লারহাট,,,mollahatup.jhalakathi.gov.bd
Union,UNI_2108,UPA_232,Magar,মগর,,,magarup.jhalakathi.gov.bd
Union,UNI_2109,UPA_232,Kusanghal,কুশঙ্গল,,,kusanghalup.jhalakathi.gov.bd
Union,UNI_2110,UPA_232,Kulkathi,কুলকাঠী,,,kulkathiup.jhalakathi.gov.bd
Union,UNI_2111,UPA_232,Dapdapia,দপদপিয়া,,,dapdapiaup.jhalakathi.gov.bd
Union,UNI_2112,UPA_232,Bharabpasha,ভৈরবপাশা,,,bharabpashaup.jhalakathi.gov.bd
Union,UNI_2113,UPA_233,Suktagarh,শুক্তাগড়,,,suktagarhup.jhalakathi.gov.bd
Union,UNI_2114,UPA_233,Saturia,সাতুরিয়া,,,saturiaup.jhalakathi.gov.bd
Union,UNI_2115,UPA_233,Mathbari,মঠবাড়ী,,,mathbariup.jhalakathi.gov.bd
Union,UNI_2116,UPA_233,Galua,গালুয়া,,,galuaup.jhalakathi.gov.bd
Union,UNI_2117,UPA_233,Baraia,বড়ইয়া,,,baraiaup.jhalakathi.gov.bd
Union,UNI_2118,UPA_233,Rajapur,রাজাপুর,,,rajapurup.jhalakathi.gov.bd
Union,UNI_2119,UPA_234,Adabaria,আদাবারিয়া,,,adabariaup.gazipur.gov.bd
Union,UNI_2120,UPA_234,Bauphal,বাউফল,,,bauphalup.patuakhali.gov.bd
Union,UNI_2121,UPA_234,Daspara,দাস পাড়া,,,dasparaup.gazipur.gov.bd
Union,UNI_2122,UPA_234,Kalaiya,কালাইয়া,,,kalaiyaup.gazipur.gov.bd
Union,UNI_2123,UPA_234,Nawmala,নওমালা,,,nawmalaup.patuakhali.gov.bd
Union,UNI_2124,UPA_234,Najirpur,নাজিরপুর,,,najirpurup.patuakhali.gov.bd
Union,UNI_2125,UPA_234,Madanpura,মদনপুরা,,,madanpuraup.patuakhali.gov.bd
Union,UNI_2126,UPA_234,Boga,বগা,,,bogaup.patuakhali.gov.bd
Union,UNI_2127,UPA_234,Kanakdia,কনকদিয়া,,,kanakdiaup.patuakhali.gov.bd
Union,UNI_2128,UPA_234,Shurjamoni,সূর্য্যমনি,,,shurjamoniup.patuakhali.gov.bd
Union,UNI_2129,UPA_234,Keshabpur,কেশবপুর,,,keshabpurup.patuakhali.gov.bd
Union,UNI_2130,UPA_234,Dhulia,ধুলিয়া,,,dhuliaup.patuakhali.gov.bd
Union,UNI_2131,UPA_234,Kalisuri,কালিশুরী,,,kalisuriup.patuakhali.gov.bd
Union,UNI_2132,UPA_234,Kachipara,কাছিপাড়া,,,kachiparaup.patuakhali.gov.bd
Union,UNI_2133,UPA_235,Laukathi,লাউকাঠী,,,laukathiup.patuakhali.gov.bd
Union,UNI_2134,UPA_235,Lohalia,লোহালিয়া,,,lohaliaup.patuakhali.gov.bd
Union,UNI_2135,UPA_235,Kamalapur,কমলাপুর,,,kamalapurup.patuakhali.gov.bd
Union,UNI_2136,UPA_235,Jainkathi,জৈনকাঠী,,,jainkathiup.patuakhali.gov.bd
Union,UNI_2137,UPA_235,Kalikapur,কালিকাপুর,,,kalikapurup.patuakhali.gov.bd
Union,UNI_2138,UPA_235,Badarpur,বদরপুর,,,badarpurup.patuakhali.gov.bd 
Union,UNI_2139,UPA_235,Itbaria,ইটবাড়ীয়া,,,itbariaup.patuakhali.gov.bd 
Union,UNI_2140,UPA_235,Marichbunia,মরিচবুনিয়া,,,marichbuniaup.patuakhali.gov.bd 
Union,UNI_2141,UPA_235,Auliapur,আউলিয়াপুর,,,auliapurup.patuakhali.gov.bd
Union,UNI_2142,UPA_235,Chotobighai,ছোট বিঘাই,,,chotobighaiup.patuakhali.gov.bd
Union,UNI_2143,UPA_235,Borobighai,বড় বিঘাই,,,borobighaiup.patuakhali.gov.bd
Union,UNI_2144,UPA_235,Madarbunia,মাদারবুনিয়া,,,madarbuniaup.patuakhali.gov.bd
Union,UNI_2145,UPA_236,Pangasia,পাংগাশিয়া,,,pangasiaup.patuakhali.gov.bd
Union,UNI_2146,UPA_236,Muradia,মুরাদিয়া,,,muradiaup.patuakhali.gov.bd
Union,UNI_2147,UPA_236,Labukhali,লেবুখালী,,,labukhaliup.patuakhali.gov.bd
Union,UNI_2148,UPA_236,Angaria,আংগারিয়া,,,angariaup.patuakhali.gov.bd
Union,UNI_2149,UPA_236,Sreerampur,শ্রীরামপুর,,,sreerampurup.patuakhali.gov.bd
Union,UNI_2150,UPA_237,Bashbaria,বাঁশবাড়ীয়া,,,bashbariaup.patuakhali.gov.bd
Union,UNI_2151,UPA_237,Rangopaldi,রণগোপালদী,,,rangopaldiup.patuakhali.gov.bd
Union,UNI_2152,UPA_237,Alipur,আলীপুর,,,alipurup.patuakhali.gov.bd
Union,UNI_2153,UPA_237,Betagi Shankipur,বেতাগী সানকিপুর,,,betagishankipurup.patuakhali.gov.bd
Union,UNI_2154,UPA_237,Dashmina,দশমিনা,,,dashminaup.patuakhali.gov.bd
Union,UNI_2155,UPA_237,Baharampur,বহরমপুর,,,baharampurup.patuakhali.gov.bd
Union,UNI_2156,UPA_238,Chakamaia,চাকামইয়া,,,chakamaiaup.patuakhali.gov.bd
Union,UNI_2157,UPA_238,Tiakhali,টিয়াখালী,,,tiakhaliup.patuakhali.gov.bd
Union,UNI_2158,UPA_238,Lalua,লালুয়া,,,laluaup.patuakhali.gov.bd
Union,UNI_2159,UPA_238,Dhankhali,ধানখালী,,,dhankhaliup.patuakhali.gov.bd
Union,UNI_2160,UPA_238,Mithagonj,মিঠাগঞ্জ,,,mithagonjup.patuakhali.gov.bd
Union,UNI_2161,UPA_238,Nilgonj,নীলগঞ্জ,,,nilgonjup.patuakhali.gov.bd
Union,UNI_2162,UPA_238,Dulaser,ধুলাসার,,,dulaserup.patuakhali.gov.bd
Union,UNI_2163,UPA_238,Latachapli,লতাচাপলী,,,latachapliup.patuakhali.gov.bd
Union,UNI_2164,UPA_238,Mahipur,মহিপুর,,,mahipurup.patuakhali.gov.bd
Union,UNI_2165,UPA_238,Dalbugonj,ডালবুগঞ্জ,,,dalbugonjup.patuakhali.gov.bd
Union,UNI_2166,UPA_238,Baliatali,বালিয়াতলী,,,baliataliup.patuakhali.gov.bd
Union,UNI_2167,UPA_238,Champapur,চম্পাপুর,,,champapurup.patuakhali.gov.bd
Union,UNI_2168,UPA_239,Madhabkhali,মাধবখালী,,,madhabkhaliup.patuakhali.gov.bd
Union,UNI_2169,UPA_239,Mirzaganj,মির্জাগঞ্জ,,,mirzaganjup.patuakhali.gov.bd
Union,UNI_2170,UPA_239,Amragachia,আমড়াগাছিয়া,,,amragachiaup.patuakhali.gov.bd
Union,UNI_2171,UPA_239,Deuli Subidkhali,দেউলী সুবিদখালী,,,deulisubidkhaliup.patuakhali.gov.bd
Union,UNI_2172,UPA_239,Kakrabunia,কাকড়াবুনিয়া,,,kakrabuniaup.patuakhali.gov.bd
Union,UNI_2173,UPA_239,Majidbaria,মজিদবাড়িয়া,,,majidbariaup.patuakhali.gov.bd
Union,UNI_2174,UPA_240,Amkhola,আমখোলা,,,amkholaup.patuakhali.gov.bd
Union,UNI_2175,UPA_240,Golkhali,গোলখালী,,,golkhaliup.patuakhali.gov.bd
Union,UNI_2176,UPA_240,Galachipa,গলাচিপা,,,galachipaup.patuakhali.gov.bd
Union,UNI_2177,UPA_240,Panpatty,পানপট্টি,,,panpattyup.patuakhali.gov.bd
Union,UNI_2178,UPA_240,Ratandi Taltali,রতনদী তালতলী,,,ratanditaltaliup.patuakhali.gov.bd
Union,UNI_2179,UPA_240,Dakua,ডাকুয়া,,,dakuaup.patuakhali.gov.bd
Union,UNI_2180,UPA_240,Chiknikandi,চিকনিকান্দী,,,chiknikandiup.patuakhali.gov.bd
Union,UNI_2181,UPA_240,Gazalia,গজালিয়া,,,gazaliaup.patuakhali.gov.bd
Union,UNI_2182,UPA_240,Charkajol,চরকাজল,,,charkajolup.patuakhali.gov.bd
Union,UNI_2183,UPA_240,Charbiswas,চরবিশ্বাস,,,charbiswasup.patuakhali.gov.bd
Union,UNI_2184,UPA_240,Bakulbaria,বকুলবাড়ীয়া,,,bakulbariaup.patuakhali.gov.bd
Union,UNI_2185,UPA_240,Kalagachhia,কলাগাছিয়া,,,kalagachhiaup.patuakhali.gov.bd
Union,UNI_2186,UPA_241,Rangabali,রাঙ্গাবালী,,,rangabaliup.patuakhali.gov.bd
Union,UNI_2187,UPA_241,Barobaisdia,বড়বাইশদিয়া,,,barobaisdiaup.patuakhali.gov.bd
Union,UNI_2188,UPA_241,Chattobaisdia,ছোটবাইশদিয়া,,,chattobaisdiaup.patuakhali.gov.bd
Union,UNI_2189,UPA_241,Charmontaz,চরমোন্তাজ,,,charmontaz.patuakhali.gov.bd
Union,UNI_2190,UPA_241,Chalitabunia,চালিতাবুনিয়া,,,chalitabuniaup.patuakhali.gov.bd
Union,UNI_2191,UPA_242,Shikder Mallik,শিকদার মল্লিক,,,shikdermallikup.pirojpur.gov.bd
Union,UNI_2192,UPA_242,Kodomtala,কদমতলা,,,kodomtalaup.pirojpur.gov.bd
Union,UNI_2193,UPA_242,Durgapur,দূর্গাপুর,,,durgapurup.pirojpur.gov.bd
Union,UNI_2194,UPA_242,Kolakhali,কলাখালী,,,kolakhaliup.pirojpur.gov.bd
Union,UNI_2195,UPA_242,Tona,টোনা,,,tonaup.pirojpur.gov.bd
Union,UNI_2196,UPA_242,Shariktola,শরিকতলা,,,shariktolaup.pirojpur.gov.bd
Union,UNI_2197,UPA_242,Shankorpasa,শংকরপাশা,,,shankorpasaup.pirojpur.gov.bd
Union,UNI_2198,UPA_243,Mativangga,মাটিভাংগা,,,mativanggaup.pirojpur.gov.bd
Union,UNI_2199,UPA_243,Malikhali,মালিখালী,,,malikhaliup.pirojpur.gov.bd
Union,UNI_2200,UPA_243,Daulbari Dobra,দেউলবাড়ী দোবড়া,,,daulbaridobraup.pirojpur.gov.bd
Union,UNI_2201,UPA_243,Dirgha,দীর্ঘা,,,dirghaup.pirojpur.gov.bd
Union,UNI_2202,UPA_243,Kolardoania,কলারদোয়ানিয়া,,,kolardoaniaup.pirojpur.gov.bd
Union,UNI_2203,UPA_243,Sriramkathi,শ্রীরামকাঠী,,,sriramkathiup.pirojpur.gov.bd
Union,UNI_2204,UPA_243,Shakhmatia,সেখমাটিয়া,,,shakhmatiaup.pirojpur.gov.bd
Union,UNI_2205,UPA_243,Nazirpur Sadar,নাজিরপুর সদর,,,nazirpursadarup.pirojpur.gov.bd
Union,UNI_2206,UPA_243,Shakharikathi,শাখারীকাঠী,,,shakharikathiup.pirojpur.gov.bd
Union,UNI_2207,UPA_244,Sayna Rogunathpur,সয়না রঘুনাথপুর,,,saynarogunathpurup.pirojpur.gov.bd
Union,UNI_2208,UPA_244,Amrazuri,আমড়াজুড়ি,,,amrazuriup.pirojpur.gov.bd
Union,UNI_2209,UPA_244,Kawkhali Sadar,কাউখালি সদর,,,kawkhalisadarup.pirojpur.gov.bd
Union,UNI_2210,UPA_244,Chirapara,চিরাপাড়া,,,chiraparaup.pirojpur.gov.bd
Union,UNI_2211,UPA_244,Shialkhathi,শিয়ালকাঠী,,,shialkhathiup.pirojpur.gov.bd
Union,UNI_2212,UPA_245,Balipara,বালিপাড়া,,,baliparaup.pirojpur.gov.bd
Union,UNI_2213,UPA_245,Pattashi,পত্তাশি,,,pattashiup.pirojpur.gov.bd
Union,UNI_2214,UPA_245,Parerhat,পাড়েরহাট,,,parerhatup.pirojpur.gov.bd
Union,UNI_2215,UPA_246,Vitabaria,ভিটাবাড়িয়া,,,vitabariaup.pirojpur.gov.bd
Union,UNI_2216,UPA_246,Nodmulla,নদমূলা শিয়ালকাঠী,,,nodmullaup.pirojpur.gov.bd
Union,UNI_2217,UPA_246,Telikhali,তেলিখালী,,,telikhaliup.pirojpur.gov.bd
Union,UNI_2218,UPA_246,Ekree,ইকড়ী,,,ekreeup.pirojpur.gov.bd
Union,UNI_2219,UPA_246,Dhaoa,ধাওয়া,,,dhaoaup.pirojpur.gov.bd
Union,UNI_2220,UPA_246,Vandaria Sadar,ভান্ডারিয়া সদর,,,vandariasadarup.pirojpur.gov.bd
Union,UNI_2221,UPA_246,Gouripur,গৌরীপুর,,,gouripurup.pirojpur.gov.bd
Union,UNI_2222,UPA_247,Tuskhali,তুষখালী,,,tuskhaliup.pirojpur.gov.bd
Union,UNI_2223,UPA_247,Dhanisafa,ধানীসাফা,,,dhanisafaup.pirojpur.gov.bd
Union,UNI_2224,UPA_247,Mirukhali,মিরুখালী,,,mirukhaliup.pirojpur.gov.bd
Union,UNI_2225,UPA_247,Tikikata,টিকিকাটা,,,tikikataup.pirojpur.gov.bd
Union,UNI_2226,UPA_247,Betmor Rajpara,বেতমোর রাজপাড়া,,,betmorrajparaup.pirojpur.gov.bd
Union,UNI_2227,UPA_247,Amragachia,আমড়াগাছিয়া,,,amragachiaup.pirojpur.gov.bd
Union,UNI_2228,UPA_247,Shapleza,শাপলেজা,,,shaplezaup.pirojpur.gov.bd
Union,UNI_2229,UPA_247,Daudkhali,দাউদখালী,,,daudkhaliup.pirojpur.gov.bd
Union,UNI_2230,UPA_247,Mathbaria,মঠবাড়িয়া,,,mathbariaup.pirojpur.gov.bd
Union,UNI_2231,UPA_247,Baramasua,বড়মাছুয়া,,,baramasuaup.pirojpur.gov.bd
Union,UNI_2232,UPA_247,Haltagulishakhali,হলতাগুলিশাখালী,,,haltagulishakhaliup.pirojpur.gov.bd
Union,UNI_2233,UPA_248,Boldia,বলদিয়া,,,boldiaup.pirojpur.gov.bd
Union,UNI_2234,UPA_248,Sohagdal,সোহাগদল,,,sohagdalup.pirojpur.gov.bd
Union,UNI_2235,UPA_248,Atghorkuriana,আটঘর কুড়িয়ানা,,,atghorkurianaup.pirojpur.gov.bd
Union,UNI_2236,UPA_248,Jolabari,জলাবাড়ী,,,jolabariup.pirojpur.gov.bd
Union,UNI_2237,UPA_248,Doyhary,দৈহারী,,,doyharyup.pirojpur.gov.bd
Union,UNI_2238,UPA_248,Guarekha,গুয়ারেখা,,,guarekhaup.pirojpur.gov.bd
Union,UNI_2239,UPA_248,Somudoykathi,সমুদয়কাঠী,,,somudoykathiup.pirojpur.gov.bd
Union,UNI_2240,UPA_248,Sutiakathi,সুটিয়াকাঠী,,,sutiakathiup.pirojpur.gov.bd
Union,UNI_2241,UPA_248,Sarengkathi,সারেংকাঠী,,,sarengkathiup.pirojpur.gov.bd
Union,UNI_2242,UPA_248,Shorupkathi,স্বরুপকাঠী,,,shorupkathiup.pirojpur.gov.bd
Union,UNI_2243,UPA_249,Raipasha Karapur,রায়পাশা কড়াপুর,,,raipashakarapurup.barisal.gov.bd
Union,UNI_2244,UPA_249,Kashipur,কাশীপুর,,,kashipurup.barisal.gov.bd
Union,UNI_2245,UPA_249,Charbaria,চরবাড়িয়া,,,charbariaup.barisal.gov.bd
Union,UNI_2246,UPA_249,Shyastabad,সায়েস্তাবাদ,,,shyastabadup.barisal.gov.bd
Union,UNI_2247,UPA_249,Charmonai,চরমোনাই,,,charmonaiup.barisal.gov.bd
Union,UNI_2248,UPA_249,Zagua,জাগুয়া,,,zaguaup.barisal.gov.bd
Union,UNI_2249,UPA_249,Charcowa,চরকাউয়া,,,charcowaup.barisal.gov.bd
Union,UNI_2250,UPA_249,Chandpura,চাঁদপুরা,,,chandpuraup.barisal.gov.bd
Union,UNI_2251,UPA_249,Tungibaria,টুঙ্গীবাড়িয়া,,,tungibariaup.barisal.gov.bd
Union,UNI_2252,UPA_249,Chandramohan,চন্দ্রমোহন,,,chandramohanup.barisal.gov.bd
Union,UNI_2253,UPA_250,Charamaddi,চরামদ্দি,,,charamaddiup.barisal.gov.bd
Union,UNI_2254,UPA_250,Charade,চরাদি,,,charadeup.barisal.gov.bd
Union,UNI_2255,UPA_250,Darial,দাড়িয়াল,,,darialup.barisal.gov.bd
Union,UNI_2256,UPA_250,Dudhal,দুধল,,,dudhalup.barisal.gov.bd
Union,UNI_2257,UPA_250,Durgapasha,দুর্গাপাশা,,,durgapashaup.barisal.gov.bd
Union,UNI_2258,UPA_250,Faridpur,ফরিদপুর,,,faridpurup.barisal.gov.bd
Union,UNI_2259,UPA_250,Kabai,কবাই,,,kabaiup.barisal.gov.bd
Union,UNI_2260,UPA_250,Nalua,নলুয়া,,,naluaup.barisal.gov.bd
Union,UNI_2261,UPA_250,Kalashkathi,কলসকাঠী,,,kalashkathiup.barisal.gov.bd
Union,UNI_2262,UPA_250,Garuria,গারুরিয়া,,,garuriaup.barisal.gov.bd
Union,UNI_2263,UPA_250,Bharpasha,ভরপাশা,,,bharpashaup.barisal.gov.bd
Union,UNI_2264,UPA_250,Rangasree,রঙ্গশ্রী,,,rangasreeup.barisal.gov.bd
Union,UNI_2265,UPA_250,Padreeshibpur,পাদ্রিশিবপুর,,,padreeshibpurup.barisal.gov.bd
Union,UNI_2266,UPA_250,Niamoti,নিয়ামতি,,,niamotiup.barisal.gov.bd
Union,UNI_2267,UPA_251,Jahangir Nagar,জাহাঙ্গীর নগর,,,jahangirnagorup.barisal.gov.bd
Union,UNI_2268,UPA_251,Kaderpur,কেদারপুর,,,kaderpurup.barisal.gov.bd
Union,UNI_2269,UPA_251,Deherhoti,দেহেরগতি,,,deherhotiup.barisal.gov.bd
Union,UNI_2270,UPA_251,Chandpasha,চাঁদপাশা,,,chandpashaup.barisal.gov.bd
Union,UNI_2271,UPA_251,Rahamtpur,রহমতপুর,,,rahamtpurup.barisal.gov.bd
Union,UNI_2272,UPA_251,Madhbpasha,মাধবপাশা,,,madhbpashaup.barisal.gov.bd
Union,UNI_2273,UPA_252,Shatla,সাতলা,,,shatlaup.barisal.gov.bd
Union,UNI_2274,UPA_252,Harta,হারতা,,,hartaup.barisal.gov.bd
Union,UNI_2275,UPA_252,Jalla,জল্লা,,,jallaup.barisal.gov.bd
Union,UNI_2276,UPA_252,Otra,ওটরা,,,otraup.barisal.gov.bd
Union,UNI_2277,UPA_252,Sholok,শোলক,,,sholokup.barisal.gov.bd
Union,UNI_2278,UPA_252,Barakhota,বরাকোঠা,,,barakhotaup.barisal.gov.bd
Union,UNI_2279,UPA_252,Bamrail,বামরাইল,,,bamrailup.barisal.gov.bd
Union,UNI_2280,UPA_252,Shikerpur Wazirpur,শিকারপুর উজিরপুর,,,shikerpurwazirpurup.barisal.gov.bd
Union,UNI_2281,UPA_252,Gouthia,গুঠিয়া,,,gouthiaup.barisal.gov.bd
Union,UNI_2282,UPA_253,Bisharkandi,বিশারকান্দি,,,bisharkandiup.barisal.gov.bd
Union,UNI_2283,UPA_253,Illuhar,ইলুহার,,,illuharup.barisal.gov.bd
Union,UNI_2284,UPA_253,Sayedkathi,সৈয়দকাঠী,,,sayedkathiup.barisal.gov.bd
Union,UNI_2285,UPA_253,Chakhar,চাখার,,,chakharup.barisal.gov.bd
Union,UNI_2286,UPA_253,Saliabakpur,সলিয়াবাকপুর,,,saliabakpurup.barisal.gov.bd
Union,UNI_2287,UPA_253,Baishari,বাইশারী,,,baishariup.barisal.gov.bd
Union,UNI_2288,UPA_253,Banaripara,বানারিপাড়া,,,banariparaup.barisal.gov.bd
Union,UNI_2289,UPA_253,Udykhati,উদয়কাঠী,,,udykhatiup.barisal.gov.bd
Union,UNI_2290,UPA_254,Khanjapur,খাঞ্জাপুর,,,khanjapurup.barisal.gov.bd
Union,UNI_2291,UPA_254,Barthi,বার্থী,,,barthiup.barisal.gov.bd
Union,UNI_2292,UPA_254,Chandshi,চাঁদশী,,,chandshiup.barisal.gov.bd
Union,UNI_2293,UPA_254,Mahilara,মাহিলারা,,,mahilaraup.barisal.gov.bd
Union,UNI_2294,UPA_254,Nalchira,নলচিড়া,,,nalchiraup.barisal.gov.bd
Union,UNI_2295,UPA_254,Batajore,বাটাজোর,,,batajoreup.barisal.gov.bd
Union,UNI_2296,UPA_254,Sarikal,সরিকল,,,sarikalup.barisal.gov.bd
Union,UNI_2297,UPA_255,Rajihar,রাজিহার,,,rajiharup.barisal.gov.bd
Union,UNI_2298,UPA_255,Bakal,বাকাল,,,bakalup.barisal.gov.bd
Union,UNI_2299,UPA_255,Bagdha,বাগধা,,,bagdhaup.barisal.gov.bd
Union,UNI_2300,UPA_255,Goila,গৈলা,,,goilaup.barisal.gov.bd
Union,UNI_2301,UPA_255,Ratnapur,রত্নপুর,,,ratnapurup.barisal.gov.bd
Union,UNI_2302,UPA_256,Andarmanik,আন্দারমানিক,,,andarmanikup.barisal.gov.bd
Union,UNI_2303,UPA_256,Lata,লতা,,,lataup.barisal.gov.bd
Union,UNI_2304,UPA_256,Charakkorea,চরএককরিয়া,,,charakkoreaup.barisal.gov.bd
Union,UNI_2305,UPA_256,Ulania,উলানিয়া,,,ulaniaup.barisal.gov.bd
Union,UNI_2306,UPA_256,Mehendigong,মেহেন্দিগঞ্জ,,,mehendigongup.barisal.gov.bd
Union,UNI_2307,UPA_256,Biddanandapur,বিদ্যানন্দনপুর,,,biddanandapurup.barisal.gov.bd
Union,UNI_2308,UPA_256,Bhashanchar,ভাষানচর,,,bhashancharup.barisal.gov.bd
Union,UNI_2309,UPA_256,Jangalia,জাঙ্গালিয়া,,,jangaliaup.barisal.gov.bd
Union,UNI_2310,UPA_256,Alimabad,আলিমাবাদ,,,alimabadup.barisal.gov.bd
Union,UNI_2311,UPA_256,Chandpur,চানপুর,,,chandpurup.barisal.gov.bd
Union,UNI_2312,UPA_256,Darirchar Khajuria,দড়িরচর খাজুরিয়া,,,darircharkhajuriaup.barisal.gov.bd
Union,UNI_2313,UPA_256,Gobindapur,গোবিন্দপুর,,,gobindapurup.barisal.gov.bd
Union,UNI_2314,UPA_256,Chargopalpur,চরগোপালপুর,,,chargopalpurup.barisal.gov.bd
Union,UNI_2315,UPA_257,Batamara,বাটামারা,,,batamaraup.barisal.gov.bd
Union,UNI_2316,UPA_257,Nazirpur,নাজিরপুর,,,nazirpurup.barisal.gov.bd
Union,UNI_2317,UPA_257,Safipur,সফিপুর,,,safipurup.barisal.gov.bd
Union,UNI_2318,UPA_257,Gaschua,গাছুয়া,,,gaschuaup.barisal.gov.bd
Union,UNI_2319,UPA_257,Charkalekha,চরকালেখা,,,charkalekhaup.barisal.gov.bd
Union,UNI_2320,UPA_257,Muladi,মুলাদী,,,muladiup.barisal.gov.bd
Union,UNI_2321,UPA_257,Kazirchar,কাজিরচর,,,kazircharup.barisal.gov.bd
Union,UNI_2322,UPA_258,Harinathpur,হরিনাথপুর,,,harinathpurup.barisal.gov.bd
Union,UNI_2323,UPA_258,Memania,মেমানিয়া,,,memaniaup.barisal.gov.bd
Union,UNI_2324,UPA_258,Guabaria,গুয়াবাড়িয়া,,,guabariaup.barisal.gov.bd
Union,UNI_2325,UPA_258,Barjalia,বড়জালিয়া,,,barjaliaup.barisal.gov.bd
Union,UNI_2326,UPA_258,Hizla Gourabdi,হিজলা গৌরাব্দি,,,hizlagourabdiup.barisal.gov.bd
Union,UNI_2327,UPA_258,Dhulkhola,ধুলখোলা,,,dhulkholaup.barisal.gov.bd
Union,UNI_2328,UPA_259,Razapur,রাজাপুর,,,razapurup.bhola.gov.bd
Union,UNI_2329,UPA_259,Ilisha,ইলিশা,,,ilishaup.bhola.gov.bd
Union,UNI_2330,UPA_259,Westilisa,পশ্চিম ইলিশা,,,westilisaup.bhola.gov.bd
Union,UNI_2331,UPA_259,Kachia,কাচিয়া,,,kachiaup.bhola.gov.bd
Union,UNI_2332,UPA_259,Bapta,বাপ্তা,,,baptaup.bhola.gov.bd
Union,UNI_2333,UPA_259,Dhania,ধনিয়া,,,dhaniaup.bhola.gov.bd
Union,UNI_2334,UPA_259,Shibpur,শিবপুর,,,shibpurup.bhola.gov.bd
Union,UNI_2335,UPA_259,Alinagor,আলীনগর,,,alinagorup.bhola.gov.bd
Union,UNI_2336,UPA_259,Charshamya,চরসামাইয়া,,,charshamyaup.bhola.gov.bd
Union,UNI_2337,UPA_259,Vhelumia, ভেলুমিয়া,,,vhelumiaup.bhola.gov.bd
Union,UNI_2338,UPA_259,Vheduria,ভেদুরিয়া,,,vheduriaup.bhola.gov.bd
Union,UNI_2339,UPA_259,North Digholdi,উত্তর দিঘলদী,,,northdigholdiup.bhola.gov.bd
Union,UNI_2340,UPA_259,South Digholdi,দক্ষিণ দিঘলদী,,,southdigholdiup.bhola.gov.bd
Union,UNI_2341,UPA_260,Boromanika,বড় মানিকা,,,boromanikaup.bhola.gov.bd
Union,UNI_2342,UPA_260,Deula,দেউলা,,,deulaup.bhola.gov.bd
Union,UNI_2343,UPA_260,Kutuba,কুতুবা,,,kutubaup.bhola.gov.bd
Union,UNI_2344,UPA_260,Pakshia,পক্ষিয়া,,,pakshiaup.bhola.gov.bd
Union,UNI_2345,UPA_260,Kachia,কাচিয়া,,,kachiaup4.bhola.gov.bd
Union,UNI_2346,UPA_261,Osmangonj,ওসমানগঞ্জ,,,osmangonjup.bhola.gov.bd
Union,UNI_2347,UPA_261,Aslampur,আছলামপুর,,,aslampurup.bhola.gov.bd
Union,UNI_2348,UPA_261,Zinnagor,জিন্নাগড়,,,zinnagorup.bhola.gov.bd
Union,UNI_2349,UPA_261,Aminabad,আমিনাবাদ,,,aminabadup.bhola.gov.bd
Union,UNI_2350,UPA_261,Nilkomol,নীলকমল,,,nilkomolup.bhola.gov.bd
Union,UNI_2351,UPA_261,Charmadraj,চরমাদ্রাজ,,,charmadrajup.bhola.gov.bd
Union,UNI_2352,UPA_261,Awajpur,আওয়াজপুর,,,awajpurup.bhola.gov.bd
Union,UNI_2353,UPA_261,Awajpur,আওয়াজপুর,,,awajpurup.bhola.gov.bd
Union,UNI_2354,UPA_261,Charkolmi,চরকলমী,,,charkolmiup.bhola.gov.bd
Union,UNI_2355,UPA_261,Charmanika,চরমানিকা,,,charmanikaup.bhola.gov.bd
Union,UNI_2356,UPA_261,Hazarigonj,হাজারীগঞ্জ,,,hazarigonjup.bhola.gov.bd
Union,UNI_2357,UPA_261,Jahanpur,জাহানপুর,,,jahanpurup.bhola.gov.bd
Union,UNI_2358,UPA_261,Nurabad,নুরাবাদ,,,nurabadup.bhola.gov.bd
Union,UNI_2359,UPA_261,Rasulpur,রসুলপুর,,,rasulpurup.bhola.gov.bd
Union,UNI_2360,UPA_261,Kukrimukri,কুকরীমূকরী,,,kukrimukriup.bhola.gov.bd
Union,UNI_2361,UPA_261,Abubakarpur,আবুবকরপুর,,,abubakarpurup.bhola.gov.bd
Union,UNI_2362,UPA_261,Abdullahpur,আবদুল্লাহ,,,abdullahpurup.bhola.gov.bd
Union,UNI_2363,UPA_261,Nazrulnagar,নজরুল নগর,,,nazrulnagarup.bhola.gov.bd
Union,UNI_2364,UPA_261,Mujibnagar,মুজিব নগর,,,mujibnagarup.bhola.gov.bd
Union,UNI_2365,UPA_261,Dalchar,ঢালচর,,,dalcharup.bhola.gov.bd
Union,UNI_2366,UPA_262,Madanpur,মদনপুর,,,madanpurup.bhola.gov.bd
Union,UNI_2367,UPA_262,Madua,মেদুয়া,,,maduaup.bhola.gov.bd
Union,UNI_2368,UPA_262,Charpata,চরপাতা,,,charpataup.bhola.gov.bd
Union,UNI_2369,UPA_262,North Joy Nagar,উত্তর জয়নগর,,,northjoynagarup.bhola.gov.bd
Union,UNI_2370,UPA_262,South Joy Nagar,দক্ষিন জয়নগর,,,southjoynagarup.bhola.gov.bd
Union,UNI_2371,UPA_262,Char Khalipa,চর খলিফা,,,charkhalipaup.bhola.gov.bd
Union,UNI_2372,UPA_262,Sayedpur,সৈয়দপুর,,,sayedpurup.bhola.gov.bd
Union,UNI_2373,UPA_262,Hazipur,হাজীপুর,,,hazipurup.bhola.gov.bd
Union,UNI_2374,UPA_262,Vhovanipur,ভবানীপুর,,,vhovanipurup.bhola.gov.bd
Union,UNI_2375,UPA_263,Hazirhat,হাজীর হাট,,,hazirhatup.bhola.gov.bd
Union,UNI_2376,UPA_263,Monpura,মনপুরা,,,monpuraup.bhola.gov.bd
Union,UNI_2377,UPA_263,North Sakuchia,উত্তর সাকুচিয়া,,,sakuchianorthup.bhola.gov.bd
Union,UNI_2378,UPA_263,South Sakuchia,দক্ষিন সাকুচিয়া,,,sakuchiasouthup.bhola.gov.bd
Union,UNI_2379,UPA_264,Chanchra,চাচঁড়া,,,chanchraup.bhola.gov.bd
Union,UNI_2380,UPA_264,Shambupur,শম্ভুপুর,,,shambupurup.bhola.gov.bd
Union,UNI_2381,UPA_264,Sonapur,সোনাপুর,,,sonapurup.bhola.gov.bd
Union,UNI_2382,UPA_264,Chadpur,চাঁদপুর,,,chadpurup.bhola.gov.bd
Union,UNI_2383,UPA_264,Baro Molongchora,বড় মলংচড়া,,,baromolongchoraup.bhola.gov.bd
Union,UNI_2384,UPA_265,Badarpur,বদরপুর,,,badarpurup.bhola.gov.bd
Union,UNI_2385,UPA_265,Charbhuta,চরভূতা,,,charbhutaup.bhola.gov.bd
Union,UNI_2386,UPA_265,Kalma, কালমা,,,kalmaup.bhola.gov.bd
Union,UNI_2387,UPA_265,Dholigour Nagar,ধলীগৌর নগর,,,dholigournagarup.bhola.gov.bd
Union,UNI_2388,UPA_265,Lalmohan,লালমোহন,,,lalmohanup.bhola.gov.bd
Union,UNI_2389,UPA_265,Lord Hardinge,লর্ড হার্ডিঞ্জ,,,lordhardingeup.bhola.gov.bd
Union,UNI_2390,UPA_265,Ramagonj,রমাগঞ্জ,,,ramagonjup.bhola.gov.bd
Union,UNI_2391,UPA_265,Paschim Char Umed,পশ্চিম চর উমেদ,,,paschimcharumedup.bhola.gov.bd
Union,UNI_2392,UPA_265,Farajgonj,ফরাজগঞ্জ,,,farajgonjup.bhola.gov.bd
Union,UNI_2393,UPA_266,Amtali,আমতলী,,,amtaliup.barguna.gov.bd
Union,UNI_2394,UPA_266,Gulishakhali,গুলিশাখালী,,,gulishakhaliup.barguna.gov.bd
Union,UNI_2395,UPA_266,Athrogasia,আঠারগাছিয়া,,,athrogasiaup.barguna.gov.bd
Union,UNI_2396,UPA_266,Kukua,কুকুয়া,,,kukuaup.barguna.gov.bd
Union,UNI_2397,UPA_266,Haldia,হলদিয়া,,,haldiaup.barguna.gov.bd
Union,UNI_2398,UPA_266,Chotobogi,ছোটবগী,,,chotobogiup.barguna.gov.bd
Union,UNI_2399,UPA_266,Arpangasia,আড়পাঙ্গাশিয়া,,,arpangasiaup.barguna.gov.bd
Union,UNI_2400,UPA_266,Chowra,চাওড়া,,,chowraup.barguna.gov.bd
Union,UNI_2401,UPA_267,M. Baliatali,এম. বালিয়াতলী,,,m.baliataliup.barguna.gov.bd
Union,UNI_2402,UPA_267,Noltona,নলটোনা,,,noltonaup.barguna.gov.bd
Union,UNI_2403,UPA_267,Bodorkhali,বদরখালী,,,bodorkhaliup.barguna.gov.bd
Union,UNI_2404,UPA_267,Gowrichanna,গৌরিচন্না,,,gowrichannaup.barguna.gov.bd
Union,UNI_2405,UPA_267,Fuljhuri,ফুলঝুড়ি,,,fuljhuriup.barguna.gov.bd
Union,UNI_2406,UPA_267,Keorabunia,কেওড়াবুনিয়া,,,keorabuniaup.barguna.gov.bd
Union,UNI_2407,UPA_267,Ayla Patakata,আয়লা পাতাকাটা,,,aylaPatakataup.barguna.gov.bd
Union,UNI_2408,UPA_267,Burirchor,বুড়িরচর,,,burirchorup.barguna.gov.bd
Union,UNI_2409,UPA_267,Dhalua,ঢলুয়া,,,dhaluaup.barguna.gov.bd
Union,UNI_2410,UPA_267,Barguna,বরগুনা,,,bargunaup.barguna.gov.bd
Union,UNI_2411,UPA_268,Bibichini,বিবিচিন,,,bibichiniup.barguna.gov.bd
Union,UNI_2412,UPA_268,Betagi,বেতাগী,,,betagiup.barguna.gov.bd
Union,UNI_2413,UPA_268,Hosnabad,হোসনাবাদ,,,hosnabadup.barguna.gov.bd
Union,UNI_2414,UPA_268,Mokamia,মোকামিয়া,,,mokamiaup.barguna.gov.bd
Union,UNI_2415,UPA_268,Buramajumder,বুড়ামজুমদার,,,buramajumderup.barguna.gov.bd
Union,UNI_2416,UPA_268,Kazirabad,কাজীরাবাদ,,,kazirabadup.barguna.gov.bd
Union,UNI_2417,UPA_268,Sarisamuri,সরিষামুড়ী,,,sarisamuriup.barguna.gov.bd
Union,UNI_2418,UPA_269,Bukabunia,বুকাবুনিয়া,,,bukabuniaup.barguna.gov.bd
Union,UNI_2419,UPA_269,Bamna,বামনা,,,bamnaup.barguna.gov.bd
Union,UNI_2420,UPA_269,Ramna,রামনা,,,ramnaup.barguna.gov.bd
Union,UNI_2421,UPA_269,Doutola,ডৌয়াতলা,,,doutolaup.barguna.gov.bd
Union,UNI_2422,UPA_270,Raihanpur,রায়হানপুর,,,raihanpurup.barguna.gov.bd
Union,UNI_2423,UPA_270,Nachnapara,নাচনাপাড়া,,,nachnaparaup.barguna.gov.bd
Union,UNI_2424,UPA_270,Charduany,চরদুয়ানী,,,charduanyup.barguna.gov.bd
Union,UNI_2425,UPA_270,Patharghata,পাথরঘাটা,,,patharghataup.barguna.gov.bd
Union,UNI_2426,UPA_270,Kalmegha,কালমেঘা,,,kalmeghaup.barguna.gov.bd
Union,UNI_2427,UPA_270,Kakchira,কাকচিঢ়া,,,kakchiraup.barguna.gov.bd
Union,UNI_2428,UPA_270,Kathaltali,কাঠালতলী,,,kathaltaliup.barguna.gov.bd
Union,UNI_2429,UPA_271,Karibaria,কড়ইবাড়ীয়া,,,karibariaup.barguna.gov.bd
Union,UNI_2430,UPA_271,Panchakoralia,পচাকোড়ালিয়া,,,panchakoraliaup.barguna.gov.bd
Union,UNI_2431,UPA_271,Barabagi,বড়বগি,,,barabagiup.barguna.gov.bd
Union,UNI_2432,UPA_271,Chhotabagi,ছোটবগি,,,chhotabagiup.barguna.gov.bd
Union,UNI_2433,UPA_271,Nishanbaria,নিশানবাড়ীয়া,,,nishanbariaup.barguna.gov.bd
Union,UNI_2434,UPA_271,Sarikkhali,শারিকখালি,,,sarikkhaliup.barguna.gov.bd
Union,UNI_2435,UPA_271,Sonakata,সোনাকাটা,,,sonakataup.barguna.gov.bd
Union,UNI_2436,UPA_284,Tazpur,তাজপুর,,,tazpurup.sylhet.gov.bd
Union,UNI_2437,UPA_284,Umorpur,উমরপুর,,,umorpurup.sylhet.gov.bd
Union,UNI_2438,UPA_284,West Poilanpur,পশ্চিম পৈলনপুর,,,westpoilanpurup.sylhet.gov.bd
Union,UNI_2439,UPA_272,East Poilanpur,পূর্ব পৈলনপুর,,,eastpoilanpurup.sylhet.gov.bd
Union,UNI_2440,UPA_272,Boaljur,বোয়ালজুর,,,boaljurup.sylhet.gov.bd
Union,UNI_2441,UPA_284,Burungabazar,বুরুঙ্গাবাজার,,,burungabazarup.sylhet.gov.bd
Union,UNI_2442,UPA_284,Goalabazar,গোয়ালাবাজার,,,goalabazarup.sylhet.gov.bd
Union,UNI_2443,UPA_284,Doyamir,দয়ামীর,,,doyamirup.sylhet.gov.bd
Union,UNI_2444,UPA_284,Usmanpur,উসমানপুর,,,usmanpurup.sylhet.gov.bd
Union,UNI_2445,UPA_272,Dewanbazar,দেওয়ান বাজার,,,dewanbazarup.sylhet.gov.bd
Union,UNI_2446,UPA_272,West Gouripur,পশ্চিম গৌরীপুর,,,westgouripurup.sylhet.gov.bd
Union,UNI_2447,UPA_272,East Gouripur,পূর্ব গৌরীপুর,,,eastgouripurup.sylhet.gov.bd
Union,UNI_2448,UPA_272,Balaganj,বালাগঞ্জ,,,balaganjup.sylhet.gov.bd
Union,UNI_2449,UPA_284,Sadipur,সাদিরপুর,,,sadipurup.sylhet.gov.bd
Union,UNI_2450,UPA_273,Tilpara,তিলপাড়া,,,tilparaup.sylhet.gov.bd
Union,UNI_2451,UPA_273,Alinagar,আলীনগর,,,alinagarup.sylhet.gov.bd
Union,UNI_2452,UPA_273,Charkhai,চরখাই,,,charkhaiup.sylhet.gov.bd
Union,UNI_2453,UPA_273,Dubag,দুবাগ,,,dubagup.sylhet.gov.bd
Union,UNI_2454,UPA_273,Sheola,শেওলা,,,sheolaup.sylhet.gov.bd
Union,UNI_2455,UPA_273,Kurarbazar,কুড়ারবাজার,,,kurarbazarup.sylhet.gov.bd
Union,UNI_2456,UPA_273,Mathiura,মাথিউরা,,,mathiuraup.sylhet.gov.bd
Union,UNI_2457,UPA_273,Mullapur,মোল্লাপুর,,,mullapurup.sylhet.gov.bd
Union,UNI_2458,UPA_273,Muria,মুড়িয়া,,,muriaup.sylhet.gov.bd
Union,UNI_2459,UPA_273,Lauta,লাউতা,,,lautaup.sylhet.gov.bd
Union,UNI_2460,UPA_274,Rampasha,রামপাশা,,,rampashaup.sylhet.gov.bd
Union,UNI_2461,UPA_274,Lamakazi,লামাকাজী,,,lamakaziup.sylhet.gov.bd
Union,UNI_2462,UPA_274,Khajanchi,খাজাঞ্চী,,,khajanchiup.sylhet.gov.bd
Union,UNI_2463,UPA_274,Alankari,অলংকারী,,,alankariup.sylhet.gov.bd
Union,UNI_2464,UPA_274,Dewkalash,দেওকলস,,,dewkalashup.sylhet.gov.bd
Union,UNI_2465,UPA_274,Bishwanath,বিশ্বনাথ,,,bishwanathup.sylhet.gov.bd
Union,UNI_2466,UPA_274,Doshghar,দশঘর,,,doshgharup.sylhet.gov.bd
Union,UNI_2467,UPA_274,Daulatpur,দৌলতপুর,,,daulatpurup.sylhet.gov.bd
Union,UNI_2468,UPA_275,Telikhal,তেলিখাল,,,telikhalup.sylhet.gov.bd
Union,UNI_2469,UPA_275,Islampur Paschim,ইসলামপুর পশ্চিম,,,islampurpaschimup.sylhet.gov.bd
Union,UNI_2470,UPA_275,Islampur Purba,ইসলামপুর পূর্ব,,,islampurpurbaup.sylhet.gov.bd
Union,UNI_2471,UPA_275,Isakalas,ইসাকলস,,,isakalasup.sylhet.gov.bd
Union,UNI_2472,UPA_275,Uttor Ronikhai,উত্তর রনিখাই,,,uttorronikhaiup.sylhet.gov.bd
Union,UNI_2473,UPA_275,Dakkin Ronikhai,দক্ষিন রনিখাই,,,dakkinronikhaiup.sylhet.gov.bd
Union,UNI_2474,UPA_276,Ghilachora,ঘিলাছড়া,,,ghilachoraup.sylhet.gov.bd
Union,UNI_2475,UPA_276,Fenchuganj,ফেঞ্চুগঞ্জ,,,1nofenchuganjup.sylhet.gov.bd
Union,UNI_2476,UPA_276,Uttar Kushiara,উত্তর কুশিয়ারা,,,uttarkushiaraup.sylhet.gov.bd
Union,UNI_2477,UPA_276,Uttar Fenchuganj,উত্তর ফেঞ্চুগঞ্জ,,,uttarfenchuganjup.sylhet.gov.bd
Union,UNI_2478,UPA_276,Maijgaon,মাইজগাঁও,,,maijgaonup.sylhet.gov.bd
Union,UNI_2479,UPA_277,Golapganj,গোলাপগঞ্জ,,,golapganjup.sylhet.gov.bd
Union,UNI_2480,UPA_277,Fulbari,ফুলবাড়ী,,,fulbariup.sylhet.gov.bd
Union,UNI_2481,UPA_277,Lakshmipasha,লক্ষ্মীপাশা,,,lakshmipashaup.sylhet.gov.bd
Union,UNI_2482,UPA_277,Budhbaribazar,বুধবারীবাজার,,,budhbaribazarup.sylhet.gov.bd
Union,UNI_2483,UPA_277,Dhakadakshin,ঢাকাদক্ষিন,,,dhakadakshinup.sylhet.gov.bd
Union,UNI_2484,UPA_277,Sharifganj,শরিফগঞ্জ,,,sharifganjup.sylhet.gov.bd
Union,UNI_2485,UPA_277,Uttar Badepasha,উত্তর বাদেপাশা,,,uttarbadepashaup.sylhet.gov.bd
Union,UNI_2486,UPA_277,Lakshanaband,লক্ষনাবন্দ,,,lakshanabandup.sylhet.gov.bd
Union,UNI_2487,UPA_277,Bhadeshwar,ভাদেশ্বর,,,bhadeshwarup.sylhet.gov.bd
Union,UNI_2488,UPA_277,West Amura,পশ্চিম আমুরা,,,westamuraup.sylhet.gov.bd
Union,UNI_2489,UPA_278,Fothepur,ফতেপুর,,,fothepurup.sylhet.gov.bd
Union,UNI_2490,UPA_278,Rustampur,রুস্তমপুর,,,rustampurup.sylhet.gov.bd
Union,UNI_2491,UPA_278,Paschim Jaflong,পশ্চিম জাফলং,,,paschimjaflongup.sylhet.gov.bd
Union,UNI_2492,UPA_278,Purba Jaflong,পূর্ব জাফলং,,,purbajaflongup.sylhet.gov.bd
Union,UNI_2493,UPA_278,Lengura,লেঙ্গুড়া,,,lenguraup.sylhet.gov.bd
Union,UNI_2494,UPA_278,Alirgaon,আলীরগাঁও,,,alirgaonup.sylhet.gov.bd
Union,UNI_2495,UPA_278,Nandirgaon,নন্দিরগাঁও,,,nandirgaonup.sylhet.gov.bd
Union,UNI_2496,UPA_278,Towakul,তোয়াকুল,,,towakulup.sylhet.gov.bd
Union,UNI_2497,UPA_278,Daubari,ডৌবাড়ী,,,daubariup.sylhet.gov.bd
Union,UNI_2498,UPA_279,Nijpat,নিজপাট,,,nijpatup.sylhet.gov.bd
Union,UNI_2499,UPA_279,Jaintapur,জৈন্তাপুর,,,jaintapurup.sylhet.gov.bd
Union,UNI_2500,UPA_279,Charikatha,চারিকাটা,,,charikathaup.sylhet.gov.bd
Union,UNI_2501,UPA_279,Darbast,দরবস্ত,,,darbastup.sylhet.gov.bd
Union,UNI_2502,UPA_279,Fatehpur,ফতেপুর,,,fatehpurup.sylhet.gov.bd
Union,UNI_2503,UPA_279,Chiknagul,চিকনাগুল,,,chiknagulup.sylhet.gov.bd
Union,UNI_2504,UPA_280,Rajagonj,রাজাগঞ্জ,,,rajagonjup.sylhet.gov.bd
Union,UNI_2505,UPA_280,Lakshiprashad Purbo,লক্ষীপ্রাসাদ পূর্ব,,,lakshiprashadpurboup.sylhet.gov.bd
Union,UNI_2506,UPA_280,Lakshiprashad Pashim,লক্ষীপ্রাসাদ পশ্চিম,,,lakshiprashadpashimup.sylhet.gov.bd
Union,UNI_2507,UPA_280,Digirpar Purbo,দিঘিরপার পূর্ব,,,digirparpurboup.sylhet.gov.bd
Union,UNI_2508,UPA_280,Satbakh,সাতবাক,,,satbakhup.sylhet.gov.bd
Union,UNI_2509,UPA_280,Barachotul,বড়চতুল,,,barachotulup.sylhet.gov.bd
Union,UNI_2510,UPA_280,Kanaighat,কানাইঘাট,,,kanaighatup.sylhet.gov.bd
Union,UNI_2511,UPA_280,Dakhin Banigram,দক্ষিন বানিগ্রাম,,,dakhinbanigramup.sylhet.gov.bd
Union,UNI_2512,UPA_280,Jinghabari,ঝিঙ্গাবাড়ী,,,jinghabariup.sylhet.gov.bd
Union,UNI_2513,UPA_281,Jalalabad,জালালাবাদ,,,jalalabadup.sylhet.gov.bd
Union,UNI_2514,UPA_281,Hatkhula,হাটখোলা,,,hatkhulaup.sylhet.gov.bd
Union,UNI_2515,UPA_281,Khadimnagar,খাদিমনগর,,,khadimnagarup.sylhet.gov.bd
Union,UNI_2516,UPA_281,Khadimpara,খাদিমপাড়া,,,khadimparaup.sylhet.gov.bd
Union,UNI_2517,UPA_281,Tultikor,টুলটিকর,,,tultikorup.sylhet.gov.bd
Union,UNI_2518,UPA_281,Tukerbazar,টুকেরবাজার,,,tukerbazarup.sylhet.gov.bd
Union,UNI_2519,UPA_281,Mugolgaon,মোগলগাও,,,mugolgaonup.sylhet.gov.bd
Union,UNI_2520,UPA_281,Kandigaon,কান্দিগাও,,,kandigaonup.sylhet.gov.bd
Union,UNI_2521,UPA_282,Manikpur,মানিকপুর,,,manikpurup.sylhet.gov.bd
Union,UNI_2522,UPA_282,Sultanpur,সুলতানপুর,,,sultanpurup.sylhet.gov.bd
Union,UNI_2523,UPA_282,Barohal,বারহাল,,,barohalup.sylhet.gov.bd
Union,UNI_2524,UPA_282,Birorsri,বিরশ্রী,,,birorsriup.sylhet.gov.bd
Union,UNI_2525,UPA_282,Kajalshah,কাজলশার,,,kajalshahup.sylhet.gov.bd
Union,UNI_2526,UPA_282,Kolachora,কলাছড়া,,,kolachora.sylhet.gov.bd
Union,UNI_2527,UPA_282,Zakiganj,জকিগঞ্জ,,,zakiganjup.sylhet.gov.bd
Union,UNI_2528,UPA_282,Barothakuri,বারঠাকুরী,,,barothakuriup.sylhet.gov.bd
Union,UNI_2529,UPA_282,Kaskanakpur,কসকনকপুর,,,kaskanakpurup.sylhet.gov.bd
Union,UNI_2530,UPA_283,Lalabazar,লালাবাজার,,,lalabazarup.sylhet.gov.bd
Union,UNI_2531,UPA_283,Moglabazar,মোগলাবাজার,,,moglabazarup.sylhet.gov.bd
Union,UNI_2532,UPA_283,Boroikandi,বড়ইকান্দি,,,boroikandiup.sylhet.gov.bd
Union,UNI_2533,UPA_283,Silam,সিলাম,,,silamup.sylhet.gov.bd
Union,UNI_2534,UPA_283,Daudpur,দাউদপুর,,,daudpurup.sylhet.gov.bd
Union,UNI_2535,UPA_283,Mollargaon,মোল্লারগাঁও,,,mollargaonup.sylhet.gov.bd
Union,UNI_2536,UPA_283,Kuchai,কুচাই,,,kuchaiup.sylhet.gov.bd
Union,UNI_2537,UPA_283,Kamalbazar,কামালবাজার,,,kamalbazarup.sylhet.gov.bd
Union,UNI_2538,UPA_283,Jalalpur,জালালপুর,,,jalalpurup.sylhet.gov.bd
Union,UNI_2539,UPA_283,Tetli,তেতলী,,,tetliup.sylhet.gov.bd
Union,UNI_2540,UPA_285,Talimpur,তালিমপুর,,,talimpurup.moulvibazar.gov.bd
Union,UNI_2541,UPA_285,Borni,বর্ণি,,,borniup.moulvibazar.gov.bd
Union,UNI_2542,UPA_285,Dasherbazar,দাসেরবাজার,,,dasherbazarup.moulvibazar.gov.bd
Union,UNI_2543,UPA_285,Nizbahadurpur,নিজবাহাদুরপুর,,,nizbahadurpurup.moulvibazar.gov.bd
Union,UNI_2544,UPA_285,Uttar Shahbajpur,উত্তর শাহবাজপুর,,,shahbajpuruttarup.moulvibazar.gov.bd
Union,UNI_2545,UPA_285,Dakkhin Shahbajpur,দক্ষিণ শাহবাজপুর,,,shahbajpurdakshinup.moulvibazar.gov.bd
Union,UNI_2546,UPA_285,Talimpur,তালিমপুর,,,talimpurup.moulvibazar.gov.bd
Union,UNI_2547,UPA_285,Baralekha,বড়লেখা,,,baralekhaup.moulvibazar.gov.bd
Union,UNI_2548,UPA_285,Dakshinbhag Uttar,দক্ষিণভাগ (উত্তর),,,dakshinbhaguttarup.moulvibazar.gov.bd
Union,UNI_2549,UPA_285,Dakshinbhag Dakkhin,দক্ষিণভাগ (দক্ষিণ),,,dakshinbhagdakshinup.moulvibazar.gov.bd
Union,UNI_2550,UPA_285,Sujanagar,সুজানগর,,,sujanagarup.moulvibazar.gov.bd
Union,UNI_2551,UPA_286,Adampur,আদমপুর,,,adampurup.moulvibazar.gov.bd
Union,UNI_2552,UPA_286,Patanushar,পতনঊষার,,,patanusharup.moulvibazar.gov.bd
Union,UNI_2553,UPA_286,Madhabpur,মাধবপুর,,,madhabpurup.moulvibazar.gov.bd
Union,UNI_2554,UPA_286,Rahimpur,রহিমপুর,,,rahimpurup.moulvibazar.gov.bd
Union,UNI_2555,UPA_286,Shamshernagar,শমশেরনগর,,,shamshernagarup.moulvibazar.gov.bd
Union,UNI_2556,UPA_286,Kamalgonj,কমলগঞ্জ,,,kamalgonjup.moulvibazar.gov.bd
Union,UNI_2557,UPA_286,Islampur,ইসলামপুর,,,islampurup.moulvibazar.gov.bd
Union,UNI_2558,UPA_286,Munshibazar,মুন্সিবাজার,,,munshibazarup3.moulvibazar.gov.bd
Union,UNI_2559,UPA_286,Alinagar,আলী নগর,,,alinagarup.moulvibazar.gov.bd
Union,UNI_2560,UPA_287,Baramchal,বরমচাল,,,baramchalup.moulvibazar.gov.bd
Union,UNI_2561,UPA_287,Bhukshimail,ভূকশিমইল,,,bhukshimailup.moulvibazar.gov.bd
Union,UNI_2562,UPA_287,Joychandi,জয়চন্ডি,,,joychandiup.moulvibazar.gov.bd
Union,UNI_2563,UPA_287,Brammanbazar,ব্রাহ্মণবাজার,,,brammanbazarup.moulvibazar.gov.bd
Union,UNI_2564,UPA_287,Kadipur,কাদিপুর,,,kadipurup.moulvibazar.gov.bd
Union,UNI_2565,UPA_287,Kulaura,কুলাউড়া,,,kulauraup.moulvibazar.gov.bd
Union,UNI_2566,UPA_287,Rauthgaon,রাউৎগাঁও,,,rauthgaonup.moulvibazar.gov.bd
Union,UNI_2567,UPA_287,Tilagaon,টিলাগাঁও,,,tilagaonup.moulvibazar.gov.bd
Union,UNI_2568,UPA_287,Sharifpur,শরীফপুর,,,sharifpurup.moulvibazar.gov.bd
Union,UNI_2569,UPA_287,Prithimpassa,পৃথিমপাশা,,,prithimpassaup.moulvibazar.gov.bd
Union,UNI_2570,UPA_287,Kormodha,কর্মধা,,,kormodhaup.moulvibazar.gov.bd
Union,UNI_2571,UPA_287,Bhatera,ভাটেরা,,,bhateraup.moulvibazar.gov.bd
Union,UNI_2572,UPA_287,Hazipur,হাজীপুর,,,hazipurup.moulvibazar.gov.bd
Union,UNI_2573,UPA_288,Amtail,আমতৈল,,,amtailup.moulvibazar.gov.bd
Union,UNI_2574,UPA_288,Khalilpur,খলিলপুর,,,khalilpurup.moulvibazar.gov.bd
Union,UNI_2575,UPA_288,Monumukh,মনুমুখ,,,monumukhup.moulvibazar.gov.bd
Union,UNI_2576,UPA_288,Kamalpur,কামালপুর,,,kamalpurup.moulvibazar.gov.bd
Union,UNI_2577,UPA_288,Apar Kagabala,আপার কাগাবলা,,,uparkagabalaup.moulvibazar.gov.bd
Union,UNI_2578,UPA_288,Akhailkura,আখাইলকুড়া,,,akhailkuraup.moulvibazar.gov.bd
Union,UNI_2579,UPA_288,Ekatuna,একাটুনা,,,ekatunaup.moulvibazar.gov.bd
Union,UNI_2580,UPA_288,Chadnighat,চাঁদনীঘাট,,,chadnighatup.moulvibazar.gov.bd
Union,UNI_2581,UPA_288,Konokpur,কনকপুর,,,konokpurup.moulvibazar.gov.bd
Union,UNI_2582,UPA_288,Nazirabad,নাজিরাবাদ,,,nazirabadup.moulvibazar.gov.bd
Union,UNI_2583,UPA_288,Mostafapur,মোস্তফাপুর,,,mostafapurup.moulvibazar.gov.bd
Union,UNI_2584,UPA_288,Giasnagar,গিয়াসনগর,,,giasnagarup.moulvibazar.gov.bd
Union,UNI_2585,UPA_289,Fotepur,ফতেপুর,,,fotepurup.moulvibazar.gov.bd
Union,UNI_2586,UPA_289,Uttorbhag,উত্তরভাগ,,,uttorbhagup.moulvibazar.gov.bd
Union,UNI_2587,UPA_289,Munsibazar,মুন্সিবাজার,,,munsibazarup.moulvibazar.gov.bd
Union,UNI_2588,UPA_289,Panchgaon,পাঁচগাঁও,,,panchgaonup.moulvibazar.gov.bd
Union,UNI_2589,UPA_289,Rajnagar,রাজনগর,,,rajnagarup.moulvibazar.gov.bd
Union,UNI_2590,UPA_289,Tengra,টেংরা,,,tengraup.moulvibazar.gov.bd
Union,UNI_2591,UPA_289,Kamarchak,কামারচাক,,,kamarchakup.moulvibazar.gov.bd
Union,UNI_2592,UPA_289,Munsurnagar,মনসুরনগর,,,munsurnagarup.moulvibazar.gov.bd
Union,UNI_2593,UPA_290,Mirzapur,মির্জাপুর,,,mirzapurup.moulvibazar.gov.bd
Union,UNI_2594,UPA_290,Bhunabir,ভূনবীর,,,bhunabirup.moulvibazar.gov.bd
Union,UNI_2595,UPA_290,Sreemangal,শ্রীমঙ্গল,,,sreemangalup.moulvibazar.gov.bd
Union,UNI_2596,UPA_290,Sindurkhan,সিন্দুরখান,,,sindurkhanup.moulvibazar.gov.bd
Union,UNI_2597,UPA_290,Kalapur,কালাপুর,,,kalapurup.moulvibazar.gov.bd
Union,UNI_2598,UPA_290,Ashidron,আশিদ্রোন,,,ashidronup.moulvibazar.gov.bd
Union,UNI_2599,UPA_290,Rajghat,রাজঘাট,,,rajghatup.moulvibazar.gov.bd
Union,UNI_2600,UPA_290,Kalighat,কালীঘাট,,,kalighatup.moulvibazar.gov.bd
Union,UNI_2601,UPA_290,Satgaon,সাতগাঁও,,,satgaonup.moulvibazar.gov.bd
Union,UNI_2602,UPA_291,Jafornagar,জায়ফরনগর,,,jafornagarup.moulvibazar.gov.bd
Union,UNI_2603,UPA_291,West Juri,পশ্চিম জুড়ী,,,westjuriup.moulvibazar.gov.bd
Union,UNI_2604,UPA_291,Gualbari,গোয়ালবাড়ী,,,gualbariup.moulvibazar.gov.bd
Union,UNI_2605,UPA_291,Sagornal,সাগরনাল,,,sagornalup.moulvibazar.gov.bd
Union,UNI_2606,UPA_291,Fultola,ফুলতলা,,,fultolaup.moulvibazar.gov.bd
Union,UNI_2607,UPA_291,Eastjuri,পুর্ব জুড়ী,,,eastjuriup.moulvibazar.gov.bd
Union,UNI_2608,UPA_292,Barabhakoir Paschim,বড় ভাকৈর (পশ্চিম),,,barabhakoirpaschimup.habiganj.gov.bd
Union,UNI_2609,UPA_292,Barabhakoir Purba,বড় ভাকৈর (পূর্ব),,,barabhakoirpurbaup.habiganj.gov.bd
Union,UNI_2610,UPA_292,Inatganj,ইনাতগঞ্জ,,,inatganjup.habiganj.gov.bd
Union,UNI_2611,UPA_292,Digholbak,দীঘলবাক,,,digholbakup.habiganj.gov.bd
Union,UNI_2612,UPA_292,Aushkandi,আউশকান্দি,,,aushkandiup.habiganj.gov.bd
Union,UNI_2613,UPA_292,Kurshi,কুর্শি,,,kurshiup.habiganj.gov.bd
Union,UNI_2614,UPA_292,Kargoan,করগাঁও,,,kargoanup.habiganj.gov.bd
Union,UNI_2615,UPA_292,Nabiganj Sadar,নবীগঞ্জ সদর,,,nabiganjsadarup.habiganj.gov.bd
Union,UNI_2616,UPA_292,Bausha,বাউসা,,,baushaup.habiganj.gov.bd
Union,UNI_2617,UPA_292,Debparra,দেবপাড়া,,,debparraup.habiganj.gov.bd
Union,UNI_2618,UPA_292,Gaznaipur,গজনাইপুর,,,gaznaipurup.habiganj.gov.bd
Union,UNI_2619,UPA_292,Kaliarbhanga,কালিয়ারভাংগা,,,kaliarbhangaup.habiganj.gov.bd
Union,UNI_2620,UPA_292,Paniumda,পানিউমদা,,,paniumdaup.habiganj.gov.bd
Union,UNI_2621,UPA_293,Snanghat,স্নানঘাট,,,snanghatup.habiganj.gov.bd
Union,UNI_2622,UPA_293,Putijuri,পুটিজুরী,,,putijuriup.habiganj.gov.bd
Union,UNI_2623,UPA_293,Satkapon,সাতকাপন,,,satkaponup.habiganj.gov.bd
Union,UNI_2624,UPA_293,Bahubal Sadar,বাহুবল সদর,,,bahubalsadarup.habiganj.gov.bd
Union,UNI_2625,UPA_293,Lamatashi,লামাতাশী,,,lamatashiup.habiganj.gov.bd
Union,UNI_2626,UPA_293,Mirpur,মিরপুর,,,mirpurup.habiganj.gov.bd
Union,UNI_2627,UPA_293,Bhadeshwar,ভাদেশ্বর,,,bhadeshwarup.habiganj.gov.bd
Union,UNI_2628,UPA_294,Shibpasha,শিবপাশা,,,shibpashaup.habiganj.gov.bd
Union,UNI_2629,UPA_294,Kakailsao,কাকাইলছেও,,,kakailsaoup.habiganj.gov.bd
Union,UNI_2630,UPA_294,Ajmiriganj Sadar,আজমিরীগঞ্জ সদর,,,ajmiriganjsadarup.habiganj.gov.bd
Union,UNI_2631,UPA_294,Badolpur,বদলপুর,,,badolpurup.habiganj.gov.bd
Union,UNI_2632,UPA_294,Jolsuka,জলসুখা,,,jolsukaup.habiganj.gov.bd
Union,UNI_2633,UPA_295,Baniachong North East,বানিয়াচং উত্তর পূর্ব,,,baniachongnortheastup.habiganj.gov.bd
Union,UNI_2634,UPA_295,Baniachong North West,বানিয়াচং উত্তর পশ্চিম,,,baniachongnorthwestup.habiganj.gov.bd
Union,UNI_2635,UPA_295,Baniachong South East,বানিয়াচং দক্ষিণ পূর্ব,,,baniachongsoutheastup.habiganj.gov.bd
Union,UNI_2636,UPA_295,Baniachong South West,বানিয়াচং দক্ষিণ পশ্চিম,,,baniachongsouthwestup.habiganj.gov.bd
Union,UNI_2637,UPA_295,Daulatpur,দৌলতপুর,,,daulatpur.habiganj.gov.bd
Union,UNI_2638,UPA_295,Khagaura,খাগাউড়া,,,khagauraup.habiganj.gov.bd
Union,UNI_2639,UPA_295,Baraiuri,বড়ইউড়ি,,,baraiuriup.habiganj.gov.bd
Union,UNI_2640,UPA_295,Kagapasha,কাগাপাশা,,,kagapashaup.habiganj.gov.bd
Union,UNI_2641,UPA_295,Pukra,পুকড়া,,,pukraup.habiganj.gov.bd
Union,UNI_2642,UPA_295,Subidpur,সুবিদপুর,,,subidpurup.habiganj.gov.bd
Union,UNI_2643,UPA_295,Makrampur,মক্রমপুর,,,makrampurup.habiganj.gov.bd
Union,UNI_2644,UPA_295,Sujatpur,সুজাতপুর,,,sujatpurup.habiganj.gov.bd
Union,UNI_2645,UPA_295,Mandari,মন্দরী,,,mandariup.habiganj.gov.bd
Union,UNI_2646,UPA_295,Muradpur,মুরাদপুর,,,muradpurup.habiganj.gov.bd
Union,UNI_2647,UPA_295,Pailarkandi,পৈলারকান্দি,,,pailarkandiup.habiganj.gov.bd
Union,UNI_2648,UPA_296,Lakhai,লাখাই,,,lakhaiup.habiganj.gov.bd
Union,UNI_2649,UPA_296,Murakari,মোড়াকরি,,,murakariup.habiganj.gov.bd
Union,UNI_2650,UPA_296,Muriauk,মুড়িয়াউক,,,muriaukup.habiganj.gov.bd
Union,UNI_2651,UPA_296,Bamoi,বামৈ,,,bamoiup.habiganj.gov.bd
Union,UNI_2652,UPA_296,Karab,করাব,,,karabup.habiganj.gov.bd
Union,UNI_2653,UPA_296,Bulla,বুল্লা,,,bullaup6.habiganj.gov.bd
Union,UNI_2654,UPA_297,Gazipur,গাজীপুর,,,gazipurup.habiganj.gov.bd
Union,UNI_2655,UPA_297,Ahammadabad,আহম্মদাবাদ,,,ahammadabadup.habiganj.gov.bd
Union,UNI_2656,UPA_297,Deorgach,দেওরগাছ,,,deorgachup.habiganj.gov.bd
Union,UNI_2657,UPA_297,Paikpara,পাইকপাড়া,,,paikparaup.habiganj.gov.bd
Union,UNI_2658,UPA_297,Shankhala,শানখলা,,,shankhalaup.habiganj.gov.bd
Union,UNI_2659,UPA_297,Chunarughat,চুনারুঘাট,,,chunarughatup.habiganj.gov.bd
Union,UNI_2660,UPA_297,Ubahata,উবাহাটা,,,ubahataup.habiganj.gov.bd
Union,UNI_2661,UPA_297,Shatiajuri,সাটিয়াজুরী,,,shatiajuriup.habiganj.gov.bd
Union,UNI_2662,UPA_297,Ranigaon,রাণীগাঁও,,,ranigaonup.habiganj.gov.bd
Union,UNI_2663,UPA_297,Mirashi,মিরাশী,,,mirashiup.habiganj.gov.bd
Union,UNI_2664,UPA_298,Lukra,লুকড়া,,,lukraup.habiganj.gov.bd
Union,UNI_2665,UPA_298,Richi,রিচি,,,richiup.habiganj.gov.bd
Union,UNI_2666,UPA_298,Teghoria,তেঘরিয়া,,,teghoriaup.habiganj.gov.bd
Union,UNI_2667,UPA_298,Poil,পইল,,,poilup.habiganj.gov.bd
Union,UNI_2668,UPA_298,Gopaya,গোপায়া,,,gopayaup.habiganj.gov.bd
Union,UNI_2669,UPA_298,Rajiura,রাজিউড়া,,,rajiuraup.habiganj.gov.bd
Union,UNI_2670,UPA_298,Nurpur,নুরপুর,,,nurpurup.habiganj.gov.bd
Union,UNI_2671,UPA_298,Shayestaganj,শায়েস্তাগঞ্জ,,,shayestaganjup.habiganj.gov.bd
Union,UNI_2672,UPA_298,Nijampur,নিজামপুর,,,nijampurup.habiganj.gov.bd
Union,UNI_2673,UPA_298,Laskerpur,লস্করপুর,,,laskerpurup.habiganj.gov.bd
Union,UNI_2674,UPA_299,Dharmaghar,ধর্মঘর,,,dharmagharup.habiganj.gov.bd
Union,UNI_2675,UPA_299,Choumohani,চৌমুহনী,,,choumohaniup.habiganj.gov.bd
Union,UNI_2676,UPA_299,Bahara,বহরা,,,baharaup.habiganj.gov.bd
Union,UNI_2677,UPA_299,Adaoir,আদাঐর,,,adaoirup.habiganj.gov.bd
Union,UNI_2678,UPA_299,Andiura,আন্দিউড়া,,,andiuraup.habiganj.gov.bd
Union,UNI_2679,UPA_299,Shahjahanpur,শাহজাহানপুর,,,shahjahanpurup.habiganj.gov.bd
Union,UNI_2680,UPA_299,Jagadishpur,জগদীশপুর,,,jagadishpurup.habiganj.gov.bd
Union,UNI_2681,UPA_299,Bulla,বুল্লা,,,bullaup.habiganj.gov.bd
Union,UNI_2682,UPA_299,Noapara,নোয়াপাড়া,,,noaparaup.habiganj.gov.bd
Union,UNI_2683,UPA_299,Chhatiain,ছাতিয়াইন,,,chhatiainup.habiganj.gov.bd
Union,UNI_2684,UPA_299,Bagashura,বাঘাসুরা,,,bagashuraup.habiganj.gov.bd
Union,UNI_2685,UPA_300,Jahangirnagar,জাহাঙ্গীরনগর,,,jahangirnagarup.sunamganj.gov.bd
Union,UNI_2686,UPA_300,Rangarchar,রংগারচর,,,rangarcharup.sunamganj.gov.bd
Union,UNI_2687,UPA_300,Aptabnagar,আপ্তাবনগর,,,aptabnagarup.sunamganj.gov.bd
Union,UNI_2688,UPA_300,Gourarang,গৌরারং,,,gourarang.sunamganj.gov.bd
Union,UNI_2689,UPA_300,Mollapara,মোল্লাপাড়া,,,mollaparaup.sunamganj.gov.bd
Union,UNI_2690,UPA_300,Laxmansree,লক্ষণশ্রী,,,laxmansreeup.sunamganj.gov.bd
Union,UNI_2691,UPA_300,Kathair,কাঠইর,,,kathairup.sunamganj.gov.bd
Union,UNI_2692,UPA_300,Surma,সুরমা,,,surmaup.sunamganj.gov.bd
Union,UNI_2693,UPA_300,Mohonpur,মোহনপুর,,,mohonpurup.sunamganj.gov.bd
Union,UNI_2694,UPA_301,Shimulbak,শিমুলবাক,,,shimulbak.sunamganj.gov.bd
Union,UNI_2695,UPA_301,Paschim Pagla,পশ্চিম পাগলা,,,paschimpagla.sunamganj.gov.bd
Union,UNI_2696,UPA_301,Joykalash,জয়কলস,,,joykalashup.sunamganj.gov.bd
Union,UNI_2697,UPA_301,Purba Pagla,পূর্ব পাগলা,,,purbapaglaup.sunamganj.gov.bd
Union,UNI_2698,UPA_301,Patharia,পাথারিয়া,,,pathariaup.sunamganj.gov.bd
Union,UNI_2699,UPA_301,Purba Birgaon,পূর্ব বীরগাঁও,,,purbabirgaonup.sunamganj.gov.bd
Union,UNI_2700,UPA_301,Dargapasha,দরগাপাশা,,,dargapashaup.sunamganj.gov.bd
Union,UNI_2701,UPA_301,Paschim Birgaon,পশ্চিম বীরগাঁও,,,paschimbirgaonup.sunamganj.gov.bd
Union,UNI_2702,UPA_302,Palash,পলাশ,,,palashup.sunamganj.gov.bd
Union,UNI_2703,UPA_302,Solukabad,সলুকাবাদ,,,solukabadup.sunamganj.gov.bd
Union,UNI_2704,UPA_302,Dhanpur,ধনপুর,,,dhanpurup.sunamganj.gov.bd
Union,UNI_2705,UPA_302,Badaghat South,বাদাঘাট দক্ষিণ,,,badaghatsouthup.sunamganj.gov.bd
Union,UNI_2706,UPA_302,Fatepur,ফতেপুর,,,fatepurup.sunamganj.gov.bd
Union,UNI_2707,UPA_303,Islampur,ইসলামপুর,,,islampurup.sunamganj.gov.bd
Union,UNI_2708,UPA_303,Noarai,নোয়ারাই,,,noaraiup.sunamganj.gov.bd
Union,UNI_2709,UPA_303,Chhatak Sadar,ছাতক সদর,,,chhataksadarup.sunamganj.gov.bd
Union,UNI_2710,UPA_303,Kalaruka,কালারুকা,,,kalarukaup.sunamganj.gov.bd
Union,UNI_2711,UPA_303,Gobindganj-Syedergaon,গোবিন্দগঞ্জ-সৈদেরগাঁও,,,gobindganjsyedergaonup.sunamganj.gov.bd
Union,UNI_2712,UPA_303,Chhaila Afjalabad,ছৈলা আফজলাবাদ,,,chhailaafjalabadup.sunamganj.gov.bd
Union,UNI_2713,UPA_303,Khurma North,খুরমা উত্তর,,,khurmanorthup.sunamganj.gov.bd
Union,UNI_2714,UPA_303,Khurma South,খুরমা দক্ষিণ,,,khurmasouthup.sunamganj.gov.bd
Union,UNI_2715,UPA_303,Chormohalla,চরমহল্লা,,,chormohallaup.sunamganj.gov.bd
Union,UNI_2716,UPA_303,Jauwabazar,জাউয়া বাজার,,,jauwabazarup.sunamganj.gov.bd
Union,UNI_2717,UPA_303,Singchapair,সিংচাপইড়,,,singchapairup.sunamganj.gov.bd
Union,UNI_2718,UPA_303,Dolarbazar,দোলারবাজার,,,dolarbazarup.sunamganj.gov.bd
Union,UNI_2719,UPA_303,Bhatgaon,ভাতগাঁও,,,bhatgaonup.sunamganj.gov.bd
Union,UNI_2720,UPA_304,Kolkolia,কলকলিয়া,,,kolkoliaup.sunamganj.gov.bd
Union,UNI_2721,UPA_304,Patli,পাটলী,,,patliup.sunamganj.gov.bd
Union,UNI_2722,UPA_304,Mirpur,মীরপুর,,,mirpurup.sunamganj.gov.bd
Union,UNI_2723,UPA_304,Chilaura Holdipur,চিলাউড়া হলদিপুর,,,chilauraholdipurup.sunamganj.gov.bd
Union,UNI_2724,UPA_304,Raniganj,রানীগঞ্জ,,,raniganjup.sunamganj.gov.bd
Union,UNI_2725,UPA_304,Syedpur Shaharpara,সৈয়দপুর শাহাড়পাড়া,,,syedpurshaharparaup.sunamganj.gov.bd
Union,UNI_2726,UPA_304,Asharkandi,আশারকান্দি,,,asharkandiup.sunamganj.gov.bd
Union,UNI_2727,UPA_304,Pailgaon,পাইলগাঁও,,,pailgaonup.sunamganj.gov.bd
Union,UNI_2728,UPA_305,Banglabazar,বাংলাবাজার,,,banglabazarup.sunamganj.gov.bd
Union,UNI_2729,UPA_305,Norsingpur,নরসিংহপুর,,,norsingpurup.sunamganj.gov.bd
Union,UNI_2730,UPA_305,Dowarabazar,দোয়ারাবাজার,,,dowarabazarup.sunamganj.gov.bd
Union,UNI_2731,UPA_305,Mannargaon,মান্নারগাঁও,,,mannargaonup.sunamganj.gov.bd
Union,UNI_2732,UPA_305,Pandargaon,পান্ডারগাঁও,,,pandargaonup.sunamganj.gov.bd
Union,UNI_2733,UPA_305,Dohalia,দোহালিয়া,,,dohaliaup.sunamganj.gov.bd
Union,UNI_2734,UPA_305,Laxmipur,লক্ষীপুর,,,laxmipurup.sunamganj.gov.bd
Union,UNI_2735,UPA_305,Boglabazar,বোগলাবাজার,,,boglabazarup.sunamganj.gov.bd
Union,UNI_2736,UPA_305,Surma,সুরমা,,,surma2up.sunamganj.gov.bd
Union,UNI_2737,UPA_306,Sreepur North,শ্রীপুর উত্তর,,,sreepurnorthup.sunamganj.gov.bd
Union,UNI_2738,UPA_306,Sreepur South,শ্রীপুর দক্ষিণ,,,sreepursouthup.sunamganj.gov.bd
Union,UNI_2739,UPA_306,Bordal South,বড়দল দক্ষিণ,,,bordalsouthup.sunamganj.gov.bd
Union,UNI_2740,UPA_306,Bordal North,বড়দল উত্তর,,,bordalnorthup.sunamganj.gov.bd
Union,UNI_2741,UPA_306,Badaghat,বাদাঘাট,,,badaghatup.sunamganj.gov.bd
Union,UNI_2742,UPA_306,Tahirpur Sadar,তাহিরপুর সদর,,,tahirpursadarup.sunamganj.gov.bd
Union,UNI_2743,UPA_306,Balijuri,বালিজুরী,,,balijuriup.sunamganj.gov.bd
Union,UNI_2744,UPA_307,Bongshikunda North,বংশীকুন্ডা উত্তর,,,bongshikundanorthup.sunamganj.gov.bd
Union,UNI_2745,UPA_307,Bongshikunda South,বংশীকুন্ডা দক্ষিণ,,,bongshikundasouthup.sunamganj.gov.bd
Union,UNI_2746,UPA_307,Chamordani,চামরদানী,,,chamordaniup.sunamganj.gov.bd
Union,UNI_2747,UPA_307,Madhyanagar,মধ্যনগর,,,madhyanagarup.sunamganj.gov.bd
Union,UNI_2748,UPA_307,Paikurati,পাইকুরাটী,,,paikuratiup.sunamganj.gov.bd
Union,UNI_2749,UPA_307,Selbarash,সেলবরষ,,,selbarashup.sunamganj.gov.bd
Union,UNI_2750,UPA_307,Dharmapasha Sadar,ধর্মপাশা সদর,,,dharmapashasadarup.sunamganj.gov.bd
Union,UNI_2751,UPA_307,Joyasree,জয়শ্রী,,,joyasreeup.sunamganj.gov.bd
Union,UNI_2752,UPA_307,Sukhair Rajapur North,সুখাইড় রাজাপুর উত্তর,,,sukhairrajapurnorthup.sunamganj.gov.bd
Union,UNI_2753,UPA_307,Sukhair Rajapur South,সুখাইড় রাজাপুর দক্ষিণ,,,sukhairrajapursouthup.sunamganj.gov.bd
Union,UNI_2754,UPA_308,Beheli,বেহেলী,,,beheliup.sunamganj.gov.bd
Union,UNI_2755,UPA_308,Sachnabazar,সাচনাবাজার,,,sachnabazarup.sunamganj.gov.bd
Union,UNI_2756,UPA_308,Bhimkhali,ভীমখালী,,,bhimkhaliup.sunamganj.gov.bd
Union,UNI_2757,UPA_308,Fenerbak,ফেনারবাক,,,fenerbakup.sunamganj.gov.bd
Union,UNI_2758,UPA_308,Jamalganj Sadar,জামালগঞ্জ সদর,,,jamalganjsadarup.sunamganj.gov.bd
Union,UNI_2759,UPA_309,Atgaon,আটগাঁও,,,atgaonup.sunamganj.gov.bd
Union,UNI_2760,UPA_309,Habibpur,হবিবপুর,,,habibpurup.sunamganj.gov.bd
Union,UNI_2761,UPA_309,Bahara,বাহারা,,,baharaup.sunamganj.gov.bd
Union,UNI_2762,UPA_309,Shalla Sadar,শাল্লা সদর,,,shallasadarup.sunamganj.gov.bd
Union,UNI_2763,UPA_310,Rafinagar,রফিনগর,,,rafinagarup.sunamganj.gov.bd
Union,UNI_2764,UPA_310,Bhatipara,ভাটিপাড়া,,,bhatiparaup.sunamganj.gov.bd
Union,UNI_2765,UPA_310,Rajanagar,রাজানগর,,,rajanagarup.sunamganj.gov.bd
Union,UNI_2766,UPA_310,Charnarchar,চরনারচর,,,charnarcharup.sunamganj.gov.bd
Union,UNI_2767,UPA_310,Derai Sarmangal,দিরাই সরমঙ্গল,,,deraisarmangalup.sunamganj.gov.bd
Union,UNI_2768,UPA_310,Karimpur,করিমপুর,,,karimpurup.sunamganj.gov.bd
Union,UNI_2769,UPA_310,Jagddol,জগদল,,,jagddolup.sunamganj.gov.bd
Union,UNI_2770,UPA_310,Taral,তাড়ল,,,taralup.sunamganj.gov.bd
Union,UNI_2771,UPA_310,Kulanj,কুলঞ্জ,,,kulanjup.sunamganj.gov.bd
Union,UNI_2772,UPA_311,Amlaba,আমলাব,,,amlabaup.narsingdi.gov.bd
Union,UNI_2773,UPA_311,Bajnaba,বাজনাব,,,bajnabaup.narsingdi.gov.bd
Union,UNI_2774,UPA_311,Belabo,বেলাব,,,belaboup.narsingdi.gov.bd
Union,UNI_2775,UPA_311,Binnabayd,বিন্নাবাইদ,,,binnabaydup.narsingdi.gov.bd
Union,UNI_2776,UPA_311,Charuzilab,চরউজিলাব,,,charuzilabup.narsingdi.gov.bd
Union,UNI_2777,UPA_311,Naraynpur,নারায়নপুর,,,naraynpurup.narsingdi.gov.bd
Union,UNI_2778,UPA_311,Sallabad,সল্লাবাদ,,,sallabadup.narsingdi.gov.bd
Union,UNI_2779,UPA_311,Patuli,পাটুলী,,,patuliup.narsingdi.gov.bd
Union,UNI_2780,UPA_311,Diara,দেয়ারা মডেল,,,diaraup.narsingdi.gov.bd
Union,UNI_2781,UPA_312,Barachapa,বড়চাপা,,,barachapaup.narsingdi.gov.bd
Union,UNI_2782,UPA_312,Chalakchar,চালাকচর,,,chalakcharup.narsingdi.gov.bd
Union,UNI_2783,UPA_312,Charmandalia,চরমান্দালিয়া,,,charmandaliaup.narsingdi.gov.bd
Union,UNI_2784,UPA_312,Ekduaria,একদুয়ারিয়া,,,ekduariaup.narsingdi.gov.bd
Union,UNI_2785,UPA_312,Gotashia,গোতাশিয়া,,,gotashiaup.narsingdi.gov.bd
Union,UNI_2786,UPA_312,Kanchikata,কাচিকাটা,,,kanchikataup.narsingdi.gov.bd
Union,UNI_2787,UPA_312,Khidirpur,খিদিরপুর,,,khidirpurup.narsingdi.gov.bd
Union,UNI_2788,UPA_312,Shukundi,শুকুন্দি,,,shukundiup.narsingdi.gov.bd
Union,UNI_2789,UPA_312,Dawlatpur,দৌলতপুর,,,dawlatpurup.narsingdi.gov.bd
Union,UNI_2790,UPA_312,Krisnopur,কৃষ্ণপুর,,,krisnopurup.narsingdi.gov.bd
Union,UNI_2791,UPA_312,Labutala,লেবুতলা,,,labutalaup.narsingdi.gov.bd
Union,UNI_2792,UPA_312,Chandanbari,চন্দনবাড়ী,,,chandanbariup.narsingdi.gov.bd
Union,UNI_2793,UPA_313,Alokbali,আলোকবালী,,,alokbaliup.narsingdi.gov.bd
Union,UNI_2794,UPA_313,Chardighaldi,চরদিঘলদী,,,chardighaldiup.narsingdi.gov.bd
Union,UNI_2795,UPA_313,Chinishpur,চিনিশপুর,,,chinishpurup.narsingdi.gov.bd
Union,UNI_2796,UPA_313,Hajipur,হাজীপুর,,,hajipurup.narsingdi.gov.bd
Union,UNI_2797,UPA_313,Karimpur,করিমপুর,,,karimpurup.narsingdi.gov.bd
Union,UNI_2798,UPA_313,Khathalia,কাঠালিয়া,,,khathaliaup.narsingdi.gov.bd
Union,UNI_2799,UPA_313,Nuralapur,নূরালাপুর,,,nuralapurup.narsingdi.gov.bd
Union,UNI_2800,UPA_313,Mahishasura,মহিষাশুড়া,,,mahishasuraup.narsingdi.gov.bd
Union,UNI_2801,UPA_313,Meherpara,মেহেড়পাড়া,,,meherparaup.narsingdi.gov.bd
Union,UNI_2802,UPA_313,Nazarpur,নজরপুর,,,nazarpurup.narsingdi.gov.bd
Union,UNI_2803,UPA_313,Paikarchar,পাইকারচর,,,paikarcharup.narsingdi.gov.bd
Union,UNI_2804,UPA_313,Panchdona,পাঁচদোনা,,,panchdonaup.narsingdi.gov.bd
Union,UNI_2805,UPA_313,Silmandi,শিলমান্দী,,,silmandiup.narsingdi.gov.bd
Union,UNI_2806,UPA_313,Amdia,আমদিয়া ২,,,amdiaup.narsingdi.gov.bd
Union,UNI_2807,UPA_314,Danga,ডাংঙ্গা,,,dangaup.narsingdi.gov.bd
Union,UNI_2808,UPA_314,Charsindur,চরসিন্দুর,,,charsindurup.narsingdi.gov.bd
Union,UNI_2809,UPA_314,Jinardi,জিনারদী,,,jinardiup.narsingdi.gov.bd
Union,UNI_2810,UPA_314,Gazaria,গজারিয়া,,,gazariaup.narsingdi.gov.bd
Union,UNI_2811,UPA_315,Chanpur,চানপুর,,,chanpurup.narsingdi.gov.bd
Union,UNI_2812,UPA_315,Alipura,অলিপুরা,,,alipuraup.narsingdi.gov.bd
Union,UNI_2813,UPA_315,Amirganj,আমিরগঞ্জ,,,amirganjup.narsingdi.gov.bd
Union,UNI_2814,UPA_315,Adiabad,আদিয়াবাদ,,,adiabadup.narsingdi.gov.bd
Union,UNI_2815,UPA_315,Banshgari,বাঁশগাড়ী,,,banshgariup.narsingdi.gov.bd
Union,UNI_2816,UPA_315,Chanderkandi,চান্দেরকান্দি,,,chanderkandiup.narsingdi.gov.bd
Union,UNI_2817,UPA_315,Chararalia,চরআড়ালিয়া,,,chararaliaup.narsingdi.gov.bd
Union,UNI_2818,UPA_315,Charmadhua,চরমধুয়া,,,charmadhuaup.narsingdi.gov.bd
Union,UNI_2819,UPA_315,Charsubuddi,চরসুবুদ্দি,,,charsubuddiup.narsingdi.gov.bd
Union,UNI_2820,UPA_315,Daukarchar,ডৌকারচর,,,daukarcharup.narsingdi.gov.bd
Union,UNI_2821,UPA_315,Hairmara,হাইরমারা,,,hairmaraup.narsingdi.gov.bd
Union,UNI_2822,UPA_315,Maheshpur,মহেষপুর,,,maheshpurup.narsingdi.gov.bd
Union,UNI_2823,UPA_315,Mirzanagar,মির্জানগর,,,mirzanagarup.narsingdi.gov.bd
Union,UNI_2824,UPA_315,Mirzarchar,মির্জারচর,,,mirzarcharup.narsingdi.gov.bd
Union,UNI_2825,UPA_315,Nilakhya,নিলক্ষ্যা,,,nilakhyaup.narsingdi.gov.bd
Union,UNI_2826,UPA_315,Palashtali,পলাশতলী,,,palashtaliup.narsingdi.gov.bd
Union,UNI_2827,UPA_315,Paratali,পাড়াতলী,,,parataliup.narsingdi.gov.bd
Union,UNI_2828,UPA_315,Sreenagar,শ্রীনগর,,,sreenagarup.narsingdi.gov.bd
Union,UNI_2829,UPA_315,Roypura,রায়পুরা,,,roypuraup.narsingdi.gov.bd
Union,UNI_2830,UPA_315,Musapur,মুছাপুর,,,musapurup.narsingdi.gov.bd
Union,UNI_2831,UPA_315,Uttar Bakharnagar,উত্তর বাখরনগর,,,uttarbakharnagarup.narsingdi.gov.bd
Union,UNI_2832,UPA_315,Marjal,মরজাল,,,marjal2up.narsingdi.gov.bd
Union,UNI_2833,UPA_316,Dulalpur,দুলালপুর,,,dulalpurup.narsingdi.gov.bd
Union,UNI_2834,UPA_316,Joynagar,জয়নগর,,,joynagarup.narsingdi.gov.bd
Union,UNI_2835,UPA_316,Sadharchar,সাধারচর,,,sadharcharup.narsingdi.gov.bd
Union,UNI_2836,UPA_316,Masimpur,মাছিমপুর,,,masimpurup.narsingdi.gov.bd
Union,UNI_2837,UPA_316,Chakradha,চক্রধা,,,chakradhaup.narsingdi.gov.bd
Union,UNI_2838,UPA_316,Joshar,যোশর,,,josharup.narsingdi.gov.bd
Union,UNI_2839,UPA_316,Baghabo,বাঘাব,,,baghaboup.narsingdi.gov.bd
Union,UNI_2840,UPA_316,Ayubpur,আয়ুবপুর,,,ayubpurup.narsingdi.gov.bd
Union,UNI_2841,UPA_316,Putia,পুটিয়া,,,putiaup.narsingdi.gov.bd
Union,UNI_2842,UPA_317,Bahadursadi,বাহাদুরশাদী,,,bahadursadi.gazipur.gov.bd
Union,UNI_2843,UPA_317,Baktarpur,বক্তারপুর,,,baktarpur.gazipur.gov.bd
Union,UNI_2844,UPA_317,Jamalpurnew,জামালপুর,,,jamalpurnew.gazipur.gov.bd
Union,UNI_2845,UPA_317,Jangalia,জাঙ্গালিয়া,,,jangalia.gazipur.gov.bd
Union,UNI_2846,UPA_317,Moktarpur,মোক্তারপুর,,,moktarpur.gazipur.gov.bd
Union,UNI_2847,UPA_317,Nagari,নাগরী,,,nagari.gazipur.gov.bd
Union,UNI_2848,UPA_317,Tumulia,তুমুলিয়া,,,tumulia.gazipur.gov.bd
Union,UNI_2849,UPA_318,Atabaha,আটাবহ,,,atabahaup.gazipur.gov.bd
Union,UNI_2850,UPA_318,Boali,বোয়ালী,,,boaliup.gazipur.gov.bd
Union,UNI_2851,UPA_318,Chapair,চাপাইর,,,chapairup.gazipur.gov.bd
Union,UNI_2852,UPA_318,Dhaliora,ঢালজোড়া,,,dhalioraup.gazipur.gov.bd
Union,UNI_2853,UPA_318,Fulbaria,ফুলবাড়ীয়া,,,fulbariaup.gazipur.gov.bd
Union,UNI_2854,UPA_318,Madhyapara,মধ্যপাড়া,,,madhyapara.gazipur.gov.bd
Union,UNI_2855,UPA_318,Mouchak,মৌচাক,,,mouchakup.gazipur.gov.bd
Union,UNI_2856,UPA_318,Sutrapur,সূত্রাপুর,,,sutrapurup.gazipur.gov.bd
Union,UNI_2857,UPA_318,Srifaltali,শ্রীফলতলী,,,srifaltaliup.gazipur.gov.bd
Union,UNI_2858,UPA_319,Barishaba,বারিষাব,,,barishabaup.gazipur.gov.bd
Union,UNI_2859,UPA_319,Ghagotia,ঘাগটিয়া,,,ghagotiaup.gazipur.gov.bd
Union,UNI_2860,UPA_319,Kapasia,কাপাসিয়া,,,kapasiaup.gazipur.gov.bd
Union,UNI_2861,UPA_319,Chandpur,চাঁদপুর,,,chandpur.gazipur.gov.bd
Union,UNI_2862,UPA_319,Targoan,তরগাঁও,,,targoan.gazipur.gov.bd
Union,UNI_2863,UPA_319,Karihata,কড়িহাতা,,,karihata.gazipur.gov.bd
Union,UNI_2864,UPA_319,Tokh,টোক,,,tokh.gazipur.gov.bd
Union,UNI_2865,UPA_319,Sinhasree,সিংহশ্রী,,,sinhasree.gazipur.gov.bd
Union,UNI_2866,UPA_319,Durgapur,দূর্গাপুর,,,durgapurup.gazipur.gov.bd
Union,UNI_2867,UPA_319,Sonmania,সনমানিয়া,,,sonmaniaup.gazipur.gov.bd
Union,UNI_2868,UPA_319,Rayed,রায়েদ,,,rayedup.gazipur.gov.bd
Union,UNI_2869,UPA_320,Baria,বাড়ীয়া,,,bariaup.gazipur.gov.bd
Union,UNI_2870,UPA_320,Basan,বাসন,,,basanup.gazipur.gov.bd
Union,UNI_2871,UPA_320,Gachha,গাছা,,,gachhaup.gazipur.gov.bd
Union,UNI_2872,UPA_320,Kashimpur,কাশিমপুর,,,kashimpurup.gazipur.gov.bd
Union,UNI_2873,UPA_320,Kayaltia,কাউলতিয়া,,,kayaltiaup.gazipur.gov.bd
Union,UNI_2874,UPA_320,Konabari,কোনাবাড়ী,,,konabariup.gazipur.gov.bd
Union,UNI_2875,UPA_320,Mirzapur,মির্জাপুর,,,mirzapurup.gazipur.gov.bd
Union,UNI_2876,UPA_320,Pubail,পূবাইল,,,pubailup.gazipur.gov.bd
Union,UNI_2877,UPA_321,Barmi,বরমী,,,barmiup.gazipur.gov.bd
Union,UNI_2878,UPA_321,Gazipur,গাজীপুর,,,gazipurup.gazipur.gov.bd
Union,UNI_2879,UPA_321,Gosinga,গোসিংগা,,,gosingaup.gazipur.gov.bd
Union,UNI_2880,UPA_321,Maona,মাওনা,,,maonaup.gazipur.gov.bd
Union,UNI_2881,UPA_321,Kaoraid,কাওরাইদ,,,kaoraidup.gazipur.gov.bd
Union,UNI_2882,UPA_321,Prahladpur,প্রহলাদপুর,,,prahladpurup.gazipur.gov.bd
Union,UNI_2883,UPA_321,Rajabari,রাজাবাড়ী,,,rajabariup.gazipur.gov.bd
Union,UNI_2884,UPA_321,Telihati,তেলিহাটী,,,telihatiup.gazipur.gov.bd
Union,UNI_2885,UPA_322,Binodpur,বিনোদপুর,,,binodpurup.shariatpur.gov.bd
Union,UNI_2886,UPA_322,Tulasar,তুলাসার,,,tulasarup.shariatpur.gov.bd
Union,UNI_2887,UPA_322,Palong,পালং,,,palongup.shariatpur.gov.bd
Union,UNI_2888,UPA_322,Domshar,ডোমসার,,,domsharup.shariatpur.gov.bd
Union,UNI_2889,UPA_322,Rudrakar,রুদ্রকর,,,rudrakarup.shariatpur.gov.bd
Union,UNI_2890,UPA_322,Angaria,আংগারিয়া,,,angariaup.shariatpur.gov.bd
Union,UNI_2891,UPA_322,Chitolia,চিতলয়া,,,chitoliaup.shariatpur.gov.bd
Union,UNI_2892,UPA_322,Mahmudpur,মাহমুদপুর,,,mahmudpurup.shariatpur.gov.bd
Union,UNI_2893,UPA_322,Chikondi,চিকন্দি,,,chikondiup.shariatpur.gov.bd
Union,UNI_2894,UPA_322,Chandrapur,চন্দ্রপুর,,,chandrapurup.shariatpur.gov.bd
Union,UNI_2895,UPA_322,Shulpara,শৌলপাড়া,,,shulparaup.shariatpur.gov.bd
Union,UNI_2896,UPA_323,Kedarpur,কেদারপুর,,,kedarpurup.shariatpur.gov.bd
Union,UNI_2897,UPA_323,Dingamanik,ডিংগামানিক,,,dingamanikup.shariatpur.gov.bd
Union,UNI_2898,UPA_323,Garishar,ঘড়িষার,,,garisharup.shariatpur.gov.bd
Union,UNI_2899,UPA_323,Nowpara,নওপাড়া,,,nowparaup.shariatpur.gov.bd
Union,UNI_2900,UPA_323,Moktererchar,মোত্তারেরচর,,,mokterercharup.shariatpur.gov.bd
Union,UNI_2901,UPA_323,Charatra,চরআত্রা,,,charatraup.shariatpur.gov.bd
Union,UNI_2902,UPA_323,Rajnagar,রাজনগর,,,rajnagarup.shariatpur.gov.bd
Union,UNI_2903,UPA_323,Japsa,জপসা,,,japsaup.shariatpur.gov.bd
Union,UNI_2904,UPA_323,Vojeshwar,ভোজেশ্বর,,,vojeshwarup.shariatpur.gov.bd
Union,UNI_2905,UPA_323,Fategongpur,ফতেজংপুর,,,fategongpurup.shariatpur.gov.bd
Union,UNI_2906,UPA_323,Bijari,বিঝারি,,,bijariup.shariatpur.gov.bd
Union,UNI_2907,UPA_323,Vumkhara,ভূমখাড়া,,,vumkharaup.shariatpur.gov.bd
Union,UNI_2908,UPA_323,Nashason,নশাসন,,,nashasonup.shariatpur.gov.bd
Union,UNI_2909,UPA_324,Zajira Sadar,জাজিরা সদর,,,zajirasadarup.shariatpur.gov.bd
Union,UNI_2910,UPA_324,Mulna,মূলনা,,,mulnaup.shariatpur.gov.bd
Union,UNI_2911,UPA_324,Barokandi,বড়কান্দি,,,barokandiup.shariatpur.gov.bd
Union,UNI_2912,UPA_324,Bilaspur,বিলাসপুর,,,bilaspurup.shariatpur.gov.bd
Union,UNI_2913,UPA_324,Kundarchar,কুন্ডেরচর,,,kundarcharup.shariatpur.gov.bd
Union,UNI_2914,UPA_324,Palerchar,পালেরচর,,,palercharup.shariatpur.gov.bd
Union,UNI_2915,UPA_324,Purba Nawdoba,পুর্ব নাওডোবা,,,purbanawdobaup.shariatpur.gov.bd
Union,UNI_2916,UPA_324,Nawdoba,নাওডোবা,,,nawdobaup.shariatpur.gov.bd
Union,UNI_2917,UPA_324,Shenerchar,সেনেরচর,,,shenercharup.shariatpur.gov.bd
Union,UNI_2918,UPA_324,Bknagar,বি. কে. নগর,,,bknagarup.shariatpur.gov.bd
Union,UNI_2919,UPA_324,Barogopalpur,বড়গোপালপুর,,,barogopalpurup.shariatpur.gov.bd
Union,UNI_2920,UPA_324,Jaynagor,জয়নগর,,,jaynagorup.shariatpur.gov.bd
Union,UNI_2921,UPA_325,Nager Para,নাগের পাড়া,,,nagerparaup.shariatpur.gov.bd
Union,UNI_2922,UPA_325,Alaolpur,আলাওলপুর,,,alaolpurup.shariatpur.gov.bd
Union,UNI_2923,UPA_325,Kodalpur,কোদালপুর,,,kodalpurup.shariatpur.gov.bd
Union,UNI_2924,UPA_325,Goshairhat,গোসাইরহাট,,,goshairhatup.shariatpur.gov.bd
Union,UNI_2925,UPA_325,Edilpur,ইদিলপুর,,,edilpurup.shariatpur.gov.bd
Union,UNI_2926,UPA_325,Nalmuri,নলমুড়ি,,,nalmuriup.shariatpur.gov.bd
Union,UNI_2927,UPA_325,Samontasar,সামন্তসার,,,samontasarup.shariatpur.gov.bd
Union,UNI_2928,UPA_325,Kuchipatti,কুচাইপট্টি,,,kuchipattiup.shariatpur.gov.bd
Union,UNI_2929,UPA_326,Ramvadrapur,রামভদ্রপুর,,,ramvadrapurup.shariatpur.gov.bd
Union,UNI_2930,UPA_326,Mahisar,মহিষার,,,mahisarup.shariatpur.gov.bd
Union,UNI_2931,UPA_326,Saygaon,ছয়গাঁও,,,saygaonup.shariatpur.gov.bd
Union,UNI_2932,UPA_326,Narayanpur,নারায়নপুর,,,narayanpurup.shariatpur.gov.bd
Union,UNI_2933,UPA_326,D.M Khali,ডি.এম খালি,,,dmkhaliup.shariatpur.gov.bd
Union,UNI_2934,UPA_326,Charkumaria,চরকুমারিয়া,,,charkumariaup.shariatpur.gov.bd
Union,UNI_2935,UPA_326,Sakhipur,সখিপুর,,,sakhipurup.shariatpur.gov.bd
Union,UNI_2936,UPA_326,Kachikata,কাচিকাঁটা,,,kachikataup.shariatpur.gov.bd
Union,UNI_2937,UPA_326,North Tarabunia,উত্তর তারাবুনিয়া,,,northtarabuniaup.shariatpur.gov.bd
Union,UNI_2938,UPA_326,Charvaga,চরভাগা,,,charvagaup.shariatpur.gov.bd
Union,UNI_2939,UPA_326,Arsinagar,আরশিনগর,,,arsinagarup.shariatpur.gov.bd
Union,UNI_2940,UPA_326,South Tarabunia,দক্ষিন তারাবুনিয়া,,,southtarabuniaup.shariatpur.gov.bd
Union,UNI_2941,UPA_326,Charsensas,চরসেনসাস,,,charsensasup.shariatpur.gov.bd
Union,UNI_2942,UPA_327,Shidulkura,শিধলকুড়া,,,shidulkuraup.shariatpur.gov.bd
Union,UNI_2943,UPA_327,Kaneshar,কনেস্বর,,,kanesharup.shariatpur.gov.bd
Union,UNI_2944,UPA_327,Purba Damudya,পুর্ব ডামুড্যা,,,purbadamudyaup.shariatpur.gov.bd
Union,UNI_2945,UPA_327,Islampur,ইসলামপুর,,,islampurup.shariatpur.gov.bd
Union,UNI_2946,UPA_327,Dankati,ধানকাটি,,,dankatiup.shariatpur.gov.bd
Union,UNI_2947,UPA_327,Sidya,সিড্যা,,,sidyaup.shariatpur.gov.bd
Union,UNI_2948,UPA_327,Darulaman,দারুল আমান,,,darulamanup.shariatpur.gov.bd
Union,UNI_2949,UPA_328,Satgram,সাতগ্রাম,,,satgramup.narayanganj.gov.bd
Union,UNI_2950,UPA_328,Duptara,দুপ্তারা,,,duptaraup.narayanganj.gov.bd
Union,UNI_2951,UPA_328,Brahammandi,ব্রা‏হ্মন্দী,,,brahammandiup.narayanganj.gov.bd
Union,UNI_2952,UPA_328,Fatepur,ফতেপুর,,,fatepurup.narayanganj.gov.bd
Union,UNI_2953,UPA_328,Bishnandi,বিশনন্দী,,,bishnandiup.narayanganj.gov.bd
Union,UNI_2954,UPA_328,Mahmudpur,মাহমুদপুর,,,mahmudpurup.narayanganj.gov.bd
Union,UNI_2955,UPA_328,Highjadi,হাইজাদী,,,highjadiup.narayanganj.gov.bd
Union,UNI_2956,UPA_328,Uchitpura,উচিৎপুরা,,,uchitpuraup.narayanganj.gov.bd
Union,UNI_2957,UPA_328,Kalapaharia,কালাপাহাড়িয়া,,,kalapahariaup.narayanganj.gov.bd
Union,UNI_2958,UPA_328,Kagkanda,খাগকান্দা,,,kagkandaUP.narayanganj.gov.bd
Union,UNI_2959,UPA_329,Musapur,মুছাপুর,,,musapurup.narayanganj.gov.bd
Union,UNI_2960,UPA_329,Modonpur,মদনপুর,,,modonpurup.narayanganj.gov.bd
Union,UNI_2961,UPA_329,Bandar,বন্দর,,,bandarup.narayanganj.gov.bd
Union,UNI_2962,UPA_329,Dhamgar,ধামগর,,,dhamgar.narayanganj.gov.bd
Union,UNI_2963,UPA_329,Kolagathia, কলাগাছিয়া,,,kolagathiaup.narayanganj.gov.bd
Union,UNI_2964,UPA_330,Alirtek,আলিরটেক,,,alirtekup.narayanganj.gov.bd
Union,UNI_2965,UPA_330,Kashipur,কাশীপুর,,,kashipurup.narayanganj.gov.bd
Union,UNI_2966,UPA_330,Kutubpur,কুতুবপুর,,,kutubpurup.narayanganj.gov.bd
Union,UNI_2967,UPA_330,Gognagar,গোগনগর,,,gognagarup.narayanganj.gov.bd
Union,UNI_2968,UPA_330,Baktaboli,বক্তাবলী,,,baktaboliup.narayanganj.gov.bd
Union,UNI_2969,UPA_330,Enayetnagor,এনায়েত নগর,,,enayetnagorup.narayanganj.gov.bd
Union,UNI_2970,UPA_331,Murapara,মুড়াপাড়া,,,muraparaup.narayanganj.gov.bd
Union,UNI_2971,UPA_331,Bhulta,ভূলতা,,,bhultaup.narayanganj.gov.bd
Union,UNI_2972,UPA_331,Golakandail,গোলাকান্দাইল,,,golakandailup.narayanganj.gov.bd
Union,UNI_2973,UPA_331,Daudpur,দাউদপুর,,,daudpurup.narayanganj.gov.bd
Union,UNI_2974,UPA_331,Rupganj,রূপগঞ্জ,,,rupganjup.narayanganj.gov.bd
Union,UNI_2975,UPA_331,Kayetpara,কায়েতপাড়া,,,kayetparaup.narayanganj.gov.bd
Union,UNI_2976,UPA_331,Bholobo,ভোলাব,,,bholoboup.narayanganj.gov.bd
Union,UNI_2977,UPA_332,Pirojpur,পিরোজপুর,,,pirojpurup.narayanganj.gov.bd
Union,UNI_2978,UPA_332,Shambhupura,শম্ভুপুরা,,,shambhupura.narayanganj.gov.bd
Union,UNI_2979,UPA_332,Mograpara,মোগরাপাড়া,,,mograpara.narayanganj.gov.bd
Union,UNI_2980,UPA_332,Baidyerbazar,বৈদ্যেরবাজার,,,baidyerbazar.narayanganj.gov.bd
Union,UNI_2981,UPA_332,Baradi,বারদী,,,baradiup.narayanganj.gov.bd
Union,UNI_2982,UPA_332,Noagaon,নোয়াগাঁও,,,noagaonup.narayanganj.gov.bd
Union,UNI_2983,UPA_332,Jampur,জামপুর,,,jampurup.narayanganj.gov.bd
Union,UNI_2984,UPA_332,Sadipur,সাদীপুর,,,sadipurup.narayanganj.gov.bd
Union,UNI_2985,UPA_332,Sonmandi,সনমান্দি,,,sonmandiup.narayanganj.gov.bd
Union,UNI_2986,UPA_332,Kanchpur,কাচপুর,,,kanchpurup.narayanganj.gov.bd
Union,UNI_2987,UPA_333,Basail,বাসাইল,,,basailup.tangail.gov.bd
Union,UNI_2988,UPA_333,Kanchanpur,কাঞ্চনপুর,,,kanchanpurup.tangail.gov.bd
Union,UNI_2989,UPA_333,Habla,হাবলা,,,hablaup.tangail.gov.bd
Union,UNI_2990,UPA_333,Kashil,কাশিল,,,kashilup.tangail.gov.bd
Union,UNI_2991,UPA_333,Fulki,ফুলকি,,,fulkiup.tangail.gov.bd
Union,UNI_2992,UPA_333,Kauljani,কাউলজানী,,,kauljaniup.tangail.gov.bd
Union,UNI_2993,UPA_334,Arjuna,অর্জুনা,,,arjunaup.tangail.gov.bd
Union,UNI_2994,UPA_334,Gabshara,গাবসারা,,,gabsharaup.tangail.gov.bd
Union,UNI_2995,UPA_334,Falda,ফলদা,,,faldaup.tangail.gov.bd
Union,UNI_2996,UPA_334,Gobindashi,গোবিন্দাসী,,,gobindashiup.tangail.gov.bd
Union,UNI_2997,UPA_334,Aloa,আলোয়া,,,aloaup.tangail.gov.bd
Union,UNI_2998,UPA_334,Nikrail,নিকরাইল,,,nikrailup.tangail.gov.bd
Union,UNI_2999,UPA_335,Deuli,দেউলী,,,deuliup.tangail.gov.bd
Union,UNI_3000,UPA_335,Lauhati,লাউহাটি,,,lauhatiup.tangail.gov.bd
Union,UNI_3001,UPA_335,Patharail,পাথরাইল,,,patharailup.tangail.gov.bd
Union,UNI_3002,UPA_335,Delduar,দেলদুয়ার,,,delduarup.tangail.gov.bd
Union,UNI_3003,UPA_335,Fazilhati,ফাজিলহাটি,,,fazilhatiup.tangail.gov.bd
Union,UNI_3004,UPA_335,Elasin,এলাসিন,,,elasinup.tangail.gov.bd
Union,UNI_3005,UPA_335,Atia,আটিয়া,,,atiaup.tangail.gov.bd
Union,UNI_3006,UPA_335,Dubail,ডুবাইল,,,dubailup.tangail.gov.bd
Union,UNI_3007,UPA_336,Deulabari,দেউলাবাড়ী,,,deulabariup.tangail.gov.bd
Union,UNI_3008,UPA_336,Ghatail,ঘাটাইল,,,ghatailup.tangail.gov.bd
Union,UNI_3009,UPA_336,Jamuria,জামুরিয়া,,,jamuriaup.tangail.gov.bd
Union,UNI_3010,UPA_336,Lokerpara,লোকেরপাড়া,,,lokerparaup.tangail.gov.bd
Union,UNI_3011,UPA_336,Anehola,আনেহলা,,,aneholaup.tangail.gov.bd
Union,UNI_3012,UPA_336,Dighalkandia,দিঘলকান্দি,,,dighalkandiaup.tangail.gov.bd
Union,UNI_3013,UPA_336,Digar,দিগড়,,,digarup.tangail.gov.bd
Union,UNI_3014,UPA_336,Deopara,দেওপাড়া,,,deoparaup.tangail.gov.bd
Union,UNI_3015,UPA_336,Sandhanpur,সন্ধানপুর,,,sandhanpurup.tangail.gov.bd
Union,UNI_3016,UPA_336,Rasulpur,রসুলপুর,,,rasulpurup.tangail.gov.bd
Union,UNI_3017,UPA_336,Dhalapara,ধলাপাড়া,,,dhalaparaup.tangail.gov.bd
Union,UNI_3018,UPA_337,Hadera,হাদিরা,,,haderaup.tangail.gov.bd
Union,UNI_3019,UPA_337,Jhawail,ঝাওয়াইল,,,jhawailup.tangail.gov.bd
Union,UNI_3020,UPA_337,Nagdashimla,নগদাশিমলা,,,nagdashimlaup.tangail.gov.bd
Union,UNI_3021,UPA_337,Dhopakandi,ধোপাকান্দি,,,dhopakandiup.tangail.gov.bd
Union,UNI_3022,UPA_337,Alamnagor,আলমনগর,,,alamnagorup.tangail.gov.bd
Union,UNI_3023,UPA_337,Hemnagor,হেমনগর,,,hemnagorup.tangail.gov.bd
Union,UNI_3024,UPA_337,Mirzapur,মির্জাপুর,,,mirzapurup.tangail.gov.bd
Union,UNI_3025,UPA_338,Alokdia,আলোকদিয়া,,,alokdiaup.tangail.gov.bd
Union,UNI_3026,UPA_338,Aushnara,আউশনারা,,,aushnaraup.tangail.gov.bd
Union,UNI_3027,UPA_338,Aronkhola,অরণখোলা,,,aronkholaup.tangail.gov.bd
Union,UNI_3028,UPA_338,Sholakuri,শোলাকুড়ি,,,sholakuriup.tangail.gov.bd
Union,UNI_3029,UPA_338,Golabari,গোলাবাড়ী,,,golabariup.tangail.gov.bd
Union,UNI_3030,UPA_338,Mirjabari,মির্জাবাড়ী,,,mirjabariup.tangail.gov.bd
Union,UNI_3031,UPA_339,Mahera,মহেড়া,,,maheraup.tangail.gov.bd
Union,UNI_3032,UPA_339,Jamurki,জামুর্কী,,,jamurkiup.tangail.gov.bd
Union,UNI_3033,UPA_339,Fatepur,ফতেপুর,,,fatepurup.tangail.gov.bd
Union,UNI_3034,UPA_339,Banail,বানাইল,,,banailup.tangail.gov.bd
Union,UNI_3035,UPA_339,Anaitara,আনাইতারা,,,anaitaraup.tangail.gov.bd
Union,UNI_3036,UPA_339,Warshi,ওয়ার্শী,,,warshiup.tangail.gov.bd
Union,UNI_3037,UPA_339,Bhatram,ভাতগ্রাম,,,bhatramup.tangail.gov.bd
Union,UNI_3038,UPA_339,Bahuria,বহুরিয়া,,,bahuriaup.tangail.gov.bd
Union,UNI_3039,UPA_339,Gorai,গোড়াই,,,goraiup.tangail.gov.bd
Union,UNI_3040,UPA_339,Ajgana,আজগানা,,,ajganaup.tangail.gov.bd
Union,UNI_3041,UPA_339,Tarafpur,তরফপুর,,,tarafpurup.tangail.gov.bd
Union,UNI_3042,UPA_339,Bastail,বাঁশতৈল,,,bastailup.tangail.gov.bd
Union,UNI_3043,UPA_339,Baora,ভাওড়া,,,baoraup.tangail.gov.bd
Union,UNI_3044,UPA_339,Latifpur,লতিফপুর,,,latifpurup.tangail.gov.bd
Union,UNI_3045,UPA_340,Bharra,ভারড়া,,,bharraup.tangail.gov.bd
Union,UNI_3046,UPA_340,Sahabathpur,সহবতপুর,,,sahabathpurup.tangail.gov.bd
Union,UNI_3047,UPA_340,Goyhata,গয়হাটা,,,goyhataup.tangail.gov.bd
Union,UNI_3048,UPA_340,Solimabad,সলিমাবাদ,,,solimabadup.tangail.gov.bd
Union,UNI_3049,UPA_340,Nagorpur,নাগরপুর,,,nagorpurup.tangail.gov.bd
Union,UNI_3050,UPA_340,Mamudnagor,মামুদনগর,,,mamudnagorup.tangail.gov.bd
Union,UNI_3051,UPA_340,Mokna,মোকনা,,,moknaup.tangail.gov.bd
Union,UNI_3052,UPA_340,Pakutia,পাকুটিয়া,,,pakutiaup.tangail.gov.bd
Union,UNI_3053,UPA_340,Bekrah Atgram,বেকরা আটগ্রাম,,,bekrahatgramup.tangail.gov.bd
Union,UNI_3054,UPA_340,Dhuburia,ধুবড়িয়া,,,dhuburiaup.tangail.gov.bd
Union,UNI_3055,UPA_340,Bhadra,ভাদ্রা,,,bhadraup.tangail.gov.bd
Union,UNI_3056,UPA_340,Doptior,দপ্তিয়র,,,doptiorup.tangail.gov.bd
Union,UNI_3057,UPA_341,Kakrajan,কাকড়াজান,,,kakrajanup.tangail.gov.bd
Union,UNI_3058,UPA_341,Gajaria,গজারিয়া,,,gajariaup.tangail.gov.bd
Union,UNI_3059,UPA_341,Jaduppur,যাদবপুর,,,jaduppurup.tangail.gov.bd
Union,UNI_3060,UPA_341,Hatibandha,হাতীবান্ধা,,,hatibandhaup.tangail.gov.bd
Union,UNI_3061,UPA_341,Kalia,কালিয়া,,,kaliaup.tangail.gov.bd
Union,UNI_3062,UPA_341,Dariapur,দরিয়াপুর,,,dariapurup.tangail.gov.bd
Union,UNI_3063,UPA_341,Kalmegha,কালমেঘা,,,kalmeghaup.tangail.gov.bd
Union,UNI_3064,UPA_341,Baharatoil,বহেড়াতৈল,,,baharatoilup.tangail.gov.bd
Union,UNI_3065,UPA_342,Mogra,মগড়া,,,mograup.tangail.gov.bd
Union,UNI_3066,UPA_342,Gala,গালা,,,galaup.tangail.gov.bd
Union,UNI_3067,UPA_342,Gharinda,ঘারিন্দা,,,gharindaup.tangail.gov.bd
Union,UNI_3068,UPA_342,Karatia,করটিয়া,,,karatiaup.tangail.gov.bd
Union,UNI_3069,UPA_342,Silimpur,ছিলিমপুর,,,silimpurup.tangail.gov.bd
Union,UNI_3070,UPA_342,Porabari,পোড়াবাড়ী,,,porabariup.tangail.gov.bd
Union,UNI_3071,UPA_342,Dyenna,দাইন্যা,,,dyennaup.tangail.gov.bd
Union,UNI_3072,UPA_342,Baghil,বাঘিল,,,baghilup.tangail.gov.bd
Union,UNI_3073,UPA_342,Kakua,কাকুয়া,,,kakuaup.tangail.gov.bd
Union,UNI_3074,UPA_342,Hugra,হুগড়া,,,hugraup.tangail.gov.bd
Union,UNI_3075,UPA_342,Katuli,কাতুলী,,,katuliup.tangail.gov.bd
Union,UNI_3076,UPA_342,Mahamudnagar,মাহমুদনগর,,,mahamudnagarup.tangail.gov.bd
Union,UNI_3077,UPA_343,Durgapur,দুর্গাপুর,,,durgapurup.tangail.gov.bd
Union,UNI_3078,UPA_343,Birbashinda,বীরবাসিন্দা,,,birbashindaup.tangail.gov.bd
Union,UNI_3079,UPA_343,Narandia,নারান্দিয়া,,,narandiaup.tangail.gov.bd
Union,UNI_3080,UPA_343,Shahadebpur,সহদেবপুর,,,shahadebpurup.tangail.gov.bd
Union,UNI_3081,UPA_343,Kokdahara,কোকডহরা,,,kokdaharaup.tangail.gov.bd
Union,UNI_3082,UPA_343,Balla,বল্লা,,,ballaup.tangail.gov.bd
Union,UNI_3083,UPA_343,Salla,সল্লা,,,sallaup.tangail.gov.bd
Union,UNI_3084,UPA_343,Nagbari,নাগবাড়ী,,,nagbariup.tangail.gov.bd
Union,UNI_3085,UPA_343,Bangra,বাংড়া,,,bangraup.tangail.gov.bd
Union,UNI_3086,UPA_343,Paikora,পাইকড়া,,,paikoraup.tangail.gov.bd
Union,UNI_3087,UPA_343,Dashokia,দশকিয়া,,,dashokiaup.tangail.gov.bd
Union,UNI_3088,UPA_343,Parkhi,পারখী,,,parkhiup.tangail.gov.bd
Union,UNI_3089,UPA_343,Gohaliabari,গোহালিয়াবাড়ী,,,gohaliabariup.tangail.gov.bd
Union,UNI_3090,UPA_344,Dhopakhali,ধোপাখালী,,,dhopakhaliup.tangail.gov.bd
Union,UNI_3091,UPA_344,Paiska,পাইস্কা,,,paiskaup.tangail.gov.bd
Union,UNI_3092,UPA_344,Mushuddi,মুশুদ্দি,,,mushuddiup.tangail.gov.bd
Union,UNI_3093,UPA_344,Bolibodrow,বলিভদ্র,,,bolibodrowup.tangail.gov.bd
Union,UNI_3094,UPA_344,Birtara,বীরতারা,,,birtaraup.tangail.gov.bd
Union,UNI_3095,UPA_344,Baniajan,বানিয়াজান,,,baniajanup.tangail.gov.bd
Union,UNI_3096,UPA_344,Jadunathpur,যদুনাথপুর,,,jadunathpurup.tangail.gov.bd
Union,UNI_3097,UPA_345,Chawganga,চৌগাংগা,,,chawgangaup.kishoreganj.gov.bd      
Union,UNI_3098,UPA_345,Joysiddi,জয়সিদ্ধি,,,joysiddiup.kishoreganj.gov.bd
Union,UNI_3099,UPA_345,Alonjori,এলংজুরী,,,alonjoriup.kishoreganj.gov.bd
Union,UNI_3100,UPA_345,Badla,বাদলা,,,badlaup.kishoreganj.gov.bd
Union,UNI_3101,UPA_345,Boribari,বড়িবাড়ি,,,boribariup.kishoreganj.gov.bd
Union,UNI_3102,UPA_345,Itna,ইটনা,,,itnaup.kishoreganj.gov.bd
Union,UNI_3103,UPA_345,Mriga,মৃগা,,,mrigaup.kishoreganj.gov.bd
Union,UNI_3104,UPA_345,Dhonpur,ধনপুর,,,dhonpurup.kishoreganj.gov.bd
Union,UNI_3105,UPA_345,Raytoti,রায়টুটি,,,raytotiup.kishoreganj.gov.bd
Union,UNI_3106,UPA_346,Banagram,বনগ্রাম,,,banagramup.kishoreganj.gov.bd
Union,UNI_3107,UPA_346,Shahasram Dhuldia,সহশ্রাম ধুলদিয়া,,,shahasramdhuldiaup.kishoreganj.gov.bd
Union,UNI_3108,UPA_346,Kargaon,কারগাঁও,,,kargaonup.kishoreganj.gov.bd
Union,UNI_3109,UPA_346,Chandpur,চান্দপুর,,,chandpurup.kishoreganj.gov.bd
Union,UNI_3110,UPA_346,Mumurdia,মুমুরদিয়া,,,mumurdiaup.kishoreganj.gov.bd
Union,UNI_3111,UPA_346,Acmita,আচমিতা,,,acmitaup.kishoreganj.gov.bd
Union,UNI_3112,UPA_346,Mosua,মসূয়া,,,mosuaup.kishoreganj.gov.bd
Union,UNI_3113,UPA_346,Lohajuree,লোহাজুরী,,,lohajureeup.kishoreganj.gov.bd
Union,UNI_3114,UPA_346,Jalalpur,জালালপুর,,,jalalpurup.kishoreganj.gov.bd
Union,UNI_3115,UPA_347,Sadekpur,সাদেকপুর,,,sadekpurup.kishoreganj.gov.bd
Union,UNI_3116,UPA_347,Aganagar,আগানগর,,,aganagarup.kishoreganj.gov.bd
Union,UNI_3117,UPA_347,Shimulkandi,শিমুলকান্দি,,,shimulkandiup.kishoreganj.gov.bd
Union,UNI_3118,UPA_347,Gajaria,গজারিয়া,,,gajariaup.kishoreganj.gov.bd
Union,UNI_3119,UPA_347,Kalika Prashad,কালিকা প্রসাদ,,,kalikaprashadup.kishoreganj.gov.bd
Union,UNI_3120,UPA_347,Sreenagar,শ্রীনগর,,,sreenagarup.kishoreganj.gov.bd
Union,UNI_3121,UPA_347,Shibpur,শিবপুর,,,shibpurup.kishoreganj.gov.bd
Union,UNI_3122,UPA_348,Taljanga,তালজাঙ্গা,,,taljangaup.kishoreganj.gov.bd
Union,UNI_3123,UPA_348,Rauti,রাউতি,,,rautiup.kishoreganj.gov.bd
Union,UNI_3124,UPA_348,Dhola,ধলা,,,dholaup.kishoreganj.gov.bd
Union,UNI_3125,UPA_348,Jawar,জাওয়ার,,,jawarup.kishoreganj.gov.bd
Union,UNI_3126,UPA_348,Damiha,দামিহা,,,damihaup.kishoreganj.gov.bd
Union,UNI_3127,UPA_348,Digdair,দিগদাইর,,,digdairup.kishoreganj.gov.bd
Union,UNI_3128,UPA_348,Tarail-Sachail,তাড়াইল-সাচাইল,,,tarailsachailup.kishoreganj.gov.bd
Union,UNI_3129,UPA_349,Jinari,জিনারী,,,jinariup.kishoreganj.gov.bd
Union,UNI_3130,UPA_349,Gobindapur,গোবিন্দপুর,,,gobindapurup.kishoreganj.gov.bd
Union,UNI_3131,UPA_349,Sidhla,সিদলা,,,sidhlaup.kishoreganj.gov.bd
Union,UNI_3132,UPA_349,Araibaria,আড়াইবাড়িয়া,,,araibariaup.kishoreganj.gov.bd
Union,UNI_3133,UPA_349,Sahedal,সাহেদল,,,sahedalup.kishoreganj.gov.bd
Union,UNI_3134,UPA_349,Pumdi,পুমদি,,,pumdiup.kishoreganj.gov.bd
Union,UNI_3135,UPA_350,Jangalia,জাঙ্গালিয়া,,,jangaliaup.kishoreganj.gov.bd
Union,UNI_3136,UPA_350,Hosendi,হোসেনদি,,,hosendiup.kishoreganj.gov.bd
Union,UNI_3137,UPA_350,Narandi,নারান্দি,,,narandiup.kishoreganj.gov.bd
Union,UNI_3138,UPA_350,Shukhia,সুখিয়া,,,shukhiaup.kishoreganj.gov.bd
Union,UNI_3139,UPA_350,Patuavabga,পটুয়াভাঙ্গা,,,patuavabgaup.kishoreganj.gov.bd
Union,UNI_3140,UPA_350,Chandipasha,চান্দিপাশা,,,chandipashaup.kishoreganj.gov.bd
Union,UNI_3141,UPA_350,Charfaradi,চারফারাদি,,,charfaradiup.kishoreganj.gov.bd
Union,UNI_3142,UPA_350,Burudia,বুড়ুদিয়া,,,burudiaup.kishoreganj.gov.bd
Union,UNI_3143,UPA_350,Egarasindur,ইজারাসিন্দুর,,,egarasindurup.kishoreganj.gov.bd
Union,UNI_3144,UPA_350,Pakundia,পাকন্দিয়া,,,pakundiaup.kishoreganj.gov.bd
Union,UNI_3145,UPA_351,Ramdi,রামদী,,,ramdiup.kishoreganj.gov.bd
Union,UNI_3146,UPA_351,Osmanpur,উছমানপুর,,,osmanpurup.kishoreganj.gov.bd
Union,UNI_3147,UPA_351,Chhaysuti,ছয়সূতী,,,chhaysutiup.kishoreganj.gov.bd
Union,UNI_3148,UPA_351,Salua,সালুয়া,,,saluaup.kishoreganj.gov.bd
Union,UNI_3149,UPA_351,Gobaria Abdullahpur,গোবরিয়া আব্দুল্লাহপুর,,,gobariaabdullahpurup.kishoreganj.gov.bd
Union,UNI_3150,UPA_351,Faridpur,ফরিদপুর,,,faridpurup.kishoreganj.gov.bd
Union,UNI_3151,UPA_352,Rashidabad,রশিদাবাদ,,,rashidabadup.kishoreganj.gov.bd
Union,UNI_3152,UPA_352,Latibabad,লতিবাবাদ,,,latibabadup.kishoreganj.gov.bd
Union,UNI_3153,UPA_352,Maizkhapan,মাইজখাপন,,,maizkhapanup.kishoreganj.gov.bd
Union,UNI_3154,UPA_352,Mohinanda,মহিনন্দ,,,mohinandaup.kishoreganj.gov.bd
Union,UNI_3155,UPA_352,Joshodal,যশোদল,,,joshodalup.kishoreganj.gov.bd
Union,UNI_3156,UPA_352,Bowlai,বৌলাই,,,bowlaiup.kishoreganj.gov.bd
Union,UNI_3157,UPA_352,Binnati,বিন্নাটি,,,binnatiup.kishoreganj.gov.bd
Union,UNI_3158,UPA_352,Maria,মারিয়া,,,mariaup.kishoreganj.gov.bd
Union,UNI_3159,UPA_352,Chowddoshata,চৌদ্দশত,,,chowddoshataup.kishoreganj.gov.bd
Union,UNI_3160,UPA_352,Karshakarial,কর্শাকড়িয়াইল,,,karshakarialup.kishoreganj.gov.bd
Union,UNI_3161,UPA_352,Danapatuli,দানাপাটুলী,,,danapatuliup.kishoreganj.gov.bd
Union,UNI_3162,UPA_353,Kadirjangal,কাদিরজঙ্গল,,,kadirjangalup.kishoreganj.gov.bd
Union,UNI_3163,UPA_353,Gujadia,গুজাদিয়া,,,gujadiaup.kishoreganj.gov.bd
Union,UNI_3164,UPA_353,Kiraton,কিরাটন,,,kiratonup.kishoreganj.gov.bd
Union,UNI_3165,UPA_353,Barogharia,বারঘড়িয়া,,,baroghariaup.kishoreganj.gov.bd
Union,UNI_3166,UPA_353,Niamatpur,নিয়ামতপুর,,,niamatpurup.kishoreganj.gov.bd
Union,UNI_3167,UPA_353,Dehunda,দেহুন্দা,,,dehundaup.kishoreganj.gov.bd
Union,UNI_3168,UPA_353,Sutarpara,সুতারপাড়া,,,sutarparaup.kishoreganj.gov.bd
Union,UNI_3169,UPA_353,Gunodhar,গুনধর,,,gunodharup.kishoreganj.gov.bd
Union,UNI_3170,UPA_353,Joyka,জয়কা,,,joykaup.kishoreganj.gov.bd
Union,UNI_3171,UPA_353,Zafrabad,জাফরাবাদ,,,zafrabadup.kishoreganj.gov.bd
Union,UNI_3172,UPA_353,Noabad,নোয়াবাদ,,,noabadup.kishoreganj.gov.bd
Union,UNI_3173,UPA_354,Kailag,কৈলাগ,,,kailagup.kishoreganj.gov.bd
Union,UNI_3174,UPA_354,Pirijpur,পিরিজপুর,,,pirijpurup.kishoreganj.gov.bd
Union,UNI_3175,UPA_354,Gazirchar,গাজীরচর,,,gazircharup.kishoreganj.gov.bd
Union,UNI_3176,UPA_354,Hilochia,হিলচিয়া,,,hilochiaup.kishoreganj.gov.bd
Union,UNI_3177,UPA_354,Maijchar9,মাইজচর,,,maijchar9up.kishoreganj.gov.bd
Union,UNI_3178,UPA_354,Homypur,হুমাইপর,,,homypurup.kishoreganj.gov.bd
Union,UNI_3179,UPA_354,Halimpur,হালিমপুর,,,halimpurup.kishoreganj.gov.bd
Union,UNI_3180,UPA_354,Sararchar,সরারচর,,,sararcharup.kishoreganj.gov.bd
Union,UNI_3181,UPA_354,Dilalpur,দিলালপুর,,,dilalpurup.kishoreganj.gov.bd
Union,UNI_3182,UPA_354,Dighirpar,দিঘীরপাড়,,,dighirparup.kishoreganj.gov.bd
Union,UNI_3183,UPA_354,Boliardi,বলিয়ার্দী,,,boliardiup.kishoreganj.gov.bd
Union,UNI_3184,UPA_355,Dewghar,দেওঘর,,,dewgharup.kishoreganj.gov.bd
Union,UNI_3185,UPA_355,Kastul,কাস্তুল,,,kastulup.kishoreganj.gov.bd
Union,UNI_3186,UPA_355,Austagram Sadar,অষ্টগ্রাম সদর,,,austagramsadarup.kishoreganj.gov.bd
Union,UNI_3187,UPA_355,Bangalpara,বাঙ্গালপাড়া,,,bangalparaup.kishoreganj.gov.bd
Union,UNI_3188,UPA_355,Kalma,কলমা,,,kalmaup.kishoreganj.gov.bd
Union,UNI_3189,UPA_355,Adampur,আদমপুর,,,adampurup.kishoreganj.gov.bd
Union,UNI_3190,UPA_355,Khyerpur-Abdullahpur,খয়েরপুর-আব্দুল্লাপুর,,,khyerpurabdullahpurup.kishoreganj.gov.bd
Union,UNI_3191,UPA_355,Purba Austagram,পূর্ব অষ্টগ্রাম,,,purbaaustagramup.kishoreganj.gov.bd
Union,UNI_3192,UPA_356,Gopdighi,গোপদিঘী,,,gopdighiup.kishoreganj.gov.bd
Union,UNI_3193,UPA_356,Mithamoin,মিঠামইন,,,mithamoinup.kishoreganj.gov.bd
Union,UNI_3194,UPA_356,Dhaki,ঢাকী,,,dhakiup.kishoreganj.gov.bd
Union,UNI_3195,UPA_356,Ghagra,ঘাগড়া,,,ghagraup.kishoreganj.gov.bd
Union,UNI_3196,UPA_356,Keoarjore,কেওয়ারজোর,,,keoarjoreup.kishoreganj.gov.bd
Union,UNI_3197,UPA_356,Katkhal,কাটখাল,,,katkhalup.kishoreganj.gov.bd
Union,UNI_3198,UPA_356,Bairati,বৈরাটি,,,bairatiup.kishoreganj.gov.bd
Union,UNI_3199,UPA_357,Chatirchar,ছাতিরচর,,,chatircharup.kishoreganj.gov.bd
Union,UNI_3200,UPA_357,Guroi,গুরই,,,guroiup.kishoreganj.gov.bd
Union,UNI_3201,UPA_357,Jaraitala,জারইতলা,,,jaraitalaup.kishoreganj.gov.bd
Union,UNI_3202,UPA_357,Nikli Sadar,নিকলী সদর,,,niklisadarup.kishoreganj.gov.bd
Union,UNI_3203,UPA_357,Karpasa,কারপাশা,,,karpasaup.kishoreganj.gov.bd
Union,UNI_3204,UPA_357,Dampara,দামপাড়া,,,damparaup.kishoreganj.gov.bd
Union,UNI_3205,UPA_357,Singpur,সিংপুর,,,singpurup.kishoreganj.gov.bd
Union,UNI_3206,UPA_358,Balla,বাল্লা,,,ballaup.manikganj.gov.bd
Union,UNI_3207,UPA_358,Gala,গালা,,,galaup.manikganj.gov.bd
Union,UNI_3208,UPA_358,Chala,চালা,,,chalaup.manikganj.gov.bd
Union,UNI_3209,UPA_358,Blara,বলড়া,,,blaraup.manikganj.gov.bd
Union,UNI_3210,UPA_358,Harukandi,হারুকান্দি,,,harukandiup.manikganj.gov.bd
Union,UNI_3211,UPA_358,Baira,বয়রা,,,bairaup.manikganj.gov.bd
Union,UNI_3212,UPA_358,Ramkrishnapur,রামকৃঞ্চপুর,,,ramkrishnapurup.manikganj.gov.bd
Union,UNI_3213,UPA_358,Gopinathpur,গোপীনাথপুর,,,gopinathpurup.manikganj.gov.bd
Union,UNI_3214,UPA_358,Kanchanpur,কাঞ্চনপুর,,,kanchanpurup.manikganj.gov.bd
Union,UNI_3215,UPA_358,Lacharagonj,লেছড়াগঞ্জ,,,lacharagonjup.manikganj.gov.bd
Union,UNI_3216,UPA_358,Sutalorie,সুতালড়ী,,,sutalorieup.manikganj.gov.bd
Union,UNI_3217,UPA_358,Dhulsura,ধূলশুড়া,,,dhulsuraup.manikganj.gov.bd
Union,UNI_3218,UPA_358,Azimnagar,আজিমনগর,,,azimnagarup.manikganj.gov.bd
Union,UNI_3219,UPA_359,Baried,বরাইদ,,,bariedup.manikganj.gov.bd
Union,UNI_3220,UPA_359,Dighulia,দিঘুলিয়া,,,dighuliaup.manikganj.gov.bd
Union,UNI_3221,UPA_359,Baliyati,বালিয়াটি,,,baliyatiup.manikganj.gov.bd
Union,UNI_3222,UPA_359,Dargram,দড়গ্রাম,,,dargramup.manikganj.gov.bd
Union,UNI_3223,UPA_359,Tilli,তিল্লী,,,tilliup.manikganj.gov.bd
Union,UNI_3224,UPA_359,Hargaj,হরগজ,,,hargajup.manikganj.gov.bd
Union,UNI_3225,UPA_359,Saturia,সাটুরিয়া,,,saturiaup.manikganj.gov.bd
Union,UNI_3226,UPA_359,Dhankora,ধানকোড়া,,,dhankoraup.manikganj.gov.bd
Union,UNI_3227,UPA_359,Fukurhati,ফুকুরহাটি,,,fukurhatiup.manikganj.gov.bd
Union,UNI_3228,UPA_360,Betila-Mitara,বেতিলা-মিতরা,,,betilamitaraup.manikganj.gov.bd
Union,UNI_3229,UPA_360,Jagir,জাগীর,,,jagirup.manikganj.gov.bd
Union,UNI_3230,UPA_360,Atigram,আটিগ্রাম,,,atigramup.manikganj.gov.bd
Union,UNI_3231,UPA_360,Dighi,দিঘী,,,dighiup.manikganj.gov.bd
Union,UNI_3232,UPA_360,Putile,পুটাইল,,,putileup.manikganj.gov.bd
Union,UNI_3233,UPA_360,Hatipara,হাটিপাড়া,,,hatiparaup.manikganj.gov.bd
Union,UNI_3234,UPA_360,Vararia,ভাড়ারিয়া,,,varariaup.manikganj.gov.bd
Union,UNI_3235,UPA_360,Nbogram,নবগ্রাম,,,nbogramup.manikganj.gov.bd
Union,UNI_3236,UPA_360,Garpara,গড়পাড়া,,,garparaup.manikganj.gov.bd
Union,UNI_3237,UPA_360,Krishnapur,কৃঞ্চপুর,,,krishnapurup.manikganj.gov.bd
Union,UNI_3238,UPA_361,Paila,পয়লা,,,pailaup.manikganj.gov.bd
Union,UNI_3239,UPA_361,Shingzuri,সিংজুড়ী,,,shingzuriup.manikganj.gov.bd
Union,UNI_3240,UPA_361,Baliyakhora,বালিয়াখোড়া,,,baliyakhoraup.manikganj.gov.bd
Union,UNI_3241,UPA_361,Gior,ঘিওর,,,giorup.manikganj.gov.bd
Union,UNI_3242,UPA_361,Bartia,বড়টিয়া,,,bartiaup.manikganj.gov.bd
Union,UNI_3243,UPA_361,Baniazuri,বানিয়াজুড়ী,,,baniazuriup.manikganj.gov.bd
Union,UNI_3244,UPA_361,Nalee,নালী,,,naleeup.manikganj.gov.bd
Union,UNI_3245,UPA_362,Teota,তেওতা,,,teotaup.manikganj.gov.bd
Union,UNI_3246,UPA_362,Utholi,উথলী,,,utholiup.manikganj.gov.bd
Union,UNI_3247,UPA_362,Shibaloy,শিবালয়,,,shibaloyup.manikganj.gov.bd
Union,UNI_3248,UPA_362,Ulayel,উলাইল,,,ulayelup.manikganj.gov.bd
Union,UNI_3249,UPA_362,Aruoa,আরুয়া,,,aruoaup.manikganj.gov.bd
Union,UNI_3250,UPA_362,Mohadebpur,মহাদেবপুর,,,mohadebpurup.manikganj.gov.bd
Union,UNI_3251,UPA_362,Shimulia,শিমুলিয়া,,,shimuliaup.manikganj.gov.bd
Union,UNI_3252,UPA_363,Charkataree,চরকাটারী,,,charkatareeup.manikganj.gov.bd
Union,UNI_3253,UPA_363,Bachamara,বাচামারা,,,bachamaraup.manikganj.gov.bd
Union,UNI_3254,UPA_363,Baghutia,বাঘুটিয়া,,,baghutiaup.manikganj.gov.bd
Union,UNI_3255,UPA_363,Zionpur,জিয়নপুর,,,zionpurup.manikganj.gov.bd
Union,UNI_3256,UPA_363,Khalshi,খলশী,,,khalshiup.manikganj.gov.bd
Union,UNI_3257,UPA_363,Chakmirpur,চকমিরপুর,,,chakmirpurup.manikganj.gov.bd
Union,UNI_3258,UPA_363,Klia,কলিয়া,,,kliaup.manikganj.gov.bd
Union,UNI_3259,UPA_363,Dhamswar,ধামশ্বর,,,dhamswarup.manikganj.gov.bd
Union,UNI_3260,UPA_364,Buyra,বায়রা,,,buyraup.manikganj.gov.bd
Union,UNI_3261,UPA_364,Talebpur,তালেবপুর,,,talebpurup.manikganj.gov.bd
Union,UNI_3262,UPA_364,Singiar,সিংগাইর,,,singiarup.manikganj.gov.bd
Union,UNI_3263,UPA_364,Baldhara,বলধারা,,,baldharaup.manikganj.gov.bd
Union,UNI_3264,UPA_364,Zamsha,জামশা,,,zamshaup.manikganj.gov.bd
Union,UNI_3265,UPA_364,Charigram,চারিগ্রাম,,,charigramup.manikganj.gov.bd
Union,UNI_3266,UPA_364,Shayesta,শায়েস্তা,,,shayestaup.manikganj.gov.bd
Union,UNI_3267,UPA_364,Joymonto,জয়মন্টপ,,,joymontopup.manikganj.gov.bd
Union,UNI_3268,UPA_364,Dhalla,ধল্লা,,,dhallaup.manikganj.gov.bd
Union,UNI_3269,UPA_364,Jamirta,জার্মিতা,,,jamirtaup.manikganj.gov.bd
Union,UNI_3270,UPA_364,Chandhar,চান্দহর,,,chandharup.manikganj.gov.bd
Union,UNI_3271,UPA_365,Savar,সাভার,,,savarup.dhaka.gov.bd
Union,UNI_3272,UPA_365,Birulia,বিরুলিয়া,,,birulia.dhaka.gov.bd
Union,UNI_3273,UPA_365,Dhamsona,ধামসোনা,,,dhamsonaup.dhaka.gov.bd
Union,UNI_3274,UPA_365,Shimulia,শিমুলিয়া,,,shimuliaup.dhaka.gov.bd
Union,UNI_3275,UPA_365,Ashulia,আশুলিয়া,,,ashuliaup.dhaka.gov.bd
Union,UNI_3276,UPA_365,Yearpur,ইয়ারপুর,,,yearpurup.dhaka.gov.bd
Union,UNI_3277,UPA_365,Vakurta,ভাকুর্তা,,,vakurtaup.dhaka.gov.bd
Union,UNI_3278,UPA_365,Pathalia,পাথালিয়া,,,pathaliaup.dhaka.gov.bd
Union,UNI_3279,UPA_365,Bongaon,বনগাঁও,,,bongaonup.dhaka.gov.bd
Union,UNI_3280,UPA_365,Kaundia,কাউন্দিয়া,,,kaundiaup.dhaka.gov.bd
Union,UNI_3281,UPA_365,Tetuljhora,তেঁতুলঝোড়া,,,tetuljhora.dhaka.gov.bd
Union,UNI_3282,UPA_365,Aminbazar,আমিনবাজার,,,aminbazar.dhaka.gov.bd
Union,UNI_3283,UPA_366,Chauhat,চৌহাট,,,chauhatup.dhaka.gov.bd
Union,UNI_3284,UPA_366,Amta,আমতা,,,amtaup.dhaka.gov.bd
Union,UNI_3285,UPA_366,Balia,বালিয়া,,,baliaup.dhaka.gov.bd
Union,UNI_3286,UPA_366,Jadabpur,যাদবপুর,,,jadabpurup.dhaka.gov.bd
Union,UNI_3287,UPA_366,Baisakanda,বাইশাকান্দা,,,baisakandaup.dhaka.gov.bd
Union,UNI_3288,UPA_366,Kushura,কুশুরা,,,kushuraup.dhaka.gov.bd
Union,UNI_3289,UPA_366,Gangutia,গাংগুটিয়া,,,gangutiaup.dhaka.gov.bd
Union,UNI_3290,UPA_366,Sanora,সানোড়া,,,sanoraup.dhaka.gov.bd
Union,UNI_3291,UPA_366,Sutipara,সূতিপাড়া,,,sutiparaup.dhaka.gov.bd
Union,UNI_3292,UPA_366,Sombhag,সোমভাগ,,,sombhagup.dhaka.gov.bd
Union,UNI_3293,UPA_366,Vararia,ভাড়ারিয়া,,,varariaup.dhaka.gov.bd
Union,UNI_3294,UPA_366,Dhamrai,ধামরাই,,,dhamraiup.dhaka.gov.bd
Union,UNI_3295,UPA_366,Kulla,কুল্লা,,,kullaup.dhaka.gov.bd
Union,UNI_3296,UPA_366,Rowail,রোয়াইল,,,rowailup.dhaka.gov.bd
Union,UNI_3297,UPA_366,Suapur,সুয়াপুর,,,suapurup.dhaka.gov.bd
Union,UNI_3298,UPA_366,Nannar,নান্নার,,,nannarup.dhaka.gov.bd
Union,UNI_3299,UPA_367,Hazratpur,হযরতপুর,,,hazratpurup.dhaka.gov.bd
Union,UNI_3300,UPA_367,Kalatia,কলাতিয়া,,,kalatiaup.dhaka.gov.bd
Union,UNI_3301,UPA_367,Taranagar,তারানগর,,,taranagarup.dhaka.gov.bd
Union,UNI_3302,UPA_367,Sakta,শাক্তা,,,saktaup.dhaka.gov.bd
Union,UNI_3303,UPA_367,Ruhitpur,রোহিতপুর,,,ruhitpurup.dhaka.gov.bd
Union,UNI_3304,UPA_367,Basta,বাস্তা,,,bastaup.dhaka.gov.bd
Union,UNI_3305,UPA_367,Kalindi,কালিন্দি,,,kalindiup.dhaka.gov.bd
Union,UNI_3306,UPA_367,Zinzira,জিনজিরা,,,zinziraup.dhaka.gov.bd
Union,UNI_3307,UPA_367,Suvadda,শুভাঢ্যা,,,suvaddaup.dhaka.gov.bd
Union,UNI_3308,UPA_367,Taghoria,তেঘরিয়া,,,taghoriaup.dhaka.gov.bd
Union,UNI_3309,UPA_367,Konda,কোন্ডা,,,kondaup.dhaka.gov.bd
Union,UNI_3310,UPA_367,Aganagar,আগানগর,,,aganagarup.dhaka.gov.bd
Union,UNI_3311,UPA_368,Shikaripara,শিকারীপাড়া,,,shikariparaup.dhaka.gov.bd
Union,UNI_3312,UPA_368,Joykrishnapur,জয়কৃষ্ণপুর,,,joykrishnapurup.dhaka.gov.bd
Union,UNI_3313,UPA_368,Baruakhali,বারুয়াখালী,,,baruakhaliup.dhaka.gov.bd
Union,UNI_3314,UPA_368,Nayansree,নয়নশ্রী,,,nayansreeup.dhaka.gov.bd
Union,UNI_3315,UPA_368,Sholla,শোল্লা,,,shollaup.dhaka.gov.bd
Union,UNI_3316,UPA_368,Jantrail,যন্ত্রাইল,,,jantrailup.dhaka.gov.bd
Union,UNI_3317,UPA_368,Bandura,বান্দুরা,,,banduraup.dhaka.gov.bd
Union,UNI_3318,UPA_368,Kalakopa,কলাকোপা,,,kalakopaup.dhaka.gov.bd
Union,UNI_3319,UPA_368,Bakshanagar,বক্সনগর,,,bakshanagarup.dhaka.gov.bd
Union,UNI_3320,UPA_368,Barrah,বাহ্রা,,,barrahup.dhaka.gov.bd
Union,UNI_3321,UPA_368,Kailail,কৈলাইল,,,kailailup.dhaka.gov.bd
Union,UNI_3322,UPA_368,Agla,আগলা,,,aglaup.dhaka.gov.bd
Union,UNI_3323,UPA_368,Galimpur,গালিমপুর,,,galimpurup.dhaka.gov.bd
Union,UNI_3324,UPA_368,Churain,চুড়াইন,,,churainup.dhaka.gov.bd
Union,UNI_3325,UPA_369,Nayabari,নয়াবাড়ী,,,nayabariup.dhaka.gov.bd
Union,UNI_3326,UPA_369,Kusumhathi,কুসুমহাটি,,,kusumhathiup.dhaka.gov.bd
Union,UNI_3327,UPA_369,Raipara,রাইপাড়া,,,raiparaup.dhaka.gov.bd
Union,UNI_3328,UPA_369,Sutarpara,সুতারপাড়া,,,sutarparaup.dhaka.gov.bd
Union,UNI_3329,UPA_369,Narisha,নারিশা,,,narishaup.dhaka.gov.bd
Union,UNI_3330,UPA_369,Muksudpur,মুকসুদপুর,,,muksudpurup.dhaka.gov.bd
Union,UNI_3331,UPA_369,Mahmudpur,মাহমুদপুর,,,mahmudpurup.dhaka.gov.bd
Union,UNI_3332,UPA_369,Bilaspur,বিলাসপুর,,,bilaspurup.dhaka.gov.bd
Union,UNI_3333,UPA_370,Rampal,রামপাল,,,rampalup.munshiganj.gov.bd
Union,UNI_3334,UPA_370,Panchashar,পঞ্চসার,,,panchasharup.munshiganj.gov.bd
Union,UNI_3335,UPA_370,Bajrajogini,বজ্রযোগিনী,,,bajrajoginiup.munshiganj.gov.bd
Union,UNI_3336,UPA_370,Mohakali,মহাকালী,,,mohakaliup.munshiganj.gov.bd
Union,UNI_3337,UPA_370,Charkewar,চরকেওয়ার,,,charkewarup.munshiganj.gov.bd
Union,UNI_3338,UPA_370,Mollakandi,মোল্লাকান্দি,,,mollakandiup.munshiganj.gov.bd
Union,UNI_3339,UPA_370,Adhara,আধারা,,,adharaup.munshiganj.gov.bd
Union,UNI_3340,UPA_370,Shiloy,শিলই,,,shiloyup.munshiganj.gov.bd
Union,UNI_3341,UPA_370,Banglabazar,বাংলাবাজার,,,banglabazarup.munshiganj.gov.bd
Union,UNI_3342,UPA_371,Baraikhali,বাড়েখাল,,,baraikhaliup.munshiganj.gov.bd
Union,UNI_3343,UPA_371,Hashara,হাসাড়া,,,hasharaup.munshiganj.gov.bd
Union,UNI_3344,UPA_371,Birtara,বাড়তারা,,,birtaraup.munshiganj.gov.bd
Union,UNI_3345,UPA_371,Shologhor,ষোলঘর,,,shologhorup.munshiganj.gov.bd
Union,UNI_3346,UPA_371,Sreenagar,শ্রীনগর,,,sreenagarup.munshiganj.gov.bd
Union,UNI_3347,UPA_371,Patabhog,পাঢাভোগ,,,patabhogup.munshiganj.gov.bd
Union,UNI_3348,UPA_371,Shamshiddi,শ্যামসিদ্দি,,,shamshiddiup.munshiganj.gov.bd
Union,UNI_3349,UPA_371,Kolapara,কুলাপাড়া,,,kolaparaup.munshiganj.gov.bd
Union,UNI_3350,UPA_371,Vaggakol,ভাগ্যকুল,,,vaggakolup.munshiganj.gov.bd
Union,UNI_3351,UPA_371,Bagra,বাঘড়া,,,bagraup.munshiganj.gov.bd
Union,UNI_3352,UPA_371,Rarikhal,রাঢ়ীখাল,,,rarikhalup.munshiganj.gov.bd
Union,UNI_3353,UPA_371,Kukutia,কুকুটিয়া,,,kukutiaup.munshiganj.gov.bd
Union,UNI_3354,UPA_371,Atpara,আটপাড়া,,,atparaup.munshiganj.gov.bd
Union,UNI_3355,UPA_371,Tantor,তন্তর,,,tantorup.munshiganj.gov.bd
Union,UNI_3356,UPA_372,Chitracoat,চিত্রকোট,,,chitracoatup.munshiganj.gov.bd
Union,UNI_3357,UPA_372,Sekhornagar,শেখরনগার,,,sekhornagarup.munshiganj.gov.bd
Union,UNI_3358,UPA_372,Rajanagar,রাজানগর,,,rajanagarup.munshiganj.gov.bd
Union,UNI_3359,UPA_372,Keyain,কেয়াইন,,,keyainup.munshiganj.gov.bd
Union,UNI_3360,UPA_372,Basail,বাসাইল,,,basailup.munshiganj.gov.bd
Union,UNI_3361,UPA_372,Baluchar,বালুচর,,,balucharup.munshiganj.gov.bd
Union,UNI_3362,UPA_372,Latabdi,লতাব্দী,,,latabdiup.munshiganj.gov.bd
Union,UNI_3363,UPA_372,Rasunia,রশুনিয়া,,,rasuniaup.munshiganj.gov.bd
Union,UNI_3364,UPA_372,Ichhapura,ইছাপুরা,,,ichhapuraup.munshiganj.gov.bd
Union,UNI_3365,UPA_372,Bairagadi,বয়রাগাদি,,,bairagadiup.munshiganj.gov.bd
Union,UNI_3366,UPA_372,Malkhanagar,মালখানগর,,,malkhanagarup.munshiganj.gov.bd
Union,UNI_3367,UPA_372,Madhypara,মধ্যপাড়া,,,madhyparaup.munshiganj.gov.bd
Union,UNI_3368,UPA_372,Kola,কোলা,,,kolaup.munshiganj.gov.bd
Union,UNI_3369,UPA_372,Joyinshar,জৈনসার,,,joyinsharup.munshiganj.gov.bd
Union,UNI_3370,UPA_373,Medinimandal,মেদিনীমন্ডল,,,medinimandalup.munshiganj.gov.bd
Union,UNI_3371,UPA_373,Kumarbhog,কুমারভোগ,,,kumarbhogup.munshiganj.gov.bd
Union,UNI_3372,UPA_373,Haldia,হলদিয়া,,,haldiaup.munshiganj.gov.bd
Union,UNI_3373,UPA_373,Kanaksar,কনকসার,,,kanaksarup.munshiganj.gov.bd
Union,UNI_3374,UPA_373,Lohajang-Teotia,লৌহজং-তেওটিয়া,,,lohajangteotiaup.munshiganj.gov.bd
Union,UNI_3375,UPA_373,Bejgaon,বেজগাঁও,,,bejgaonup.munshiganj.gov.bd
Union,UNI_3376,UPA_373,Baultoli,বৌলতলী,,,baultoliup.munshiganj.gov.bd
Union,UNI_3377,UPA_373,Khidirpara,খিদিরপাড়া,,,khidirparaup.munshiganj.gov.bd
Union,UNI_3378,UPA_373,Gaodia,গাওদিয়া,,,gaodiaup.munshiganj.gov.bd
Union,UNI_3379,UPA_373,Kalma,কলমা,,,kalmaup.munshiganj.gov.bd
Union,UNI_3380,UPA_374,Gajaria,গজারিয়া,,,gajariaup.munshiganj.gov.bd
Union,UNI_3381,UPA_374,Baushia,বাউশিয়া,,,baushiaup.munshiganj.gov.bd
Union,UNI_3382,UPA_374,Vaberchar,ভবেরচর,,,vabercharup.munshiganj.gov.bd
Union,UNI_3383,UPA_374,Baluakandi,বালুয়াকান্দী,,,baluakandiup.munshiganj.gov.bd
Union,UNI_3384,UPA_374,Tengarchar,টেংগারচর,,,tengarcharup.munshiganj.gov.bd
Union,UNI_3385,UPA_374,Hosendee,হোসেন্দী,,,hosendeeup.munshiganj.gov.bd
Union,UNI_3386,UPA_374,Guagachia,গুয়াগাছিয়া,,,guagachiaup.munshiganj.gov.bd
Union,UNI_3387,UPA_374,Imampur,ইমামপুর,,,imampurup.munshiganj.gov.bd
Union,UNI_3388,UPA_375,Betka,বেতকা,,,betkaup.munshiganj.gov.bd
Union,UNI_3389,UPA_375,Abdullapur,আব্দুল্লাপুর,,,abdullapurup.munshiganj.gov.bd
Union,UNI_3390,UPA_375,Sonarong Tongibari,সোনারং টংগীবাড়ী,,,sonarongtongibariup.munshiganj.gov.bd
Union,UNI_3391,UPA_375,Autshahi,আউটশাহী,,,autshahiup.munshiganj.gov.bd
Union,UNI_3392,UPA_375,Arial Baligaon,আড়িয়ল বালিগাঁও,,,arialbaligaonup.munshiganj.gov.bd
Union,UNI_3393,UPA_375,Dhipur,ধীপুর,,,dhipurup.munshiganj.gov.bd
Union,UNI_3394,UPA_375,Kathadia Shimolia,কাঠাদিয়া শিমুলিয়া,,,kathadiashimoliaup.munshiganj.gov.bd
Union,UNI_3395,UPA_375,Joslong,যশলং,,,joslongup.munshiganj.gov.bd
Union,UNI_3396,UPA_375,Panchgaon,পাঁচগাও,,,panchgaonup.munshiganj.gov.bd
Union,UNI_3397,UPA_375,Kamarkhara,কামারখাড়া,,,kamarkharaup.munshiganj.gov.bd
Union,UNI_3398,UPA_375,Hasailbanari,হাসাইল বানারী,,,hasailbanariup.munshiganj.gov.bd
Union,UNI_3399,UPA_375,Dighirpar,দিঘীরপাড়,,,dighirparup.munshiganj.gov.bd
Union,UNI_3400,UPA_376,Mijanpur,মিজানপুর,,,mijanpurup.rajbari.gov.bd
Union,UNI_3401,UPA_376,Borat,বরাট,,,boratup.rajbari.gov.bd
Union,UNI_3402,UPA_376,Chandoni,চন্দনী,,,chandoniup.rajbari.gov.bd
Union,UNI_3403,UPA_376,Khangonj,খানগঞ্জ,,,khangonjup.rajbari.gov.bd
Union,UNI_3404,UPA_376,Banibaha,বানীবহ,,,banibahaup.rajbari.gov.bd
Union,UNI_3405,UPA_376,Dadshee,দাদশী,,,dadsheeup.rajbari.gov.bd
Union,UNI_3406,UPA_376,Mulghar,মুলঘর,,,mulgharup.rajbari.gov.bd
Union,UNI_3407,UPA_376,Basantapur,বসন্তপুর,,,basantapurup.rajbari.gov.bd
Union,UNI_3408,UPA_376,Khankhanapur,খানখানাপুর,,,khankhanapurup.rajbari.gov.bd
Union,UNI_3409,UPA_376,Alipur,আলীপুর,,,alipurup.rajbari.gov.bd
Union,UNI_3410,UPA_376,Ramkantapur,রামকান্তপুর,,,ramkantapurup.rajbari.gov.bd
Union,UNI_3411,UPA_376,Shahidwahabpur,শহীদওহাবপুর,,,shahidwahabpurup.rajbari.gov.bd
Union,UNI_3412,UPA_376,Panchuria,পাঁচুরিয়া,,,panchuriaup.rajbari.gov.bd
Union,UNI_3413,UPA_376,Sultanpur,সুলতানপুর,,,sultanpurup.rajbari.gov.bd
Union,UNI_3414,UPA_377,Doulatdia,দৌলতদিয়া,,,doulatdiaup.rajbari.gov.bd
Union,UNI_3415,UPA_377,Debugram,দেবগ্রাম,,,debugramup.rajbari.gov.bd
Union,UNI_3416,UPA_377,Uzancar,উজানচর,,,uzancarup.rajbari.gov.bd
Union,UNI_3417,UPA_377,Chotovakla,ছোটভাকলা,,,chotovaklaup.rajbari.gov.bd
Union,UNI_3418,UPA_378,Bahadurpur,বাহাদুরপুর,,,bahadurpurup.rajbari.gov.bd
Union,UNI_3419,UPA_378,Habashpur,হাবাসপুর,,,habashpurup.rajbari.gov.bd
Union,UNI_3420,UPA_378,Jashai,যশাই,,,jashaiup.rajbari.gov.bd
Union,UNI_3421,UPA_378,Babupara,বাবুপাড়া,,,babuparaup.rajbari.gov.bd
Union,UNI_3422,UPA_378,Mourat,মৌরাট,,,mouratup.rajbari.gov.bd
Union,UNI_3423,UPA_378,Patta,পাট্টা,,,pattaup.rajbari.gov.bd
Union,UNI_3424,UPA_378,Sarisha,সরিষা,,,sarishaup.rajbari.gov.bd
Union,UNI_3425,UPA_378,Kalimahar,কলিমহর,,,kalimaharup.rajbari.gov.bd
Union,UNI_3426,UPA_378,Kasbamajhail,কসবামাজাইল,,,kasbamajhailup.rajbari.gov.bd
Union,UNI_3427,UPA_378,Machhpara,মাছপাড়া,,,machhparaup.rajbari.gov.bd
Union,UNI_3428,UPA_379,Islampur,ইসলামপুর,,,islampurup.rajbari.gov.bd
Union,UNI_3429,UPA_379,Baharpur,বহরপুর,,,baharpurup.rajbari.gov.bd
Union,UNI_3430,UPA_379,Nawabpur,নবাবপুর,,,nawabpurup.rajbari.gov.bd
Union,UNI_3431,UPA_379,Narua,নারুয়া,,,naruaup.rajbari.gov.bd
Union,UNI_3432,UPA_379,Baliakandi,বালিয়াকান্দি,,,baliakandiup.rajbari.gov.bd
Union,UNI_3433,UPA_379,Janjal,জঙ্গল,,,janjalup.rajbari.gov.bd
Union,UNI_3434,UPA_379,Jamalpur,জামালপুর,,,jamalpurup.rajbari.gov.bd
Union,UNI_3435,UPA_380,Kalukhali,কালুখালী,,,kalukhaliup.rajbari.gov.bd
Union,UNI_3436,UPA_380,Ratandia,রতনদিয়া,,,ratandiaup.rajbari.gov.bd
Union,UNI_3437,UPA_380,Kalikapur,কালিকাপুর,,,kalikapurup.rajbari.gov.bd
Union,UNI_3438,UPA_380,Boalia,বোয়ালিয়া,,,boaliaup.rajbari.gov.bd
Union,UNI_3439,UPA_380,Majbari,মাজবাড়ী,,,majbariup.rajbari.gov.bd
Union,UNI_3440,UPA_380,Madapur,মদাপুর,,,madapurup.rajbari.gov.bd
Union,UNI_3441,UPA_380,Shawrail,সাওরাইল,,,shawrailup.rajbari.gov.bd
Union,UNI_3442,UPA_380,Mrigi,মৃগী,,,mrigiup.rajbari.gov.bd
Union,UNI_3443,UPA_381,Sirkhara,শিড়খাড়া,,,sirkharaup.madaripur.gov.bd
Union,UNI_3444,UPA_381,Bahadurpur,বাহাদুরপুর,,,bahadurpurup.madaripur.gov.bd
Union,UNI_3445,UPA_381,Kunia,কুনিয়া,,,kuniaup.madaripur.gov.bd
Union,UNI_3446,UPA_381,Peyarpur,পেয়ারপুর,,,peyarpurup.madaripur.gov.bd
Union,UNI_3447,UPA_381,Kandua,কেন্দুয়া,,,kanduaup.madaripur.gov.bd
Union,UNI_3448,UPA_381,Mastofapur,মস্তফাপুর,,,mastofapurup.madaripur.gov.bd
Union,UNI_3449,UPA_381,Dudkhali,দুধখালী,,,dudkhaliup.madaripur.gov.bd
Union,UNI_3450,UPA_381,Kalikapur,কালিকাপুর,,,kalikapurup.madaripur.gov.bd
Union,UNI_3451,UPA_381,Chilarchar,ছিলারচর,,,chilarcharup.madaripur.gov.bd
Union,UNI_3452,UPA_381,Panchkhola,পাঁচখোলা,,,panchkholaup.madaripur.gov.bd
Union,UNI_3453,UPA_381,Ghatmajhi,ঘটমাঝি,,,ghatmajhiup.madaripur.gov.bd
Union,UNI_3454,UPA_381,Jhaoudi,ঝাউদী,,,jhaoudiup.madaripur.gov.bd
Union,UNI_3455,UPA_381,Khoajpur,খোয়াজপুর,,,khoajpurup.madaripur.gov.bd
Union,UNI_3456,UPA_381,Rasti,রাস্তি,,,rastiup.madaripur.gov.bd
Union,UNI_3457,UPA_381,Dhurail,ধুরাইল,,,dhurailup.madaripur.gov.bd
Union,UNI_3458,UPA_382,Shibchar,শিবচর,,,shibcharup.madaripur.gov.bd
Union,UNI_3459,UPA_382,Ditiyakhando,দ্বিতীয়খন্ড,,,ditiyakhandoup.madaripur.gov.bd
Union,UNI_3460,UPA_382,Nilokhe,নিলখি,,,nilokheup.madaripur.gov.bd
Union,UNI_3461,UPA_382,Bandarkhola,বন্দরখোলা,,,bandarkholaup.madaripur.gov.bd
Union,UNI_3462,UPA_382,Charjanazat,চরজানাজাত,,,charjanazatup.madaripur.gov.bd
Union,UNI_3463,UPA_382,Madbarerchar,মাদবরেরচর,,,madbarercharup.madaripur.gov.bd
Union,UNI_3464,UPA_382,Panchar,পাঁচচর,,,pancharup.madaripur.gov.bd
Union,UNI_3465,UPA_382,Sannasirchar,সন্যাসিরচর,,,sannasircharup.madaripur.gov.bd
Union,UNI_3466,UPA_382,Kathalbari,কাঁঠালবাড়ী,,,kathalbariup.madaripur.gov.bd
Union,UNI_3467,UPA_382,Kutubpur,কুতুবপুর,,,kutubpurup.madaripur.gov.bd
Union,UNI_3468,UPA_382,Kadirpur,কাদিরপুর,,,kadirpurup.madaripur.gov.bd
Union,UNI_3469,UPA_382,Vhandarikandi,ভান্ডারীকান্দি,,,vhandarikandiup.madaripur.gov.bd
Union,UNI_3470,UPA_382,Bahertala South,বহেরাতলা দক্ষিণ,,,bahertalasouthup.madaripur.gov.bd
Union,UNI_3471,UPA_382,Baheratala North,বহেরাতলা উত্তর,,,baheratalanorthup.madaripur.gov.bd
Union,UNI_3472,UPA_382,Baskandi,বাঁশকান্দি,,,baskandiup.madaripur.gov.bd
Union,UNI_3473,UPA_382,Umedpur,উমেদপুর,,,umedpurup.madaripur.gov.bd
Union,UNI_3474,UPA_382,Vhadrasion,ভদ্রাসন,,,vhadrasionup.madaripur.gov.bd
Union,UNI_3475,UPA_382,Shiruail,শিরুয়াইল,,,shiruailup.madaripur.gov.bd
Union,UNI_3476,UPA_382,Dattapara,দত্তপাড়া,,,dattaparaup.madaripur.gov.bd
Union,UNI_3477,UPA_383,Alinagar,আলীনগর,,,alinagarup.madaripur.gov.bd
Union,UNI_3478,UPA_383,Baligram,বালীগ্রাম,,,baligramup.madaripur.gov.bd
Union,UNI_3479,UPA_383,Basgari,বাঁশগাড়ী,,,basgariup.madaripur.gov.bd
Union,UNI_3480,UPA_383,Chardoulatkhan,চরদৌলতখান,,,chardoulatkhanup.madaripur.gov.bd
Union,UNI_3481,UPA_383,Dashar,ডাসার,,,dasharup.madaripur.gov.bd
Union,UNI_3482,UPA_383,Enayetnagor,এনায়েতনগর,,,enayetnagorup.madaripur.gov.bd
Union,UNI_3483,UPA_383,Gopalpur,গোপালপুর,,,gopalpurup.madaripur.gov.bd
Union,UNI_3484,UPA_383,Koyaria,কয়ারিয়া,,,koyariaup.madaripur.gov.bd
Union,UNI_3485,UPA_383,Kazibakai,কাজীবাকাই,,,kazibakaiup.madaripur.gov.bd
Union,UNI_3486,UPA_383,Laxmipur,লক্ষীপুর,,,laxmipurup.madaripur.gov.bd
Union,UNI_3487,UPA_383,Nabogram,নবগ্রাম,,,nabogramup.madaripur.gov.bd
Union,UNI_3488,UPA_383,Ramjanpur,রমজানপুর,,,ramjanpurup.madaripur.gov.bd
Union,UNI_3489,UPA_383,Shahebrampur,সাহেবরামপুর,,,shahebrampurup.madaripur.gov.bd
Union,UNI_3490,UPA_383,Shikarmongol,শিকারমঙ্গল,,,shikarmongolup.madaripur.gov.bd
Union,UNI_3491,UPA_384,Haridasdi-Mahendrodi,হরিদাসদী-মহেন্দ্রদী,,,haridasdi-mahendrodiup.madaripur.gov.bd
Union,UNI_3492,UPA_384,Kadambari,কদমবাড়ী,,,kadambariup.madaripur.gov.bd
Union,UNI_3493,UPA_384,Bajitpur,বাজিতপুর,,,bajitpurup.madaripur.gov.bd
Union,UNI_3494,UPA_384,Amgram,আমগ্রাম,,,amgramup.madaripur.gov.bd
Union,UNI_3495,UPA_384,Rajoir,রাজৈর,,,rajoirup.madaripur.gov.bd
Union,UNI_3496,UPA_384,Khaliya,খালিয়া,,,khaliyaup.madaripur.gov.bd
Union,UNI_3497,UPA_384,Ishibpur,ইশিবপুর,,,ishibpurup.madaripur.gov.bd
Union,UNI_3498,UPA_384,Badarpasa,বদরপাশা,,,badarpasaup.madaripur.gov.bd
Union,UNI_3499,UPA_384,Kabirajpur,কবিরাজপুর,,,kabirajpurup.madaripur.gov.bd
Union,UNI_3500,UPA_384,Hosenpur,হোসেনপুর,,,hosenpurup.madaripur.gov.bd
Union,UNI_3501,UPA_384,Paikpara,পাইকপাড়া,,,paikparaup.madaripur.gov.bd
Union,UNI_3502,UPA_385,Jalalabad,জালালাবাদ,,,jalalabadup.gopalganj.gov.bd
Union,UNI_3503,UPA_385,Shuktail,শুকতাইল,,,shuktailup.gopalganj.gov.bd
Union,UNI_3504,UPA_385,Chandradighalia,চন্দ্রদিঘলিয়া,,,chandradighaliaup.gopalganj.gov.bd
Union,UNI_3505,UPA_385,Gopinathpur,গোপীনাথপুর,,,gopinathpurup.gopalganj.gov.bd
Union,UNI_3506,UPA_385,Paikkandi,পাইককান্দি,,,paikkandiup.gopalganj.gov.bd
Union,UNI_3507,UPA_385,Urfi,উরফি,,,urfiup.gopalganj.gov.bd
Union,UNI_3508,UPA_385,Lotifpur,লতিফপুর,,,lotifpurup.gopalganj.gov.bd
Union,UNI_3509,UPA_385,Satpar,সাতপাড়,,,satparup.gopalganj.gov.bd
Union,UNI_3510,UPA_385,Sahapur,সাহাপুর,,,sahapurup.gopalganj.gov.bd
Union,UNI_3511,UPA_385,Horidaspur,হরিদাসপুর,,,horidaspurup.gopalganj.gov.bd
Union,UNI_3512,UPA_385,Ulpur,উলপুর,,,ulpurup.gopalganj.gov.bd
Union,UNI_3513,UPA_385,Nizra,নিজড়া,,,nizraup.gopalganj.gov.bd
Union,UNI_3514,UPA_385,Karpara,করপাড়া,,,karparaup.gopalganj.gov.bd
Union,UNI_3515,UPA_385,Durgapur,দুর্গাপুর,,,durgapurup.gopalganj.gov.bd
Union,UNI_3516,UPA_385,Kajulia,কাজুলিয়া,,,kajuliaup.gopalganj.gov.bd
Union,UNI_3517,UPA_385,Majhigati,মাঝিগাতী,,,majhigatiup.gopalganj.gov.bd
Union,UNI_3518,UPA_385,Roghunathpur,রঘুনাথপুর,,,roghunathpurup.gopalganj.gov.bd
Union,UNI_3519,UPA_385,Gobra,গোবরা,,,gobraup.gopalganj.gov.bd
Union,UNI_3520,UPA_385,Borashi,বোড়াশী,,,borashiup.gopalganj.gov.bd
Union,UNI_3521,UPA_385,Kati,কাঠি,,,katiup.gopalganj.gov.bd
Union,UNI_3522,UPA_385,Boultali,বৌলতলী,,,boultaliup.gopalganj.gov.bd
Union,UNI_3523,UPA_386,Kashiani,কাশিয়ানী,,,kashianiup.gopalganj.gov.bd
Union,UNI_3524,UPA_386,Hatiara,হাতিয়াড়া,,,hatiaraup.gopalganj.gov.bd
Union,UNI_3525,UPA_386,Fukura,ফুকরা,,,fukuraup.gopalganj.gov.bd
Union,UNI_3526,UPA_386,Rajpat,রাজপাট,,,rajpatup.gopalganj.gov.bd
Union,UNI_3527,UPA_386,Bethuri,বেথুড়ী,,,bethuriup.gopalganj.gov.bd
Union,UNI_3528,UPA_386,Nijamkandi,নিজামকান্দি,,,nijamkandiup.gopalganj.gov.bd
Union,UNI_3529,UPA_386,Sajail,সাজাইল,,,sajailup.gopalganj.gov.bd
Union,UNI_3530,UPA_386,Mamudpur,মাহমুদপুর,,,mamudpurup.gopalganj.gov.bd
Union,UNI_3531,UPA_386,Maheshpur,মহেশপুর,,,maheshpurup.gopalganj.gov.bd
Union,UNI_3532,UPA_386,Orakandia,ওড়াকান্দি,,,orakandiaup.gopalganj.gov.bd
Union,UNI_3533,UPA_386,Parulia,পারুলিয়া,,,paruliaup.gopalganj.gov.bd
Union,UNI_3534,UPA_386,Ratail,রাতইল,,,ratailup.gopalganj.gov.bd
Union,UNI_3535,UPA_386,Puisur,পুইশুর,,,puisurup.gopalganj.gov.bd
Union,UNI_3536,UPA_386,Singa,সিংগা,,,singaup.gopalganj.gov.bd
Union,UNI_3537,UPA_387,Kushli,কুশলী,,,kushliup.gopalganj.gov.bd
Union,UNI_3538,UPA_387,Gopalpur,গোপালপুর,,,gopalpurup.gopalganj.gov.bd
Union,UNI_3539,UPA_387,Patgati,পাটগাতী,,,patgatiup.gopalganj.gov.bd
Union,UNI_3540,UPA_387,Borni,বর্ণি,,,borniup.gopalganj.gov.bd
Union,UNI_3541,UPA_387,Dumaria,ডুমরিয়া,,,dumariaup.gopalganj.gov.bd
Union,UNI_3542,UPA_388,Sadullapur,সাদুল্লাপুর,,,sadullapurup.gopalganj.gov.bd
Union,UNI_3543,UPA_388,Ramshil,রামশীল,,,ramshilup.gopalganj.gov.bd
Union,UNI_3544,UPA_388,Bandhabari,বান্ধাবাড়ী,,,bandhabariup.gopalganj.gov.bd
Union,UNI_3545,UPA_388,Kolabari,কলাবাড়ী,,,kolabariup.gopalganj.gov.bd
Union,UNI_3546,UPA_388,Kushla,কুশলা,,,kushlaup.gopalganj.gov.bd
Union,UNI_3547,UPA_388,Amtoli,আমতলী,,,amtoliup.gopalganj.gov.bd
Union,UNI_3548,UPA_388,Pinjuri,পিঞ্জুরী,,,pinjuriup.gopalganj.gov.bd
Union,UNI_3549,UPA_388,Ghaghor,ঘাঘর,,,ghaghorup.gopalganj.gov.bd
Union,UNI_3550,UPA_388,Radhaganj,রাধাগঞ্জ,,,radhaganjup.gopalganj.gov.bd
Union,UNI_3551,UPA_388,Hiron,হিরণ,,,hironup.gopalganj.gov.bd
Union,UNI_3552,UPA_388,Kandi,কান্দি,,,kandiup.gopalganj.gov.bd
Union,UNI_3553,UPA_389,Ujani,উজানী,,,ujaniup.gopalganj.gov.bd
Union,UNI_3554,UPA_389,Nanikhir,ননীক্ষীর,,,nanikhirup.gopalganj.gov.bd
Union,UNI_3555,UPA_389,Dignagar,দিগনগর,,,dignagarup.gopalganj.gov.bd
Union,UNI_3556,UPA_389,Poshargati,পশারগাতি,,,poshargatiup.gopalganj.gov.bd
Union,UNI_3557,UPA_389,Gobindopur,গোবিন্দপুর,,,gobindopurup.gopalganj.gov.bd
Union,UNI_3558,UPA_389,Khandarpara,খান্দারপাড়া,,,khandarparaup.gopalganj.gov.bd
Union,UNI_3559,UPA_389,Bohugram,বহুগ্রাম,,,bohugramup.gopalganj.gov.bd
Union,UNI_3560,UPA_389,Banshbaria,বাশঁবাড়িয়া,,,banshbariaup.gopalganj.gov.bd
Union,UNI_3561,UPA_389,Vabrashur,ভাবড়াশুর,,,vabrashurup.gopalganj.gov.bd
Union,UNI_3562,UPA_389,Moharajpur,মহারাজপুর,,,moharajpurup.gopalganj.gov.bd
Union,UNI_3563,UPA_389,Batikamari,বাটিকামারী,,,batikamariup.gopalganj.gov.bd
Union,UNI_3564,UPA_389,Jalirpar,জলিরপাড়,,,jalirparup.gopalganj.gov.bd
Union,UNI_3565,UPA_389,Raghdi,রাঘদী,,,raghdiup.gopalganj.gov.bd
Union,UNI_3566,UPA_389,Gohala,গোহালা,,,gohalaup.gopalganj.gov.bd
Union,UNI_3567,UPA_389,Mochna,মোচনা,,,mochnaup.gopalganj.gov.bd
Union,UNI_3568,UPA_389,Kashalia,কাশালিয়া,,,kashaliaup.gopalganj.gov.bd
Union,UNI_3569,UPA_390,Ishangopalpur,ঈশানগোপালপুর,,,ishangopalpurup.faridpur.gov.bd
Union,UNI_3570,UPA_390,Charmadbdia,চরমাধবদিয়া,,,charmadbdiaup.faridpur.gov.bd
Union,UNI_3571,UPA_390,Aliabad,আলিয়াবাদ,,,aliabadup.faridpur.gov.bd
Union,UNI_3572,UPA_390,Uttarchannel,নর্থচ্যানেল,,,uttarchannelup.faridpur.gov.bd
Union,UNI_3573,UPA_390,Decreerchar,ডিক্রিরচর,,,decreercharup.faridpur.gov.bd
Union,UNI_3574,UPA_390,Majchar,মাচ্চর,,,majcharup.faridpur.gov.bd
Union,UNI_3575,UPA_390,Krishnanagar,কৃষ্ণনগর,,,krishnanagarup.faridpur.gov.bd
Union,UNI_3576,UPA_390,Ambikapur,অম্বিকাপুর,,,ambikapurup.faridpur.gov.bd
Union,UNI_3577,UPA_390,Kanaipur,কানাইপুর,,,kanaipurup.faridpur.gov.bd
Union,UNI_3578,UPA_390,Kaijuri,কৈজুরী,,,kaijuriup.faridpur.gov.bd
Union,UNI_3579,UPA_390,Greda,গেরদা,,,gredaup.faridpur.gov.bd
Union,UNI_3580,UPA_391,Buraich,বুড়াইচ,,,buraichup.faridpur.gov.bd
Union,UNI_3581,UPA_391,Alfadanga,আলফাডাঙ্গা,,,alfadangaup.faridpur.gov.bd
Union,UNI_3582,UPA_391,Tagarbanda,টগরবন্দ,,,tagarbandaup.faridpur.gov.bd
Union,UNI_3583,UPA_391,Bana,বানা,,,banaup.faridpur.gov.bd
Union,UNI_3584,UPA_391,Panchuria,পাঁচুড়িয়া,,,panchuriaup.faridpur.gov.bd
Union,UNI_3585,UPA_391,Gopalpur,গোপালপুর,,,gopalpurup.faridpur.gov.bd
Union,UNI_3586,UPA_392,Boalmari,বোয়ালমারী,,,boalmariup.faridpur.gov.bd
Union,UNI_3587,UPA_392,Dadpur,দাদপুর,,,dadpurup.faridpur.gov.bd
Union,UNI_3588,UPA_392,Chatul,চতুল,,,chatulup.faridpur.gov.bd
Union,UNI_3589,UPA_392,Ghoshpur,ঘোষপুর,,,ghoshpurup.faridpur.gov.bd
Union,UNI_3590,UPA_392,Gunbaha,গুনবহা,,,gunbahaup.faridpur.gov.bd
Union,UNI_3591,UPA_392,Chandpur,চাঁদপুর,,,chandpurup.faridpur.gov.bd
Union,UNI_3592,UPA_392,Parameshwardi,পরমেশ্বরদী,,,parameshwardiup.faridpur.gov.bd
Union,UNI_3593,UPA_392,Satair,সাতৈর,,,satairup.faridpur.gov.bd
Union,UNI_3594,UPA_392,Rupapat,রূপাপাত,,,rupapatup.faridpur.gov.bd
Union,UNI_3595,UPA_392,Shekhar,শেখর,,,shekharup.faridpur.gov.bd
Union,UNI_3596,UPA_392,Moyna,ময়না,,,moynaup.faridpur.gov.bd
Union,UNI_3597,UPA_393,Char Bisnopur,চর বিষ্ণুপুর,,,charbisnopurup.faridpur.gov.bd
Union,UNI_3598,UPA_393,Akoter Char,আকোটের চর,,,akotercharup.faridpur.gov.bd
Union,UNI_3599,UPA_393,Char Nasirpur,চর নাসিরপুর,,,charnasirpurup.faridpur.gov.bd
Union,UNI_3600,UPA_393,Narikel Bariya,নারিকেল বাড়িয়া,,,narikelbariyaup.faridpur.gov.bd
Union,UNI_3601,UPA_393,Bhashanchar,ভাষানচর,,,bhashancharup.faridpur.gov.bd
Union,UNI_3602,UPA_393,Krishnapur,কৃষ্ণপুর,,,krishnapurup.faridpur.gov.bd
Union,UNI_3603,UPA_393,Sadarpur,সদরপুর,,,sadarpurup.faridpur.gov.bd
Union,UNI_3604,UPA_393,Char Manair,চর মানাইর,,,charmanairup.faridpur.gov.bd
Union,UNI_3605,UPA_393,Dhaukhali,ঢেউখালী,,,dhaukhaliup.faridpur.gov.bd
Union,UNI_3606,UPA_394,Charjashordi,চরযশোরদী,,,charjashordiup.faridpur.gov.bd
Union,UNI_3607,UPA_394,Purapara,পুরাপাড়া,,,puraparaup.faridpur.gov.bd
Union,UNI_3608,UPA_394,Laskardia,লস্করদিয়া,,,laskardiaup.faridpur.gov.bd
Union,UNI_3609,UPA_394,Ramnagar,রামনগর,,,ramnagarup.faridpur.gov.bd
Union,UNI_3610,UPA_394,Kaichail,কাইচাইল,,,kaichailup.faridpur.gov.bd
Union,UNI_3611,UPA_394,Talma,তালমা,,,talmaup.faridpur.gov.bd
Union,UNI_3612,UPA_394,Fulsuti,ফুলসুতি,,,fulsutiup.faridpur.gov.bd
Union,UNI_3613,UPA_394,Dangi,ডাঙ্গী,,,dangiup.faridpur.gov.bd
Union,UNI_3614,UPA_394,Kodalia Shohidnagar,কোদালিয়া শহিদনগর,,,kodaliashohidnagarup.faridpur.gov.bd
Union,UNI_3615,UPA_395,Gharua,ঘারুয়া,,,gharuaup.faridpur.gov.bd
Union,UNI_3616,UPA_395,Nurullagonj,নুরুল্যাগঞ্জ,,,nurullagonjup.faridpur.gov.bd
Union,UNI_3617,UPA_395,Manikdha,মানিকদহ,,,manikdhaup.faridpur.gov.bd
Union,UNI_3618,UPA_395,Kawlibera,কাউলিবেড়া,,,kawliberaup.faridpur.gov.bd
Union,UNI_3619,UPA_395,Nasirabad,নাছিরাবাদ,,,nasirabadup.faridpur.gov.bd
Union,UNI_3620,UPA_395,Tujerpur,তুজারপুর,,,tujerpurup.faridpur.gov.bd
Union,UNI_3621,UPA_395,Algi,আলগী,,,algiup.faridpur.gov.bd
Union,UNI_3622,UPA_395,Chumurdi,চুমুরদী,,,chumurdiup.faridpur.gov.bd
Union,UNI_3623,UPA_395,Kalamridha,কালামৃধা,,,kalamridhaup.faridpur.gov.bd
Union,UNI_3624,UPA_395,Azimnagor,আজিমনগর,,,azimnagorup.faridpur.gov.bd
Union,UNI_3625,UPA_395,Chandra,চান্দ্রা,,,chandraup.faridpur.gov.bd
Union,UNI_3626,UPA_395,Hamirdi,হামিরদী,,,hamirdiup.faridpur.gov.bd
Union,UNI_3627,UPA_396,Gazirtek,গাজীরটেক,,,gazirtekup.faridpur.gov.bd
Union,UNI_3628,UPA_396,Char Bhadrasan,চর ভদ্রাসন,,,charbhadrasanup.faridpur.gov.bd
Union,UNI_3629,UPA_396,Char Harirampur,চর হরিরামপুর,,,charharirampurup.faridpur.gov.bd
Union,UNI_3630,UPA_396,Char Jahukanda,চর ঝাউকান্দা,,,charjahukandaup.faridpur.gov.bd
Union,UNI_3631,UPA_397,Madhukhali,মধুখালী,,,madhukhaliup.faridpur.gov.bd
Union,UNI_3632,UPA_397,Jahapur,জাহাপুর,,,jahapurup.faridpur.gov.bd
Union,UNI_3633,UPA_397,Gazna,গাজনা,,,gaznaup.faridpur.gov.bd
Union,UNI_3634,UPA_397,Megchami,মেগচামী,,,megchamiup.faridpur.gov.bd
Union,UNI_3635,UPA_397,Raipur,রায়পুর,,,raipurup.faridpur.gov.bd
Union,UNI_3636,UPA_397,Bagat,বাগাট,,,bagatup.faridpur.gov.bd
Union,UNI_3637,UPA_397,Dumain,ডুমাইন,,,dumainup.faridpur.gov.bd
Union,UNI_3638,UPA_397,Nowpara,নওপাড়া,,,nowparaup.faridpur.gov.bd
Union,UNI_3639,UPA_397,Kamarkhali,কামারখালী,,,kamarkhaliup.faridpur.gov.bd
Union,UNI_3640,UPA_398,Bhawal,ভাওয়াল,,,bhawalup.faridpur.gov.bd
Union,UNI_3641,UPA_398,Atghar,আটঘর,,,atgharup.faridpur.gov.bd
Union,UNI_3642,UPA_398,Mazadia,মাঝারদিয়া,,,mazadiaup.faridpur.gov.bd
Union,UNI_3643,UPA_398,Ballabhdi,বল্লভদী,,,ballabhdiup.faridpur.gov.bd
Union,UNI_3644,UPA_398,Gatti,গট্টি,,,gattiup.faridpur.gov.bd
Union,UNI_3645,UPA_398,Jadunandi,যদুনন্দী,,,jadunandiup.faridpur.gov.bd
Union,UNI_3646,UPA_398,Ramkantapur,রামকান্তপুর,,,ramkantapurup.faridpur.gov.bd
Union,UNI_3647,UPA_398,Sonapur,সোনাপুর,,,sonapurup.faridpur.gov.bd
Union,UNI_3648,UPA_399,Panchagarh Sadar,পঞ্চগড় সদর,,,panchagarhsadarup.panchagarh.gov.bd
Union,UNI_3649,UPA_399,Satmara,সাতমেরা,,,satmaraup.panchagarh.gov.bd
Union,UNI_3650,UPA_399,Amarkhana,অমরখানা,,,amarkhanaup.panchagarh.gov.bd
Union,UNI_3651,UPA_399,Haribhasa,হাড়িভাসা,,,haribhasaup.panchagarh.gov.bd
Union,UNI_3652,UPA_399,Chaklahat,চাকলাহাট,,,chaklahatup.panchagarh.gov.bd
Union,UNI_3653,UPA_399,Hafizabad,হাফিজাবাদ,,,hafizabadup.panchagarh.gov.bd
Union,UNI_3654,UPA_399,Kamat Kajol Dighi,কামাত কাজল দীঘি,,,kamatkajoldighiup.panchagarh.gov.bd
Union,UNI_3655,UPA_399,Dhakkamara,ধাক্কামারা,,,dhakkamaraup.panchagarh.gov.bd
Union,UNI_3656,UPA_399,Magura,মাগুরা,,,maguraup.panchagarh.gov.bd
Union,UNI_3657,UPA_399,Garinabari,গরিনাবাড়ী,,,garinabariup.panchagarh.gov.bd
Union,UNI_3658,UPA_400,Chilahati,চিলাহাটি,,,chilahatiup.panchagarh.gov.bd
Union,UNI_3659,UPA_400,Shaldanga,শালডাঙ্গা,,,shaldangaup.panchagarh.gov.bd
Union,UNI_3660,UPA_400,Debiganj Sadar,দেবীগঞ্জ সদর,,,debiganjsadarup.panchagarh.gov.bd
Union,UNI_3661,UPA_400,Pamuli,পামুলী,,,pamuliup.panchagarh.gov.bd
Union,UNI_3662,UPA_400,Sundardighi,সুন্দরদিঘী,,,sundardighiup.panchagarh.gov.bd
Union,UNI_3663,UPA_400,Sonahar Mollikadaha,সোনাহার মল্লিকাদহ,,,sonaharmollikadahaup.panchagarh.gov.bd
Union,UNI_3664,UPA_400,Tepriganj,টেপ্রীগঞ্জ,,,tepriganjup.panchagarh.gov.bd
Union,UNI_3665,UPA_400,Dandopal,দন্ডপাল,,,dandopalup.panchagarh.gov.bd
Union,UNI_3666,UPA_400,Debiduba,দেবীডুবা,,,debidubaup.panchagarh.gov.bd
Union,UNI_3667,UPA_400,Chengthi Hazra Danga,চেংঠী হাজরা ডাঙ্গা,,,chengthihazradangaup.panchagarh.gov.bd
Union,UNI_3668,UPA_401,Jholaishal Shiri,ঝলইশাল শিরি,,,jholaishalshiriup.panchagarh.gov.bd
Union,UNI_3669,UPA_401,Moidandighi,ময়দান দীঘি,,,moidandighiup.panchagarh.gov.bd
Union,UNI_3670,UPA_401,Banghari,বেংহারী,,,banghariup.panchagarh.gov.bd
Union,UNI_3671,UPA_401,Kajoldighi Kaligonj,কাজলদীঘি কালিগঞ্জ,,,kajoldighikaligonjup.panchagarh.gov.bd
Union,UNI_3672,UPA_401,Boroshoshi,বড়শশী,,,boroshoshiup.panchagarh.gov.bd
Union,UNI_3673,UPA_401,Chandanbari,চন্দনবাড়ী,,,chandanbariup.panchagarh.gov.bd
Union,UNI_3674,UPA_401,Marea Bamonhat,মাড়েয়া বামনহাট,,,mareabamonhatup.panchagarh.gov.bd
Union,UNI_3675,UPA_401,Boda,বোদা,,,bodaup.panchagarh.gov.bd
Union,UNI_3676,UPA_401,Sakoa,সাকোয়া,,,sakoaup.panchagarh.gov.bd
Union,UNI_3677,UPA_401,Pachpir,পাচপীর,,,pachpirup.panchagarh.gov.bd
Union,UNI_3678,UPA_402,Mirgapur,মির্জাপুর,,,mirgapurup.panchagarh.gov.bd
Union,UNI_3679,UPA_402,Radhanagar,রাধানগর,,,radhanagarup.panchagarh.gov.bd
Union,UNI_3680,UPA_402,Toria,তোড়িয়া,,,toriaup.panchagarh.gov.bd
Union,UNI_3681,UPA_402,Balarampur,বলরামপুর,,,balarampurup.panchagarh.gov.bd
Union,UNI_3682,UPA_402,Alowakhowa,আলোয়াখোয়া,,,alowakhowaup.panchagarh.gov.bd
Union,UNI_3683,UPA_402,Dhamor,ধামোর,,,dhamorup.panchagarh.gov.bd
Union,UNI_3684,UPA_403,Banglabandha,বাংলাবান্ধা,,,banglabandhaup.panchagarh.gov.bd
Union,UNI_3685,UPA_403,Bhojoanpur,ভজনপুর,,,bhojoanpurup.panchagarh.gov.bd
Union,UNI_3686,UPA_403,Bhojoanpur,ভজনপুর,,,bhojoanpur.gazipur.gov.bd
Union,UNI_3687,UPA_403,Buraburi,বুড়াবুড়ী,,,buraburi.panchagarh.gov.bd
Union,UNI_3688,UPA_403,Debnagar,দেবনগর,,,debnagarup.panchagarh.gov.bd
Union,UNI_3689,UPA_403,Salbahan,শালবাহান,,,salbahanup.panchagarh.gov.bd
Union,UNI_3690,UPA_403,Tentulia,তেতুলিয়া,,,tentuliaup.panchagarh.gov.bd
Union,UNI_3691,UPA_403,Timaihat,তিমাইহাট,,,timaihat.panchagarh.gov.bd
Union,UNI_3692,UPA_404,Joypur,জয়পুর,,,joypurup.dinajpur.gov.bd
Union,UNI_3693,UPA_404,Binodnagar,বিনোদনগর,,,binodnagarup.dinajpur.gov.bd
Union,UNI_3694,UPA_404,Golapgonj,গোলাপগঞ্জ,,,golapgonjup.dinajpur.gov.bd
Union,UNI_3695,UPA_404,Shalkhuria,শালখুরিয়া,,,shalkhuriaup.dinajpur.gov.bd
Union,UNI_3696,UPA_404,Putimara,পুটিমারা,,,putimaraup.dinajpur.gov.bd
Union,UNI_3697,UPA_404,Bhaduria,ভাদুরিয়া,,,bhaduriaup.dinajpur.gov.bd
Union,UNI_3698,UPA_404,Daudpur,দাউদপুর,,,daudpurup.dinajpur.gov.bd
Union,UNI_3699,UPA_404,Mahmudpur,মাহামুদপুর,,,mahmudpurup.dinajpur.gov.bd
Union,UNI_3700,UPA_404,Kushdaha,কুশদহ,,,kushdahaup.dinajpur.gov.bd
Union,UNI_3701,UPA_405,Shibrampur,শিবরামপুর,,,shibrampurup.dinajpur.gov.bd
Union,UNI_3702,UPA_405,Polashbari,পলাশবাড়ী,,,polashbariup2.dinajpur.gov.bd
Union,UNI_3703,UPA_405,Shatagram,শতগ্রাম,,,shatagramup.dinajpur.gov.bd
Union,UNI_3704,UPA_405,Paltapur,পাল্টাপুর,,,paltapurup.dinajpur.gov.bd
Union,UNI_3705,UPA_405,Sujalpur,সুজালপুর,,,sujalpurup.dinajpur.gov.bd
Union,UNI_3706,UPA_405,Nijpara,নিজপাড়া,,,nijparaup.dinajpur.gov.bd
Union,UNI_3707,UPA_405,Mohammadpur,মোহাম্মদপুর,,,mohammadpurup.dinajpur.gov.bd
Union,UNI_3708,UPA_405,Bhognagar,ভোগনগর,,,bhognagarup.dinajpur.gov.bd
Union,UNI_3709,UPA_405,Sator,সাতোর,,,satorup.dinajpur.gov.bd
Union,UNI_3710,UPA_405,Mohonpur,মোহনপুর,,,mohonpurup.dinajpur.gov.bd
Union,UNI_3711,UPA_405,Moricha,মরিচা,,,morichaup.dinajpur.gov.bd
Union,UNI_3712,UPA_406,Bulakipur,বুলাকীপুর,,,bulakipurup.dinajpur.gov.bd
Union,UNI_3713,UPA_406,Palsha,পালশা,,,palshaup.dinajpur.gov.bd
Union,UNI_3714,UPA_406,Singra,সিংড়া,,,singraup.dinajpur.gov.bd
Union,UNI_3715,UPA_406,Ghoraghat,ঘোড়াঘাট,,,ghoraghatup.dinajpur.gov.bd
Union,UNI_3716,UPA_407,Mukundopur,মুকুন্দপুর,,,mukundopurup.dinajpur.gov.bd
Union,UNI_3717,UPA_407,Katla,কাটলা,,,katlaup.dinajpur.gov.bd
Union,UNI_3718,UPA_407,Khanpur,খানপুর,,,khanpurup.dinajpur.gov.bd
Union,UNI_3719,UPA_407,Dior,দিওড়,,,diorup.dinajpur.gov.bd
Union,UNI_3720,UPA_407,Binail,বিনাইল,,,binailup.dinajpur.gov.bd
Union,UNI_3721,UPA_407,Jatbani,জোতবানী,,,jatbaniup.dinajpur.gov.bd
Union,UNI_3722,UPA_407,Poliproyagpur,পলিপ্রয়াগপুর,,,poliproyagpurup.dinajpur.gov.bd
Union,UNI_3723,UPA_408,Belaichandi,বেলাইচন্ডি,,,belaichandiup.dinajpur.gov.bd
Union,UNI_3724,UPA_408,Monmothopur,মন্মথপুর,,,monmothopurup.dinajpur.gov.bd
Union,UNI_3725,UPA_408,Rampur,রামপুর,,,rampurup.dinajpur.gov.bd
Union,UNI_3726,UPA_408,Polashbari,পলাশবাড়ী,,,polashbariup4.dinajpur.gov.bd
Union,UNI_3727,UPA_408,Chandipur,চন্ডীপুর,,,chandipurup.dinajpur.gov.bd
Union,UNI_3728,UPA_408,Mominpur,মোমিনপুর,,,mominpurup.dinajpur.gov.bd
Union,UNI_3729,UPA_408,Mostofapur,মোস্তফাপুর,,,mostofapurup.dinajpur.gov.bd
Union,UNI_3730,UPA_408,Habra,হাবড়া,,,habraup.dinajpur.gov.bd
Union,UNI_3731,UPA_408,Hamidpur,হামিদপুর,,,hamidpurup.dinajpur.gov.bd
Union,UNI_3732,UPA_408,Harirampur,হরিরামপুর,,,harirampurup.dinajpur.gov.bd
Union,UNI_3733,UPA_409,Nafanagar,নাফানগর,,,nafanagarup.dinajpur.gov.bd
Union,UNI_3734,UPA_409,Eshania,ঈশানিয়া,,,eshaniaup.dinajpur.gov.bd
Union,UNI_3735,UPA_409,Atgaon,আটগাঁও,,,atgaonup.dinajpur.gov.bd
Union,UNI_3736,UPA_409,Shatail,ছাতইল,,,shatailup.dinajpur.gov.bd
Union,UNI_3737,UPA_409,Rongaon,রনগাঁও,,,rongaonup.dinajpur.gov.bd
Union,UNI_3738,UPA_409,Murshidhat,মুর্শিদহাট,,,murshidhatup.dinajpur.gov.bd
Union,UNI_3739,UPA_410,Dabor,ডাবোর,,,daborup.dinajpur.gov.bd
Union,UNI_3740,UPA_410,Rasulpur,রসুলপুর,,,rasulpurup.dinajpur.gov.bd
Union,UNI_3741,UPA_410,Mukundapur,মুকুন্দপুর,,,mukundapurup.dinajpur.gov.bd
Union,UNI_3742,UPA_410,Targao,তারগাঁও,,,targaoup.dinajpur.gov.bd
Union,UNI_3743,UPA_410,Ramchandrapur,রামচন্দ্রপুর,,,ramchandrapurup.dinajpur.gov.bd
Union,UNI_3744,UPA_410,Sundarpur,সুন্দরপুর,,,sundarpurup.dinajpur.gov.bd
Union,UNI_3745,UPA_411,Aloary,এলুয়াড়ী,,,aloaryup.dinajpur.gov.bd
Union,UNI_3746,UPA_411,Aladipur,আলাদিপুর,,,aladipurup.dinajpur.gov.bd
Union,UNI_3747,UPA_411,Kagihal,কাজীহাল,,,kagihalup.dinajpur.gov.bd
Union,UNI_3748,UPA_411,Bethdighi,বেতদিঘী,,,bethdighiup.dinajpur.gov.bd
Union,UNI_3749,UPA_411,Khairbari,খয়েরবাড়ী,,,khairbariup.dinajpur.gov.bd
Union,UNI_3750,UPA_411,Daulatpur,দৌলতপুর,,,daulatpurup.dinajpur.gov.bd
Union,UNI_3751,UPA_411,Shibnagor,শিবনগর,,,shibnagorup.dinajpur.gov.bd
Union,UNI_3752,UPA_412,Chealgazi,চেহেলগাজী,,,chealgaziup.dinajpur.gov.bd
Union,UNI_3753,UPA_412,Sundorbon,সুন্দরবন,,,sundorbonup.dinajpur.gov.bd
Union,UNI_3754,UPA_412,Fazilpur,ফাজিলপুর,,,fazilpurup.dinajpur.gov.bd
Union,UNI_3755,UPA_412,Shekpura,শেখপুরা,,,shekpuraup.dinajpur.gov.bd
Union,UNI_3756,UPA_412,Shashora,শশরা,,,shashoraup.dinajpur.gov.bd
Union,UNI_3757,UPA_412,Auliapur,আউলিয়াপুর,,,auliapurup.dinajpur.gov.bd
Union,UNI_3758,UPA_412,Uthrail,উথরাইল,,,uthrailup.dinajpur.gov.bd
Union,UNI_3759,UPA_412,Sankarpur,শংকরপুর,,,sankarpurup.dinajpur.gov.bd
Union,UNI_3760,UPA_412,Askorpur,আস্করপুর,,,askorpurup.dinajpur.gov.bd
Union,UNI_3761,UPA_412,Kamalpur,কমলপুর,,,kamalpurup.dinajpur.gov.bd
Union,UNI_3762,UPA_413,Alihat,আলীহাট,,,alihatup.dinajpur.gov.bd
Union,UNI_3763,UPA_413,Khattamadobpara,খট্টামাধবপাড়া,,,khattamadobparaup.dinajpur.gov.bd
Union,UNI_3764,UPA_413,Boalder,বোয়ালদার,,,boalderup.dinajpur.gov.bd
Union,UNI_3765,UPA_414,Alokjhari,আলোকঝাড়ী,,,alokjhariup.dinajpur.gov.bd
Union,UNI_3766,UPA_414,Bherbheri,ভেড়ভেড়ী,,,bherbheriup.dinajpur.gov.bd
Union,UNI_3767,UPA_414,Angarpara,আঙ্গারপাড়া,,,angarparaup.dinajpur.gov.bd
Union,UNI_3768,UPA_414,Goaldihi,গোয়ালডিহি,,,goaldihiup.dinajpur.gov.bd
Union,UNI_3769,UPA_414,Bhabki,ভাবকী,,,bhabkiup.dinajpur.gov.bd
Union,UNI_3770,UPA_414,Khamarpara,খামারপাড়া,,,khamarparaup.dinajpur.gov.bd
Union,UNI_3771,UPA_415,Azimpur,আজিমপুর,,,azimpurup.dinajpur.gov.bd
Union,UNI_3772,UPA_415,Farakkabad,ফরাক্কাবাদ,,,farakkabadup.dinajpur.gov.bd
Union,UNI_3773,UPA_415,Dhamoir,ধামইর,,,dhamoirup.dinajpur.gov.bd
Union,UNI_3774,UPA_415,Shohorgram,শহরগ্রাম,,,shohorgramup.dinajpur.gov.bd
Union,UNI_3775,UPA_415,Birol,বিরল,,,birolup.dinajpur.gov.bd
Union,UNI_3776,UPA_415,Bhandra,ভান্ডারা,,,bhandraup.dinajpur.gov.bd
Union,UNI_3777,UPA_415,Bijora,বিজোড়া,,,bijoraup.dinajpur.gov.bd
Union,UNI_3778,UPA_415,Dharmapur,ধর্মপুর,,,dharmapurup.dinajpur.gov.bd
Union,UNI_3779,UPA_415,Mongalpur,মঙ্গলপুর,,,mongalpurup.dinajpur.gov.bd
Union,UNI_3780,UPA_415,Ranipukur,রাণীপুকুর,,,ranipukurup.dinajpur.gov.bd
Union,UNI_3781,UPA_415,Rajarampur,রাজারামপুর,,,rajarampurup.dinajpur.gov.bd
Union,UNI_3782,UPA_416,Nashratpur,নশরতপুর,,,nashratpurup.dinajpur.gov.bd
Union,UNI_3783,UPA_416,Satnala,সাতনালা,,,satnalaup.dinajpur.gov.bd
Union,UNI_3784,UPA_416,Fatejangpur,ফতেজংপুর,,,fatejangpurup.dinajpur.gov.bd
Union,UNI_3785,UPA_416,Isobpur,ইসবপুর,,,isobpurup.dinajpur.gov.bd
Union,UNI_3786,UPA_416,Abdulpur,আব্দুলপুর,,,abdulpurup.dinajpur.gov.bd
Union,UNI_3787,UPA_416,Amarpur,অমরপুর,,,amarpurup.dinajpur.gov.bd
Union,UNI_3788,UPA_416,Auliapukur,আউলিয়াপুকুর,,,auliapukurup.dinajpur.gov.bd
Union,UNI_3789,UPA_416,Saitara,সাইতারা,,,saitaraup.dinajpur.gov.bd
Union,UNI_3790,UPA_416,Viail,ভিয়াইল,,,viailup.dinajpur.gov.bd
Union,UNI_3791,UPA_416,Punotti,পুনট্টি,,,punottiup.dinajpur.gov.bd
Union,UNI_3792,UPA_416,Tetulia,তেতুলিয়া,,,tetuliaup.dinajpur.gov.bd
Union,UNI_3793,UPA_416,Alokdihi,আলোকডিহি,,,alokdihiup.dinajpur.gov.bd
Union,UNI_3794,UPA_417,Rajpur,রাজপুর,,,rajpurup.lalmonirhat.gov.bd
Union,UNI_3795,UPA_417,Harati,হারাটি,,,haratiup.lalmonirhat.gov.bd
Union,UNI_3796,UPA_417,Mogolhat,মোগলহাট,,,mogolhatup.lalmonirhat.gov.bd
Union,UNI_3797,UPA_417,Gokunda,গোকুন্ডা,,,gokundaup.lalmonirhat.gov.bd
Union,UNI_3798,UPA_417,Barobari,বড়বাড়ী,,,barobariup.lalmonirhat.gov.bd
Union,UNI_3799,UPA_417,Kulaghat,কুলাঘাট,,,kulaghatup.lalmonirhat.gov.bd
Union,UNI_3800,UPA_417,Mohendranagar,মহেন্দ্রনগর,,,mohendranagarup.lalmonirhat.gov.bd
Union,UNI_3801,UPA_417,Khuniagachh,খুনিয়াগাছ,,,khuniagachhup.lalmonirhat.gov.bd
Union,UNI_3802,UPA_417,Panchagram,পঞ্চগ্রাম,,,panchagramup.lalmonirhat.gov.bd
Union,UNI_3803,UPA_418,Bhotmari,ভোটমারী,,,bhotmariup.lalmonirhat.gov.bd
Union,UNI_3804,UPA_418,Modati,মদাতী,,,modatiup.lalmonirhat.gov.bd
Union,UNI_3805,UPA_418,Dologram,দলগ্রাম,,,dologramup.lalmonirhat.gov.bd
Union,UNI_3806,UPA_418,Tushbhandar,তুষভান্ডার,,,tushbhandarup.lalmonirhat.gov.bd
Union,UNI_3807,UPA_418,Goral,গোড়ল,,,goralup.lalmonirhat.gov.bd
Union,UNI_3808,UPA_418,Chondropur,চন্দ্রপুর,,,chondropurup.lalmonirhat.gov.bd
Union,UNI_3809,UPA_418,Cholbola,চলবলা,,,cholbolaup.lalmonirhat.gov.bd
Union,UNI_3810,UPA_418,Kakina,কাকিনা,,,kakinaup.lalmonirhat.gov.bd
Union,UNI_3811,UPA_419,Barokhata,বড়খাতা,,,barokhataup.lalmonirhat.gov.bd
Union,UNI_3812,UPA_419,Goddimari,গড্ডিমারী,,,goddimariup.lalmonirhat.gov.bd
Union,UNI_3813,UPA_419,Singimari,সিংগীমারী,,,singimariup.lalmonirhat.gov.bd
Union,UNI_3814,UPA_419,Tongvhanga,টংভাঙ্গা,,,tongvhangaup.lalmonirhat.gov.bd
Union,UNI_3815,UPA_419,Sindurna,সিন্দুর্ণা,,,sindurnaup.lalmonirhat.gov.bd
Union,UNI_3816,UPA_419,Paticapara,পাটিকাপাড়া,,,paticaparaup.lalmonirhat.gov.bd
Union,UNI_3817,UPA_419,Nowdabas,নওদাবাস,,,nowdabasup.lalmonirhat.gov.bd
Union,UNI_3818,UPA_419,Gotamari,গোতামারী,,,gotamariup.lalmonirhat.gov.bd
Union,UNI_3819,UPA_419,Vhelaguri,ভেলাগুড়ি,,,vhelaguriup.lalmonirhat.gov.bd
Union,UNI_3820,UPA_419,Shaniajan,সানিয়াজান,,,shaniajanup.lalmonirhat.gov.bd
Union,UNI_3821,UPA_419,Fakirpara,ফকিরপাড়া,,,fakirparaup.lalmonirhat.gov.bd
Union,UNI_3822,UPA_419,Dawabari,ডাউয়াবাড়ী,,,dawabariup.lalmonirhat.gov.bd
Union,UNI_3823,UPA_420,Sreerampur,শ্রীরামপুর,,,sreerampurup.lalmonirhat.gov.bd
Union,UNI_3824,UPA_420,Patgram,পাটগ্রাম,,,patgramup.lalmonirhat.gov.bd
Union,UNI_3825,UPA_420,Jagatber,জগতবেড়,,,jagatberup.lalmonirhat.gov.bd
Union,UNI_3826,UPA_420,Kuchlibari,কুচলিবাড়ী,,,kuchlibariup.lalmonirhat.gov.bd
Union,UNI_3827,UPA_420,Jongra,জোংড়া,,,jongraup.lalmonirhat.gov.bd
Union,UNI_3828,UPA_420,Baura,বাউড়া,,,bauraup.lalmonirhat.gov.bd
Union,UNI_3829,UPA_420,Dahagram,দহগ্রাম,,,dahagramup.lalmonirhat.gov.bd
Union,UNI_3830,UPA_420,Burimari,বুড়িমারী,,,burimariup.lalmonirhat.gov.bd
Union,UNI_3831,UPA_421,Bhelabari,ভেলাবাড়ী,,,bhelabariup.lalmonirhat.gov.bd
Union,UNI_3832,UPA_421,Bhadai,ভাদাই,,,bhadaiup.lalmonirhat.gov.bd
Union,UNI_3833,UPA_421,Kamlabari,কমলাবাড়ী,,,kamlabariup.lalmonirhat.gov.bd
Union,UNI_3834,UPA_421,Durgapur,দূর্গাপুর,,,durgapurup.lalmonirhat.gov.bd
Union,UNI_3835,UPA_421,Sarpukur,সারপুকুর,,,sarpukurup.lalmonirhat.gov.bd
Union,UNI_3836,UPA_421,Saptibari,সাপ্টিবাড়ী,,,saptibariup.lalmonirhat.gov.bd
Union,UNI_3837,UPA_421,Palashi,পলাশী,,,palashiup.lalmonirhat.gov.bd
Union,UNI_3838,UPA_421,Mohishkhocha,মহিষখোচা,,,mohishkhochaup.lalmonirhat.gov.bd
Union,UNI_3839,UPA_422,Kamarpukur,কামারপুকুর,,,kamarpukurup.nilphamari.gov.bd
Union,UNI_3840,UPA_422,Kasiram Belpukur,কাশিরাম বেলপুকুর,,,kasirambelpukurup.nilphamari.gov.bd
Union,UNI_3841,UPA_422,Bangalipur,বাঙ্গালীপুর,,,bangalipur.nilphamari.gov.bd
Union,UNI_3842,UPA_422,Botlagari,বোতলাগাড়ী,,,botlagariup.nilphamari.gov.bd
Union,UNI_3843,UPA_422,Khata Madhupur,খাতা মধুপুর,,,khatamadhupurup.nilphamari.gov.bd
Union,UNI_3844,UPA_423,Gomnati,গোমনাতি,,,gomnati.nilphamari.gov.bd
Union,UNI_3845,UPA_423,Bhogdaburi,ভোগডাবুড়ী,,,bhogdaburiup.nilphamari.gov.bd
Union,UNI_3846,UPA_423,Ketkibari,কেতকীবাড়ী,,,ketkibariup.nilphamari.gov.bd
Union,UNI_3847,UPA_423,Jorabari,জোড়াবাড়ী,,,jorabariup.nilphamari.gov.bd
Union,UNI_3848,UPA_423,Bamunia,বামুনীয়া,,,bamuniaup.nilphamari.gov.bd
Union,UNI_3849,UPA_423,Panga Motukpur,পাংগা মটকপুর,,,pangamotukpurup.nilphamari.gov.bd
Union,UNI_3850,UPA_423,Boragari,বোড়াগাড়ী,,,boragariup.nilphamari.gov.bd
Union,UNI_3851,UPA_423,Domar,ডোমার,,,domarup.nilphamari.gov.bd
Union,UNI_3852,UPA_423,Sonaray,সোনারায়,,,sonarayup2.nilphamari.gov.bd
Union,UNI_3853,UPA_423,Harinchara,হরিণচরা,,,harincharaup.nilphamari.gov.bd
Union,UNI_3854,UPA_424,Paschim Chhatnay,পশ্চিম ছাতনাই,,,paschimchhatnayup.nilphamari.gov.bd
Union,UNI_3855,UPA_424,Balapara,বালাপাড়া,,,balaparaup.nilphamari.gov.bd
Union,UNI_3856,UPA_424,Dimla Sadar,ডিমলা সদর,,,dimlasadarup.nilphamari.gov.bd
Union,UNI_3857,UPA_424,Khogakharibari,খগা খড়িবাড়ী,,,khogakharibariup.nilphamari.gov.bd
Union,UNI_3858,UPA_424,Gayabari,গয়াবাড়ী,,,gayabariup.nilphamari.gov.bd
Union,UNI_3859,UPA_424,Noutara,নাউতারা,,,noutaraup.nilphamari.gov.bd
Union,UNI_3860,UPA_424,Khalisha Chapani,খালিশা চাপানী,,,khalishachapaniup.nilphamari.gov.bd
Union,UNI_3861,UPA_424,Jhunagach Chapani,ঝুনাগাছ চাপানী,,,jhunagachhchapaniup.nilphamari.gov.bd
Union,UNI_3862,UPA_424,Tepa Khribari,টেপা খরীবাড়ী,,,tepakhribariup.nilphamari.gov.bd
Union,UNI_3863,UPA_424,Purba Chhatnay,পুর্ব ছাতনাই,,,purbachhatnayup.nilphamari.gov.bd
Union,UNI_3864,UPA_425,Douabari,ডাউয়াবাড়ী,,,douabariup.nilphamari.gov.bd
Union,UNI_3865,UPA_425,Golmunda,গোলমুন্ডা,,,golmunda.nilphamari.gov.bd
Union,UNI_3866,UPA_425,Balagram,বালাগ্রাম,,,balagram.nilphamari.gov.bd
Union,UNI_3867,UPA_425,Golna,গোলনা,,,golna.nilphamari.gov.bd
Union,UNI_3868,UPA_425,Dharmapal,ধর্মপাল,,,dharmapal.nilphamari.gov.bd
Union,UNI_3869,UPA_425,Simulbari,শিমুলবাড়ী,,,simulbari.nilphamari.gov.bd
Union,UNI_3870,UPA_425,Mirganj,মীরগঞ্জ,,,mirganj.nilphamari.gov.bd
Union,UNI_3871,UPA_425,Kathali,কাঠালী,,,kathaliup.nilphamari.gov.bd
Union,UNI_3872,UPA_425,Khutamara,খুটামারা,,,khutamaraup.nilphamari.gov.bd
Union,UNI_3873,UPA_425,Shaulmari,শৌলমারী,,,shaulmariup.nilphamari.gov.bd
Union,UNI_3874,UPA_425,Kaimari,কৈমারী,,,kaimariup.nilphamari.gov.bd
Union,UNI_3875,UPA_426,Barabhita,বড়ভিটা,,,barabhitaup.nilphamari.gov.bd
Union,UNI_3876,UPA_426,Putimari,পুটিমারী,,,putimariup.nilphamari.gov.bd
Union,UNI_3877,UPA_426,Nitai,নিতাই,,,nitaiup.nilphamari.gov.bd
Union,UNI_3878,UPA_426,Bahagili,বাহাগিলি,,,bahagiliup.nilphamari.gov.bd
Union,UNI_3879,UPA_426,Chandkhana,চাঁদখানা,,,chandkhanaup.nilphamari.gov.bd
Union,UNI_3880,UPA_426,Kishoreganj,কিশোরগঞ্জ,,,kishoreganjup.nilphamari.gov.bd
Union,UNI_3881,UPA_426,Ranachandi,রনচন্ডি,,,ranachandiup.nilphamari.gov.bd
Union,UNI_3882,UPA_426,Garagram,গাড়াগ্রাম,,,garagramup.nilphamari.gov.bd
Union,UNI_3883,UPA_426,Magura,মাগুরা,,,maguraup.nilphamari.gov.bd
Union,UNI_3884,UPA_427,Chaora Bargacha,চওড়া বড়গাছা,,,chaorabargachaup.nilphamari.gov.bd
Union,UNI_3885,UPA_427,Gorgram,গোড়গ্রাম,,,gorgramup.nilphamari.gov.bd
Union,UNI_3886,UPA_427,Khoksabari,খোকসাবাড়ী,,,khoksabariup.nilphamari.gov.bd
Union,UNI_3887,UPA_427,Palasbari,পলাশবাড়ী,,,palasbariup.nilphamari.gov.bd
Union,UNI_3888,UPA_427,Ramnagar,রামনগর,,,ramnagarup.nilphamari.gov.bd
Union,UNI_3889,UPA_427,Kachukata,কচুকাটা,,,kachukataup.nilphamari.gov.bd
Union,UNI_3890,UPA_427,Panchapukur,পঞ্চপুকুর,,,panchapukurup.nilphamari.gov.bd
Union,UNI_3891,UPA_427,Itakhola,ইটাখোলা,,,itakholaup.nilphamari.gov.bd
Union,UNI_3892,UPA_427,Kundapukur,কুন্দপুকুর,,,kundapukur.nilphamari.gov.bd
Union,UNI_3893,UPA_427,Sonaray,সোনারায়,,,sonaray.nilphamari.gov.bd
Union,UNI_3894,UPA_427,Songalsi,সংগলশী,,,songalsiup.nilphamari.gov.bd
Union,UNI_3895,UPA_427,Charaikhola,চড়াইখোলা,,,charaikhola.nilphamari.gov.bd
Union,UNI_3896,UPA_427,Chapra Sarnjami,চাপড়া সরঞ্জানী,,,chaprasarnjami.nilphamari.gov.bd
Union,UNI_3897,UPA_427,Lakshmicha,লক্ষ্মীচাপ,,,lakshmichapup.nilphamari.gov.bd
Union,UNI_3898,UPA_427,Tupamari,টুপামারী,,,tupamariup.nilphamari.gov.bd
Union,UNI_3899,UPA_428,Rasulpur,রসুলপুর,,,rasulpurup.gaibandha.gov.bd
Union,UNI_3900,UPA_428,Noldanga,নলডাঙ্গা,,,noldangaup.gaibandha.gov.bd
Union,UNI_3901,UPA_428,Damodorpur,দামোদরপুর,,,damodorpurup.gaibandha.gov.bd
Union,UNI_3902,UPA_428,Jamalpur,জামালপুর,,,jamalpurup.gaibandha.gov.bd
Union,UNI_3903,UPA_428,Faridpur,ফরিদপুর,,,faridpurup.gaibandha.gov.bd
Union,UNI_3904,UPA_428,Dhaperhat,ধাপেরহাট,,,dhaperhatup.gaibandha.gov.bd
Union,UNI_3905,UPA_428,Idilpur,ইদিলপুর,,,idilpurup.gaibandha.gov.bd
Union,UNI_3906,UPA_428,Vatgram,ভাতগ্রাম,,,vatgramup.gaibandha.gov.bd
Union,UNI_3907,UPA_428,Bongram,বনগ্রাম,,,bongramup.gaibandha.gov.bd
Union,UNI_3908,UPA_428,Kamarpara,কামারপাড়া,,,kamarparaup.gaibandha.gov.bd
Union,UNI_3909,UPA_428,Khodkomor,খোদকোমরপুর,,,khodkomorup.gaibandha.gov.bd
Union,UNI_3910,UPA_429,Laxmipur,লক্ষ্মীপুর,,,laxmipurup.gaibandha.gov.bd
Union,UNI_3911,UPA_429,Malibari,মালীবাড়ী,,,malibariup.gaibandha.gov.bd
Union,UNI_3912,UPA_429,Kuptola,কুপতলা,,,kuptolaup.gaibandha.gov.bd
Union,UNI_3913,UPA_429,Shahapara,সাহাপাড়া,,,shahaparaup.gaibandha.gov.bd
Union,UNI_3914,UPA_429,Ballamjhar,বল্লমঝাড়,,,ballamjharup.gaibandha.gov.bd
Union,UNI_3915,UPA_429,Ramchandrapur,রামচন্দ্রপুর,,,ramchandrapurup.gaibandha.gov.bd
Union,UNI_3916,UPA_429,Badiakhali,বাদিয়াখালী,,,badiakhaliup.gaibandha.gov.bd
Union,UNI_3917,UPA_429,Boali,বোয়ালী,,,boaliup.gaibandha.gov.bd
Union,UNI_3918,UPA_429,Ghagoa,ঘাগোয়া,,,ghagoaup.gaibandha.gov.bd
Union,UNI_3919,UPA_429,Gidari,গিদারী,,,gidariup.gaibandha.gov.bd
Union,UNI_3920,UPA_429,Kholahati,খোলাহাটী,,,kholahatiup.gaibandha.gov.bd
Union,UNI_3921,UPA_429,Mollarchar,মোল্লারচর,,,mollarcharup.gaibandha.gov.bd
Union,UNI_3922,UPA_429,Kamarjani,কামারজানি,,,kamarjaniup.gaibandha.gov.bd
Union,UNI_3923,UPA_430,Kishoregari,কিশোরগাড়ী,,,kishoregariup.gaibandha.gov.bd
Union,UNI_3924,UPA_430,Hosenpur,হোসেনপুর,,,hosenpurup.gaibandha.gov.bd
Union,UNI_3925,UPA_430,Palashbari,পলাশবাড়ী,,,palashbariup.gaibandha.gov.bd
Union,UNI_3926,UPA_430,Barisal,বরিশাল,,,barisalup.gaibandha.gov.bd
Union,UNI_3927,UPA_430,Mohdipur,মহদীপুর,,,mohdipurup.gaibandha.gov.bd
Union,UNI_3928,UPA_430,Betkapa,বেতকাপা,,,betkapaup.gaibandha.gov.bd
Union,UNI_3929,UPA_430,Pobnapur,পবনাপুর,,,pobnapurup.gaibandha.gov.bd
Union,UNI_3930,UPA_430,Monohorpur,মনোহরপুর,,,monohorpurup.gaibandha.gov.bd
Union,UNI_3931,UPA_430,Harinathpur,হরিণাথপুর,,,harinathpurup.gaibandha.gov.bd
Union,UNI_3932,UPA_431,Padumsahar,পদুমশহর,,,padumsaharup.gaibandha.gov.bd
Union,UNI_3933,UPA_431,Varotkhali,ভরতখালী,,,varotkhaliup.gaibandha.gov.bd
Union,UNI_3934,UPA_431,Saghata,সাঘাটা,,,saghataup.gaibandha.gov.bd
Union,UNI_3935,UPA_431,Muktinagar,মুক্তিনগর,,,muktinagarup.gaibandha.gov.bd
Union,UNI_3936,UPA_431,Kachua,কচুয়া,,,kachuaup.gaibandha.gov.bd
Union,UNI_3937,UPA_431,Ghuridah,ঘুরিদহ,,,ghuridahup.gaibandha.gov.bd
Union,UNI_3938,UPA_431,Holdia,হলদিয়া,,,holdiaup.gaibandha.gov.bd
Union,UNI_3939,UPA_431,Jumarbari,জুমারবাড়ী,,,jumarbariup.gaibandha.gov.bd
Union,UNI_3940,UPA_431,Kamalerpara,কামালেরপাড়া,,,kamalerparaup.gaibandha.gov.bd
Union,UNI_3941,UPA_431,Bonarpara,বোনারপাড়া,,,bonarparaup.gaibandha.gov.bd
Union,UNI_3942,UPA_432,Kamdia,কামদিয়া,,,kamdiaup.gaibandha.gov.bd
Union,UNI_3943,UPA_432,Katabari,কাটাবাড়ী,,,katabariup.gaibandha.gov.bd
Union,UNI_3944,UPA_432,Shakhahar,শাখাহার,,,shakhaharup.gaibandha.gov.bd
Union,UNI_3945,UPA_432,Rajahar,রাজাহার,,,rajaharup.gaibandha.gov.bd
Union,UNI_3946,UPA_432,Sapmara,সাপমারা,,,sapmaraup.gaibandha.gov.bd
Union,UNI_3947,UPA_432,Dorbosto,দরবস্ত ইয়নিয়ন,,,dorbostoup.gaibandha.gov.bd
Union,UNI_3948,UPA_432,Talukkanupur,তালুককানুপুর,,,talukkanupurup.gaibandha.gov.bd
Union,UNI_3949,UPA_432,Nakai,নাকাই,,,nakaiup.gaibandha.gov.bd
Union,UNI_3950,UPA_432,Harirampur,হরিরামপুর,,,harirampurup.gaibandha.gov.bd
Union,UNI_3951,UPA_432,Rakhalburuj,রাখালবুরুজ,,,rakhalburujup.gaibandha.gov.bd
Union,UNI_3952,UPA_432,Phulbari,ফুলবাড়ী,,,phulbariup.gaibandha.gov.bd
Union,UNI_3953,UPA_432,Gumaniganj,গুমানীগঞ্জ,,,gumaniganjup.gaibandha.gov.bd
Union,UNI_3954,UPA_432,Kamardoho,কামারদহ,,,kamardohoup.gaibandha.gov.bd
Union,UNI_3955,UPA_432,Kochasahar,কোচাশহর,,,kochasaharup.gaibandha.gov.bd
Union,UNI_3956,UPA_432,Shibpur,শিবপুর,,,shibpurup.gaibandha.gov.bd
Union,UNI_3957,UPA_432,Mahimaganj,মহিমাগঞ্জ,,,mahimaganjup.gaibandha.gov.bd
Union,UNI_3958,UPA_432,Shalmara,শালমারা,,,shalmaraup.gaibandha.gov.bd
Union,UNI_3959,UPA_433,Bamondanga,বামনডাঙ্গা,,,bamondangaup.gaibandha.gov.bd
Union,UNI_3960,UPA_433,Sonaroy,সোনারায়,,,sonaroyup.gaibandha.gov.bd
Union,UNI_3961,UPA_433,Tarapur,তারাপুর,,,tarapurup.gaibandha.gov.bd
Union,UNI_3962,UPA_433,Belka,বেলকা,,,belkaup.gaibandha.gov.bd
Union,UNI_3963,UPA_433,Dohbond,দহবন্দ,,,dohbondup.gaibandha.gov.bd
Union,UNI_3964,UPA_433,Sorbanondo,সর্বানন্দ,,,sorbanondoup.gaibandha.gov.bd
Union,UNI_3965,UPA_433,Ramjibon,রামজীবন,,,ramjibonup.gaibandha.gov.bd
Union,UNI_3966,UPA_433,Dhopadanga,ধোপাডাঙ্গা,,,dhopadangaup.gaibandha.gov.bd
Union,UNI_3967,UPA_433,Chaporhati,ছাপরহাটী,,,chaporhatiup.gaibandha.gov.bd
Union,UNI_3968,UPA_433,Shantiram,শান্তিরাম,,,shantiramup.gaibandha.gov.bd
Union,UNI_3969,UPA_433,Konchibari,কঞ্চিবাড়ী,,,konchibariup.gaibandha.gov.bd
Union,UNI_3970,UPA_433,Sreepur,শ্রীপুর,,,sreepurup.gaibandha.gov.bd
Union,UNI_3971,UPA_433,Chandipur,চন্ডিপুর,,,chandipurup.gaibandha.gov.bd
Union,UNI_3972,UPA_433,Kapasia,কাপাসিয়া,,,kapasiaup.gaibandha.gov.bd
Union,UNI_3973,UPA_433,Haripur,হরিপুর,,,haripurup.gaibandha.gov.bd
Union,UNI_3974,UPA_434,Kanchipara,কঞ্চিপাড়া,,,kanchiparaup.gaibandha.gov.bd
Union,UNI_3975,UPA_434,Uria,উড়িয়া,,,uriaup.gaibandha.gov.bd
Union,UNI_3976,UPA_434,Udakhali,উদাখালী,,,udakhaliup.gaibandha.gov.bd
Union,UNI_3977,UPA_434,Gazaria,গজারিয়া,,,gazariaup.gaibandha.gov.bd
Union,UNI_3978,UPA_434,Phulchari,ফুলছড়ি,,,phulchariup.gaibandha.gov.bd
Union,UNI_3979,UPA_434,Erendabari,এরেন্ডাবাড়ী,,,erendabariup.gaibandha.gov.bd
Union,UNI_3980,UPA_434,Fazlupur,ফজলুপুর,,,fazlupurup.gaibandha.gov.bd
Union,UNI_3981,UPA_435,Ruhea,রুহিয়া,,,ruheaup.thakurgaon.gov.bd
Union,UNI_3982,UPA_435,Akhanagar,আখানগর,,,akhanagarup.thakurgaon.gov.bd
Union,UNI_3983,UPA_435,Ahcha,আকচা,,,ahchaup.thakurgaon.gov.bd
Union,UNI_3984,UPA_435,Baragaon,বড়গাঁও,,,baragaonup.thakurgaon.gov.bd
Union,UNI_3985,UPA_435,Balia,বালিয়া,,,baliaup.thakurgaon.gov.bd
Union,UNI_3986,UPA_435,Auliapur,আউলিয়াপুর,,,auliapurup.thakurgaon.gov.bd
Union,UNI_3987,UPA_435,Chilarang,চিলারং,,,chilarangup.thakurgaon.gov.bd
Union,UNI_3988,UPA_435,Rahimanpur,রহিমানপুর,,,rahimanpurup.thakurgaon.gov.bd
Union,UNI_3989,UPA_435,Roypur,রায়পুর,,,roypurup.thakurgaon.gov.bd
Union,UNI_3990,UPA_435,Jamalpur,জামালপুর,,,jamalpurup.thakurgaon.gov.bd
Union,UNI_3991,UPA_435,Mohammadpur,মোহাম্মদপুর,,,mohammadpurup.thakurgaon.gov.bd
Union,UNI_3992,UPA_435,Salandar,সালন্দর,,,salandarup.thakurgaon.gov.bd
Union,UNI_3993,UPA_435,Gareya,গড়েয়া,,,gareyaup.thakurgaon.gov.bd
Union,UNI_3994,UPA_435,Rajagaon,রাজাগাঁও,,,rajagaonup.thakurgaon.gov.bd
Union,UNI_3995,UPA_435,Debipur,দেবীপুর,,,debipurup.thakurgaon.gov.bd
Union,UNI_3996,UPA_435,Nargun,নারগুন,,,nargunup.thakurgaon.gov.bd
Union,UNI_3997,UPA_435,Jagannathpur,জগন্নাথপুর,,,jagannathpurup.thakurgaon.gov.bd
Union,UNI_3998,UPA_435,Sukhanpukhari,শুখানপুকুরী,,,sukhanpukhariup.thakurgaon.gov.bd
Union,UNI_3999,UPA_435,Begunbari,বেগুনবাড়ী,,,begunbariup.thakurgaon.gov.bd
Union,UNI_4000,UPA_435,Ruhia Pashchim,রুহিয়া পশ্চিম,,,ruhiapashchimup.thakurgaon.gov.bd
Union,UNI_4001,UPA_435,Dholarhat,ঢোলারহাট,,,dholarhatup.thakurgaon.gov.bd
Union,UNI_4002,UPA_436,Bhomradaha,ভোমরাদহ,,,bhomradahaup.thakurgaon.gov.bd
Union,UNI_4003,UPA_436,Kosharaniganj,কোষারাণীগঞ্জ,,,kosharaniganjup.thakurgaon.gov.bd
Union,UNI_4004,UPA_436,Khangaon,খনগাঁও,,,khangaonup.thakurgaon.gov.bd
Union,UNI_4005,UPA_436,Saidpur,সৈয়দপুর,,,saidpurup.thakurgaon.gov.bd
Union,UNI_4006,UPA_436,Pirganj,পীরগঞ্জ,,,pirganjup.thakurgaon.gov.bd
Union,UNI_4007,UPA_436,Hajipur,হাজীপুর,,,hajipurup.thakurgaon.gov.bd
Union,UNI_4008,UPA_436,Daulatpur,দৌলতপুর,,,daulatpurup.thakurgaon.gov.bd
Union,UNI_4009,UPA_436,Sengaon,সেনগাঁও,,,sengaonup.thakurgaon.gov.bd
Union,UNI_4010,UPA_436,Jabarhat,জাবরহাট,,,jabarhatup.thakurgaon.gov.bd
Union,UNI_4011,UPA_436,Bairchuna,বৈরচুনা,,,bairchunaup.thakurgaon.gov.bd
Union,UNI_4012,UPA_437,Dhormogarh,ধর্মগড়,,,dhormogarhup.thakurgaon.gov.bd
Union,UNI_4013,UPA_437,Nekmorod,নেকমরদ,,,nekmorodup.thakurgaon.gov.bd
Union,UNI_4014,UPA_437,Hosengaon,হোসেনগাঁও,,,hosengaonup.thakurgaon.gov.bd
Union,UNI_4015,UPA_437,Lehemba,লেহেম্বা,,,lehembaup.thakurgaon.gov.bd
Union,UNI_4016,UPA_437,Bachor,বাচোর,,,bachorup.thakurgaon.gov.bd
Union,UNI_4017,UPA_437,Kashipur,কাশিপুর,,,kashipurup.thakurgaon.gov.bd
Union,UNI_4018,UPA_437,Ratore,রাতোর,,,ratoreup.thakurgaon.gov.bd
Union,UNI_4019,UPA_437,Nonduar,নন্দুয়ার,,,nonduarup.thakurgaon.gov.bd
Union,UNI_4020,UPA_438,Gedura,গেদুড়া,,,geduraup.thakurgaon.gov.bd
Union,UNI_4021,UPA_438,Amgaon,আমগাঁও,,,amgaonup.thakurgaon.gov.bd
Union,UNI_4022,UPA_438,Bakua,বকুয়া,,,bakuaup.thakurgaon.gov.bd
Union,UNI_4023,UPA_438,Dangipara,ডাঙ্গীপাড়া,,,dangiparaup.thakurgaon.gov.bd
Union,UNI_4024,UPA_438,Haripur,হরিপুর,,,haripurup.thakurgaon.gov.bd
Union,UNI_4025,UPA_438,Bhaturia,ভাতুরিয়া,,,bhaturiaup.thakurgaon.gov.bd
Union,UNI_4026,UPA_439,Paria,পাড়িয়া,,,pariaup.thakurgaon.gov.bd
Union,UNI_4027,UPA_439,Charol,চারোল,,,charolup.thakurgaon.gov.bd
Union,UNI_4028,UPA_439,Dhontola,ধনতলা,,,dhontolaup.thakurgaon.gov.bd
Union,UNI_4029,UPA_439,Boropalashbari,বড়পলাশবাড়ী,,,boropalashbariup.thakurgaon.gov.bd
Union,UNI_4030,UPA_439,Duosuo,দুওসুও,,,duosuoup.thakurgaon.gov.bd
Union,UNI_4031,UPA_439,Vanor,ভানোর,,,vanorup.thakurgaon.gov.bd
Union,UNI_4032,UPA_439,Amjankhore,আমজানখোর,,,amjankhoreup.thakurgaon.gov.bd
Union,UNI_4033,UPA_439,Borobari,বড়বাড়ী,,,borobariup.thakurgaon.gov.bd
Union,UNI_4034,UPA_440,Mominpur,মমিনপুর,,,mominpurup.rangpur.gov.bd
Union,UNI_4035,UPA_440,Horidebpur,হরিদেবপুর,,,horidebpurup.rangpur.gov.bd
Union,UNI_4036,UPA_440,Uttam,উত্তম,,,uttamup.rangpur.gov.bd
Union,UNI_4037,UPA_440,Porshuram,পরশুরাম,,,porshuramup.rangpur.gov.bd
Union,UNI_4038,UPA_440,Topodhan,তপোধন,,,topodhanup.rangpur.gov.bd
Union,UNI_4039,UPA_440,Satgara,সাতগারা,,,satgaraup.rangpur.gov.bd
Union,UNI_4040,UPA_440,Rajendrapur,রাজেন্দ্রপুর,,,rajendrapurup.rangpur.gov.bd
Union,UNI_4041,UPA_440,Sadwapuskoroni,সদ্যপুস্করনী,,,sadwapuskoroniup.rangpur.gov.bd
Union,UNI_4042,UPA_440,Chandanpat,চন্দনপাট,,,chandanpatup.rangpur.gov.bd
Union,UNI_4043,UPA_440,Dorshona,দর্শানা,,,dorshonaup.rangpur.gov.bd
Union,UNI_4044,UPA_440,Tampat,তামপাট,,,tampatup.rangpur.gov.bd
Union,UNI_4045,UPA_441,Betgari,বেতগাড়ী,,,betgariup.rangpur.gov.bd
Union,UNI_4046,UPA_441,Kholeya,খলেয়া,,,kholeyaup.rangpur.gov.bd
Union,UNI_4047,UPA_441,Borobil,বড়বিল,,,borobilup.rangpur.gov.bd
Union,UNI_4048,UPA_441,Kolcondo,কোলকোন্দ,,,kolcondoup.rangpur.gov.bd
Union,UNI_4049,UPA_441,Gongachora,গংগাচড়া,,,gongachoraup.rangpur.gov.bd
Union,UNI_4050,UPA_441,Gojoghonta,গজঘন্টা,,,gojoghontaup.rangpur.gov.bd
Union,UNI_4051,UPA_441,Morneya,মর্ণেয়া,,,morneyaup.rangpur.gov.bd
Union,UNI_4052,UPA_441,Alambiditor,আলমবিদিতর,,,alambiditorup.rangpur.gov.bd
Union,UNI_4053,UPA_441,Lakkhitari,লক্ষীটারী,,,lakkhitariup.rangpur.gov.bd
Union,UNI_4054,UPA_441,Nohali,নোহালী,,,nohaliup.rangpur.gov.bd
Union,UNI_4055,UPA_442,Kurshatara,কুর্শা,,,kurshataraup.rangpur.gov.bd
Union,UNI_4056,UPA_442,Alampur,আলমপুর,,,alampurup.rangpur.gov.bd
Union,UNI_4057,UPA_442,Soyar,সয়ার,,,soyarup.rangpur.gov.bd
Union,UNI_4058,UPA_442,Ikorchali,ইকরচালী,,,ikorchaliup.rangpur.gov.bd
Union,UNI_4059,UPA_442,Hariarkuthi,হাড়িয়ারকুঠি,,,hariarkuthiup.rangpur.gov.bd
Union,UNI_4060,UPA_443,Radhanagar,রাধানগর,,,radhanagarup.rangpur.gov.bd
Union,UNI_4061,UPA_443,Gopinathpur,গোপীনাথপুর,,,gopinathpurup.rangpur.gov.bd
Union,UNI_4062,UPA_443,Modhupur,মধুপুর,,,modhupurup.rangpur.gov.bd
Union,UNI_4063,UPA_443,Kutubpur,কুতুবপুর,,,kutubpurup.ranpur.gov.bd
Union,UNI_4064,UPA_443,Bishnapur,বিষ্ণপুর,,,bishnapurup.rangpur.gov.bd
Union,UNI_4065,UPA_443,Kalupara,কালুপাড়া,,,kaluparaup.rangpur.gov.bd
Union,UNI_4066,UPA_443,Lohanipara,লোহানীপাড়া,,,lohaniparaup.rangpur.gov.bd
Union,UNI_4067,UPA_443,Gopalpur,গোপালপুর,,,gopalpurup.rangpur.gov.bd
Union,UNI_4068,UPA_443,Damodorpur,দামোদরপুর,,,damodorpurup.rangpur.gov.bd
Union,UNI_4069,UPA_443,Ramnathpurupb,রামনাথপুর,,,ramnathpurupb.rangpur.gov.bd
Union,UNI_4070,UPA_444,Khoragach,খোরাগাছ,,,khoragachup.rangpur.gov.bd
Union,UNI_4071,UPA_444,Ranipukur,রাণীপুকুর,,,ranipukurup.rangpur.gov.bd
Union,UNI_4072,UPA_444,Payrabond,পায়রাবন্দ,,,payrabondup.rangpur.gov.bd
Union,UNI_4073,UPA_444,Vangni,ভাংনী,,,vangniup.rangpur.gov.bd
Union,UNI_4074,UPA_444,Balarhat,বালারহাট,,,balarhatup.rangpur.gov.bd
Union,UNI_4075,UPA_444,Kafrikhal,কাফ্রিখাল,,,kafrikhalup.rangpur.gov.bd
Union,UNI_4076,UPA_444,Latibpur,লতিবপুর,,,latibpurup.rangpur.gov.bd
Union,UNI_4077,UPA_444,Chengmari,চেংমারী,,,chengmariup.rangpur.gov.bd
Union,UNI_4078,UPA_444,Moyenpur,ময়েনপুর,,,moyenpurup.rangpur.gov.bd
Union,UNI_4079,UPA_444,Baluya Masimpur,বালুয়া মাসিমপুর,,,baluyamasimpurup.rangpur.gov.bd
Union,UNI_4080,UPA_444,Borobala,বড়বালা,,,borobalaup.rangpur.gov.bd
Union,UNI_4081,UPA_444,Mirzapur,মির্জাপুর,,,mirzapurup.rangpur.gov.bd
Union,UNI_4082,UPA_444,Imadpur,ইমাদপুর,,,imadpurup.rangpur.gov.bd
Union,UNI_4083,UPA_444,Milonpur,মিলনপুর,,,milonpurup.rangpur.gov.bd
Union,UNI_4084,UPA_444,Mgopalpur,গোপালপুর,,,mgopalpurup.rangpur.gov.bd
Union,UNI_4085,UPA_444,Durgapur,দূর্গাপুর,,,durgapurup.rangpur.gov.bd
Union,UNI_4086,UPA_444,Boro Hazratpur,বড় হযরতপুর,,,borohazratpurup.rangpur.gov.bd
Union,UNI_4087,UPA_445,Chattracol,চৈত্রকোল,,,chattracolup.rangpur.gov.bd
Union,UNI_4088,UPA_445,Vendabari,ভেন্ডাবাড়ী,,,vendabariup.rangpur.gov.bd
Union,UNI_4089,UPA_445,Borodargah,বড়দরগাহ,,,borodargahup.rangpur.gov.bd
Union,UNI_4090,UPA_445,Kumedpur,কুমেদপুর,,,kumedpurup.rangpur.gov.bd
Union,UNI_4091,UPA_445,Modankhali,মদনখালী,,,modankhaliup.rangpur.gov.bd
Union,UNI_4092,UPA_445,Tukuria,টুকুরিয়া,,,tukuriaup.rangpur.gov.bd
Union,UNI_4093,UPA_445,Boro Alampur,বড় আলমপুর,,,boroalampurup.rangpur.gov.bd
Union,UNI_4094,UPA_445,Raypur,রায়পুর,,,raypurup.rangpur.gov.bd
Union,UNI_4095,UPA_445,Pirgonj,পীরগঞ্জ,,,pirgonjup.rangpur.gov.bd
Union,UNI_4096,UPA_445,Shanerhat,শানেরহাট,,,shanerhatup.rangpur.gov.bd
Union,UNI_4097,UPA_445,Mithipur,মিঠিপুর,,,mithipurup.rangpur.gov.bd
Union,UNI_4098,UPA_445,Ramnathpur,রামনাথপুর,,,ramnathpurup1.rangpur.gov.bd
Union,UNI_4099,UPA_445,Chattra,চতরা,,,chattraup.rangpur.gov.bd
Union,UNI_4100,UPA_445,Kabilpur,কাবিলপুর,,,kabilpurup.rangpur.gov.bd
Union,UNI_4101,UPA_445,Pachgachi,পাঁচগাছী,,,pachgachiup.rangpur.gov.bd
Union,UNI_4102,UPA_446,Sarai,সারাই,,,saraiup.rangpur.gov.bd
Union,UNI_4103,UPA_446,Balapara,বালাপাড়া,,,balaparaup.rangpur.gov.bd
Union,UNI_4104,UPA_446,Shahidbag,শহীদবাগ,,,shahidbagup.rangpur.gov.bd
Union,UNI_4105,UPA_446,Haragach,হারাগাছ,,,haragachup.rangpur.gov.bd
Union,UNI_4106,UPA_446,Tepamodhupur,টেপামধুপুর,,,tepamodhupurup.rangpur.gov.bd
Union,UNI_4107,UPA_446,Kurshaupk,কুর্শা,,,kurshaupk.rangpur.gov.bd
Union,UNI_4108,UPA_447,Kollyani,কল্যাণী,,,kollyaniup.rangpur.gov.bd
Union,UNI_4109,UPA_447,Parul,পারুল,,,parulup.rangpur.gov.bd
Union,UNI_4110,UPA_447,Itakumari,ইটাকুমারী,,,itakumariup.rangpur.gov.bd
Union,UNI_4111,UPA_447,Saula,ছাওলা,,,saulaup.rangpur.gov.bd
Union,UNI_4112,UPA_447,Kandi,কান্দি,,,kandiup.rangpur.gov.bd
Union,UNI_4113,UPA_447,Pirgacha,পীরগাছা,,,pirgachaup.rangpur.gov.bd
Union,UNI_4114,UPA_447,Annodanagar,অন্নদানগর,,,annodanagarup.rangpur.gov.bd
Union,UNI_4115,UPA_447,Tambulpur,তাম্বুলপুর,,,tambulpurup.rangpur.gov.bd
Union,UNI_4116,UPA_447,Koikuri,কৈকুড়ী,,,koikuriup.rangpur.gov.bd
Union,UNI_4117,UPA_448,Holokhana,হলোখানা,,,holokhanaup.kurigram.gov.bd
Union,UNI_4118,UPA_448,Ghogadhoh,ঘোগাদহ,,,ghogadhohup.kurigram.gov.bd
Union,UNI_4119,UPA_448,Belgacha,বেলগাছা,,,belgachaup.kurigram.gov.bd
Union,UNI_4120,UPA_448,Mogolbasa,মোগলবাসা,,,mogolbasaup.kurigram.gov.bd
Union,UNI_4121,UPA_448,Panchgachi,পাঁচগাছি,,,panchgachiup.kurigram.gov.bd
Union,UNI_4122,UPA_448,Jatrapur,যাত্রাপুর,,,jatrapurup.kurigram.gov.bd
Union,UNI_4123,UPA_448,Kanthalbari,কাঁঠালবাড়ী,,,kanthalbariup.kurigram.gov.bd
Union,UNI_4124,UPA_448,Bhogdanga,ভোগডাঙ্গা,,,bhogdangaup.kurigram.gov.bd
Union,UNI_4125,UPA_449,Ramkhana,রামখানা,,,ramkhanaup.kurigram.gov.bd
Union,UNI_4126,UPA_449,Raigonj,রায়গঞ্জ,,,raigonjup.kurigram.gov.bd
Union,UNI_4127,UPA_449,Bamondanga,বামনডাঙ্গা,,,bamondangaup.kurigram.gov.bd
Union,UNI_4128,UPA_449,Berubari,বেরুবাড়ী,,,berubariup.kurigram.gov.bd
Union,UNI_4129,UPA_449,Sontaspur,সন্তোষপুর,,,sontaspurup.kurigram.gov.bd
Union,UNI_4130,UPA_449,Hasnabad,হাসনাবাদ,,,hasnabadup.kurigram.gov.bd
Union,UNI_4131,UPA_449,Newyashi,নেওয়াশী,,,newyashiup.kurigram.gov.bd
Union,UNI_4132,UPA_449,Bhitorbond,ভিতরবন্দ,,,bhitorbondup.kurigram.gov.bd
Union,UNI_4133,UPA_449,Kaligonj,কালীগঞ্জ,,,kaligonjup.kurigram.gov.bd
Union,UNI_4134,UPA_449,Noonkhawa,নুনখাওয়া,,,noonkhawaup.kurigram.gov.bd
Union,UNI_4135,UPA_449,Narayanpur,নারায়নপুর,,,narayanpurup.kurigram.gov.bd
Union,UNI_4136,UPA_449,Kedar,কেদার,,,kedarup.kurigram.gov.bd
Union,UNI_4137,UPA_449,Kachakata,কঁচাকাঁটা,,,kachakataup.kurigram.gov.bd
Union,UNI_4138,UPA_449,Bollobherkhas,বল্লভেরখাস,,,bollobherkhasup.kurigram.gov.bd
Union,UNI_4139,UPA_450,Pathordubi,পাথরডুবি,,,pathordubiup.kurigram.gov.bd
Union,UNI_4140,UPA_450,Shilkhuri,শিলখুড়ি,,,shilkhuriup.kurigram.gov.bd
Union,UNI_4141,UPA_450,Tilai,তিলাই,,,tilaiup.kurigram.gov.bd
Union,UNI_4142,UPA_450,Paikarchara,পাইকেরছড়া,,,paikarcharaup.kurigram.gov.bd
Union,UNI_4143,UPA_450,Bhurungamari,ভূরুঙ্গামারী,,,bhurungamariup.kurigram.gov.bd
Union,UNI_4144,UPA_450,Joymonirhat,জয়মনিরহাট,,,joymonirhatup.kurigram.gov.bd
Union,UNI_4145,UPA_450,Andharirjhar,আন্ধারীরঝাড়,,,andharirjharup.kurigram.gov.bd
Union,UNI_4146,UPA_450,Char-Bhurungamari,চর-ভূরুঙ্গামারী,,,charbhurungamariup.kurigram.gov.bd
Union,UNI_4147,UPA_450,Bangasonahat,বঙ্গসোনাহাট,,,bangasonahatup.kurigram.gov.bd
Union,UNI_4148,UPA_450,Boldia,বলদিয়া,,,boldiaup.kurigram.gov.bd
Union,UNI_4149,UPA_451,Nawdanga,নাওডাঙ্গা,,,nawdangaup.kurigram.gov.bd
Union,UNI_4150,UPA_451,Shimulbari,শিমুলবাড়ী,,,shimulbariup.kurigram.gov.bd
Union,UNI_4151,UPA_451,Phulbari,ফুলবাড়ী,,,phulbariup.kurigram.gov.bd
Union,UNI_4152,UPA_451,Baravita,বড়ভিটা,,,baravitaup.kurigram.gov.bd
Union,UNI_4153,UPA_451,Bhangamor,ভাঙ্গামোড়,,,bhangamorup.kurigram.gov.bd
Union,UNI_4154,UPA_451,Kashipur,কাশিপুর,,,kashipurup.kurigram.gov.bd
Union,UNI_4155,UPA_452,Chinai,ছিনাই,,,chinaiup.kurigram.gov.bd
Union,UNI_4156,UPA_452,Rajarhat,রাজারহাট,,,rajarhatup.kurigram.gov.bd
Union,UNI_4157,UPA_452,Nazimkhan,নাজিমখাঁন,,,nazimkhanup.kurigram.gov.bd
Union,UNI_4158,UPA_452,Gharialdanga,ঘড়িয়ালডাঙ্গা,,,gharialdangaup.kurigram.gov.bd
Union,UNI_4159,UPA_452,Chakirpashar,চাকিরপশার,,,chakirpasharup.kurigram.gov.bd
Union,UNI_4160,UPA_452,Biddanondo,বিদ্যানন্দ,,,biddanondoup.kurigram.gov.bd
Union,UNI_4161,UPA_452,Umarmajid,উমর মজিদ,,,umarmajidup.kurigram.gov.bd
Union,UNI_4162,UPA_453,Daldalia,দলদলিয়া,,,daldaliaup.kurigram.gov.bd
Union,UNI_4163,UPA_453,Durgapur,দুর্গাপুর,,,durgapurup.kurigram.gov.bd
Union,UNI_4164,UPA_453,Pandul,পান্ডুল,,,pandulup.kurigram.gov.bd
Union,UNI_4165,UPA_453,Buraburi,বুড়াবুড়ী,,,buraburiup.kurigram.gov.bd
Union,UNI_4166,UPA_453,Dharanibari,ধরণীবাড়ী,,,dharanibariup.kurigram.gov.bd
Union,UNI_4167,UPA_453,Dhamsreni,ধামশ্রেণী,,,dhamsreniup.kurigram.gov.bd
Union,UNI_4168,UPA_453,Gunaigas,গুনাইগাছ,,,gunaigasup.kurigram.gov.bd
Union,UNI_4169,UPA_453,Bazra,বজরা,,,bazraup.kurigram.gov.bd
Union,UNI_4170,UPA_453,Tobockpur,তবকপুর,,,tobockpurup.kurigram.gov.bd
Union,UNI_4171,UPA_453,Hatia,হাতিয়া,,,hatiaup.kurigram.gov.bd
Union,UNI_4172,UPA_453,Begumgonj,বেগমগঞ্জ,,,begumgonjup.kurigram.gov.bd
Union,UNI_4173,UPA_453,Shahabiar Alga,সাহেবের আলগা,,,shahabiaralgaup.kurigram.gov.bd
Union,UNI_4174,UPA_453,Thetrai,থেতরাই,,,thetraiup.kurigram.gov.bd
Union,UNI_4175,UPA_454,Ranigonj,রাণীগঞ্জ,,,ranigonjup.kurigram.gov.bd
Union,UNI_4176,UPA_454,Nayarhat,নয়ারহাট,,,nayarhatup.kurigram.gov.bd
Union,UNI_4177,UPA_454,Thanahat,থানাহাট,,,thanahatup.kurigram.gov.bd
Union,UNI_4178,UPA_454,Ramna,রমনা,,,ramnaup.kurigram.gov.bd
Union,UNI_4179,UPA_454,Chilmari,চিলমারী,,,chilmariup.kurigram.gov.bd
Union,UNI_4180,UPA_454,Austomirchar,অষ্টমীর চর,,,austomircharup.kurigram.gov.bd
Union,UNI_4181,UPA_455,Dadevanga,দাঁতভাঙ্গা,,,dadevangaup.kurigram.gov.bd
Union,UNI_4182,UPA_455,Shoulemari,শৌলমারী,,,shoulemariup.kurigram.gov.bd
Union,UNI_4183,UPA_455,Bondober,বন্দবেড়,,,bondoberup.kurigram.gov.bd
Union,UNI_4184,UPA_455,Rowmari,রৌমারী,,,rowmariup.kurigram.gov.bd
Union,UNI_4185,UPA_455,Jadurchar,যাদুরচর,,,jadurcharup.kurigram.gov.bd
Union,UNI_4186,UPA_456,Rajibpur,রাজিবপুর,,,rajibpurup.kurigram.gov.bd
Union,UNI_4187,UPA_456,Kodalkati,কোদালকাটি,,,kodalkatiup.kurigram.gov.bd
Union,UNI_4188,UPA_456,Mohongonj,মোহনগঞ্জ,,,mohongonjup.kurigram.gov.bd
Union,UNI_4189,UPA_457,Kamararchor,কামারের চর,,,kamararchorup.sherpur.gov.bd
Union,UNI_4190,UPA_457,Chorsherpur,চরশেরপুর,,,chorsherpurup.sherpur.gov.bd
Union,UNI_4191,UPA_457,Bajitkhila,বাজিতখিলা,,,bajitkhilaup.sherpur.gov.bd
Union,UNI_4192,UPA_457,Gajir Khamar,গাজির খামার,,,gajirkhamarup.sherpur.gov.bd
Union,UNI_4193,UPA_457,Dhola,ধলা,,,dholaup.sherpur.gov.bd
Union,UNI_4194,UPA_457,Pakuriya,পাকুরিয়া,,,pakuriyaup.sherpur.gov.bd
Union,UNI_4195,UPA_457,Vatshala,ভাতশালা,,,vatshalaup.sherpur.gov.bd
Union,UNI_4196,UPA_457,Losmonpur,লছমনপুর,,,losmonpurup.sherpur.gov.bd
Union,UNI_4197,UPA_457,Rouha,রৌহা,,,rouhaup.sherpur.gov.bd
Union,UNI_4198,UPA_457,Kamariya,কামারিয়া,,,kamariyaup.sherpur.gov.bd
Union,UNI_4199,UPA_457,Chor Mochoriya,চর মোচারিয়া,,,chormochoriyaup.sherpur.gov.bd
Union,UNI_4200,UPA_457,Chorpokhimari,চর পক্ষীমারি,,,chorpokhimariup.sherpur.gov.bd
Union,UNI_4201,UPA_457,Betmari Ghughurakandi,বেতমারি ঘুঘুরাকান্দি,,,betmarighughurakandiup.sherpur.gov.bd
Union,UNI_4202,UPA_457,Balairchar,বলাইরচর,,,balaircharup.sherpur.gov.bd
Union,UNI_4203,UPA_458,Puraga,পোড়াগাও,,,puragauup.sherpur.gov.bd
Union,UNI_4204,UPA_458,Nonni,নন্নী,,,nonniup.sherpur.gov.bd
Union,UNI_4205,UPA_458,Morichpuran,মরিচপুরাণ,,,morichpuranup.sherpur.gov.bd
Union,UNI_4206,UPA_458,Rajnogor,রাজনগর,,,rajnogorup.sherpur.gov.bd
Union,UNI_4207,UPA_458,Nayabil,নয়াবীল,,,nayabilup.sherpur.gov.bd
Union,UNI_4208,UPA_458,Ramchondrokura,রামচন্দ্রকুড়া,,,ramchondrokuraup.sherpur.gov.bd
Union,UNI_4209,UPA_458,Kakorkandhi,কাকরকান্দি,,,kakorkandhiup.sherpur.gov.bd
Union,UNI_4210,UPA_458,Nalitabari,নালিতাবাড়ী,,,nalitabariup.sherpur.gov.bd
Union,UNI_4211,UPA_458,Juganiya,যোগনীয়া,,,juganiyaup.sherpur.gov.bd
Union,UNI_4212,UPA_458,Bagber,বাঘবেড়,,,bagberup.sherpur.gov.bd
Union,UNI_4213,UPA_458,Koloshpar,কলসপাড়,,,koloshparup.sherpur.gov.bd
Union,UNI_4214,UPA_458,Rupnarayankura,রূপনারায়নকুড়া,,,rupnarayankuraup.sherpur.gov.bd
Union,UNI_4215,UPA_459,Ranishimul,রানীশিমুল,,,ranishimulup.sherpur.gov.bd
Union,UNI_4216,UPA_459,Singabaruna,সিংগাবরুনা,,,singabarunaup.sherpur.gov.bd
Union,UNI_4217,UPA_459,Kakilakura,কাকিলাকুড়া,,,kakilakuraup.sherpur.gov.bd
Union,UNI_4218,UPA_459,Tatihati,তাতীহাটি,,,tatihatiup.sherpur.gov.bd
Union,UNI_4219,UPA_459,Gosaipur,গোশাইপুর,,,gosaipurup.sherpur.gov.bd
Union,UNI_4220,UPA_459,Sreebordi,শ্রীবরদী,,,sreebordiup.sherpur.gov.bd
Union,UNI_4221,UPA_459,Bhelua,ভেলুয়া,,,bheluaup.sherpur.gov.bd
Union,UNI_4222,UPA_459,Kharia Kazirchar,খড়িয়া কাজিরচর,,,khariakazircharup.sherpur.gov.bd
Union,UNI_4223,UPA_459,Kurikahonia,কুড়িকাহনিয়া,,,kurikahoniaup.sherpur.gov.bd
Union,UNI_4224,UPA_459,Garjaripa,গড়জরিপা,,,garjaripaup.sherpur.gov.bd
Union,UNI_4225,UPA_460,Gonopoddi,গণপদ্দী,,,gonopoddiup.sherpur.gov.bd
Union,UNI_4226,UPA_460,Nokla,নকলা,,,noklaup.sherpur.gov.bd
Union,UNI_4227,UPA_460,Urpha,উরফা,,,urphaup.sherpur.gov.bd
Union,UNI_4228,UPA_460,Gourdwar,গৌড়দ্বার,,,gourdwarup.sherpur.gov.bd
Union,UNI_4229,UPA_460,Baneshwardi,বানেশ্বর্দী,,,baneshwardiup.sherpur.gov.bd
Union,UNI_4230,UPA_460,Pathakata,পাঠাকাটা,,,pathakataup.sherpur.gov.bd
Union,UNI_4231,UPA_460,Talki,টালকী,,,talkiup.sherpur.gov.bd
Union,UNI_4232,UPA_460,Choraustadhar,চরঅষ্টধর,,,choraustadharup.sherpur.gov.bd
Union,UNI_4233,UPA_460,Chandrakona,চন্দ্রকোনা,,,chandrakonaup.sherpur.gov.bd
Union,UNI_4234,UPA_461,Kansa,কাংশা,,,kansaup.sherpur.gov.bd
Union,UNI_4235,UPA_461,Dansail,ধানশাইল,,,dansailup.sherpur.gov.bd
Union,UNI_4236,UPA_461,Nolkura,নলকুড়া,,,nolkuraup.sherpur.gov.bd
Union,UNI_4237,UPA_461,Gouripur,গৌরিপুর,,,gouripurup.sherpur.gov.bd
Union,UNI_4238,UPA_461,Jhenaigati,ঝিনাইগাতী,,,jhenaigatiup.sherpur.gov.bd
Union,UNI_4239,UPA_461,Hatibandha,হাতিবান্দা,,,hatibandhaup.sherpur.gov.bd
Union,UNI_4240,UPA_461,Malijhikanda,মালিঝিকান্দা,,,malijhikandaup.sherpur.gov.bd
Union,UNI_4241,UPA_462,Deukhola,দেওখোলা,,,deukholaup.mymensingh.gov.bd
Union,UNI_4242,UPA_462,Naogaon,নাওগাঁও,,,naogaonup.mymensingh.gov.bd
Union,UNI_4243,UPA_462,Putijana,পুটিজানা,,,putijanaup.mymensingh.gov.bd
Union,UNI_4244,UPA_462,Kushmail,কুশমাইল,,,kushmailup.mymensingh.gov.bd
Union,UNI_4245,UPA_462,Fulbaria,ফুলবাড়ীয়া,,,fulbariaup.mymensingh.gov.bd
Union,UNI_4246,UPA_462,Bakta,বাক্তা,,,baktaup.mymensingh.gov.bd
Union,UNI_4247,UPA_462,Rangamatia,রাঙ্গামাটিয়া,,,rangamatiaup.mymensingh.gov.bd
Union,UNI_4248,UPA_462,Enayetpur,এনায়েতপুর,,,enayetpurup.mymensingh.gov.bd
Union,UNI_4249,UPA_462,Kaladaha,কালাদহ,,,kaladahaup.mymensingh.gov.bd
Union,UNI_4250,UPA_462,Radhakanai,রাধাকানাই,,,radhakanaiup.mymensingh.gov.bd
Union,UNI_4251,UPA_462,Asimpatuli,আছিমপাটুলী,,,asimpatuliup.mymensingh.gov.bd
Union,UNI_4252,UPA_462,Vobanipur,ভবানীপুর,,,vobanipurup.mymensingh.gov.bd
Union,UNI_4253,UPA_462,Balian,বালিয়ান,,,balianup.mymensingh.gov.bd
Union,UNI_4254,UPA_463,Dhanikhola,ধানীখোলা,,,dhanikholaup.mymensingh.gov.bd
Union,UNI_4255,UPA_463,Bailor,বৈলর,,,bailorup.mymensingh.gov.bd
Union,UNI_4256,UPA_463,Kanthal,কাঁঠাল,,,kanthalup.mymensingh.gov.bd
Union,UNI_4257,UPA_463,Kanihari,কানিহারী,,,kanihariup.mymensingh.gov.bd
Union,UNI_4258,UPA_463,Trishal,ত্রিশাল,,,trishalup.mymensingh.gov.bd
Union,UNI_4259,UPA_463,Harirampur,হরিরামপুর,,,harirampurup.mymensingh.gov.bd
Union,UNI_4260,UPA_463,Sakhua,সাখুয়া,,,www.sakhuaup.mymensingh.gov.bd
Union,UNI_4261,UPA_463,Balipara,বালিপাড়া,,,baliparaup.mymensingh.gov.bd
Union,UNI_4262,UPA_463,Mokshapur,মোক্ষপুর,,,mokshapurup.mymensingh.gov.bd
Union,UNI_4263,UPA_463,Mathbari,মঠবাড়ী,,,mathbariup.mymensingh.gov.bd
Union,UNI_4264,UPA_463,Amirabari,আমিরাবাড়ী,,,amirabariup.mymensingh.gov.bd
Union,UNI_4265,UPA_463,Rampur,রামপুর,,,rampurup.mymensingh.gov.bd
Union,UNI_4266,UPA_464,Uthura,উথুরা,,,uthuraup.mymensingh.gov.bd
Union,UNI_4267,UPA_464,Meduari,মেদুয়ারী,,,meduariup.mymensingh.gov.bd
Union,UNI_4268,UPA_464,Varadoba,ভরাডোবা,,,varadobaup.mymensingh.gov.bd
Union,UNI_4269,UPA_464,Dhitpur,ধীতপুর,,,dhitpurup.mymensingh.gov.bd
Union,UNI_4270,UPA_464,Dakatia,ডাকাতিয়া,,,dakatiaup.mymensingh.gov.bd
Union,UNI_4271,UPA_464,Birunia,বিরুনিয়া,,,biruniaup.mymensingh.gov.bd
Union,UNI_4272,UPA_464,Bhaluka,ভালুকা,,,bhalukaup.mymensingh.gov.bd
Union,UNI_4273,UPA_464,Mallikbari,মল্লিকবাড়ী,,,mallikbariup.mymensingh.gov.bd
Union,UNI_4274,UPA_464,Kachina,কাচিনা,,,kachinaup.mymensingh.gov.bd
Union,UNI_4275,UPA_464,Habirbari,হবিরবাড়ী,,,habirbariup.mymensingh.gov.bd
Union,UNI_4276,UPA_464,Rajoi,রাজৈ,,,rajoiup.mymensingh.gov.bd
Union,UNI_4277,UPA_465,Dulla,দুল্লা,,,dullaup.mymensingh.gov.bd
Union,UNI_4278,UPA_465,Borogram,বড়গ্রাম,,,borogramup.mymensingh.gov.bd
Union,UNI_4279,UPA_465,Tarati,তারাটি,,,taratiup.mymensingh.gov.bd
Union,UNI_4280,UPA_465,Kumargata,কুমারগাতা,,,kumargataup.mymensingh.gov.bd
Union,UNI_4281,UPA_465,Basati,বাশাটি,,,basatiup.mymensingh.gov.bd
Union,UNI_4282,UPA_465,Mankon,মানকোন,,,mankonup.mymensingh.gov.bd
Union,UNI_4283,UPA_465,Ghoga,ঘোগা,,,ghogaup.mymensingh.gov.bd
Union,UNI_4284,UPA_465,Daogaon,দাওগাঁও,,,daogaonup.mymensingh.gov.bd
Union,UNI_4285,UPA_465,Kashimpur,কাশিমপুর,,,kashimpurup.mymensingh.gov.bd
Union,UNI_4286,UPA_465,Kheruajani,খেরুয়াজানী,,,kheruajaniup.mymensingh.gov.bd
Union,UNI_4287,UPA_466,Austadhar,অষ্টধার,,,austadharup.mymensingh.gov.bd
Union,UNI_4288,UPA_466,Bororchar,বোররচর,,,bororcharup.mymensingh.gov.bd
Union,UNI_4289,UPA_466,Dapunia,দাপুনিয়া,,,dapuniaup.mymensingh.gov.bd
Union,UNI_4290,UPA_466,Aqua,আকুয়া,,,aquaup.mymensingh.gov.bd
Union,UNI_4291,UPA_466,Khagdohor,খাগডহর,,,khagdohorup.mymensingh.gov.bd
Union,UNI_4292,UPA_466,Charnilaxmia,চরনিলক্ষিয়া,,,charnilaxmiaup.mymensingh.gov.bd
Union,UNI_4293,UPA_466,Kushtia,কুষ্টিয়া,,,kushtiaup.mymensingh.gov.bd
Union,UNI_4294,UPA_466,Paranganj,পরানগঞ্জ,,,paranganjup.mymensingh.gov.bd
Union,UNI_4295,UPA_466,Sirta,সিরতা,,,sirtaup.mymensingh.gov.bd
Union,UNI_4296,UPA_466,Char Ishwardia,চর ঈশ্বরদিয়া,,,charishwardiaup.mymensingh.gov.bd
Union,UNI_4297,UPA_466,Ghagra,ঘাগড়া,,,ghagraup.mymensingh.gov.bd
Union,UNI_4298,UPA_466,Vabokhali,ভাবখালী,,,vabokhaliup.mymensingh.gov.bd
Union,UNI_4299,UPA_466,Boyra,বয়ড়া,,,boyraup.mymensingh.gov.bd
Union,UNI_4300,UPA_467,Dakshin Maijpara,দক্ষিণ মাইজপাড়া,,,dakshinmaijparaup.mymensingh.gov.bd
Union,UNI_4301,UPA_467,Gamaritola,গামারীতলা,,,gamaritolaup.mymensingh.gov.bd
Union,UNI_4302,UPA_467,Dhobaura,ধোবাউড়া,,,dhobauraup.mymensingh.gov.bd
Union,UNI_4303,UPA_467,Porakandulia,পোড়াকান্দুলিয়া,,,porakanduliaup.mymensingh.gov.bd
Union,UNI_4304,UPA_467,Goatala,গোয়াতলা,,,goatalaup.mymensingh.gov.bd
Union,UNI_4305,UPA_467,Ghoshgaon,ঘোষগাঁও,,,ghoshgaonup.mymensingh.gov.bd
Union,UNI_4306,UPA_467,Baghber,বাঘবেড়,,,baghberup.mymensingh.gov.bd
Union,UNI_4307,UPA_468,Rambhadrapur,রামভদ্রপুর,,,rambhadrapurup.mymensingh.gov.bd
Union,UNI_4308,UPA_468,Sondhara,ছনধরা,,,sondharaup.mymensingh.gov.bd
Union,UNI_4309,UPA_468,Vaitkandi,ভাইটকান্দি,,,vaitkandiup.mymensingh.gov.bd
Union,UNI_4310,UPA_468,Singheshwar,সিংহেশ্বর,,,singheshwarup.mymensingh.gov.bd
Union,UNI_4311,UPA_468,Phulpur,ফুলপুর,,,phulpurup.mymensingh.gov.bd
Union,UNI_4312,UPA_474,Banihala,বানিহালা,,,banihalaup.mymensingh.gov.bd
Union,UNI_4313,UPA_474,Biska,বিস্কা,,,biskaup.mymensingh.gov.bd
Union,UNI_4314,UPA_468,Baola,বওলা,,,baolaup.mymensingh.gov.bd
Union,UNI_4315,UPA_468,Payari,পয়ারী,,,payariup.mymensingh.gov.bd
Union,UNI_4316,UPA_468,Balia,বালিয়া,,,baliaup.mymensingh.gov.bd
Union,UNI_4317,UPA_468,Rahimganj,রহিমগঞ্জ,,,rahimganjup.mymensingh.gov.bd
Union,UNI_4318,UPA_474,Balikha,বালিখা,,,balikhaup.mymensingh.gov.bd
Union,UNI_4319,UPA_474,Kakni,কাকনী,,,kakniup.mymensingh.gov.bd
Union,UNI_4320,UPA_474,Dhakua,ঢাকুয়া,,,dhakuaup.mymensingh.gov.bd
Union,UNI_4321,UPA_468,Rupasi,রূপসী,,,rupasiup.mymensingh.gov.bd
Union,UNI_4322,UPA_474,Tarakanda,তারাকান্দা,,,tarakandaup.mymensingh.gov.bd
Union,UNI_4323,UPA_474,Galagaon,গালাগাঁও,,,galagaonup.mymensingh.gov.bd
Union,UNI_4324,UPA_474,Kamargaon,কামারগাঁও,,,kamargaonup.mymensingh.gov.bd
Union,UNI_4325,UPA_474,Kamaria,কামারিয়া,,,kamariaup.mymensingh.gov.bd
Union,UNI_4326,UPA_474,Rampur,রামপুর,,,rampurup2.mymensingh.gov.bd
Union,UNI_4327,UPA_469,Bhubankura,ভূবনকুড়া,,,bhubankuraup.mymensingh.gov.bd
Union,UNI_4328,UPA_469,Jugli,জুগলী,,,jugliup.mymensingh.gov.bd
Union,UNI_4329,UPA_469,Kaichapur,কৈচাপুর,,,kaichapurup.mymensingh.gov.bd
Union,UNI_4330,UPA_469,Haluaghat,হালুয়াঘাট,,,haluaghatup.mymensingh.gov.bd
Union,UNI_4331,UPA_469,Gazirbhita,গাজিরভিটা,,,gazirbhitaup.mymensingh.gov.bd
Union,UNI_4332,UPA_469,Bildora,বিলডোরা,,,bildoraup.mymensingh.gov.bd
Union,UNI_4333,UPA_469,Sakuai,শাকুয়াই,,,sakuaiup.mymensingh.gov.bd
Union,UNI_4334,UPA_469,Narail,নড়াইল,,,narailup.mymensingh.gov.bd
Union,UNI_4335,UPA_469,Dhara,ধারা,,,dharaup.mymensingh.gov.bd
Union,UNI_4336,UPA_469,Dhurail,ধুরাইল,,,dhurailup.mymensingh.gov.bd
Union,UNI_4337,UPA_469,Amtoil,আমতৈল,,,amtoilup.mymensingh.gov.bd
Union,UNI_4338,UPA_469,Swadeshi,স্বদেশী,,,swadeshiup.mymensingh.gov.bd
Union,UNI_4339,UPA_470,Sahanati,সহনাটি,,,sahanatiup.mymensingh.gov.bd
Union,UNI_4340,UPA_470,Achintapur,অচিন্তপুর,,,achintapurup.mymensingh.gov.bd
Union,UNI_4341,UPA_470,Mailakanda,মইলাকান্দা,,,mailakandaup.mymensingh.gov.bd
Union,UNI_4342,UPA_470,Bokainagar,বোকাইনগর,,,bokainagarup.mymensingh.gov.bd
Union,UNI_4343,UPA_470,Gouripur,গৌরীপুর,,,gouripurup.mymensingh.gov.bd
Union,UNI_4344,UPA_470,Maoha,মাওহা,,,maohaup.mymensingh.gov.bd
Union,UNI_4345,UPA_470,Ramgopalpur,রামগোপালপুর,,,ramgopalpurup.mymensingh.gov.bd
Union,UNI_4346,UPA_470,Douhakhola,ডৌহাখলা,,,douhakholaup.mymensingh.gov.bd
Union,UNI_4347,UPA_470,Bhangnamari,ভাংনামারী,,,bhangnamariup.mymensingh.gov.bd
Union,UNI_4348,UPA_470,Sidhla,সিধলা,,,sidhlaup.mymensingh.gov.bd
Union,UNI_4349,UPA_471,Rasulpur,রসুলপুর,,,rasulpurup.mymensingh.gov.bd
Union,UNI_4350,UPA_471,Barobaria,বারবারিয়া,,,barobariaup.mymensingh.gov.bd
Union,UNI_4351,UPA_471,Charalgi,চরআলগী,,,charalgiup.mymensingh.gov.bd
Union,UNI_4352,UPA_471,Saltia,সালটিয়া,,,saltiaup.mymensingh.gov.bd
Union,UNI_4353,UPA_471,Raona,রাওনা,,,raonaup.mymensingh.gov.bd
Union,UNI_4354,UPA_471,Longair,লংগাইর,,,longairup.mymensingh.gov.bd
Union,UNI_4355,UPA_471,Paithol,পাইথল,,,paitholup.mymensingh.gov.bd
Union,UNI_4356,UPA_471,Gafargaon,গফরগাঁও,,,gafargaonup.mymensingh.gov.bd
Union,UNI_4357,UPA_471,Josora,যশরা,,,josoraup.mymensingh.gov.bd
Union,UNI_4358,UPA_471,Moshakhali,মশাখালী,,,moshakhaliup.mymensingh.gov.bd
Union,UNI_4359,UPA_471,Panchbagh,পাঁচবাগ,,,panchbaghup.mymensingh.gov.bd
Union,UNI_4360,UPA_471,Usthi,উস্থি,,,usthiup.mymensingh.gov.bd
Union,UNI_4361,UPA_471,Dotterbazar,দত্তেরবাজার,,,dotterbazarup.mymensingh.gov.bd
Union,UNI_4362,UPA_471,Niguari,নিগুয়ারী,,,niguariup.mymensingh.gov.bd
Union,UNI_4363,UPA_471,Tangabo,টাংগাব,,,tangaboup.mymensingh.gov.bd
Union,UNI_4364,UPA_472,Iswarganj,ঈশ্বরগঞ্জ,,,iswarganjup.mymensingh.gov.bd
Union,UNI_4365,UPA_472,Sarisha,সরিষা,,,sarishaup.mymensingh.gov.bd
Union,UNI_4366,UPA_472,Sohagi,সোহাগী,,,sohagiup.mymensingh.gov.bd
Union,UNI_4367,UPA_472,Atharabari,আঠারবাড়ী,,,atharabariup.mymensingh.gov.bd
Union,UNI_4368,UPA_472,Rajibpur,রাজিবপুর,,,rajibpurup.mymensingh.gov.bd
Union,UNI_4369,UPA_472,Maijbagh,মাইজবাগ,,,maijbaghup.mymensingh.gov.bd
Union,UNI_4370,UPA_472,Magtula,মগটুলা,,,magtulaup.mymensingh.gov.bd
Union,UNI_4371,UPA_472,Jatia,জাটিয়া,,,jatiaup.mymensingh.gov.bd
Union,UNI_4372,UPA_472,Uchakhila,উচাখিলা,,,uchakhilaup.mymensingh.gov.bd
Union,UNI_4373,UPA_472,Tarundia,তারুন্দিয়া,,,tarundiaup.mymensingh.gov.bd
Union,UNI_4374,UPA_472,Barahit,বড়হিত,,,barahitup.mymensingh.gov.bd
Union,UNI_4375,UPA_473,Batagoir,বেতাগৈর,,,batagoirup.mymensingh.gov.bd
Union,UNI_4376,UPA_473,Nandail,নান্দাইল,,,nandailup.mymensingh.gov.bd
Union,UNI_4377,UPA_473,Chandipasha,চন্ডীপাশা,,,chandipashaup.mymensingh.gov.bd
Union,UNI_4378,UPA_473,Gangail,গাংগাইল,,,gangailup.mymensingh.gov.bd
Union,UNI_4379,UPA_473,Rajgati,রাজগাতী,,,rajgatiup.mymensingh.gov.bd
Union,UNI_4380,UPA_473,Muajjempur,মোয়াজ্জেমপুর,,,muajjempurup.mymensingh.gov.bd
Union,UNI_4381,UPA_473,Sherpur,শেরপুর,,,sherpurup.mymensingh.gov.bd
Union,UNI_4382,UPA_473,Singroil,সিংরইল,,,singroilup.mymensingh.gov.bd
Union,UNI_4383,UPA_473,Achargaon,আচারগাঁও,,,achargaonup.mymensingh.gov.bd
Union,UNI_4384,UPA_473,Mushulli,মুশুল্লী,,,mushulliup.mymensingh.gov.bd
Union,UNI_4385,UPA_473,Kharua,খারুয়া,,,kharuaup.mymensingh.gov.bd
Union,UNI_4386,UPA_473,Jahangirpur,জাহাঙ্গীরপুর,,,jahangirpurup.mymensingh.gov.bd
Union,UNI_4387,UPA_475,Kendua,কেন্দুয়া,,,kenduaup.jamalpur.gov.bd
Union,UNI_4388,UPA_475,Sharifpur,শরিফপুর,,,sharifpurup.jamalpur.gov.bd
Union,UNI_4389,UPA_475,Laxirchar,লক্ষীরচর,,,laxircharup.jamalpur.gov.bd
Union,UNI_4390,UPA_475,Tolshirchar,তুলশীরচর,,,tolshircharup.jamalpur.gov.bd
Union,UNI_4391,UPA_475,Itail,ইটাইল,,,itailup.jamalpur.gov.bd
Union,UNI_4392,UPA_475,Narundi,নরুন্দী,,,narundiup.jamalpur.gov.bd
Union,UNI_4393,UPA_475,Ghorada,ঘোড়াধাপ,,,ghoradapup.jamalpur.gov.bd
Union,UNI_4394,UPA_475,Bashchara,বাশঁচড়া,,,bashcharaup.jamalpur.gov.bd
Union,UNI_4395,UPA_475,Ranagacha,রানাগাছা,,,ranagachaup.jamalpur.gov.bd
Union,UNI_4396,UPA_475,Sheepur,শ্রীপুর,,,sheepurup.jamalpur.gov.bd
Union,UNI_4397,UPA_475,Shahbajpur,শাহবাজপুর,,,shahbajpurup.jamalpur.gov.bd
Union,UNI_4398,UPA_475,Titpalla,তিতপল্লা,,,titpallaup.jamalpur.gov.bd
Union,UNI_4399,UPA_475,Mesta,মেষ্টা,,,mestaup.jamalpur.gov.bd
Union,UNI_4400,UPA_475,Digpait,দিগপাইত,,,digpaitup.jamalpur.gov.bd
Union,UNI_4401,UPA_475,Rashidpur,রশিদপুর,,,rashidpurup.jamalpur.gov.bd
Union,UNI_4402,UPA_476,Durmot,দুরমুট,,,durmotup.jamalpur.gov.bd
Union,UNI_4403,UPA_476,Kulia,কুলিয়া,,,kuliaup.jamalpur.gov.bd
Union,UNI_4404,UPA_476,Mahmudpur,মাহমুদপুর,,,mahmudpurup.jamalpur.gov.bd
Union,UNI_4405,UPA_476,Nangla,নাংলা,,,nanglaup.jamalpur.gov.bd
Union,UNI_4406,UPA_476,Nayanagar,নয়ানগর,,,nayanagarup.jamalpur.gov.bd
Union,UNI_4407,UPA_476,Adra,আদ্রা,,,adraup.jamalpur.gov.bd
Union,UNI_4408,UPA_476,Charbani Pakuria,চরবানী পাকুরিয়া,,,charbanipakuriaup.jamalpur.gov.bd
Union,UNI_4409,UPA_476,Fulkucha,ফুলকোচা,,,fulkuchaup.jamalpur.gov.bd
Union,UNI_4410,UPA_476,Ghuserpara,ঘোষেরপাড়া,,,ghuserparaup.jamalpur.gov.bd
Union,UNI_4411,UPA_476,Jhaugara,ঝাউগড়া,,,jhaugaraup.jamalpur.gov.bd
Union,UNI_4412,UPA_476,Shuampur,শ্যামপুর,,,shuampurup.jamalpur.gov.bd
Union,UNI_4413,UPA_477,Kulkandi,কুলকান্দি,,,kulkandiup.jamalpur.gov.bd
Union,UNI_4414,UPA_477,Belghacha,বেলগাছা,,,belghachaup.jamalpur.gov.bd
Union,UNI_4415,UPA_477,Chinaduli,চিনাডুলী,,,chinaduliup.jamalpur.gov.bd
Union,UNI_4416,UPA_477,Shapdari,সাপধরী,,,shapdariup.jamalpur.gov.bd
Union,UNI_4417,UPA_477,Noarpara,নোয়ারপাড়া,,,noarparaup.jamalpur.gov.bd
Union,UNI_4418,UPA_477,Islampur,ইসলামপুর,,,islampurup.jamalpur.gov.bd
Union,UNI_4419,UPA_477,Partharshi,পাথশী,,,partharshiup.jamalpur.gov.bd
Union,UNI_4420,UPA_477,Palabandha,পলবান্ধা,,,palabandhaup.jamalpur.gov.bd
Union,UNI_4421,UPA_477,Gualerchar,গোয়ালেরচর,,,gualercharup.jamalpur.gov.bd
Union,UNI_4422,UPA_477,Gaibandha,গাইবান্ধা,,,gaibandhaup.jamalpur.gov.bd
Union,UNI_4423,UPA_477,Charputimari,চরপুটিমারী,,,charputimariup.jamalpur.gov.bd
Union,UNI_4424,UPA_477,Chargualini,চরগোয়ালীনি,,,chargualiniup.jamalpur.gov.bd
Union,UNI_4425,UPA_478,Dungdhara,ডাংধরা,,,dungdharaup.jamalpur.gov.bd
Union,UNI_4426,UPA_478,Char Amkhawa,চর আমখাওয়া,,,charamkhawaup.jamalpur.gov.bd
Union,UNI_4427,UPA_478,Parram Rampur,পাররাম রামপুর,,,parramrampurup.jamalpur.gov.bd
Union,UNI_4428,UPA_478,Hatibanga,হাতীভাঙ্গা,,,hatibangaup.jamalpur.gov.bd
Union,UNI_4429,UPA_478,Bahadurabad,বাহাদুরাবাদ,,,bahadurabadup.jamalpur.gov.bd
Union,UNI_4430,UPA_478,Chikajani,চিকাজানী,,,chikajaniup.jamalpur.gov.bd
Union,UNI_4431,UPA_478,Chukaibari,চুকাইবাড়ী,,,chukaibariup.jamalpur.gov.bd
Union,UNI_4432,UPA_478,Dewangonj,দেওয়ানগঞ্জ,,,dewangonjup.jamalpur.gov.bd
Union,UNI_4433,UPA_479,Satpoa,সাতপোয়া,,,satpoaup.jamalpur.gov.bd
Union,UNI_4434,UPA_479,Pogaldigha,পোগলদিঘা,,,pogaldighaup.jamalpur.gov.bd
Union,UNI_4435,UPA_479,Doail,ডোয়াইল,,,doailup.jamalpur.gov.bd
Union,UNI_4436,UPA_479,Aona,আওনা,,,aonaup.jamalpur.gov.bd
Union,UNI_4437,UPA_479,Pingna,পিংনা,,,pingnaup.jamalpur.gov.bd
Union,UNI_4438,UPA_479,Bhatara,ভাটারা,,,bhataraup.jamalpur.gov.bd
Union,UNI_4439,UPA_479,Kamrabad,কামরাবাদ,,,kamrabadup.jamalpur.gov.bd
Union,UNI_4440,UPA_479,Mahadan,মহাদান,,,mahadanup.jamalpur.gov.bd
Union,UNI_4441,UPA_480,Char Pakerdah,চর পাকেরদহ,,,charpakerdahup.jamalpur.gov.bd
Union,UNI_4442,UPA_480,Karaichara,কড়ইচড়া,,,karaicharaup.jamalpur.gov.bd
Union,UNI_4443,UPA_480,Gunaritala,গুনারীতলা,,,gunaritalaup.jamalpur.gov.bd
Union,UNI_4444,UPA_480,Balijuri,বালিজুড়ী,,,balijuriup.jamalpur.gov.bd
Union,UNI_4445,UPA_480,Jorekhali,জোড়খালী,,,jorekhaliup.jamalpur.gov.bd
Union,UNI_4446,UPA_480,Adarvita,আদারভিটা,,,adarvitaup.jamalpur.gov.bd
Union,UNI_4447,UPA_480,Sidhuli,সিধুলী,,,sidhuliup.jamalpur.gov.bd
Union,UNI_4448,UPA_481,Danua,ধানুয়া,,,danuaup.jamalpur.gov.bd
Union,UNI_4449,UPA_481,Bagarchar,বগারচর,,,bagarcharup.jamalpur.gov.bd
Union,UNI_4450,UPA_481,Battajore,বাট্রাজোড়,,,battajoreup.jamalpur.gov.bd
Union,UNI_4451,UPA_481,Shadurpara,সাধুরপাড়া,,,shadurparaup.jamalpur.gov.bd
Union,UNI_4452,UPA_481,Bakshigonj,বকসীগঞ্জ,,,bakshigonjup.jamalpur.gov.bd
Union,UNI_4453,UPA_481,Nilakhia,নিলক্ষিয়া,,,nilakhiaup.jamalpur.gov.bd
Union,UNI_4454,UPA_481,Merurchar,মেরুরচর,,,merurcharup.jamalpur.gov.bd
Union,UNI_4455,UPA_482,Asma,আসমা,,,asma.netrokona.gov.bd
Union,UNI_4456,UPA_482,Chhiram,চিরাম,,,chhiram.netrokona.gov.bd
Union,UNI_4457,UPA_482,Baushi,বাউশী,,,baushiup.netrokona.gov.bd
Union,UNI_4458,UPA_482,Barhatta,বারহাট্টা,,,barhattaup.netrokona.gov.bd
Union,UNI_4459,UPA_482,Raypur,রায়পুর,,,raypurup.netrokona.gov.bd
Union,UNI_4460,UPA_482,Sahata,সাহতা,,,sahataup.netrokona.gov.bd
Union,UNI_4461,UPA_482,Singdha,সিংধা,,,singdhaup.netrokona.gov.bd
Union,UNI_4462,UPA_483,Durgapur,দূর্গাপুর,,,durgapurup.netrokona.gov.bd
Union,UNI_4463,UPA_483,Kakoirgora,কাকৈরগড়া,,,kakoirgoraup.netrokona.gov.bd
Union,UNI_4464,UPA_483,Kullagora,কুল্লাগড়া,,,kullagoraup.netrokona.gov.bd
Union,UNI_4465,UPA_483,Chandigarh,চণ্ডিগড়,,,chandigarhup.netrokona.gov.bd
Union,UNI_4466,UPA_483,Birisiri,বিরিশিরি,,,birisiriup.netrokona.gov.bd
Union,UNI_4467,UPA_483,Bakaljora,বাকলজোড়া,,,bakaljoraup.netrokona.gov.bd
Union,UNI_4468,UPA_483,Gawkandia,গাঁওকান্দিয়া,,,gawkandiaup.netrokona.gov.bd
Union,UNI_4469,UPA_484,Asujia,আশুজিয়া,,,asujiaup.netrokona.gov.bd
Union,UNI_4470,UPA_484,Dalpa,দলপা,,,dalpaup.netrokona.gov.bd
Union,UNI_4471,UPA_484,Goraduba,গড়াডোবা,,,goradubaup.netrokona.gov.bd
Union,UNI_4472,UPA_484,Gonda,গণ্ডা,,,gondaup.netrokona.gov.bd
Union,UNI_4473,UPA_484,Sandikona,সান্দিকোনা,,,sandikonaup.netrokona.gov.bd
Union,UNI_4474,UPA_484,Maska,মাসকা,,,maskaup.netrokona.gov.bd
Union,UNI_4475,UPA_484,Bolaishimul,বলাইশিমুল,,,bolaishimulup.netrokona.gov.bd
Union,UNI_4476,UPA_484,Noapara,নওপাড়া,,,noaparaup.netrokona.gov.bd
Union,UNI_4477,UPA_484,Kandiura,কান্দিউড়া,,,kandiuraup.netrokona.gov.bd
Union,UNI_4478,UPA_484,Chirang,চিরাং,,,chirangup.netrokona.gov.bd
Union,UNI_4479,UPA_484,Roailbari Amtala,রোয়াইলবাড়ী আমতলা,,,roailbariamtalaup.netrokona.gov.bd
Union,UNI_4480,UPA_484,Paikura,পাইকুড়া,,,paikuraup.netrokona.gov.bd
Union,UNI_4481,UPA_484,Muzafarpur,মোজাফরপুর,,,muzafarpurup.netrokona.gov.bd
Union,UNI_4482,UPA_485,Shormushia,স্বরমুশিয়া,,,shormushiaup.netrokona.gov.bd
Union,UNI_4483,UPA_485,Shunoi,শুনই,,,shunoiup.netrokona.gov.bd
Union,UNI_4484,UPA_485,Lunesshor,লুনেশ্বর,,,lunesshorup.netrokona.gov.bd
Union,UNI_4485,UPA_485,Baniyajan,বানিয়াজান,,,baniyajanup.netrokona.gov.bd
Union,UNI_4486,UPA_485,Teligati,তেলিগাতী,,,teligatiup.netrokona.gov.bd
Union,UNI_4487,UPA_485,Duoj,দুওজ,,,duojup.netrokona.gov.bd
Union,UNI_4488,UPA_485,Sukhari,সুখারী,,,sukhariup.netrokona.gov.bd
Union,UNI_4489,UPA_486,Fathepur,ফতেপুর,,,fathepurup.netrokona.gov.bd
Union,UNI_4490,UPA_486,Nayekpur,নায়েকপুর,,,nayekpurup.netrokona.gov.bd
Union,UNI_4491,UPA_486,Teosree,তিয়শ্রী,,,teosreeup.netrokona.gov.bd
Union,UNI_4492,UPA_486,Magan,মাঘান,,,maganup.netrokona.gov.bd
Union,UNI_4493,UPA_486,Gobindasree,গেবিন্দশ্রী,,,gobindasreeup.netrokona.gov.bd
Union,UNI_4494,UPA_486,Madan,মদন,,,madanup.netrokona.gov.bd
Union,UNI_4495,UPA_486,Chandgaw,চানগাঁও,,,chandgawup.netrokona.gov.bd
Union,UNI_4496,UPA_486,Kytail,কাইটাল,,,kytailup.netrokona.gov.bd
Union,UNI_4497,UPA_487,Krishnapur,কৃষ্ণপুর,,,krishnapurup.netrokona.gov.bd
Union,UNI_4498,UPA_487,Nogor,নগর,,,nogorup.netrokona.gov.bd
Union,UNI_4499,UPA_487,Chakua,চাকুয়া,,,chakuaup.netrokona.gov.bd
Union,UNI_4500,UPA_487,Khaliajuri,খালিয়াজুরী,,,khaliajuriup.netrokona.gov.bd
Union,UNI_4501,UPA_487,Mendipur,মেন্দিপুর,,,mendipurup.netrokona.gov.bd
Union,UNI_4502,UPA_487,Gazipur,গাজীপুর,,,gazipurup.netrokona.gov.bd
Union,UNI_4503,UPA_488,Koilati,কৈলাটী,,,koilatiup.netrokona.gov.bd
Union,UNI_4504,UPA_488,Najirpur,নাজিরপুর,,,najirpurup.netrokona.gov.bd
Union,UNI_4505,UPA_488,Pogla,পোগলা,,,poglaup.netrokona.gov.bd
Union,UNI_4506,UPA_488,Kolmakanda,কলমাকান্দা,,,kolmakandaup.netrokona.gov.bd
Union,UNI_4507,UPA_488,Rongchati,রংছাতি,,,rongchatiup.netrokona.gov.bd
Union,UNI_4508,UPA_488,Lengura,লেংগুরা,,,lenguraup.netrokona.gov.bd
Union,UNI_4509,UPA_488,Borokhapon,বড়খাপন,,,borokhaponup.netrokona.gov.bd
Union,UNI_4510,UPA_488,Kharnoi,খারনৈ,,,kharnoiup.netrokona.gov.bd
Union,UNI_4511,UPA_489,Borokashia Birampur,বড়কাশিয়া বিরামপুর,,,borokashiabirampurup.netrokona.gov.bd
Union,UNI_4512,UPA_489,Borotoli Banihari,বড়তলী বানিহারী,,,borotolibanihariup.netrokona.gov.bd
Union,UNI_4513,UPA_489,Tetulia,তেতুলিয়া,,,tetuliaup.netrokona.gov.bd
Union,UNI_4514,UPA_489,Maghan Siadar,মাঘান সিয়াদার,,,maghansiadarup.netrokona.gov.bd
Union,UNI_4515,UPA_489,Somaj Sohildeo,সমাজ সহিলদেও,,,somajsohildeoup.netrokona.gov.bd
Union,UNI_4516,UPA_489,Suair,সুয়াইর,,,suairup.netrokona.gov.bd
Union,UNI_4517,UPA_489,Gaglajur,গাগলাজুর,,,gaglajurup.netrokona.gov.bd
Union,UNI_4518,UPA_490,Khalishaur,খলিশাউড়,,,khalishaurup.netrokona.gov.bd
Union,UNI_4519,UPA_490,Ghagra,ঘাগড়া,,,ghagraup.netrokona.gov.bd
Union,UNI_4520,UPA_490,Jaria,জারিয়া,,,jariaup.netrokona.gov.bd
Union,UNI_4521,UPA_490,Narandia,নারান্দিয়া,,,narandiaup.netrokona.gov.bd
Union,UNI_4522,UPA_490,Bishkakuni,বিশকাকুনী,,,bishkakuniup.netrokona.gov.bd
Union,UNI_4523,UPA_490,Bairaty,বৈরাটী,,,bairaty.netrokona.gov.bd
Union,UNI_4524,UPA_490,Hogla,হোগলা,,,hoglaup.netrokona.gov.bd
Union,UNI_4525,UPA_490,Gohalakanda,গোহালাকান্দা,,,gohalakandaup.netrokona.gov.bd
Union,UNI_4526,UPA_490,Dhalamulgaon,ধলামুলগাঁও,,,dhalamulgaonup.netrokona.gov.bd
Union,UNI_4527,UPA_490,Agia,আগিয়া,,,agia.netrokona.gov.bd
Union,UNI_4528,UPA_490,Purbadhala,পূর্বধলা,,,purbadhalaup.netrokona.gov.bd
Union,UNI_4529,UPA_491,Chollisha,চল্লিশা,,,chollishaup.netrokona.gov.bd
Union,UNI_4530,UPA_491,Kailati,কাইলাটি,,,kailatiup.netrokona.gov.bd
Union,UNI_4531,UPA_491,Dokkhin Bishiura,দক্ষিণ বিশিউড়া,,,dokkhinbishiuraup.netrokona.gov.bd
Union,UNI_4532,UPA_491,Modonpur,মদনপুর,,,modonpurup.netrokona.gov.bd
Union,UNI_4533,UPA_491,Amtola,আমতলা,,,amtolaup.netrokona.gov.bd
Union,UNI_4534,UPA_491,Lokkhiganj,লক্ষীগঞ্জ,,,lokkhiganj.netrokona.gov.bd
Union,UNI_4535,UPA_491,Singher Bangla,সিংহের বাংলা,,,singherbanglaup.netrokona.gov.bd
Union,UNI_4536,UPA_491,Thakurakona,ঠাকুরাকোণা,,,thakurakonaup.netrokona.gov.bd
Union,UNI_4537,UPA_491,Mougati,মৌগাতি,,,mougatiup.netrokona.gov.bd
Union,UNI_4538,UPA_491,Rouha,রৌহা,,,rouhaup.netrokona.gov.bd
Union,UNI_4539,UPA_491,Medni,মেদনী,,,medniup.netrokona.gov.bd
Union,UNI_4540,UPA_491,Kaliara Gabragati,কালিয়ারা গাবরাগাতি,,,kaliaragabragatiup.netrokona.gov.bd
