place_type,internal_id,parent_id,name_en,name_bn,latitude,longitude,website
Mahalla,OSM_node_141466267,,Uttara,উত্তরা,23.8693275,90.3926893,
Mahalla,OSM_node_141466268,,Ashulia,আশুলিয়া,23.8969898,90.3289577,
Mahalla,OSM_node_264032548,,Baridhara,বারিধারা,23.8028663,90.4196081,
Mahalla,OSM_node_264889126,,Bashundhara Residential Area,বসুন্ধরা আবাসিক এলাকা,23.8189265,90.4368229,
Mahalla,OSM_node_364769764,,Niketan,নিকেতন,23.7733159,90.409755,
Mahalla,OSM_node_379839732,,Gabtali,গাবতলী,23.7826372,90.3399148,
Mahalla,OSM_node_387552183,,Adabar,আদাবর,23.7745693,90.3552923,
Mahalla,OSM_node_387552378,,Lalmatia,লালমাটিয়া,23.7567008,90.3691554,
Mahalla,OSM_node_387807673,,Dilkusha,দিলকুশা,23.7272736,90.4162497,
Village,OSM_node_388902950,,Srirampur,শ্রীরামপুর,23.9199764,90.1273935,
Village,OSM_node_388903419,,Kalampur,কালামপুর,23.9183438,90.1549357,
Village,OSM_node_388906792,,Islampur,ইসলামপুর,23.9108749,90.2272146,
Village,OSM_node_388908026,,Nobinagar,নবীনগর,23.9123657,90.2605169,
Mahalla,OSM_node_393921009,,Babu bazar,বাবু বাজার,23.7099344,90.402599,
Mahalla,OSM_node_393921256,,Tanti bazar,তাঁতি বাজার,23.7121498,90.4078798,
Mahalla,OSM_node_394216065,,Islampur,ইসলামপুর,23.7102696,90.4068341,
Mahalla,OSM_node_396674646,,Faridabad,ফরিদাবাদ,23.696653,90.4238625,
Mahalla,OSM_node_396676228,,Bangladesh Bank Colony,বাংলাদেশ ব্যাংক কলোনী,23.6972061,90.4259042,
Mahalla,OSM_node_396686487,,Dayaganj,দয়াগঞ্জ,23.7104417,90.4246393,
Mahalla,OSM_node_396693325,,Farashganj,ফরাশগঞ্জ,23.7031127,90.4160782,
Mahalla,OSM_node_396694530,,Dailpotti,ডালপট্টি,23.7046919,90.4168812,
Mahalla,OSM_node_396699842,,Bangla Bazar,বাংলাবাজার,23.7062942,90.4121696,
Mahalla,OSM_node_396703556,,Lakshmibazar,লক্ষ্মীবাজার,23.7082186,90.4155455,
Mahalla,OSM_node_396707096,,Kulutola,কুলুটোলা,23.7064981,90.4188205,
Mahalla,OSM_node_590055605,,Jatrabari,যাত্রাবাড়ী,23.7093978,90.433806,
Mahalla,OSM_node_642560699,,Banasree,বনশ্রী,23.7617123,90.4312774,
Village,OSM_node_821928816,,Katchpur,কাঁচপুর,23.7024038,90.5233286,
Village,OSM_node_825618800,,Mission Para,মিশন পাড়া,23.6249561,90.502334,
Village,OSM_node_826125224,,Nobigonj,নবীগঞ্জ,23.6318552,90.5199687,
Village,OSM_node_2381200832,,Garobazar,গারোবাজার,24.5377053,90.1337717,
Village,OSM_node_2447157332,,Mawa,মাওয়া,23.4722843,90.2627571,
Mahalla,OSM_node_2453935433,,Puler Ghat,পুলের ঘাট,24.3482411,90.7537816,
Village,OSM_node_2501247464,,Nolin,নলীন,24.5516354,89.8288935,
Village,OSM_node_2503720803,,Paiska,পাইস্কা,24.7031036,89.8895375,
Village,OSM_node_2551994559,,Pakulla,পাকুল্লা,24.1414438,90.0201295,
Village,OSM_node_2551998759,,Karatia,করটিয়া,24.2222679,89.9781439,https://karatiaup.tangail.gov.bd/
Mahalla,OSM_node_2822082507,,Khilgaon,খিলগাঁও,23.7506546,90.4232818,
Village,OSM_node_2895149455,,Chandra,চন্দ্রা,24.0472727,90.2384011,
Mahalla,OSM_node_3006696194,,Polashi,পলাশী,23.7270762,90.3893378,
Mahalla,OSM_node_3104950871,,Miraspur,মিরাসপাড়া,23.892026,90.418379,
Mahalla,OSM_node_3104950872,,East Arishpur,পূর্ব আর্শিপুর,23.887975,90.409803,
Mahalla,OSM_node_3104950873,,Purbo Arichpur,পূর্ব আরিচপুর,23.8885075,90.4054148,
Mahalla,OSM_node_3312614548,,Akhrabazar,আখড়া বাজার,24.4371206,90.7779465,
Mahalla,OSM_node_3313809466,,Bhuiyan Estate,ভূঁইয়া এস্টেট,23.7301358,90.3618185,
Mahalla,OSM_node_3313837648,,Bottola,বটতলা,23.7295225,90.3683751,
Mahalla,OSM_node_3313848052,,Nobipur,নবীপুর,23.7317582,90.3668771,
Mahalla,OSM_node_3313905928,,Maneshwar,মানেশ্বর,23.7397932,90.3688435,
Mahalla,OSM_node_3313941307,,Sikdar Estate,শিকদার এস্টেট,23.7402647,90.3576183,
Mahalla,OSM_node_3313951250,,Nimtola,নিমতলা,23.7431995,90.3641602,
Mahalla,OSM_node_3313961085,,Hazaribagh Tannery Area,হাজারীবাগ ট্যানারি এলাকা,23.7354762,90.3677441,
Mahalla,OSM_node_3332768487,,Shikaritola Slum,শিকারিতলা বস্তি,23.7353903,90.3636415,
Village,OSM_node_3372060157,,Rauti,রাউতি,24.5719513,90.8503119,
Village,OSM_node_3372064649,,Jawar,জাওয়ার,24.5680472,90.9259487,
Village,OSM_node_3372064651,,Raituti,রাইতুতি,24.5756777,90.9732399,
Mahalla,OSM_node_3374308396,,Hazaribagh,হাজারীবাগ,23.7319838,90.368413,
Village,OSM_node_3392195217,,Kanaksar,কনকসার,23.4696943,90.3152446,
Village,OSM_node_3392927645,,Kumarvog,কুমারভোগ,23.4718006,90.2787904,
Mahalla,OSM_node_3396191063,,Green Model Town,গ্রীন মডেল টাউন,23.7280141,90.4512815,
Mahalla,OSM_node_3396195793,,Paltan,পল্টন,23.7313082,90.4120882,
Mahalla,OSM_node_3808575870,,Kallyanpur,কল্যাণপুর,23.7806848,90.3613321,
Village,OSM_node_3977920850,,Arua,আরুয়া,23.7873388,89.8140639,
Village,OSM_node_3977920855,,বহুরিয়া,বহুরিয়া,24.0501958,90.1159261,
Village,OSM_node_3977928758,,Baliati,বালিয়াটি,23.9930891,90.0383447,
Village,OSM_node_3977928759,,Balla,বাল্লা,23.7789125,89.8792125,
Village,OSM_node_3977928774,,Dhaljora,ঢালজোড়া,24.0381546,90.1595515,
Village,OSM_node_3977928785,,Fulbaria,ফুলবাড়িয়া,24.1892148,90.3087797,
Village,OSM_node_3977928788,,Gayhata,গয়হাটা,24.075018,89.8470117,
Village,OSM_node_3977928790,,Gorai,গোড়াই,24.0883932,90.1476685,
Village,OSM_node_3977928797,,Lauhati,লাউহাটি,24.0855696,89.9424014,
Village,OSM_node_3977928798,,Madhyapara,মধ্যপাড়া,24.0812599,90.3107752,
Village,OSM_node_3977928799,,Mamudnagar,মামুদনগর,24.0345866,89.9140775,
Mahalla,OSM_node_3977928800,,Mawna,মাওনা,24.2191932,90.4105256,
Village,OSM_node_3977928802,,Mokna,মোকনা,24.048412,89.9536333,
Village,OSM_node_3977928803,,Mouchak,মৌচাক,24.0273773,90.2958494,
Village,OSM_node_3977928805,,Pakutia,পাকুটিয়া,24.0298292,89.9970959,
Village,OSM_node_3977928808,,Salimabad,সলিমাবাদ,24.0420198,89.8235712,
Village,OSM_node_3977928811,,Srifoltoli,শ্রীফলতলী,24.0672894,90.2183155,
Village,OSM_node_3977928812,,Sutrapur,সূত্রাপুর,24.0799224,90.1865732,
Village,OSM_node_3977965253,,Balia,বালিয়া,23.9852867,90.0767141,
Village,OSM_node_3977978758,,Bayra,বায়রা,23.8195007,90.0910388,https://www.facebook.com/ManikganjPage
Village,OSM_node_3977978766,,Jadabpur,যাদবপুর,24.0097233,90.1200695,
Village,OSM_node_3977978772,,Kashimpur,কাশিমপুর,23.9879493,90.3171133,
Village,OSM_node_3977978779,,Nali,নালী,23.8017785,89.9715575,
Village,OSM_node_3991994803,,Kulla,কুল্লা,23.8771402,90.2138357,
Village,OSM_node_3991994814,,Raypur,রায়পুর,23.5520935,89.6864248,
Mahalla,OSM_node_4009099573,,Polashbagh,পলাশবাগ,23.7627479,90.418997,
Village,OSM_node_4081598354,,Kurerpara,কুড়েরপাড়,23.9976541,90.93788,
Village,OSM_node_4081599589,,Algi,আলগী,23.9964583,90.945315,
Village,OSM_node_4081604201,,Asrabpur,আশ্রাবপুর,24.0016334,90.9243402,
Village,OSM_node_4254543517,,Nalām,নলাম,23.9365557,90.2339028,
Mahalla,OSM_node_4362144964,,Taltola,তালতলা,23.8337717,90.3851783,
Mahalla,OSM_node_4408556637,,Nijhum Residential Area,নিঝুম আবাসিক এলাকা,23.7370106,90.3701235,
Mahalla,OSM_node_4422610156,,Gopibag,গোপীবাগ,23.7218199,90.4250575,
Village,OSM_node_4424266066,,Gobindashi,গোবিন্দাসী,24.4502029,89.8266542,
Village,OSM_node_4861923215,,Aricha,আরিচা,23.8360868,89.7808635,
Mahalla,OSM_node_4861939545,,Daulatdia Ghat,দৌলতদিয়া ঘাট,23.7689222,89.785566,
Village,OSM_node_4861939552,,Paturia,পাটুরিয়া,23.7888496,89.8098957,
Mahalla,OSM_node_4907143421,,Fakirapool,ফকিরাপুল,23.7331201,90.4172013,
Mahalla,OSM_node_4914582442,,Mohammadpur,মোহাম্মদপুর,23.7636683,90.363244,
Mahalla,OSM_node_4954685546,,Dokkhin Khan,দক্ষিণ খান,23.8546911,90.4254829,
Mahalla,OSM_node_5054370483,,Taltola,তালতলা,23.7837151,90.3750935,
Mahalla,OSM_node_5118172307,,Mohakhali,মহাখালী,23.7794681,90.4046308,
Mahalla,OSM_node_5162463804,,Dhanmondi,ধানমন্ডি,23.7479124,90.3745866,
Mahalla,OSM_node_5166963838,,Banani,বনানী,23.790321,90.4076959,
Mahalla,OSM_node_5167233263,,Badda,বাড্ডা,23.7842159,90.4305051,
Mahalla,OSM_node_5185291301,,Matikata,মাটিকাটা,23.8196962,90.3936832,
Mahalla,OSM_node_5219243567,,Modhu City,মধু সিটি,23.7339077,90.3258603,
Mahalla,OSM_node_5532503893,,Borpul,বড়পুল,24.4686045,90.7709446,
Village,OSM_node_5540947373,,Char Syedpur,চর সৈয়দপুর,23.5826708,90.5062133,
Mahalla,OSM_node_5622663432,,Ashutia,আশুটিয়া,24.3915705,90.6991815,
Mahalla,OSM_node_5626209880,,binnati Bazar,বিন্নাতি বাজার,24.40014,90.7509166,
Village,OSM_node_5626563974,,Chouddashata,চৌদ্দশত,24.3823318,90.7597974,
Mahalla,OSM_node_5630927776,,kurighta,কুরিঘাটা,24.4226402,90.6522321,
Mahalla,OSM_node_5647961208,,32,৩২,24.4237471,90.7799408,
Mahalla,OSM_node_5675787338,,Mothkhola,মঠখোলা,24.2507381,90.6836857,
Mahalla,OSM_node_5861304725,,Mirzapur,মির্জাপুর,24.3082804,90.6450981,
Mahalla,OSM_node_5875247944,,Methor Potti,মেথর পট্টি,24.421275,90.6521221,
Mahalla,OSM_node_6046778831,,Board Bazar,বোর্ড বাজার,23.9452074,90.3825171,
Mahalla,OSM_node_6051444481,,Natun Bazar,নতুন বাজার,23.5284862,90.4513684,
Mahalla,OSM_node_6051468397,,Purba Khilpara,পূর্ব খিলপাড়া,23.532888,90.4627981,
Mahalla,OSM_node_6051468398,,Paschim Khilpara,পশ্চিম খিলপাড়া,23.5289509,90.4564253,
Village,OSM_node_6051468399,,South Betka,দক্ষিণ বেতকা,23.534934,90.4515865,
Village,OSM_node_6051468400,,Mamudatpur,মামুদাতপুর,23.539316,90.4521659,
Village,OSM_node_6051468402,,Uttar Betka,উত্তর বেতকা,23.5446815,90.4600086,
Village,OSM_node_6052300240,,Shonarong,সোনারং,23.524571,90.4630228,
Village,OSM_node_6052300261,,Bindusar,বিন্দুসার,23.5509122,90.4703935,
Village,OSM_node_6052301309,,Abdullahpur,আবদুল্লাহপুর,23.5542881,90.473867,
Village,OSM_node_6064117498,,Enayetnagar,এনায়েতনগর,23.5611935,90.4860094,
Village,OSM_node_6064176163,,Sudan Chor,সুদার চর,23.5588167,90.4791308,
Mouza,OSM_node_6064232290,,Dofa Bari,দফা বাড়ি,23.5630543,90.4867467,
Village,OSM_node_6064232291,,Nagar Kasba,নগর কাসবা,23.5650899,90.4890427,
Mahalla,OSM_node_6064232292,,Mastan Bazar,মাস্তান বাজার,23.5621495,90.4921219,
Village,OSM_node_6064232293,,Kamlaghat,কামলাঘাট,23.5695939,90.4884633,
Mahalla,OSM_node_6074037576,,Mahmudnagar,মাহমুদনগর,23.6955494,90.4787904,
Village,OSM_node_6083172917,,Changuri,চাংগুরী,23.5347155,90.4458175,
Village,OSM_node_6106732471,,Balai,বলই,23.5089256,90.4356007,
Village,OSM_node_6106732473,,Kurmira,কুরমিরা,23.4978865,90.441051,
Mahalla,OSM_node_6148978998,,Gowalpara,গোওয়ালপাড়া,23.7087551,90.6588685,
Mahalla,OSM_node_6149619951,,Pulerghat,পুলের ঘাট,24.3467545,90.7555756,
Village,OSM_node_6162865807,,Mugar Chor,মুগার চর,23.6171401,90.5767393,
Village,OSM_node_6162865808,,Menikhali,মেনিখালী,23.6193027,90.5724048,
Village,OSM_node_6162865809,,Chowdhuri Gao,চৌধুরীগাঁও,23.6236598,90.5744889,
Village,OSM_node_6162919837,,Bibijhora,বিবি জোহরা,23.6168403,90.5520469,
Mahalla,OSM_node_6163506015,,Nanakhi Bazar,নানাখি বাজার,23.7028429,90.5849409,
Mahalla,OSM_node_6163528406,,Uttar Solla Para,উত্তর সল্লা পাড়া,23.6527796,90.6108892,
Mahalla,OSM_node_6163528407,,Dakshin Solla Para,দক্ষিণ সল্লা পাড়া,23.650362,90.6115115,
Mahalla,OSM_node_6163528408,,Krishna Para,কৃষ্ণপাড়া,23.6448387,90.6100121,
Mahalla,OSM_node_6165175450,,Chengail,চেঙ্গাইল,23.7148062,90.5540693,
Mahalla,OSM_node_6165175451,,Madanpur,মদনপুর,23.7076942,90.557245,
Village,OSM_node_6177715123,,Kalagachhia,কলাগাছিয়া,23.6013026,90.5162984,
Village,OSM_node_6177715124,,Kadamrasul,কদমরসুল,23.599533,90.5140024,
Village,OSM_node_6178523531,,Khilpara,খিলপাড়া,23.532722,90.4597256,
Mahalla,OSM_node_6348457685,,Kamrangirchor,কামরাঙ্গীরচর,23.7161108,90.3685989,
Village,OSM_node_6355813569,,Kathaldia,কাঁঠালদিয়া,23.8060484,90.455973,
Mahalla,OSM_node_6356798177,,Khilkhet,খিলক্ষেত,23.8316678,90.4248321,
Mahalla,OSM_node_6469630866,,Aamhatta (Jallarpar),আমহট্ট,23.6091591,90.4999099,
Mahalla,OSM_node_6483321402,,Paikpara,পাইকপাড়া,23.606078,90.4981573,
Mahalla,OSM_node_6517497240,,Titipara,টিটিপাড়া,23.724667,90.4278033,
Mahalla,OSM_node_6517559026,,Shahjahanpur Railway Colony,শাহজাহানপুর রেলওয়ে কলোনি,23.7418638,90.4239533,
Mahalla,OSM_node_6538843560,,Ahmed Nagar,আহমেদ নগর,23.7936268,90.3600837,
Mahalla,OSM_node_6538843561,,Shah Ali Bagh,শাহ আলী বাগ,23.7974702,90.3563554,
Mahalla,OSM_node_6538859550,,Monipur,মনিপুর,23.8007553,90.366653,
Mahalla,OSM_node_6538880411,,Basati Housing,বসতি হাউজিং,23.8003725,90.3603177,
Mahalla,OSM_node_6538885127,,Borobagh,বড়বাগ,23.8031161,90.3644269,
Mahalla,OSM_node_6548910409,,Sher-E-Bangla Nagar,শের-এ-বাংলা নগর,23.7741959,90.3754853,
Mahalla,OSM_node_6642896630,,Abdul Rafiq Housing,আব্দুল রফিক হাউজিং,23.768279,90.3517225,
Mahalla,OSM_node_6642910891,,Mofizbagh Housing,মফিজবাগ হাউজিং,23.7683262,90.3506805,
Mahalla,OSM_node_6717775240,,Pallabi,পল্লবী,23.8249938,90.3579782,
Mahalla,OSM_node_6730021153,,Bihari Camp,বিহারি ক্যাম্প,23.6125469,90.5037643,
Mahalla,OSM_node_6730021154,,Noyamati,নয়ামাটি,23.6132937,90.5040214,
Mahalla,OSM_node_6730252493,,Mondol Para,মণ্ডল পাড়া,23.61063,90.5025679,
Mahalla,OSM_node_6772711306,,Elahibag,এলাহিবাগ,23.7456336,90.4403008,
Mahalla,OSM_node_6784312557,,Mukti Housing,মুক্তি হাউজিং,23.7858083,90.3717024,
Mahalla,OSM_node_6786775142,,Gulistan,গুলিস্তান,23.7249037,90.4120785,
Mahalla,OSM_node_6834351428,,Shahjahanpur,শাহজাহানপুর,23.7407406,90.4240134,
Mahalla,OSM_node_6904597258,,CAAB Colony,ক্যাব কলোনি,23.8453284,90.4167101,
Mahalla,OSM_node_6904613980,,Amtola,আমতলা,23.8582776,90.4253774,
Mahalla,OSM_node_6904636076,,Kurmitola,কুর্মিটোলা,23.8251851,90.4057949,
Mahalla,OSM_node_6904716435,,Nikunja 1,নিকুঞ্জ ১,23.8242795,90.4191806,
Mahalla,OSM_node_6904716905,,Nikunja 2,নিকুঞ্জ ২,23.8322982,90.4171673,
Mahalla,OSM_node_6904801439,,Bhuiyan Para,ভূঁইয়া পাড়া,23.8709818,90.4241811,
Mahalla,OSM_node_6904831437,,Uttara ABM City,উত্তরা এবিএম সিটি,23.8944525,90.4364754,
Mahalla,OSM_node_6904846587,,Kotbari Bazar,কোটবাড়ী বাজার,23.8809825,90.4072432,
Mahalla,OSM_node_6905005795,,Uttar Khan,উত্তর খান,23.8814882,90.437178,
Mahalla,OSM_node_6920832276,,Nur Para,নুরপাড়া,23.8243708,90.4726332,
Mahalla,OSM_node_6920873825,,Paschim Hajipara,পশ্চিম হাজিপাড়া,23.8285382,90.4723596,
Mahalla,OSM_node_6924452088,,Kamalapur,কমলাপুর,23.7304029,90.4247983,
Village,OSM_node_7559147601,,Hazratpur,হযরতপুর,23.743616,90.2461221,
Village,OSM_node_7559147603,,Banagram,বনগ্রাম,23.8173854,90.3110503,
Village,OSM_node_7562554651,,Bhakurta,ভাকুর্তা,23.769577,90.2827261,
Mahalla,OSM_node_7571872791,,Kalna,কালনা,23.1939907,89.6938309,
Mahalla,OSM_node_7577636011,,ভাটিয়াপাড়া,ভাটিয়াপাড়া,23.2135303,89.7101058,
Mouza,OSM_node_7667949509,,Palash Molla Bari,মোল্লা বাড়ি,23.977682,90.6533387,
Village,OSM_node_8061917027,,Poradia,পোড়াদিয়া,24.1580675,90.8081011,
Village,OSM_node_8061918565,,Rajarampur,রাজারামপুর,24.1540911,90.8164125,
Village,OSM_node_8061932746,,Chandipara,চন্ডিপাড়া,24.152388,90.8095554,
Village,OSM_node_8061947845,,Binnabaid,বিন্নাবাইদ,24.1596699,90.8145091,
Village,OSM_node_8061949078,,Rayergaon,রায়েরগাও,24.1597,90.7981962,
Village,OSM_node_8061950595,,Kawarteki,কাওয়ারটেকি,24.1475579,90.8135585,
Village,OSM_node_8061965454,,Radhakhali,রাধাখালী,24.1406876,90.8210798,
Village,OSM_node_8061967406,,Bangalgaon,বাঙ্গালগাঁও,24.1415421,90.7897906,
Village,OSM_node_8061969302,,Tongirtek,টঙ্গীরটেক,24.1457112,90.7927765,
Village,OSM_node_8061972040,,Bhengarduba,ভেঙ্গারডুবা,24.1370471,90.8022172,
Village,OSM_node_8061988073,,Nondarampur,নন্দারামপুর,24.1437364,90.8020475,
Village,OSM_node_8086742179,,Bir Baghber,বীর বাঘবের,24.125348,90.8160379,
Village,OSM_node_8086748235,,Patuli,পাটুলি,24.1327238,90.8156551,
Mahalla,OSM_node_8483930222,,Paity,পাইটি,23.7253864,90.4807056,
Mahalla,OSM_node_8483986158,,Demra,ডেমরা,23.7284914,90.4974041,
Village,OSM_node_8887870479,,Shilarchar,শিলারচর,23.3237628,90.5754394,
Mahalla,OSM_node_8889514796,,Shimultola,শিমুলতলা,23.7885732,90.3654816,
Mahalla,OSM_node_8948933297,,Jhilpar,ঝিলপাড়,23.7870863,90.3650313,
Mahalla,OSM_node_8948933299,,Bow Bazar,বউ বাজার,23.7890822,90.3624993,
Mahalla,OSM_node_8953203672,,Motijheel,মতিঝিল,23.7272598,90.4211957,
Mahalla,OSM_node_8953925035,,Mirpur,মিরপুর,23.8123629,90.3640891,
Mahalla,OSM_node_8968735495,,Agargaon,আগারগাঁও,23.781597,90.3762317,
Mahalla,OSM_node_8968772336,,Kazipara,কাজীপাড়া,23.7989627,90.3703076,
Mahalla,OSM_node_8968799603,,Shewrapara,শেওড়াপাড়া,23.7932392,90.3766243,
Mahalla,OSM_node_8973762524,,Folpotti,ফলপট্টি,23.8061192,90.3680624,
Mahalla,OSM_node_8973762525,,Kolwala Para,কলওয়ালা পাড়া,23.7976429,90.3545093,
Mahalla,OSM_node_8973762526,,Shah Shaheb Nogor,শাহ সাহেব নগর,23.7892641,90.356698,
Mahalla,OSM_node_8982494282,,Habuler Pukurpar,হাবুলের পুকুরপাড়,23.7929478,90.3603047,
Mahalla,OSM_node_8989397855,,Amtola,আমতলা,23.7846745,90.3676719,
Mahalla,OSM_node_8989423001,,Ibrahimpur,ইব্রাহিমপুর,23.7953947,90.3843326,
Mahalla,OSM_node_9021942369,,Segunbagicha,সেগুনবাগিচা,23.7340321,90.4076745,
Mahalla,OSM_node_9021942370,,Noya Paltan,নয়া পল্টন,23.7356527,90.4132052,
Mahalla,OSM_node_9024316832,,Shiddheswari,সিদ্ধেশ্বরী,23.7443956,90.4104633,
Mahalla,OSM_node_9024343174,,Malibagh,মালিবাগ,23.7464464,90.4159433,
Mahalla,OSM_node_9024343176,,Shahidbagh,শহীদবাগ,23.7432007,90.4206265,
Mahalla,OSM_node_9024389533,,Shantinagar,শান্তিনগর,23.7385358,90.4139156,
Mahalla,OSM_node_9024389534,,Rajarbag,রাজারবাগ,23.7395964,90.4171128,
Mahalla,OSM_node_9024389536,,Hajipara,হাজীপাড়া,23.7580096,90.4181052,
Mahalla,OSM_node_9024389538,,Rajabazar,রাজাবাজার,23.7549507,90.3848351,
Mahalla,OSM_node_9024389539,,Sobhanbag,সোবহানবাগ,23.7559523,90.3775127,
Mahalla,OSM_node_9024389540,,Kolabagan,কলাবাগান,23.7488966,90.3821314,
Mahalla,OSM_node_9024389542,,Kathalbagan,কাঠালবাগান,23.7478163,90.3889764,
Mahalla,OSM_node_9024430197,,Johuri Moholla,জহুরী মহল্লা,23.771339,90.362621,
Mahalla,OSM_node_9024430198,,Bijli Moholla,বিজলি মহল্লা,23.769282,90.3612584,
Mahalla,OSM_node_9024430199,,Aziz Moholla,আজিজ মহল্লা,23.7677944,90.3614945,
Mahalla,OSM_node_9024489330,,Tejgaon,তেজগাঁও,23.7628204,90.3912992,
Mahalla,OSM_node_9024489331,,Mogbazar,মগবাজার,23.7519698,90.4079665,
Mahalla,OSM_node_9026037312,,Mugda,মুগদা,23.7291223,90.4335651,
Mahalla,OSM_node_9027812715,,Rampura,রামপুরা,23.7626126,90.4205675,
Mahalla,OSM_node_9028978729,,Shahjadpur,শাহজাদপুর,23.7884856,90.4237741,
Mahalla,OSM_node_9029057082,,Satarkul,সাতারকুল,23.7860655,90.4459859,
Mahalla,OSM_node_9029090354,,Bhatara,ভাটারা,23.8000302,90.4338301,
Mahalla,OSM_node_9029141717,,Tolarbag,টোলারবাগ,23.7914553,90.3518833,
Mahalla,OSM_node_9031188306,,Nakhalpara,নাখালপাড়া,23.7688388,90.3960119,
Mahalla,OSM_node_9031188308,,Paikpara,পাইকপাড়া,23.7884405,90.3610923,
Mahalla,OSM_node_9031188309,,Pirerbag,পীরেরবাগ,23.7901781,90.3666203,
Mahalla,OSM_node_9031306963,,Kafrul,কাফরুল,23.7891719,90.3863131,
Mahalla,OSM_node_9031452193,,Bongshal,বংশাল,23.7176039,90.4066335,
Mahalla,OSM_node_9031452194,,Nawabpur,নবাবপুর,23.7168771,90.4118102,
Mahalla,OSM_node_9031452195,,Wari,ওয়ারী,23.7186574,90.4153989,
Mahalla,OSM_node_9031452196,,Armanitola,আরমানিটোলা,23.7139744,90.4016165,
Mahalla,OSM_node_9031486862,,Bashabo,বাসাবো,23.7405474,90.4333478,
Mahalla,OSM_node_9031486863,,Goran,গোড়ান,23.747854,90.4336267,
Mahalla,OSM_node_9031486865,,Madartek,মাদারটেক,23.7431008,90.4399835,
Mahalla,OSM_node_9031543667,,Azimpur,আজিমপুর,23.7252946,90.3834641,
Mahalla,OSM_node_9031543668,,Lalbag,লালবাগ,23.7180752,90.3846389,
Mahalla,OSM_node_9031839911,,Shahbag,শাহবাগ,23.7373359,90.3961724,
Mahalla,OSM_node_9032373441,,Maniknagar,মানিকনগর,23.7231537,90.4328687,
Mahalla,OSM_node_9032373442,,Saydabad,সায়দাবাদ,23.7158555,90.4279227,
Mahalla,OSM_node_9033906917,,Kuril,কুড়িল,23.8197279,90.42364,
Mahalla,OSM_node_9033978368,,Nurer Chala,নুরের চালা,23.7957069,90.4331606,
Mahalla,OSM_node_9034042879,,Shukrabad,শুক্রাবাদ,23.7537064,90.3797806,
Mahalla,OSM_node_9034444571,,Azampur,আজমপুর,23.8665496,90.4100105,
Mahalla,OSM_node_9035013164,,Chawkbazar,চকবাজার,23.715323,90.3954354,
Mahalla,OSM_node_9035871157,,Baunia,বাউনিয়া,23.8496408,90.3870016,
Mahalla,OSM_node_9036243801,,Bishil,বিশিল,23.7962741,90.3499241,
Mahalla,OSM_node_9037174038,,Nobaberbag,নবাবেরবাগ,23.8089595,90.3413192,
Village,OSM_node_9037174040,,Kaundia,কাউন্দিয়া,23.7982893,90.3357831,
Mahalla,OSM_node_9037174042,,Lalkuthi,লালকুঠি,23.7894836,90.3465441,
Village,OSM_node_9037214386,,Aminbazar,আমিনবাজার,23.7864942,90.330182,
Village,OSM_node_9037214387,,Bordeshi,বরদেশী,23.7837527,90.3293907,
Mahalla,OSM_node_9037252045,,Lalmati,লালমাটি,23.8183169,90.377726,
Mahalla,OSM_node_9039591054,,Joar Sahara,জোয়ার সাহারা,23.8175844,90.4180097,
Mahalla,OSM_node_9040804054,,Beraid,বেরাইদ,23.7999829,90.4757268,
Mahalla,OSM_node_9044596293,,Jolshiri Abashon,জলসিঁড়ি আবাসন,23.8111867,90.5008885,
Mahalla,OSM_node_9044627628,,Gendaria,গেন্ডারিয়া,23.7029148,90.4240806,
Mahalla,OSM_node_9044653284,,Postogola,পোস্তগোলা,23.6917791,90.4287048,
Mahalla,OSM_node_9044656200,,Tikatuli,টিকাটুলি,23.7189757,90.424011,
Mahalla,OSM_node_9044667576,,Chairman Bari,চেয়ারম্যান বাড়ি,23.7881472,90.4010004,
Mahalla,OSM_node_9044670144,,Rayer Bazar,রায়ের বাজার,23.7450029,90.3629553,
Mahalla,OSM_node_9044670146,,Jigatola,জিগাতলা,23.7390073,90.3710009,
Mahalla,OSM_node_9044700736,,Shyampur,শ্যামপুর,23.6855403,90.4394712,
Mahalla,OSM_node_9044700737,,Pagla,পাগলা,23.6692886,90.4599966,
Mahalla,OSM_node_9044700738,,Matuail,মাতুয়াইল,23.7029393,90.463095,
Mahalla,OSM_node_9044700739,,Shonir Akhra,শনির আখড়া,23.7036614,90.4508803,
Mahalla,OSM_node_9044700740,,Dholairpar,ধোলাইরপাড়,23.7026053,90.4353396,
Mahalla,OSM_node_9044757150,,Staff Quarter,স্টাফ কোয়ার্টার,23.7436803,90.3683557,
Mahalla,OSM_node_9052262819,,Dhaka Cantonment,ঢাকা সেনানিবাস,23.8047931,90.3986929,
Mahalla,OSM_node_9052262820,,Mirpur Cantonment,মিরপুর সেনানিবাস,23.8389781,90.359597,
Village,OSM_node_9052558606,,Sadullapur,সাদুল্লাপুর,23.837045,90.3209531,
Village,OSM_node_9052565707,,Rajason,রাজাসন,23.8471519,90.2759737,
Village,OSM_node_9053788504,,Birulia,বিরুলিয়া,23.8501655,90.3339337,
Mahalla,OSM_node_9056157965,,Jurain,জুরাইন,23.6962458,90.4343127,
Mahalla,OSM_node_9057685710,,Zinzira,জিঞ্জিরা,23.7063869,90.3959837,
Mahalla,OSM_node_9057685711,,Ekuria,ইকুরিয়া,23.6831129,90.4195817,
Village,OSM_node_9057685712,,Pangaon,পানগাঁও,23.6588226,90.4470851,
Village,OSM_node_9057685713,,Ati,আটি,23.7295782,90.3350868,
Village,OSM_node_9057685714,,Melartek,মেলারটেক,23.7942679,90.3344538,
Village,OSM_node_9057685716,,Isakabad,ইসাকাবাদ,23.7885347,90.3354355,
Village,OSM_node_9057721419,,Rustompur,রুস্তমপুর,23.8752908,90.3479614,
Village,OSM_node_9057721420,,Deul,দেউল,23.8697672,90.3428223,
Village,OSM_node_9057721421,,Akran,আকরান,23.8590726,90.3083827,
Village,OSM_node_9057721422,,Khagan,খাগান,23.8749769,90.310448,
Mahalla,OSM_node_9057721423,,Ashulia Model Town,আশুলিয়া মডেল টাউন,23.8709151,90.3175237,
Village,OSM_node_9057722250,,Baghsatra,বাঘসাত্রা,23.8008799,90.3402884,
Mahalla,OSM_node_9064090942,,Ramna,রমনা,23.7398559,90.4022658,
Mahalla,OSM_node_9064097554,,Kawran Bazar,কাওরান বাজার,23.75174,90.3938496,
Mahalla,OSM_node_9064097563,,Panthopath,পান্থপথ,23.750704,90.3864735,
Mahalla,OSM_node_9065338880,,Bosila,বসিলা,23.7473392,90.345289,
Mahalla,OSM_node_9065338881,,Washpur,ওয়াশপুর,23.7387362,90.3418558,
Mahalla,OSM_node_9065660512,,Diabari,দিয়াবাড়ি,23.8724286,90.366364,
Mahalla,OSM_node_9065705238,,Ramchandrapur,রামচন্দ্রপুর,23.7664802,90.346215,
Village,OSM_node_9069081040,,Binodpur,বিনোদপুর,23.8735747,90.3423691,
Village,OSM_node_9069081041,,Dampara,দামপাড়া,23.8665244,90.3324833,
Village,OSM_node_9069081042,,Saipara,সাইপাড়া,23.8674035,90.3375626,
Village,OSM_node_9069081043,,Paragaon,পাড়াগাঁও,23.8789215,90.3395796,
Village,OSM_node_9069081044,,Sadhupara,সাধুপাড়া,23.8836697,90.3320265,
Village,OSM_node_9069081045,,Gauripur,গৌরিপুর,23.8889082,90.3159333,
Village,OSM_node_9069081046,,Basaid,বাসাইদ,23.8900854,90.3033591,
Village,OSM_node_9069081047,,Sujabad,সুজাবাদ,23.8874367,90.323701,
Village,OSM_node_9069081048,,Chandgaon,চাঁদগাঁও,23.8821197,90.3250099,
Mahalla,OSM_node_9070791839,,Rayerbag,রায়েরবাগ,23.6980479,90.457102,
Mahalla,OSM_node_9070817029,,Donia,দনিয়া,23.7026953,90.4447096,
Mahalla,OSM_node_9072812094,,Pilkhana,পিলখানা,23.7317491,90.3757956,
Mahalla,OSM_node_9072931227,,Basundhara Riverview,বসুন্ধরা রিভারভিউ,23.6699971,90.4280632,
Mahalla,OSM_node_9073045494,,Jhilmil Residential,ঝিলমিল আবাসিক,23.6782087,90.3992368,
Mahalla,OSM_node_9076243667,,Narinda,নারিন্দা,23.7122811,90.4186614,
Mahalla,OSM_node_9076402950,,Badamtoli,বাদামতলী,23.708983,90.4040466,
Mahalla,OSM_node_9076402952,,Sutrapur,সূত্রাপুর,23.7064485,90.416873,
Mahalla,OSM_node_9076478271,,Mahuttuli,মাহুৎটুলী,23.7172386,90.4020011,
Mahalla,OSM_node_9076478272,,Becharam Dewri,বেচারাম দেউড়ি,23.7159862,90.4000484,
Mahalla,OSM_node_9076503767,,Chankharpul,চানখারপুল,23.7231344,90.3998903,
Mahalla,OSM_node_9076503768,,Muqim Katra,মুকিম কাটরা,23.716018,90.397235,
Mahalla,OSM_node_9076503769,,Nawabganj,নবাবগঞ্জ,23.7228913,90.3765364,
Mahalla,OSM_node_9081884485,,Bokshibazar,বকশীবাজার,23.7218221,90.3949665,
Mahalla,OSM_node_9084115678,,Golapbag,গোলাপবাগ,23.7192068,90.4293159,
Mahalla,OSM_node_9084115689,,Zindabahar,জিন্দাবাহার,23.7129885,90.4056148,
Mahalla,OSM_node_9085812858,,Moulovibazar,মৌলভীবাজার,23.7152391,90.3978441,
Mahalla,OSM_node_9087441016,,Alu Bazar,আলু বাজার,23.7200168,90.4083652,
Mahalla,OSM_node_9087451770,,Kaptan Bazar,কাপ্তান বাজার,23.7222987,90.4131118,
Mahalla,OSM_node_9087777208,,Manda,মান্ডা,23.7299685,90.440036,
Mahalla,OSM_node_9088670979,,Surujbag,সুরুজবাগ,23.7457577,90.454753,
Mahalla,OSM_node_9088670980,,Nandipara,নন্দিপাড়া,23.7461407,90.4485839,
Mahalla,OSM_node_9088684631,,South Banasree,দক্ষিণ বনশ্রী,23.7523091,90.4402892,
Mahalla,OSM_node_9091309946,,Kashmiritola,কাশ্মীরিতলা,23.7232807,90.3814004,
Mahalla,OSM_node_9093413434,,Kajla,কাজলা,23.7097034,90.4429526,
Mahalla,OSM_node_9093454218,,Janata Market,জনতা মার্কেট,23.6972215,90.4393052,
Mahalla,OSM_node_9097356766,,Sobji Bagan,সবজি বাগান,23.7440138,90.4006661,
Mahalla,OSM_node_9097904719,,কুমিল্লাপাড়া,কুমিল্লাপাড়া,23.7116678,90.379477,
Mahalla,OSM_node_9097996779,,Madbor Bazar,মাদবর বাজার,23.7096786,90.3775727,
Mahalla,OSM_node_9102588351,,Sipahibag,সিপাহীবাগ,23.7522957,90.4318434,
Mahalla,OSM_node_9102588541,,Kodomtola,কদমতলা,23.7368456,90.4341563,
Mahalla,OSM_node_9103046908,,Sarulia,সারুলিয়া,23.7120091,90.4900439,
Mahalla,OSM_node_9103089236,,Amulia,আমুলিয়া,23.7366535,90.478757,
Mahalla,OSM_node_9113902970,,Rahmatbag,রহমতবাগ,23.7129256,90.3795125,
Mahalla,OSM_node_9113902971,,Rupnagar,রূপনগর,23.7153887,90.3777396,
Mahalla,OSM_node_9116014681,,Bhatulia,ভাটুলিয়া,23.8942819,90.3821117,
Mahalla,OSM_node_9116014682,,Dhour,ধউর,23.890623,90.3685719,
Mahalla,OSM_node_9119048413,,Manikdi,মানিকদি,23.8270857,90.3923784,
Mahalla,OSM_node_9119065717,,Zia Colony,জিয়া কলোনি,23.8185959,90.4068731,
Mahalla,OSM_node_9121826541,,Chamelibag,চামেলিবাগ,23.7418095,90.4133813,
Village,OSM_node_9147243615,,Bhulta,ভুলতা,23.7836759,90.5673407,
Mahalla,OSM_node_9147243616,,Shiddhirganj,সিদ্ধিরগঞ্জ,23.6886846,90.5101132,
Village,OSM_node_9148466230,,Mostafapur,মোস্তফাপুর,23.1541416,90.1388633,
Mahalla,OSM_node_9160337677,,Malitola,মালিটোলা,23.7233154,90.3780042,
Mahalla,OSM_node_9161734199,,Nagar Beltoli,নগর বেলতলী,23.7213771,90.3804514,
Mahalla,OSM_node_9166806416,,Tekerhat,টেকেরহাট,23.2293405,90.0206707,
Mahalla,OSM_node_9169474120,,Aftabnagar,আফতাবনগর,23.7657519,90.445198,
Mahalla,OSM_node_9169606176,,Solmaid,সোলমাইদ,23.8040908,90.431668,
Mahalla,OSM_node_9173631340,,Fatullah,ফতুল্লা,23.6503507,90.4757879,
Mahalla,OSM_node_9173710400,,Muktarpur,মুক্তারপুর,23.5656766,90.5116338,
Mahalla,OSM_node_9186625730,,Jirabo,জিরাবো,23.9128375,90.3187009,
Mahalla,OSM_node_9186637184,,Bishmile,বিশমাইল,23.8961719,90.270154,
Mahalla,OSM_node_9186651692,,Baipail,বাইপাইল,23.938348,90.2712273,
Mahalla,OSM_node_9186687239,,Norshinghpur,নরসিংহপুর,23.9317817,90.3079354,
Mahalla,OSM_node_9186687446,,C&B,সিএন্ডবি,23.8721876,90.2734143,
Mahalla,OSM_node_9187750703,,Hemayetpur,হেমায়েতপুর,23.7935258,90.2708736,
Mahalla,OSM_node_9187758190,,Bank Town,ব্যাংক টাউন,23.8209019,90.2595279,
Mahalla,OSM_node_9187772091,,Gazipura,গাজীপুরা,23.9213315,90.3919787,
Mahalla,OSM_node_9187785391,,Savar Cantonment,সাভার ক্যান্টনমেন্ট,23.9165413,90.2703256,
Village,OSM_node_9187802402,,Pubail,পুবাইল,23.9352271,90.4765258,
Village,OSM_node_9189423225,,Konabari,কোনাবাড়ী,24.0120416,90.3166405,
Mahalla,OSM_node_9189448956,,Salna,সালনা,24.0259631,90.3846659,
Mahalla,OSM_node_9195785050,,Bhogra,ভোগড়া,23.977719,90.3810553,
Village,OSM_node_9195785051,,Zirani,জিরানী,23.9933613,90.2537492,
Village,OSM_node_9195831760,,Pahar Kanchanpur,পাহাড় কাঞ্চনপুর,24.2487765,90.1416335,
Village,OSM_node_9199812802,,Kodda,কড্ডা,23.9936283,90.3500589,
Village,OSM_node_9199853269,,Bagher Bazar,বাঘের বাজার,24.1648492,90.4266533,
Village,OSM_node_9200008084,,Shafipur,শফিপুর,24.0253091,90.2748971,
Village,OSM_node_9200099371,,Bhabanipur,ভবানীপুর,23.9929577,90.2776959,
Village,OSM_node_9200120222,,Rajendrapur,রাজেন্দ্রপুর,24.100134,90.448634,
Village,OSM_node_9201848874,,Hotapara,হোতাপাড়া,24.1234317,90.4080702,
Village,OSM_node_9201886207,,Barmi,বরমী,24.2452848,90.5224806,
Village,OSM_node_9201886313,,Pirujali,পিরুজালী,24.1392419,90.3649937,
Mahalla,OSM_node_9201915834,,Cherag Ali,চেরাগ আলী,23.9057737,90.3991089,
Village,OSM_node_9205437023,,Bhawal Mirzapur,ভাওয়াল মির্জাপুর,24.0872895,90.3464162,
Village,OSM_node_9205460933,,Rajabari,রাজাবাড়ী,24.1060205,90.4980765,
Village,OSM_node_9205461940,,Panchdona,পাচঁদোনা,23.8926949,90.6637713,
Village,OSM_node_9206647978,,Marjal,মরজাল,24.0320121,90.8330984,
Village,OSM_node_9206655343,,Itakhola,ইটাখোলা,23.9805007,90.7331112,
Village,OSM_node_9206724896,,Charsindur,চরসিন্দুর,24.0149854,90.6628492,
Mahalla,OSM_node_9207103762,,Riazbag,রিয়াজবাগ,23.7537383,90.4253414,
Mahalla,OSM_node_9280245987,,Paradogar,পাড়াডোগার,23.7137871,90.4695524,
Village,OSM_node_9331577200,,Ruhitpur,রুহিতপুর,23.6859621,90.3077495,
Village,OSM_node_9331577201,,Doleshwar,দোলেশ্বর,23.6719395,90.4394927,
Village,OSM_node_9331577202,,Shuvadda,শুভাড্ডা,23.6899933,90.3924514,
Village,OSM_node_9331577203,,Murapara,মুড়াপাড়া,23.7765088,90.5267828,
Village,OSM_node_9331577205,,Mirerbag,মিরেরবাগ,23.68904,90.4186682,
Village,OSM_node_9331577206,,Hasnabad,হাসনাবাদ,23.6825996,90.4254385,
Village,OSM_node_9331577207,,Baroipara,বারৈপাড়া,24.0279066,90.2420962,
Village,OSM_node_9331577208,,Borpa,বরপা,23.7472957,90.5451558,
Mahalla,OSM_node_9331577209,,Shimrail,শিমরাইল,23.7018941,90.5116957,
Mahalla,OSM_node_9331577212,,Khejurbag,খেজুরবাগ,23.6957648,90.4096894,
Mahalla,OSM_node_9331577213,,Nazirabag,নাজিরাবাগ,23.6937675,90.4018518,
Village,OSM_node_9331577216,,Char Mirerbag,চর মিরেরবাগ,23.696683,90.4145694,
Mahalla,OSM_node_9331599918,,Kaliganj,কালিগঞ্জ,23.7006014,90.4059,
Mahalla,OSM_node_9331599920,,Raghunathpur,রঘুনাথপুর,23.7110146,90.3854095,
Mahalla,OSM_node_9331599925,,Kamalbag,কামালবাগ,23.712064,90.3910658,
Mahalla,OSM_node_9331599927,,Bhagalpur,ভাগলপুর,23.7244858,90.3766107,
Mahalla,OSM_node_9331599928,,Enayetganj,এনায়েতগঞ্জ,23.7256366,90.3769434,
Mahalla,OSM_node_9331599929,,Burhanpur,বুরহানপুর,23.729461,90.3672388,
Mahalla,OSM_node_9331599931,,Tallabag,তল্লাবাগ,23.7414075,90.3659264,
Mahalla,OSM_node_9331599942,,Ansarbag,আনসারবাগ,23.7574049,90.4355821,
Mahalla,OSM_node_9331599943,,Baganbari,বাগানবাড়ি,23.7395589,90.4406377,
Mahalla,OSM_node_9331599944,,Ahmadbag,আহমদবাগ,23.735088,90.4322259,
Mahalla,OSM_node_9331599946,,Rishipara,ঋষিপাড়া,23.711717,90.4213764,
Mahalla,OSM_node_9331599965,,Nogorpara,নগরপাড়া,23.7736252,90.4887815,
Village,OSM_node_9331599966,,Kayetpara,কায়েতপাড়া,23.7728288,90.4926682,
Village,OSM_node_9331599968,,Nasirabad,নাসিরাবাদ,23.7594045,90.4639461,
Village,OSM_node_9331599969,,Dasherkandi,দাসেরকান্দি,23.7631412,90.4662075,
Mahalla,OSM_node_9331599971,,Trimohani,ত্রিমোহনী,23.7574118,90.4538611,
Mahalla,OSM_node_9331599973,,Rajarbag,রাজারবাগ,23.7358296,90.440817,
Mahalla,OSM_node_9331599975,,Provatibag,প্রভাতিবাগ,23.746933,90.4299346,
Mahalla,OSM_node_9331599976,,Shantipur,শান্তিপুর,23.7457036,90.4314052,
Mahalla,OSM_node_9331599977,,Momenbag,মোমেনবাগ,23.7527232,90.4353709,
Mahalla,OSM_node_9331599978,,Nabinbag,নবীনবাগ,23.7516756,90.4372483,
Mahalla,OSM_node_9331599979,,Nurbag,নুরবাগ,23.7499257,90.4343562,
Mahalla,OSM_node_9331599980,,Adarshabag,আদর্শবাগ,23.7514109,90.4339787,
Mahalla,OSM_node_9333465940,,Bottola,বটতলা,23.7876127,90.3631266,
Mahalla,OSM_node_9333465941,,Sonali Nagar,সোনালি নগর,23.7874164,90.36384,
Mahalla,OSM_node_9365246448,,Bania Nagar,বানিয়া নগর,23.7084309,90.4188312,
Mahalla,OSM_node_9383689420,,Kadamtali,কদমতলী,23.6867705,90.454595,
Village,OSM_node_9384000239,,Ghatarchar,ঘাটারচর,23.7350505,90.3354393,
Mahalla,OSM_node_9421997131,,Noyapara,নয়াপাড়া,23.7023356,90.4494379,
Mahalla,OSM_node_9422524327,,Bhuigar,ভুঁইগড়,23.6774385,90.4819333,
Mahalla,OSM_node_9439896189,,Gulshan,গুলশান,23.7921765,90.4155528,
Mahalla,OSM_node_9510031638,,Mugrakul,মুগরাকুল,23.7245744,90.5248441,
Mahalla,OSM_node_9587198342,,Nilkomol Residential Area,নীলকমল আবাসিক এলাকা,23.7181542,90.371223,
Mahalla,OSM_node_9597015220,,Japan Garden City,জাপান গার্ডেন সিটি,23.764705,90.357781,
Mahalla,OSM_node_9684373258,,Chandona,চান্দনা,23.9890374,90.3825191,
Mahalla,OSM_node_9722050258,,Madrasapara,মাদ্রাসাপাড়া,23.708788,90.3738976,
Mahalla,OSM_node_9722223856,,Dumni,ডুমনী,23.8283633,90.4758094,
Village,OSM_node_9832278513,,Boliarpur,বলিয়ারপুর,23.7959554,90.2904742,
Village,OSM_node_9836899019,,Basta,বাস্তা,23.6383985,90.0815554,
Village,OSM_node_9836900155,,Char Kushai,চর কুশাই,23.632448,90.0934677,
Village,OSM_node_9838795678,,Shilakotha,শিলাকোঠা,23.6403759,90.0602546,
Village,OSM_node_9838795679,,Batia,বটিয়া,23.6115558,90.1190259,
Village,OSM_node_9838826214,,Bash Tala,বাঁশ তলা,23.6277368,90.1077727,
Village,OSM_node_9838859935,,Kartikpur,কার্তিকপুর,23.6325487,90.0755423,
Village,OSM_node_9838861507,,Dhoiar,ধোয়াইর,23.6503517,90.0419089,
Village,OSM_node_9846563056,,Toke,টোক,24.2612551,90.6421987,
Village,OSM_node_9854176638,,Mukshedpur,মুকসেদপুর,23.5474985,90.1624684,
Village,OSM_node_9854177247,,Meghula,মেঘুলা,23.5797548,90.145431,
Village,OSM_node_9854177248,,Narisha,নারিশা,23.5576483,90.1510744,
Village,OSM_node_9854205474,,Kathalighata,কাঠালীঘাটা,23.6365922,90.1279166,
Village,OSM_node_9854205475,,Banaghata,বানাঘাটা,23.61158,90.1424398,
Village,OSM_node_9854210057,,Fultala,ফুলতলা,23.5398463,90.1734762,
Village,OSM_node_9854210058,,South Shimulia,দক্ষিণ শিমুলিয়া,23.5785013,90.1533196,
Village,OSM_node_9854210060,,Sutarpara,সুতারপাড়া,23.5919465,90.1447884,
Village,OSM_node_9854881791,,Chalakchar,চালাকচর,24.1897008,90.7314036,
Village,OSM_node_9866796740,,Lotakhola,লটাখোলা,23.6230182,90.1119936,
Village,OSM_node_9866805497,,Ikrashi,ইকরাশি,23.6411705,90.1067402,
Village,OSM_node_9866811196,,Char Mohammadpur,চর মোহাম্মদপুর,23.6264282,90.0764408,
Mahalla,OSM_node_10079803798,,Madinabag,মদীনাবাগ,23.7301083,90.433803,
Mahalla,OSM_node_10081723147,,Mayakanon,মায়াকানন,23.7348802,90.4301047,
Mahalla,OSM_node_10081723148,,Sabujkanon,সবুজকানন,23.7332228,90.429072,
Mahalla,OSM_node_10105868844,,Tejgaon Industrial Area,তেজগাঁও শিল্প এলাকা,23.7648783,90.405798,
Mouza,OSM_node_10212288567,,"East Para, Paity",পূর্বপাড়া পাইটি,23.7300248,90.4816788,
Mouza,OSM_node_10224592673,,Choto Paity,ছোট পাইটি,23.7222312,90.477332,
Mahalla,OSM_node_10307736542,,Bhumi polly Abason,ভূমি পল্লী আবাসন,23.6965934,90.5123715,
Mahalla,OSM_node_11049031592,,Noyatola,নয়াটোলা,23.7562013,90.4101983,
Mahalla,OSM_node_11050265853,,Gupipara,গুপিপাড়া,23.7864424,90.4243172,
Mahalla,OSM_node_11058042557,,Bakshibag,বকশীবাগ,23.7482975,90.4151513,
Mahalla,OSM_node_11109360712,,Anandabazar,আনন্দবাজার,23.7238926,90.4039032,
Mahalla,OSM_node_11166092115,,Chhayabithi,ছায়াবিথি,23.7419776,90.4347901,
Mahalla,OSM_node_11195296721,,Pukurpar,পুকুরপাড়,23.7230419,90.4318749,
Mahalla,OSM_node_11215671125,,Balur Math,বালুর মাঠ,23.7235445,90.4388958,
Mahalla,OSM_node_11232998960,,Khalpar,খালপাড়,23.7256981,90.4349919,
Village,OSM_node_11377105469,,Dulalpur,দুলালপুর,24.0462709,90.6810789,
Village,OSM_node_11378095045,,Hatirdiya,হাতিরদিয়া,24.1005958,90.7042773,
Mahalla,OSM_node_11422162367,,South Town,সাউথ টাউন,23.6649671,90.3733356,
Mahalla,OSM_node_11521137999,,Adorshobag,আদর্শবাগ,23.7069586,90.467983,
Mahalla,OSM_node_11525788767,,Samadnagar,সামাদনগর,23.7142076,90.4474789,
Mahalla,OSM_node_11527435475,,Mridhabari,মৃধাবাড়ী,23.712619,90.4534223,
Mahalla,OSM_node_11663604531,,Shantidhara Society,শান্তিধারা সোসাইটি,23.7258327,90.4331156,
Mahalla,OSM_node_11663604532,,Anondodhara,আনন্দধারা,23.7256314,90.4310637,
Mahalla,OSM_node_11780294862,,Dakkhingaon,দক্ষিণগাঁও,23.7428658,90.4461306,
Mahalla,OSM_node_11903067063,,Block A,ব্লক এ,23.7797373,90.3322363,
Mahalla,OSM_node_11903143307,,Block C,ব্লক সি,23.7796908,90.3283462,
Mahalla,OSM_node_11991447441,,Oli Miar Tek,অলি মিয়ার টেক,23.7895292,90.3704756,
Mahalla,OSM_node_11993634218,,Palong,পালং,23.2195633,90.3489234,
Village,OSM_node_12009023809,,Bhojeshwar,ভোজেশ্বর,23.2582956,90.3872105,
Mahalla,OSM_node_12112959181,,American City,আমেরিকান সিটি,23.8314995,90.5825611,
Village,OSM_node_12149780450,,Salehpur,সালেহপুর,23.7887099,90.3241773,
Village,OSM_node_12561291498,,Dattapata,দত্তপাড়া,23.8725867,90.3195368,
Mahalla,OSM_node_12617906180,,Bhagolpur,ভাগলপুর,23.8359379,90.2493467,
Mahalla,OSM_node_12617942469,,Boktarpur,বক্তারপুর,23.8512101,90.2441549,
Mahalla,OSM_node_12617942888,,Dokkhinpara,দক্ষিণপাড়া,23.8414031,90.2473129,
Mahalla,OSM_node_12908935536,,Koshaibari,কসাইবাড়ী,23.8578137,90.4066404,
Mahalla,OSM_node_13055833631,,Kushumbagh,কুসুমবাগ,23.7367284,90.4450894,
Village,OSM_node_13359508833,,Brahmankitta,ব্রাহ্মণকিত্তা,23.704749,90.3640847,
Village,OSM_node_13392077150,,Mograpara,মোগরাপাড়া,23.6359585,90.5959494,
Village,OSM_node_13392084943,,Langalbandh,লাঙ্গলবন্ধ,23.658976,90.5646796,
Village,OSM_node_13523361853,,Dewshur Brahmonkitta,দেওশুর ব্রহ্মকিত্তা,23.7007133,90.3548461,
Village,OSM_node_13523439847,,খোলামোড়া,খোলামোড়া,23.7129958,90.3576043,
Mahalla,OSM_node_13592133792,,Joydebpur,জয়দেবপুর,24.0001226,90.4235314,
Mouza,OSM_node_13751412492,,West Para Paity,পশ্চিমপাড়া পাইটি,23.7286186,90.4788277,
Mahalla,OSM_node_13786706820,,Chhontek,ছনটেক,23.7071734,90.4441442,
Mahalla,OSM_way_302622554,,Geneva Camp,জেনেভা ক্যাম্প,23.7682011,90.3653616,
Mahalla,OSM_way_318722840,,Mohammadpur,মোহাম্মদপুর,23.7632433,90.3603262,
Mahalla,OSM_way_324709867,,Sikdar Estate,শিকদার এস্টেট,23.7402893,90.3577558,
Mahalla,OSM_way_324719641,,Sonatangor,সনাতনগড়,23.7389383,90.3646962,
Mahalla,OSM_way_330504319,,Duri Angul Lane,ডুরি আঙ্গুল লেন,23.7228323,90.3793911,
Mahalla,OSM_way_337767513,,Dokkhin Para,দক্ষিণ পাড়া,23.8405573,90.247921,
Village,OSM_way_370139723,,Ganpur,জ্ঞানপুর,24.2374465,90.9048085,
Mahalla,OSM_way_431816267,,Mirpur 11,মিরপুর ১১,23.8182114,90.3745711,
Village,OSM_way_451515779,,Lakkhipur,লক্ষীপুর,23.5469613,90.6521154,
Mahalla,OSM_way_456166262,,Metropolitan Cooperative Housing Society,মেট্রোপলিটন কোঅপারেটিভ হাউজিং,23.7698217,90.3629837,
Mahalla,OSM_way_532916425,,Gulshan,গুলশান,23.7900274,90.4121708,
Mahalla,OSM_way_560921321,,Japan Garden City,জাপান গার্ডেন সিটি,23.7642161,90.3575719,
Village,OSM_way_768122847,,Arjuna,অর্জুনা,24.5238362,89.8447925,
Village,OSM_way_798786595,,Barachapa Poschimpara,বড়চাপা পশ্চিমপাড়া,24.1972225,90.7768188,
Village,OSM_way_798786596,,Barachapa Moddhopara,বড়চাপা মধ্যপাড়া,24.1966949,90.7790657,
Village,OSM_way_798786597,,Barachapa Purbopara,বড়চাপা পর্বপাড়া,24.1965862,90.7816169,
Mahalla,OSM_way_802548130,,Chowdhuripara Block C,চৌধুরীপাড়া ব্লক সি,23.7487778,90.4215909,
Mahalla,OSM_way_978614953,,Sat Masjid Housing,সাত মসজিদ হাউজিং,23.7575892,90.3519467,
Village,OSM_way_1457579559,,Brahmanktta,ব্রাহ্মণকিত্তা,23.7026606,90.3626441,
Mahalla,OSM_way_1487984985,,Paity,পাইটি,23.7244208,90.4804958,
Mahalla,OSM_node_575973420,,Kadirgonj,কাদিরগঞ্জ,24.3729613,88.6000836,
Mahalla,OSM_node_575988850,,SagorPara,সাগরপাড়া,24.3647693,88.6073737,
Mahalla,OSM_node_575992558,,Sultanabad,সুলতানাবাদ,24.3693333,88.6043697,
Mahalla,OSM_node_575992808,,Beldarpara,বেলদারপাড়া,24.3684539,88.6063652,
Mahalla,OSM_node_1909696016,,Tikapara,টিকাপাড়া,24.366562,88.6121621,
Mahalla,OSM_node_2150751046,,Beltola Mor,বেলতলা মোড়,24.3627132,88.6347557,
Mahalla,OSM_node_2150756398,,Kazla More,কাজলা মোড়,24.3643588,88.6328113,
Mahalla,OSM_node_2150805960,,Dhorompur,ধরমপুর,24.3621288,88.6383929,
Mahalla,OSM_node_2150852154,,Talaimari,তালাইমারি,24.3617221,88.6268824,
Mahalla,OSM_node_2151673728,,Padma Residential Area,পদ্মা আবাসিক এলাকা,24.3784713,88.6225796,
Village,OSM_node_2432347375,,Agradigun,আগ্রাদ্বিগুন,25.1793599,88.7042492,
Village,OSM_node_2432407676,,Chanduriya,চান্দুরিয়া,24.5143801,88.5596726,
Village,OSM_node_2439172353,,Mataji Hat,মাতাজি হাট,24.9826254,88.8394383,
Mahalla,OSM_node_2456435609,,Baghabari,বাঘাবাড়ী,24.1387359,89.5858404,
Village,OSM_node_2456451541,,Kashinathpur,কাশীনাথপুর,23.9582815,89.6073642,
Village,OSM_node_2456518983,,Chinakhora,চিনাখড়া,23.9628403,89.4948996,
Village,OSM_node_2456520567,,Bonogram,বনগ্রাম,23.9966792,89.4729493,
Village,OSM_node_2456532730,,Ataikula,আটাইকুলা,24.0315313,89.4122954,
Mahalla,OSM_node_2510950986,,Uposhohor,উপশহর,24.8672747,89.3585562,
Mahalla,OSM_node_2510951437,,Nawabbari,নবাববাড়ি,24.8483572,89.375732,
Mahalla,OSM_node_2510953400,,Thanthaniya,ঠনঠনিয়া,24.8343855,89.3757077,
Mahalla,OSM_node_2510954436,,Kanuchgari,কানছগাড়ী,24.8405221,89.3736529,
Mahalla,OSM_node_2510954991,,Khandar,খান্দার,24.8407535,89.3689504,
Mahalla,OSM_node_2510956846,,Silimpur,ছিলিমপুর,24.8280654,89.3602422,
Mahalla,OSM_node_2510957447,,Puran Bogra,পুরান বগুড়া,24.8417428,89.3496658,
Mahalla,OSM_node_2510959031,,Phulbari,ফুলবাড়ী,24.8777904,89.3667667,
Mahalla,OSM_node_2510959121,,Kalitola,কালিতলা,24.8590277,89.3729468,
Mahalla,OSM_node_2510959195,,Ghunpara,ঘুনপাড়া,24.8603719,89.3628761,
Mahalla,OSM_node_2510959455,,Nishindara,নিশিন্দারা,24.8562443,89.3567259,
Mahalla,OSM_node_2510959850,,Shibbati,শিববাটি,24.8599967,89.3768581,
Mahalla,OSM_node_2510963978,,Seujgari,সেউজগাড়ী,24.8458346,89.364772,
Mahalla,OSM_node_2510964519,,Kamargari,কামারগাড়ি,24.8465296,89.3605036,
Mahalla,OSM_node_2510964744,,Dottobari,দত্তবাড়ি,24.8553407,89.3726554,
Mahalla,OSM_node_2510964801,,Katnarpara,কাটনারপাড়া,24.8566307,89.3693552,
Mahalla,OSM_node_2510964820,,Goalgari,গোয়ালগাড়ী,24.8584964,89.3634158,
Mahalla,OSM_node_2510964825,,Jhopgari,ঝোপগাড়ি,24.8759381,89.3543443,
Mahalla,OSM_node_2510965621,,Chok Sutrapur,চক সূত্রাপুর,24.8496478,89.3683373,
Mahalla,OSM_node_2510965639,,Sutrapur,সূত্রাপুর,24.8444879,89.3727898,
Mahalla,OSM_node_2510965892,,Naruli,নারুলী,24.8528703,89.3801857,
Village,OSM_node_2613315103,,Solonga,সলঙ্গা,24.4167532,89.5095948,
Village,OSM_node_2645026705,,Tarash,তাড়াস,24.4308309,89.3723971,
Village,OSM_node_2979055663,,Dasuria,দাশুড়িয়া,24.0991341,89.1494913,
Village,OSM_node_3360213594,,Bhangabari,ভাঙ্গাবাড়ি,24.3093797,89.6789294,
Village,OSM_node_3977672537,,Hatikumrul,হাটিকুমরুল,24.4182395,89.5518435,
Village,OSM_node_3977939204,,Salap,সলপ,24.2663378,89.6111432,
Village,OSM_node_3977946423,,Duaria,দুয়ারিয়া,24.1824053,89.0841627,
Village,OSM_node_3977946426,,Gopalpur,গোপালপুর,24.1841903,89.1348083,
Village,OSM_node_3977946427,,Hemayetpur,হেমায়েতপুর,23.985794,89.165541,
Village,OSM_node_3977946433,,Muladuli,মুলাডুলি,24.1369309,89.1272115,
Village,OSM_node_3977946434,,Narina,নরিনা,24.2034489,89.6022035,
Village,OSM_node_3977946439,,Sahapur,সাহাপুর,24.0331091,89.1259453,
Village,OSM_node_4693178333,,Uttar Baghoil,উত্তর বাঘইল,24.1050063,89.0611336,
Mahalla,OSM_node_4979885949,,Rahman Nagar,রহমান নগর,24.8383304,89.3762449,
Village,OSM_node_5147083821,,Chandaikona,চান্দাইকোনা,24.5570392,89.5025298,
Village,OSM_node_5224600811,,Nimgachi,নিমগাছি,24.4783593,89.4465803,
Village,OSM_node_5224619685,,Bhuiyangati,ভুঁইয়াগাঁতী,24.4939328,89.5077414,
Village,OSM_node_5234358621,,Nalka,নলকা,24.4227837,89.5962024,
Village,OSM_node_5593735127,,Ank-Hira,আঁখ-হিরা,24.7174195,88.249883,
Village,OSM_node_5645727254,,Dhukuria,ধুকুরিয়া,24.4101566,89.6298898,
Village,OSM_node_7196724473,,Borunkandi,বরুনকান্দি,24.8407433,88.9259791,
Village,OSM_node_7283022001,,Soto Chowgram,ছোট চৌগ্রাম,24.5511266,89.1570713,
Village,OSM_node_7283026969,,Goalbaria,গোয়ালবাড়িয়া,24.5824648,89.1501797,
Village,OSM_node_7283026970,,Hulhuila,হুলহুলিয়া,24.5730176,89.1284813,
Village,OSM_node_7283026971,,Sthapondighi,স্থাপনদিঘী,24.5837321,89.1355059,
Village,OSM_node_7283026972,,Udisha,উদিশা,24.5909124,89.148665,
Village,OSM_node_7283046003,,Nima Kodma,নিমা কোদমা,24.5609055,89.1608086,
Village,OSM_node_7283046004,,Shoair,শয়াইর,24.5773339,89.1660277,
Village,OSM_node_7292498354,,Madha Bashbaria,মাধা বাঁশবাড়িয়া,24.5006923,89.2669537,
Village,OSM_node_9123375856,,Patishar,পতিসর,24.6177853,89.0886717,
Village,OSM_node_9137887718,,Rooppur,রূপপুর,24.065196,89.0536307,
Village,OSM_node_9227153621,,Polipara,পলিপাড়া,24.843202,89.1864179,
Village,OSM_node_9272049812,,Sonamasjid,সোনামসজিদ,24.8343512,88.1438964,
Village,OSM_node_9328969080,,Shohordighi,শহর দীঘি,24.8393252,89.3334662,
Village,OSM_node_9329003429,,Shabrul,শাবরুল,24.7989347,89.3250225,
Village,OSM_node_9329003434,,Eruil,এরুইল,24.7992919,89.3102357,
Village,OSM_node_9329007888,,Murail,মুরইল,24.8553582,89.2949749,
Village,OSM_node_9329007889,,Damai,দামাই,24.8548034,89.2701019,
Village,OSM_node_9329007890,,Erulia,এরুলিয়া,24.8621621,89.3304189,
Village,OSM_node_9329011026,,Bakhra,বাখরা,24.8412502,89.3033558,
Village,OSM_node_9329011027,,Isobpur,ইসবপুর,24.8322062,89.299503,
Village,OSM_node_9329011028,,Koichor,কৈচড়,24.833201,89.321452,
Village,OSM_node_9329012510,,Indukur,ইন্দুকুর,24.796787,89.293158,
Village,OSM_node_9329012511,,Aghor Maloncha,অঘোর মালঞ্চা,24.7923859,89.2785647,
Village,OSM_node_9329012512,,Pallapara,পাল্লাপাড়া,24.7985987,89.2737624,
Village,OSM_node_9329024680,,Magura,মাগুরা,24.7840607,89.2538108,
Village,OSM_node_9329034155,,Boro Tangra,বড় টেংরা,24.9411969,89.3060266,
Village,OSM_node_9329034156,,Dormopur,ধর্মপুর,24.9369192,89.2975989,
Village,OSM_node_9357944752,,Mathura,মথুরা,24.9510531,89.3349668,
Village,OSM_node_9364435728,,Bejora Bazar,বেজোড়া বাজার,24.8264265,89.389565,
Mahalla,OSM_node_9366940883,,Bejora Moddhopara,বেজোড়া মধ্যপাড়া,24.8159293,89.3867189,
Mahalla,OSM_node_9366940884,,Bejora Dokkhinpara,বেজোড়া দক্ষিণপাড়া,24.8114168,89.3873882,
Village,OSM_node_9366941052,,Bejora Munsipara,বেজোড়া মুন্সিপাড়া,24.8224243,89.3951179,
Village,OSM_node_9366941053,,Bejora Shyamla Kathi Para,বেজোড়া শ্যামলা কাথী পাড়া,24.8258409,89.394543,
Village,OSM_node_9366941054,,Bejora Chokpara,বেজোড়া চকপাড়া,24.8222767,89.4004445,
Village,OSM_node_9366941055,,Dhakonta,ঢাকন্তা,24.8276723,89.4003469,
Village,OSM_node_9366941056,,Mondolpara,মন্ডলপাড়া,24.8196491,89.4013252,
Village,OSM_node_9366941116,,Shekhpara,শেখপাড়া,24.8309221,89.4097776,
Village,OSM_node_9366941117,,Nondogram,নন্দগ্রাম,24.8231901,89.4141785,
Village,OSM_node_9366941118,,Dorinondogram,দড়িনন্দগ্রাম,24.8172145,89.4150305,
Village,OSM_node_9366941119,,NIschintopur,নিশ্চিন্তপুর,24.8181335,89.4053684,
Village,OSM_node_9366941120,,Helenchapara,হেলেঞ্চাপাড়া,24.8140473,89.4088812,
Village,OSM_node_9366941122,,Madla,মাদলা,24.8024659,89.4086565,
Village,OSM_node_9366941123,,Sherkol,শেরকোল,24.8025619,89.4317377,
Village,OSM_node_9366941124,,Khottapara,খোট্টাপাড়া,24.7945419,89.4250885,
Village,OSM_node_9420071281,,Nolghoria,নলঘড়িয়া,24.8432095,89.1585102,
Village,OSM_node_9420071282,,Khanpur,খানপুর,24.8352896,89.1429708,
Village,OSM_node_9420071283,,Alohali,আলোহালি,24.8583711,89.177598,
Village,OSM_node_9420071284,,Dakahar,ডাকাহার,24.8511976,89.1610397,
Village,OSM_node_10273952146,,Kundagram,কুন্ডুগ্রাম,24.7969737,89.1351511,
Mahalla,OSM_node_10610852268,,Chapainawabganj Upashahar,চাঁপাইনবাবগঞ্জ উপশহর,24.5785038,88.2947076,
Village,OSM_node_12244115176,,Soydabad,সয়দাবাদ,24.3901906,89.714651,
Village,OSM_node_12244127554,,Kodda,কড্ডা,24.3940237,89.6911593,
Mahalla,OSM_node_12269105343,,Bahirgola,বাহিরগোলা,24.4626725,89.6997479,
Mahalla,OSM_node_12269105344,,Rahmatganj,রহমতগঞ্জ,24.4630548,89.6890973,
Mahalla,OSM_node_12269116632,,Masumpur,মাসুমপুর,24.4488934,89.6973714,
Mahalla,OSM_node_12269116633,,Soyadhangora,সয়াধানগড়া,24.4528878,89.6921788,
Mahalla,OSM_node_12301605799,,Bania Potti,বানিয়া পট্টি,24.4571462,89.7045279,
Mahalla,OSM_node_12301670101,,Foria Potti,ফড়িয়া পট্টি,24.4602347,89.707068,
Mahalla,OSM_node_12301670103,,Ghosh Para,ঘোষ পাড়া,24.4626347,89.7038976,
Mahalla,OSM_node_12304359555,,Janpur,জানপুর,24.4655171,89.7035565,
Mahalla,OSM_node_12317290976,,Kandapara,কান্দাপাড়া,24.4358191,89.6865783,
Village,OSM_node_12317291957,,Digrir Char,ডিগ্রির চর,24.389946,89.7040706,
Village,OSM_node_12322500847,,Jhaoil,ঝাঐল,24.3985053,89.6741865,
Mahalla,OSM_node_12322544116,,Mahmudpur,মাহমুদপুর,24.4447323,89.7009268,
Mahalla,OSM_node_12372997840,,Patila Potti,পাতিলা পট্টি,24.4569554,89.7062113,
Mahalla,OSM_node_12460994402,,Rail Gate,রেইল গেট,24.4522871,89.7062851,
Mahalla,OSM_node_12470685369,,Moktarpara,মোক্তারপাড়া,24.4555001,89.7044205,
Village,OSM_node_12512063528,,Shialkol,শিয়ালকোল,24.4478577,89.6691551,
Village,OSM_node_12512097349,,Shilonda,শিলন্দা,24.4464464,89.6586033,
Village,OSM_node_12531615855,,Raghunathpur,রঘুনাথপুর,24.4533548,89.673693,
Village,OSM_node_12531615856,,Niamatpur,নিয়ামতপুর,24.4579528,89.6627905,
Village,OSM_node_12531615857,,Chandidas Ganti,চন্ডিদাস গাঁতি,24.4444945,89.6451738,
Village,OSM_node_12531718901,,Fulbari,ফুলবাড়ী,24.4591001,89.6869982,
Village,OSM_node_12531718902,,Telkupi,তেলকুপি,24.4670689,89.6843589,
Village,OSM_node_12531718903,,Bohuli,বহুলী,24.4740803,89.6554339,
Village,OSM_node_12531749654,,Sodanandopur,সদানন্দপুর,24.3993555,89.6939706,
Village,OSM_node_12531762317,,Konaganti,কোনাগাঁতি,24.4046944,89.6934125,
Village,OSM_node_12531762318,,Baoitara,বাঐতারা,24.4048507,89.7053859,
Village,OSM_node_12531932880,,Ramgati,রামগাঁতি,24.4368028,89.7113466,
Village,OSM_node_12531969605,,Bonbaria,বনবাড়িয়া,24.4271025,89.7049503,
Village,OSM_node_12531969606,,Borokandi,বড়কান্দি,24.4198833,89.7004013,
Village,OSM_node_12531969609,,Tentulia,তেঁতুলিয়া,24.407335,89.6881241,
Village,OSM_node_12531969610,,Kalia Horipur,কালিয়া হরিপুর,24.4173,89.6777814,
Village,OSM_node_12533671023,,Bharanga,ভারাঙ্গা,24.3888057,89.6821124,
Village,OSM_node_12534630320,,Purba Mohanpur,পূর্ব মোহনপুর,24.4029052,89.7265191,
Village,OSM_node_12534630321,,Chhatiantoli,ছাতিয়ানতলী,24.4095489,89.7183009,
Village,OSM_node_12534637602,,Khidir,খিদির,24.386363,89.7008558,
Mahalla,OSM_node_12556660127,,Kacharipara,কাচারিপাড়া,24.453771,89.6977904,
Mahalla,OSM_node_12556666298,,Diar Dhangora,দিয়ার ধানগড়া,24.4561003,89.6997216,
Mahalla,OSM_node_12556666917,,Uttor Soyadhangora,উত্তর সয়াধানগড়া,24.4572332,89.6931556,
Mahalla,OSM_node_12556675546,,Bhangabari,ভাংগাবাড়ী,24.4639565,89.6918378,
Mahalla,OSM_node_12556859955,,Hossainpur,হোসেনপুর,24.4570578,89.7145165,
Mahalla,OSM_node_12556864598,,Jublee Bagan,জুবলী বাগান,24.4594578,89.7018324,
Mahalla,OSM_node_12556864599,,Marowari Potti,মাড়োয়ারী পট্টি,24.4627978,89.7017143,
Mahalla,OSM_node_12558834655,,Kolgoyla,কোলগয়লা,24.4650531,89.7142017,
Mahalla,OSM_node_12558834656,,Amlapara,আমলাপাড়া,24.4657855,89.7181285,
Mahalla,OSM_node_12558842179,,Dhanbondi,ধানবন্দি,24.4616644,89.7138047,
Mahalla,OSM_node_12558871236,,Raypur,রায়পুর,24.4407316,89.6954677,
Village,OSM_node_12743955756,,Mohishbathan Bazar,মহিষবাথান বাজার,24.9566264,88.7238712,
Mahalla,OSM_node_12757399117,,Ekdala,একডালা,24.4705841,89.7150692,
Village,OSM_node_13059998260,,Thiot,থিয়োট,25.0923722,88.9664159,
Mahalla,OSM_node_13999245499,,Soya Gobinda,সয়া গোবিন্দ,24.4601784,89.6974899,
Mahalla,OSM_node_13999248910,,Moktarpara,মোক্তারপাড়া,24.4533616,89.7044314,
Village,OSM_node_13999260187,,Dighalkandi,দীঘলকান্দি,24.4232774,89.706727,
Village,OSM_way_927743199,,Shughat,সুঘাট,24.5977509,89.4864693,
Village,OSM_way_1160331223,,Darigacha Dokkhin Para,দাড়িগাছা দক্ষিন পাড়া,24.7253253,89.3524059,
Village,OSM_way_1267477412,,Tollatola,তল্লাতলা,24.7926551,89.5002461,
Village,OSM_way_1414351828,,Viti Para,ভিটি পাড়া,24.4141652,89.2206712,
Village,OSM_node_2481969292,,Dakop,দাকোপ,22.6057911,89.4945166,
Mahalla,OSM_node_3108821352,,Bil Pabla,বিল পাবলা,22.8366747,89.5057212,
Village,OSM_node_3237808399,,Ramkrishnapur,রামকৃষ্ণপুর,24.0680367,88.9939684,
Mahalla,OSM_node_3600646292,,Khalishpur,খালিশপুর,22.8604213,89.5444099,
Mahalla,OSM_node_3600646453,,Shiromoni,শিরোমণি,22.9148082,89.4948453,
Mahalla,OSM_node_3600650514,,Daulatpur,দৌলতপুর,22.8694523,89.5269112,
Mahalla,OSM_node_3600653916,,Jora Gate,জোড়াগেট,22.8295507,89.5491871,
Mahalla,OSM_node_3600654912,,Goalkhali,গোয়ালখালী,22.8548508,89.5334534,
Mahalla,OSM_node_3600658764,,Charabati,চারাবাটি,22.8253579,89.5493786,
Mahalla,OSM_node_3601734718,,গিলাতলা-Gilatala,গিলাতলা,22.9261241,89.5077865,
Mahalla,OSM_node_3603228210,,Sonadanga,সোনাডাঙ্গা,22.8162694,89.5443618,
Village,OSM_node_3606451407,,Barakpur,বারাকপুর,22.9188663,89.5190189,
Mahalla,OSM_node_3629190043,,Moddhodanga,মধ্যডাঙ্গা,22.8772883,89.5128356,
Mahalla,OSM_node_3629196570,,Arangghata,আড়ংঘাটা,22.8717259,89.5022636,
Mahalla,OSM_node_3629347001,,Gaikur,গাইকুড়,22.8719265,89.5101298,
Village,OSM_node_3992043597,,Hatas Haripur,হাটশ হরিপুর,23.934195,89.1462774,
Mahalla,OSM_node_4510983898,,Palpara,পালপাড়া,22.881251,89.5154691,
Mahalla,OSM_node_5146404538,,Sheikhpara,শেখপাড়া,22.8171948,89.5546299,
Mahalla,OSM_node_5576952229,,Tootpara,টুটপাড়া,22.8024872,89.5704883,
Mahalla,OSM_node_5758412528,,Mirerdanga,মীরেরডাঙ্গা,22.900713,89.5136724,
Mahalla,OSM_node_5758413248,,Jogipol,যোগীপোল,22.9080744,89.5037325,
Mahalla,OSM_node_5758415748,,Boro Boyra,বড় বয়রা,22.8392672,89.5359836,
Mahalla,OSM_node_5759847145,,Mujgunni,মুজগুন্নী,22.8488577,89.5368524,
Mahalla,OSM_node_5792760704,,Boyra,বয়রা,22.8350823,89.5316336,
Mahalla,OSM_node_6018698244,,Labanchara,লবণচরা,22.7773178,89.5778934,
Mahalla,OSM_node_6019260157,,Pakarmatha,পাকারমাথা,22.8972271,89.4947911,
Mahalla,OSM_node_6072441166,,Gallamari,গল্লামারী,22.8003953,89.5411517,
Mahalla,OSM_node_6072441167,,Teligati,তেলিগাতি,22.8959432,89.4908167,
Mahalla,OSM_node_6072441168,,Maheshwarpasha,মহেশ্বরপাশা,22.8889373,89.5061575,
Mahalla,OSM_node_6072441169,,Deana,দেয়ানা,22.8656577,89.5135367,
Mahalla,OSM_node_6072441170,,Pabla,পাবলা,22.8595824,89.5257627,
Mahalla,OSM_node_6072441171,,Bastuhara,বাস্তুহারা,22.8470419,89.5276112,
Mahalla,OSM_node_6072441172,,HaldarPara,হালদারপাড়া,22.8447215,89.5472747,
Mahalla,OSM_node_6072441178,,Rayer Mahal,রায়ের মহল,22.8347149,89.518791,
Mahalla,OSM_node_6072441179,,Nirala,নিরালা,22.8017123,89.5544211,
Mahalla,OSM_node_6072441181,,Basupara,বসুপাড়া,22.8108626,89.5526454,
Mahalla,OSM_node_6072441182,,Roypara,রায়পাড়া,22.8082866,89.5606651,
Mahalla,OSM_node_6072441183,,Bagmara,বাগমারা,22.7999412,89.5617276,
Mahalla,OSM_node_6077883861,,Senpara,সেনপাড়া,22.8941619,89.5147308,
Mahalla,OSM_node_6112106152,,Arambagh,আরামবাগ,22.8087008,89.5472595,
Mahalla,OSM_node_6112106153,,Denarabad,দেনারাবাদ,22.814437,89.5380541,
Mahalla,OSM_node_6117450777,,Chhoto Boyra,ছোটো বয়রা,22.8311962,89.5363353,
Mahalla,OSM_node_6117450778,,Dashpara,দাশপাড়া,22.8381376,89.5289324,
Mahalla,OSM_node_6117458285,,Kashipur,কাশিপুর,22.8618445,89.5337453,
Village,OSM_node_6137147493,,Jatrapur,যাত্রাপুর,22.7135691,89.7579574,
Village,OSM_node_6137147527,,Noapara,নওয়াপাড়া,23.1991464,89.2534446,
Village,OSM_node_6139761917,,Bhayna,ভায়না,23.731455,89.0860747,
Village,OSM_node_6139761920,,Aria,আড়িয়া,23.9349568,88.9161299,
Village,OSM_node_6139761927,,Khaskara,খাসকররা,23.6465686,88.9859961,
Mahalla,OSM_node_6139817566,,Digraj,দিগরাজ,22.5326953,89.5912097,
Village,OSM_node_6139817577,,Deluti,দেলুটি,22.6165926,89.4154129,http://delutiup.khulna.gov.bd
Village,OSM_node_6139818407,,Jhanpa,ঝাঁপা,22.9945852,89.1526793,
Mahalla,OSM_node_6232259077,,Manikatola,মানিকতলা,22.8901401,89.5145235,
Mahalla,OSM_node_6232259078,,Kartikkul,কার্ত্তিককূল,22.8799197,89.5009193,
Mahalla,OSM_node_6235267492,,Atra,আটরা,22.9355392,89.4883917,
Mahalla,OSM_node_6235268992,,Damodor,দামোদর,22.951487,89.476085,
Mahalla,OSM_node_6235268993,,Moshiali,মশিয়ালী,22.9422,89.4774368,
Mahalla,OSM_node_6235269195,,Bejerdanga,বেজেরডাঙ্গা,22.9830455,89.4508316,
Mahalla,OSM_node_6235271534,,Rajghat,রাজঘাট,22.9983487,89.4285495,
Mahalla,OSM_node_6235275825,,Mujibnogor,মুজিবনগর,23.6499262,88.5930663,
Mahalla,OSM_node_6239206901,,Shahpur,শাহপুর,22.8656112,89.4054997,
Village,OSM_node_6239287145,,Baniashanta,বানিয়াশান্তা,22.4592977,89.5821927,
Mahalla,OSM_node_6261413899,,Koija Bajar,কৈয়া বাজার,22.7908166,89.4833016,
Mahalla,OSM_node_6269450521,,Sachibunia,সাচিবুনিয়া,22.7811269,89.5370647,
Mahalla,OSM_node_6270799162,,Nij Khamar,নিজ খামার,22.7964933,89.5171243,
Mahalla,OSM_node_6270799163,,Koija,কৈয়া,22.7915082,89.4856244,
Mahalla,OSM_node_6271007808,,Digholia,দিঘলিয়া,22.8904648,89.5366911,
Mahalla,OSM_node_6271007809,,Senhati,সেনহাটী,22.87203,89.549158,
Mahalla,OSM_node_6271846379,,Mohakal,মহাকাল,23.060273,89.3740279,
Mahalla,OSM_node_6271854610,,Murli,মুড়লী,23.1455144,89.2316841,
Mahalla,OSM_node_6271854611,,Chachra,চাঁচড়া,23.1461096,89.1979681,
Mahalla,OSM_node_6276455380,,Rajapur,রাজাপুর,22.9051181,89.4836201,
Mahalla,OSM_node_6296942012,,Fulbarigate,ফুলবাড়ীগেট,22.8981581,89.5097671,
Mahalla,OSM_node_6344303443,,Katakhali,কাটাখালী,22.7370943,89.6418859,
Mahalla,OSM_node_6514714437,,Rupsha,রূপসা,22.8014472,89.588357,
Mahalla,OSM_node_6514714438,,Zabusa,জাবুসা,22.7754132,89.5944939,
Mahalla,OSM_node_6514735959,,Mathavanga,মাথাভাঙ্গা,22.7666815,89.5689089,
Mahalla,OSM_node_6514770548,,Tetultola,তেঁতুলতলা,22.7602067,89.5437652,
Village,OSM_node_7105142297,,Itna,ইতনা,23.1493572,89.7078323,
Village,OSM_node_7182213434,,Kule Sreekanthopur,কুলে শ্রীকন্ঠপুর,22.581811,89.266737,
Village,OSM_node_9137640372,,Rayenda,রায়েন্দা,22.3125143,89.8495131,
Village,OSM_node_9275084660,,Bhomra,ভোমরা,22.6678539,88.9588706,
Mahalla,OSM_node_10030787945,,Moyuri,ময়ূরী,22.8094919,89.5284593,
Mahalla,OSM_node_10276164184,,Khanjahan Nagar,খানজাহান নগর,22.8085836,89.5363803,
Mahalla,OSM_node_10284054754,,Shipyard,শিপইয়ার্ড,22.7917302,89.5764117,
Mahalla,OSM_node_10284065515,,Zero Point,জিরো পয়েন্ট,22.798177,89.5288925,
Mahalla,OSM_node_10299001179,,Mohammad Nagar,মোহাম্মদ নগর,22.793896,89.5375259,
Village,OSM_node_11074561168,,Barakpur,বারাকপুর,23.7430599,88.6226826,
Village,OSM_node_11968799748,,Dohanagirat,দোহানাগিরাট,23.648648,89.2958372,
Village,OSM_node_11968810743,,নাগিরাট,নাগিরাট,23.6396435,89.2910108,
Village,OSM_node_14152740007,,Navaron,নাভারণ,23.0574079,88.9983095,
Village,OSM_way_531017615,,Ujalpur,উজলপুর,23.8106696,88.6269961,
Mahalla,OSM_way_604536540,,Kulbaria,কুলবাড়িয়া,23.8352276,88.6397354,
Village,OSM_way_604536543,,Bhatpara,ভাটপাড়া,23.8435525,88.7041311,
Village,OSM_way_1228539903,,Tilkandra,তিলকান্দ্রা,23.9098682,88.9893653,
Mahalla,OSM_node_582806167,,Madhobpur,মাধবপুর,24.2869453,91.8343027,
Village,OSM_node_1472175417,,Bholagonj,ভোলাগঞ্জ,25.1294118,91.7491426,
Village,OSM_node_2051081332,,Shahbazpur,শাহবাজপুর,24.8030461,92.2431021,
Village,OSM_node_4650306102,,Boroikandi,বরইকান্দি,24.8801115,91.8510139,
Village,OSM_node_4728206427,,Charkhai,চারখাই,24.9026157,92.1499445,
Village,OSM_node_4802534785,,Sadipur,সাদিপুর,24.643219,91.6874,
Village,OSM_node_5379578776,,Jaflong,জাফলং,25.1729658,92.0202881,
Village,OSM_node_5379578777,,Tamabil,তামাবিল,25.1805539,92.0327067,
Mahalla,OSM_node_5399806297,,Chowmuhona,চৌমোহনা,24.4910211,91.7746575,
Mahalla,OSM_node_6296959097,,Tilagar,টিলাগড়,24.8962807,91.9001909,
Village,OSM_node_9816592443,,Doluchara,ডলুছড়া,24.303767,91.780385,
Village,OSM_node_9955061486,,Parkul,পারকুল,24.632282,91.6693318,
Village,OSM_node_14058773473,,Fotehpur,ফতেহপুর,24.9371776,92.2408659,
Village,OSM_node_14111540249,,Sarighat,সারিঘাট,25.0896161,92.1173892,
Village,OSM_node_14111587495,,Bichhnakandi,বিছনাকান্দি,25.1672425,91.8901406,
Village,OSM_node_14152820733,,Ratargul,রাতারগুল,25.0025525,91.9243206,
Village,OSM_way_183076976,,Jamunia,জমুনিয়া,24.5776192,91.7191184,
Village,OSM_way_430750753,,Shahpur,শাহপুর,24.3916954,91.3512147,
Village,OSM_way_497869796,,Chandpur,চান্দপুর,24.4273003,91.9632297,
Village,OSM_way_498317271,,Amtail,আমতৈল,24.4844759,91.6921324,
Village,OSM_way_588308695,,Bagjur,বাগজুর,24.4043479,91.4299707,
Village,OSM_way_588326150,,Imambari,ইমামবাড়ি,24.4889842,91.4767513,
Village,OSM_way_588395175,,Minajpur,মিনাজপুর,24.6019693,91.6188211,
Village,OSM_way_589188244,,Pithua,পিঠুয়া,24.6081295,91.6543441,
Village,OSM_way_589360007,,Kamalpur,কামালপুর,24.5395819,91.7329503,
Village,OSM_way_1079948931,,Boro Bari,বড় বাড়ী,24.7083128,91.6769662,
Village,OSM_way_1095348768,,Hamthonpur,হামথনপুর,24.707232,91.6774008,
Mahalla,OSM_way_1138077482,,Robir Bazar,রবির বাজার,24.4482341,91.99178,
Mouza,OSM_way_1138503524,,Kanikiary Chowdhury Bari,কানিকিয়ারী চৌধুরী বাড়ী,24.4333143,91.9990383,
Village,OSM_way_1219101299,,Hamtonpur Dewan Bari,হামতনপূর দেওয়ান বাড়ি,24.7100234,91.6784506,
Village,OSM_way_1220637026,,Puran Bari,পুরাণ বাড়ি,24.7056163,91.6785874,
Village,OSM_way_1220637027,,Majkhan Bari,মাঝখান বাড়ী,24.7074823,91.6770983,
Village,OSM_way_1220648604,,Mullahpara,মোল্লাপাড়া,24.7059589,91.6954833,
Village,OSM_way_1412862485,,Tilock Chand Pur,তিলক চাঁন পুর,24.672935,91.8181573,
Village,OSM_node_2481961852,,Atwari,আটোয়ারী,26.2393963,88.4081263,
Mouza,OSM_node_2676569139,,Khamarbhati,খামারভাতী,26.0423085,89.2898611,
Mouza,OSM_node_2676570083,,North Balapara,উত্তর বালাপাড়া,26.015594,89.2921583,
Village,OSM_node_2825480208,,Chirirbandar,চিরিরবন্দর,25.656989,88.7761974,
Village,OSM_node_3056877108,,Ruhia,রুহিয়া,26.1573037,88.4033132,
Village,OSM_node_3098691929,,Chandrapur,গোড়ল,26.0293871,89.2933257,
Mouza,OSM_node_3098697477,,Botla,বোতলা,26.0328545,89.2794618,
Mouza,OSM_node_3098700964,,Patikapara,পাটিকাপাড়া,26.0203431,89.2741268,
Mouza,OSM_node_3098701104,,Latabar,লতাবর,26.012045,89.2797032,
Village,OSM_node_3139614068,,Singara,সিংড়া,25.2977312,89.2212385,
Mahalla,OSM_node_3178419170,,Baparipara Slum (Ward#3),বেপারিপাড়া বস্তি (ওয়ার্ড ৩),25.8120657,89.6490634,
Mahalla,OSM_node_3178419176,,Old Railway Station Slum (Ward#3),পুরাতন রেলওয়ে ষ্টেশন বস্তি (ওয়ার্ড ৩),25.8171799,89.6540241,
Village,OSM_node_3370070834,,Naldanga,নলডাঙ্গা,25.4847385,89.4710442,
Village,OSM_node_3482698992,,Madarganj,মাদারগঞ্জ,25.4261491,89.3800255,
Village,OSM_node_3718721125,,Rautpara,রাউৎপাড়া,25.4664476,89.3032363,
Village,OSM_node_3977978757,,Bhogdanga,ভোগডাঙ্গা,25.8551152,89.6723861,
Village,OSM_node_3977978763,,Dantbhanga,দাঁতভাঙ্গা,25.6547148,89.8521852,
Village,OSM_node_3977978764,,Ghogadaha,ঘোগাদহ,25.8453817,89.7247483,
Village,OSM_node_3977978767,,Jadurchar,যাদুরচর,25.5179652,89.8125442,
Village,OSM_node_3977978782,,Nayarhat,নয়ারহাট,25.6013486,89.7521773,
Village,OSM_node_3977978786,,Shoulmari,শৌলমারী,25.5930388,89.8548007,
Village,OSM_node_3980086855,,Andharijhar,আন্ধারীঝাড়,26.0548828,89.6879544,
Village,OSM_node_3980086856,,Ballabherkhas,বল্লভেরখাস,25.9564637,89.7974191,
Village,OSM_node_3980088457,,Bamandanga,বামনডাঙ্গা,25.9768183,89.7366597,
Village,OSM_node_3980088459,,Barabhita,বড়ভিটা,25.9026016,89.5837314,
Village,OSM_node_3980088460,,Barabari,বড়বাড়ী,25.8705094,89.5097084,
Village,OSM_node_3980088461,,Berubari,বেরুবাড়ী,25.9548459,89.7314354,
Village,OSM_node_3980088463,,Bhangamor,ভাঙ্গামোড়,25.9077362,89.6262042,
Village,OSM_node_3980088464,,Bhelabari,ভেলাবাড়ী,25.957563,89.4054903,
Village,OSM_node_3980088465,,Bhitarband,ভিতরবন্দ,25.8905757,89.7096128,
Village,OSM_node_3980088466,,Chalbala,চলবলা,25.9787969,89.2792153,
Village,OSM_node_3980088467,,Durgapur,বুড়িমারী,25.9979484,89.4201572,
Village,OSM_node_3980088468,,Goral,গোড়ল,25.9884252,89.309867,
Village,OSM_node_3980088469,,Hasnabad,হাসনাবাদ,25.9165568,89.6603047,
Village,OSM_node_3980088471,,Kakina,কাকিনা,25.921767,89.2576472,
Village,OSM_node_3980088473,,Kulaghat,কুলাঘাট,25.925402,89.4966289,
Village,OSM_node_3980088475,,Naodanga,নাওডাঙ্গা,25.9897312,89.5195311,
Village,OSM_node_3980088476,,Narayanpur,নারায়ণপুর,25.8856944,89.8343378,
Village,OSM_node_3980088477,,Newashi,নেওয়াশী,25.939383,89.6389455,
Village,OSM_node_3980088478,,Palashi,পলাশী,25.9331954,89.3068916,
Village,OSM_node_3980088479,,PaikerChhara,পাইকেরছড়া,26.0980346,89.7060618,
Village,OSM_node_3980088480,,Pathardubi,পাথরডুবি,26.1486959,89.6199631,
Village,OSM_node_3980088482,,Rayganj,রায়গঞ্জ,26.0279706,89.6998533,
Village,OSM_node_3980088483,,Saptibari,সাপ্টিবাড়ী,25.9013969,89.4023775,
Village,OSM_node_3980088484,,Sarpukur,সারপুকুর,25.9264001,89.3882693,
Village,OSM_node_3980088485,,Shilkhuri,শিলখুড়ি,26.1782794,89.6654572,
Village,OSM_node_3980088486,,Shimulbari,শিমুলবাড়ী,25.9536525,89.5317317,
Village,OSM_node_3980091333,,Alam Biditar,আলমবিদিতর,25.9109952,89.1482278,
Village,OSM_node_3980091334,,Garagram,গাড়াগ্রাম,25.8955033,89.0917176,
Village,OSM_node_3980091335,,Kaimari,কৈমারী,25.9655696,89.0951434,
Village,OSM_node_3980091336,,Ranachandi,রনচন্ডি,25.9284188,89.0572768,
Village,OSM_node_3980091337,,Tushbandar;Tushbhandar,তুষভান্ডার,25.9683526,89.2059091,
Village,OSM_node_3992043594,,Erendabari,এরেন্ডাবাড়ী,25.3292268,89.7277978,
Village,OSM_node_3992043601,,Mollarchar,মোল্লারচর,25.338642,89.7302205,
Village,OSM_node_4906387686,,Tentulia,তেঁতুলিয়া,26.4920757,88.3433108,
Village,OSM_node_5186387270,,Kaharole,কাহারোল,25.7939409,88.5999491,
Mahalla,OSM_node_5246483567,,Mazipara Slum (ward#7),মাজিপাড়া বস্তি (ওয়ার্ড ৭),25.8083564,89.651197,
Village,OSM_node_5258689434,,Nazim Khan,নাজিমখান,25.7307643,89.5517718,
Mouza,OSM_node_5276325031,,Buraburi Hat,বুড়াবুড়ি হাট,26.473969,88.4511044,
Village,OSM_node_5276325032,,Debnagar,দেবনগর,26.4846649,88.5101218,
Village,OSM_node_5276325033,,Bhajanpur,ভজনপুর,26.4695742,88.482449,
Village,OSM_node_5276325034,,Buraburi,বুড়াবুড়ি,26.5086948,88.4545004,
Mouza,OSM_node_5276325037,,Ranchadihat,রংছাদিহাট,26.5322434,88.3644962,
Village,OSM_node_5276325039,,Shalbahan,শালবাহান,26.5277915,88.4128648,
Village,OSM_node_5276325040,,Tirnaihat Union,তিরনইহাট,26.5674035,88.3839631,
Mouza,OSM_node_5276325041,,Paglidanghi,পাগলীডাঙ্গী,26.6118987,88.3999813,
Village,OSM_node_5276325042,,Banglabandha,বাংলাবান্ধা,26.5906,88.3948672,
Village,OSM_node_5278624070,,Chaklahat,চাকলাহাট,26.3421658,88.6824862,
Village,OSM_node_5278624071,,Haribhasa,হাড়িভাসা,26.3801679,88.6445532,
Village,OSM_node_5278624072,,Garinabari,সাতমেরা,26.3204779,88.4574001,
Village,OSM_node_5278624073,,Magura,মাগুরা,26.3029372,88.4995079,
Village,OSM_node_5278624074,,Dhakkamara,ধাক্কামারা,26.3346966,88.5367529,
Village,OSM_node_5278624075,,Hafizabad,হাফিজাবাদ,26.3500894,88.5896425,
Village,OSM_node_5278624076,,Amarkhana,অমরখানা,26.4308296,88.6103345,
Village,OSM_node_5278624077,,Satmera,সাতমেরা,26.423917,88.5396518,
Village,OSM_node_5296326588,,Dighir Par,দিঘীর পাড়,25.3371609,88.8857516,
Mouza,OSM_node_5644217821,,Foluyar Char,ফুলুয়ার চর,25.5780112,89.8065269,
Mouza,OSM_node_5881229645,,ভাষানী পাড়া,ভাষানী পাড়া,26.2171283,88.8967885,
Mouza,OSM_node_5881231387,,পশ্চিম পাড়া,পশ্চিম পাড়া,26.2171789,88.8874329,
Village,OSM_node_5953351336,,Dholarhat,ঢোলারহাট,26.1284353,88.4249894,
Village,OSM_node_6127940033,,Dahagram,দহগ্রাম,26.3040722,88.945511,
Village,OSM_node_6128803369,,Mogalhat,মোগলহাট,25.9914938,89.4511342,
Village,OSM_node_6376816254,,Kashimpur,কাশিমপুর,25.5932526,89.201097,
Village,OSM_node_6380380219,,Panga Matukpur,পাংগা মটকপুর,26.1228137,88.8837731,
Village,OSM_node_6392637875,,Haridevpur,হরিদেবপুর,25.7960204,89.1487339,
Mouza,OSM_node_6457080389,,মাদ্রাসা পাড়া,মাদ্রাসা পাড়া,26.2180657,88.893739,
Village,OSM_node_6458633654,,Balapara,বালাপাড়া,26.2092302,88.9090644,
Mouza,OSM_node_6461325753,,ঝাকুয়া পাড়া,ঝাকুয়া পাড়া,26.212927,88.8895252,
Mouza,OSM_node_6465983553,,চৌধুরী পাড়া,চৌধুরী পাড়া,26.2073477,88.9065653,
Mouza,OSM_node_6572246071,,ঝাড়পাড়া,ঝাড়পাড়া,26.1958019,88.8969355,
Village,OSM_node_9137640338,,Taraganj,তারাগঞ্জ,25.8160548,89.0095498,
Village,OSM_node_9137640341,,Nababganj,নবাবগঞ্জ,25.421832,89.0799892,
Village,OSM_node_9137640344,,Khansama,খানসামা,25.9226667,88.7331934,
Village,OSM_node_9271966139,,Burimari,বুড়িমারী,26.3942366,88.9405887,
Village,OSM_node_9669724682,,Nekmarad,নেকমরদ,25.980998,88.2645622,
Village,OSM_node_9669724683,,Dharmagar,ধর্মগড়,26.012464,88.1609109,
Village,OSM_node_10083658903,,Angorpota,আঙ্গোরপোতা,26.3252271,88.9341759,
Village,OSM_node_11091011547,,Bhaduria,ভাদুরিয়া,25.3277621,89.1430431,
Village,OSM_node_11091016768,,Daudpur,দাউদপুর,25.3966292,89.1150311,
Village,OSM_node_13161192902,,Sadyapushkarini,সদ্যপুস্করণী,25.6831189,89.1819562,
Village,OSM_node_13161193016,,Khaleya,খলেয়া,25.8269944,89.1249174,
Village,OSM_node_13161193164,,Mominpur,মমিনপুর,25.7847363,89.1103337,
Village,OSM_node_13161193191,,Chandanpat,চন্দনপাট,25.7198472,89.175515,
Village,OSM_node_13162437259,,Gopalpur,গোপালপুর,25.6999439,89.1416363,
Village,OSM_node_13162437260,,Madhupur,মধুপুর,25.6869826,89.0757968,
Village,OSM_node_13162437261,,Kutubpur,কুতুবপুর,25.6501657,89.1120837,
Village,OSM_node_13162437435,,Kalupara,কালুপাড়া,25.6482047,89.0768684,
Village,OSM_node_13162437446,,Lohanipara,লোহানীপাড়া,25.6045919,89.1089948,
Village,OSM_node_13162437447,,Bishnapur,বিষ্ণপুর,25.6221966,89.0324755,
Village,OSM_node_13162437521,,Damodarpur,দামোদরপুর,25.7168378,89.0622883,
Village,OSM_node_13162437559,,Ramnathpur,রামনাথপুর,25.6657834,88.9996858,
Village,OSM_node_13162437602,,Radhanagar,রাধানগর,25.7425647,88.98376,
Village,OSM_node_13162437603,,Gopinathpur,গোপীনাথপুর,25.7191384,88.9511986,
Village,OSM_node_13163211104,,Kalyani,কল্যাণী,25.7455088,89.3241873,
Village,OSM_node_13163211221,,Parul,পারুল,25.6667108,89.3561443,
Village,OSM_node_13163211270,,Itakumari,ইটাকুমারী,25.6998082,89.3989891,
Village,OSM_node_13163211390,,Kandi,কান্দি,25.6079313,89.4619343,
Village,OSM_node_13163211502,,Chhaola,ছাওলা,25.6750895,89.4934906,
Village,OSM_node_13163211503,,Tambulpur,তাম্বুলপুর,25.6410098,89.4901958,
Village,OSM_node_13163211504,,Annadanagar,অন্নদানগর,25.7052445,89.4302899,
Village,OSM_node_13163211529,,Kaikuri,কৈকুড়ী,25.6116764,89.4116017,
Village,OSM_node_13164467026,,Chaitrakol,চৈত্রকোল,25.4744121,89.1752204,
Village,OSM_node_13164467090,,Bhendabari,ভেন্ডাবাড়ী,25.4958152,89.2062729,
Village,OSM_node_13164467154,,Bara Darga,বড়দরগাহ্,25.4960408,89.2779818,
Village,OSM_node_13164467222,,Shanerhat,শানেরহাট,25.4840933,89.3277388,
Village,OSM_node_13164467261,,Panchgachhi,পাঁচগাছী,25.452366,89.3828741,
Village,OSM_node_13164467369,,Mithipur,মিঠিপুর,25.4362081,89.3613508,
Village,OSM_node_13164467438,,Kumedpur,কুমেদপুর,25.4627908,89.2429179,
Village,OSM_node_13164467552,,Ramnathpur,রামনাথপুর,25.3914714,89.3273211,
Village,OSM_node_13164467582,,Raipur,রায়পুর,25.4118939,89.2841852,
Village,OSM_node_13164467627,,Tukuria,টুকুরিয়া,25.4107168,89.182536,
Village,OSM_node_13164467654,,Madankhali,মদনখালী,25.4089978,89.2079122,
Village,OSM_node_13164467674,,Bara Alampur,বড় আলমপুর,25.3880743,89.2228291,
Village,OSM_node_13164467715,,Chatra,চতরা,25.3340317,89.2784731,
Village,OSM_node_13164467716,,Kabilpur,কাবিলপুর,25.3261362,89.3136533,
Village,OSM_node_13164764014,,Ekarchali,ইকরচালী,25.8110646,89.0697474,
Village,OSM_node_13164764015,,Hariarkuthi,হাড়িয়ারকুঠি,25.7784358,89.0797369,
Village,OSM_node_13164764138,,Kursha,কুর্শা,25.8117196,89.0067435,
Village,OSM_node_13164764139,,Alampur,আলমপুর,25.7857959,88.9748547,
Village,OSM_node_13164764140,,Sayar,সয়ার,25.7638913,89.0360193,
Village,OSM_node_13165643194,,Sarai,সারাই,25.7703221,89.3178977,
Village,OSM_node_13165643329,,Shahidbag,শহীদবাগ,25.7818752,89.3761638,
Village,OSM_node_13165643330,,Kursha,কুর্শা,25.7596408,89.3542198,
Village,OSM_node_13165643363,,Tepa Madhupur,টেপামধুপুর,25.7532496,89.4453631,
Village,OSM_node_13166032245,,Nohali,নোহালী,25.9405703,89.1350317,
Village,OSM_node_13166032385,,Betgari,বেতগাড়ী,25.8618497,89.1421152,
Village,OSM_node_13166032418,,Barabil,বড়বিল,25.8608754,89.1798776,
Village,OSM_node_13166032462,,Kolkonda,কোলকোন্দ,25.9002794,89.1977222,
Village,OSM_node_13166032566,,Lakkhitari,লক্ষ্মীটারী,25.8644105,89.2551738,
Village,OSM_node_13166032597,,Gajaghanta,গজঘণ্টা,25.8327907,89.2741572,
Village,OSM_node_13166032598,,Marneya,মর্ণেয়া,25.8251514,89.3115732,
Village,OSM_node_13167062537,,Milanpur,মিলনপুর,25.4727285,89.1413809,
Village,OSM_node_13167062572,,Barabala,বড়বালা,25.5343393,89.1234296,
Village,OSM_node_13167062627,,Balua Masimpur,বালুয়া মাসিমপুর,25.5466866,89.1707511,
Village,OSM_node_13167062667,,Gopalpur,গোপালপুর,25.5324926,89.2076237,
Village,OSM_node_13167062809,,Chengmari,চেংমারী,25.5688502,89.1982031,
Village,OSM_node_13167062869,,Mayenpur,ময়েনপুর,25.5982243,89.163367,
Village,OSM_node_13167062870,,Khoragachh,খোড়াগাছ,25.6466323,89.1631261,
Village,OSM_node_13167062994,,Latibpur,লতিবপুর,25.5981742,89.2485233,
Village,OSM_node_13167063015,,Ranipukur,রাণীপুকুর,25.6335527,89.2250222,
Village,OSM_node_13167063062,,Payraband,পায়রাবন্দ,25.6617909,89.2740856,
Village,OSM_node_13167063144,,Kafrikhal,কাফ্রিখাল,25.619718,89.3064277,
Village,OSM_node_13167063166,,Bhangni,ভাংনী,25.6272032,89.3600846,
Village,OSM_node_13167063201,,Bara Hazratpur,বড় হযরতপুর,25.5345264,89.3256379,
Village,OSM_node_13167063237,,Balarhat,বালারহাট,25.5895519,89.3572073,
Village,OSM_node_13167063262,,Mirzapur,মির্জাপুর,25.5209523,89.371092,
Village,OSM_node_13167063263,,Imadpur,ইমাদপুর,25.5126758,89.3975337,
Village,OSM_node_13178984494,,Jagatber,জগতবেড়,26.3735165,89.0664468,
Village,OSM_node_13178984530,,Baura,বাউরা,26.251285,89.0741547,
Village,OSM_node_13178984551,,Jongra,জোংড়া,26.3031287,89.0824871,
Village,OSM_node_13178984552,,Kuchlibari,কুচলীবাড়ী,26.3158124,89.0236755,
Village,OSM_node_13178984670,,Sreerampur,শ্রীরামপুর,26.4288427,88.9579736,
Village,OSM_node_13179472373,,Kamalabari,কমলাবাড়ী,25.9597869,89.3460432,
Village,OSM_node_13179472469,,Bhadai,ভাদাই,25.9175813,89.3531111,
Village,OSM_node_13179472511,,Mahishkhocha,মহিষখোচা,25.8919935,89.331825,
Mouza,OSM_node_13179621956,,Hararam,হরোরাম,25.9858308,89.2928153,
Mouza,OSM_node_13179621987,,Satirpar,স্যাটায়ারপার,26.0239687,89.2654807,
Village,OSM_node_13179622186,,Bhotmari,ভোটমারী,25.9880593,89.1791362,
Village,OSM_node_13179622218,,Madati,মদাতী,26.0395925,89.1977433,
Village,OSM_node_13179622219,,Dalagram,দলগ্রাম,25.9918274,89.2413354,
Village,OSM_node_13179833278,,Sindurna,সিন্দুর্ণা,26.1181441,89.1341982,
Village,OSM_node_13179833325,,Patikapara,পাটিকাপাড়া,26.0741601,89.1372013,
Village,OSM_node_13179833371,,Dauabari,ডাউয়াবাড়ী,26.0510651,89.1539352,
Village,OSM_node_13180641488,,Naodabas,নওদাবাস,26.0969192,89.1905076,
Village,OSM_node_13180641502,,Bhelaguri,ভেলাগুড়ি,26.0376955,89.2397651,
Village,OSM_node_13180641503,,Gotamari,গোতামারী,26.0903939,89.2262076,
Village,OSM_node_13180641504,,Tangbhanga,টংভাঙ্গা,26.1260372,89.1421964,
Village,OSM_node_13180641544,,Singimari,সিংগীমারী,26.1426684,89.1337958,
Village,OSM_node_13180641609,,Gaddimari,গড্ডিমারী,26.1687662,89.0984523,
Village,OSM_node_13180641647,,Barakhata,বড়খাতা,26.2038146,89.1107776,
Village,OSM_node_13180641648,,Fakirpara,ফকিরপাড়া,26.224644,89.0926484,
Village,OSM_node_13180641649,,Saniajan,সানিয়াজান,26.2141358,89.0533932,
Village,OSM_node_13181269914,,Panchagram,পঞ্চগ্রাম,25.8366851,89.5086685,
Village,OSM_node_13181269967,,Mahendranagar,মহেন্দ্রনগর,25.8754629,89.4524896,
Village,OSM_node_13181270039,,Gokunda,গোকুন্ডা,25.826857,89.4561699,
Village,OSM_node_13181270040,,Tista,তিস্তা,25.8071413,89.4435508,
Village,OSM_node_13181270097,,Rajpur,রাজপুর,25.8426713,89.4142328,
Village,OSM_node_13181270139,,Harati,হারাটি,25.8844489,89.4124727,
Village,OSM_node_13181270140,,Khuniagachh,খুনিয়াগাছ,25.8713756,89.3659497,
Village,OSM_node_13189115121,,Bangalipur,বাঙ্গালীপুর,25.7509352,88.9168691,
Village,OSM_node_13189115180,,Botlagari,বোতলাগাড়ী,25.8146422,88.8663276,
Village,OSM_node_13189115261,,Kashiram Belpukur,কাশিরাম বেলপুকুর,25.8300721,88.9519206,
Village,OSM_node_13189115262,,Kamarpukur,কামারপুকুর,25.7832384,88.9288478,
Village,OSM_node_13189115263,,Khata Madhupur,খাতামধুপুর,25.8371595,88.9704056,
Village,OSM_node_13190171769,,Pashchim Chhatnai,পশ্চিম ছাতনাই,26.2561861,88.8786866,
Village,OSM_node_13190171770,,Purba Chhatnai,পূর্ব ছাতনাই,26.242575,88.9339632,
Village,OSM_node_13190171771,,Khaga Kharibari,খগা খড়িবাড়ী,26.2041198,88.929806,
Village,OSM_node_13190171772,,Tepa Kharibari,টেপা খড়িবাড়ী,26.1953725,88.9848391,
Village,OSM_node_13190171773,,Gayabari,গয়াবাড়ী,26.1827248,88.9947678,
Village,OSM_node_13190171774,,Khalisha Chapani,খালিশা চাপানী,26.1570929,89.0224278,
Village,OSM_node_13190171775,,Jhunagachh Chapani,ঝুনাগাছ চাপানী,26.1172575,89.0435532,
Village,OSM_node_13190171776,,Nautara,নাউতারা,26.1298827,88.9856466,
Village,OSM_node_13191963123,,Bahagili,বাহাগিলী,25.8776259,89.006228,
Village,OSM_node_13191963152,,Nitai,নিতাই,25.8859866,88.9672283,
Village,OSM_node_13191963181,,Putimari,পুটিমারী,25.930423,88.975386,
Village,OSM_node_13191963246,,Barabhita,বড়ভিটা,25.9509626,89.0277871,
Village,OSM_node_13191963459,,Magura,মাগুরা,25.8777119,89.0945919,
Village,OSM_node_13191963486,,Chandkhana,চাঁদখানা,25.8408936,89.039263,
Village,OSM_node_13200003381,,Shoulmari,শৌলমারী,26.0025685,89.0892768,
Village,OSM_node_13200003448,,Golmunda,গোলমুন্ডা,26.0410933,89.0657332,
Village,OSM_node_13200003464,,Dauabari,ডাউয়াবাড়ী,26.0754639,89.0381458,
Village,OSM_node_13200003495,,Balagram,বালাগ্রাম,26.0504596,89.0190771,
Village,OSM_node_13200003537,,Golna,গোলনা,26.0957672,88.9227662,
Village,OSM_node_13200003650,,Dharmapal,ধর্মপাল,26.0582949,88.889125,
Village,OSM_node_13200003689,,Kanthali,কাঁঠালী,26.009516,88.9766758,
Village,OSM_node_13200003780,,Khutamara,খুটামারা,25.9681278,88.9697056,
Village,OSM_node_13200003822,,Mirganj,মীরগঞ্জ,26.0170318,88.9456951,
Village,OSM_node_13200003830,,Shimulbari,শিমুলবাড়ী,26.0312551,88.9123994,
Village,OSM_node_13201610923,,Kundapukur,কুন্দপুকুর,25.9155282,88.8171076,
Village,OSM_node_13201610984,,Sonaray,সোনারায়,25.8423538,88.8450931,
Village,OSM_node_13201610985,,Sangalshi,সংগলশী,25.859903,88.8712832,
Village,OSM_node_13201611029,,Khokshabari,খোকশাবাড়ী,25.9509641,88.7740459,
Village,OSM_node_13201611072,,Charaikhola,চড়াইখোলা,25.8865113,88.8858977,
Village,OSM_node_13201611119,,Chapra Saramjani,চাপড়া সরঞ্জানী,25.8915163,88.9120898,
Village,OSM_node_13201611238,,Panchapukur,পঞ্চপুকুর,25.9290659,88.9294727,
Village,OSM_node_13201611267,,Kachukata,কচুকাটা,25.9571098,88.9582872,
Village,OSM_node_13201611327,,Itakhola,ইটাখোলা,25.9294257,88.8764804,
Village,OSM_node_13201611328,,Ramnagar,রামনগর,25.9672281,88.8910889,
Village,OSM_node_13201611330,,Tupamari,টুপামারী,26.0031603,88.8615307,
Village,OSM_node_13201611348,,Lakkhichap,লক্ষ্মীচাপ,26.0338485,88.856383,
Village,OSM_node_13201611433,,Palashbari Union,পলাশবাড়ী ইউনিয়ন,25.989409,88.8396387,
Village,OSM_node_13201611434,,Gorgram,গোড়গ্রাম,25.985059,88.7858743,
Village,OSM_node_13201611435,,Chaora Baragachha,চওড়া বড়গাছা,26.0407759,88.7954162,
Village,OSM_node_13204280736,,Sonaray,সোনারায়,26.0769359,88.7901604,
Village,OSM_node_13204280752,,Harinchara,হরিণচড়া,26.0624252,88.8318257,
Village,OSM_node_13204280937,,Bhogdabari,ভোগডাবুড়ী,26.2452671,88.7945463,
Village,OSM_node_13204280938,,Boragari,বোড়াগাড়ী,26.110612,88.8218601,
Village,OSM_node_13204280954,,Bamunia,বামুনিয়া,26.1663866,88.8541128,
Village,OSM_node_13204280982,,Jorabari,জোড়াবাড়ী,26.1743151,88.8013636,
Village,OSM_node_13204281024,,Gomnati,গোমনাতি,26.1965755,88.8524598,
Village,OSM_node_13204281025,,Ketkibari,কেতকীবাড়ী,26.2353071,88.8164391,
Village,OSM_node_13229715849,,Murshidhat,মুর্শিদহাট,25.8117291,88.4819984,
Village,OSM_node_13229715850,,Ishania,ইশানিয়া,25.8456739,88.483288,
Village,OSM_node_13229715851,,Nafanagar,নাফানগর,25.8232217,88.4036624,
Village,OSM_node_13229715884,,Atgaon,আটগাঁও,25.7643046,88.4837401,
Village,OSM_node_13229715900,,Ranagaon,রনগাঁও,25.7463304,88.4148034,
Village,OSM_node_13229715901,,Chhatail,ছাতইল,25.6995121,88.46917,
Village,OSM_node_13232269306,,Farakkabad,ফরক্কাবাদ,25.6505979,88.6051535,
Village,OSM_node_13232269349,,Bijora,বিজোড়া,25.6096074,88.5860142,
Village,OSM_node_13232269375,,Dharmapur,ধর্মপুর,25.5634478,88.5363936,
Village,OSM_node_13232269416,,Ranipukur,রাণীপুকুর,25.5951406,88.534777,
Village,OSM_node_13232269434,,Bhandara,ভান্ডারা,25.6238629,88.4852664,
Village,OSM_node_13232269473,,Azimpur,আজিমপুর,25.72313,88.5936658,
Village,OSM_node_13232269494,,Dhamair,ধামইর,25.6923274,88.5648557,
Village,OSM_node_13232269527,,Mangalpur,মঙ্গলপুর,25.7205147,88.5334922,
Village,OSM_node_13232269528,,Shahargram,শহরগ্রাম,25.6714153,88.4820336,
Village,OSM_node_13232269574,,Rajarampur,রাজারামপুর,25.7242031,88.6224361,
Village,OSM_node_13232269575,,Palashbari,পলাশবাড়ী,25.5874853,88.575668,
Village,OSM_node_13235072912,,Khanpur,খানপুর,25.4136029,89.0137592,
Village,OSM_node_13235072954,,Katla,কাটলা,25.3285062,88.9713176,
Village,OSM_node_13235072955,,Dior,দিওড়,25.3842408,89.0258213,
Village,OSM_node_13235073017,,Binail,বিনাইল,25.3709684,88.8893796,
Village,OSM_node_13235073057,,Mukundapur,মুকুন্দপুর,25.3604901,88.9699974,
Village,OSM_node_13235073087,,Pali Prayagpur,পলিপ্রয়াগপুর,25.3957346,88.9921467,
Village,OSM_node_13235073088,,Jotbani,জোতবানী,25.366265,88.9232074,
Village,OSM_node_13238021934,,Paltapur,পাল্টাপুর,25.8387583,88.7119233,
Village,OSM_node_13238022149,,Sujalpur,সুজালপুর,25.8769241,88.6169821,
Village,OSM_node_13238022209,,Mohammadpur,মোহাম্মদপুর,25.9119006,88.5336252,
Village,OSM_node_13238022297,,Bhognagar,ভোগনগর,25.9044296,88.6005499,
Village,OSM_node_13238022384,,Nijpara,নিজপাড়া,25.8940872,88.6952124,
Village,OSM_node_13238022500,,Mohanpur,মোহনপুর,25.9284484,88.6934584,
Village,OSM_node_13238022591,,Shatagram,শতগ্রাম,25.9965834,88.6918466,
Village,OSM_node_13238022647,,Palashbari,পলাশবাড়ী,26.025362,88.6268205,
Village,OSM_node_13238022691,,Maricha,মরিচা,25.9255314,88.6427667,
Village,OSM_node_13238022725,,Sator,সাতোর,25.9470306,88.5752268,
Village,OSM_node_13238022726,,Shibrampur,শিবরামপুর,25.9938124,88.5916089,
Village,OSM_node_13239790352,,Rampur,রামপুর,25.6804234,88.9326005,
Village,OSM_node_13239790392,,Belaichandi,বেলাইচণ্ডি,25.7362261,88.8930564,
Village,OSM_node_13239790445,,Manmathpur,মন্মথপুর,25.6698983,88.8708216,
Village,OSM_node_13239790515,,Maminpur,মোমিনপুর,25.6290795,88.8345913,
Village,OSM_node_13239790581,,Chandipur,চণ্ডিপুর,25.6257814,88.8859354,
Village,OSM_node_13239790742,,Palashbari,পলাশবাড়ী,25.627161,88.952688,
Village,OSM_node_13239790786,,Harirampur,হরিরামপুর,25.5551798,89.053496,
Village,OSM_node_13239790787,,Hamidpur,হামিদপুর,25.5576966,88.9953517,
Village,OSM_node_13239790902,,Habra,হাবড়া,25.5772286,88.9161763,
Village,OSM_node_13239790960,,Mostafapur,মোস্তফাপুর,25.572835,88.8433787,
Village,OSM_node_13244865225,,Shibnagar,শিবনগর,25.5350884,88.919032,
Village,OSM_node_13244865272,,Aladipur,আলাদীপুর,25.470576,88.8967837,
Village,OSM_node_13244865314,,Khayerbari,খয়েরবাড়ী,25.4562411,88.9701781,
Village,OSM_node_13244865336,,Daulatpur,দৌলতপুর,25.4188425,88.9534585,
Village,OSM_node_13244865389,,Betdighi,বেতদিঘী,25.4269488,88.9206577,
Village,OSM_node_13244865412,,Eluari,এলুয়াড়ী,25.5060481,88.8499033,
Village,OSM_node_13244865413,,Kazihal,কাজিহাল,25.4383619,88.8608381,
Village,OSM_node_13246809377,,Punatti,পুনট্টি,25.5439401,88.794697,
Village,OSM_node_13246810141,,Bhiail,ভিয়াইল,25.6006536,88.7550341,
Village,OSM_node_13246810173,,Amarpur,অমরপুর,25.630172,88.7872503,
Village,OSM_node_13246810247,,Auliapukur,আউলিয়াপুকুর,25.6480016,88.7459147,
Village,OSM_node_13246810264,,Abdulpur,আব্দুলপুর,25.6457518,88.7985237,
Village,OSM_node_13246810330,,Tentulia,তেঁতুলিয়া,25.7731765,88.7451132,
Village,OSM_node_13246810363,,Nashratpur,নশরতপুর,25.7741697,88.7828614,
Village,OSM_node_13246810429,,Saintara,সাঁইতারা,25.7139313,88.7739358,
Village,OSM_node_13246810464,,Satnala,সাতনালা,25.7537634,88.7972954,
Village,OSM_node_13246810511,,Isabpur,ইসবপুর,25.7079369,88.8137218,
Village,OSM_node_13246810579,,Alokdihi,আলোকডিহি,25.7779815,88.7954409,
Village,OSM_node_13246810580,,Fatejangpur,ফতেজংপুর,25.7659693,88.8209156,
Village,OSM_node_13250734229,,Alokjhari,আলোকঝাড়ী,25.9526169,88.7276262,
Village,OSM_node_13250734300,,Bherbheri,ভেড়ভেড়ী,25.9124804,88.7647714,
Village,OSM_node_13250734372,,Angarpara,আঙ্গারপাড়া,25.8635227,88.7822867,
Village,OSM_node_13250734396,,Goaldihi,গোয়ালডিহি,25.8262316,88.787036,
Village,OSM_node_13250734430,,Khamarpara,খামারপাড়া,25.8471016,88.7471067,
Village,OSM_node_13250734440,,Bhabki,ভাবকী,25.8056853,88.752778,
Village,OSM_node_13254148454,,Chilahati,চিলাহাটি,26.2533578,88.7457079,
Village,OSM_node_13254930773,,Alihat,আলীহাট,25.272919,89.1042465,
Village,OSM_node_13254930802,,Boaldar,বোয়ালদাড়,25.3186492,89.0377171,
Village,OSM_node_13254930803,,Khatta Madhabpara,খট্টামাধবপাড়া,25.3365545,89.004261,
Village,OSM_node_13255294895,,Sheikhpura,শেখপুরা,25.6374809,88.6691907,
Village,OSM_node_13255294968,,Chehelgazi,চেহেলগাজী,25.6737334,88.6524871,
Village,OSM_node_13255295012,,Fazilpur,ফাজিলপুর,25.7085994,88.689494,
Village,OSM_node_13255295066,,Sundarban,সুন্দরবন,25.7481993,88.7041892,
Village,OSM_node_13255295156,,Auliapur,আউলিয়াপুর,25.5797277,88.6277153,
Village,OSM_node_13255295223,,Shashara,শশরা,25.5743396,88.6851048,
Village,OSM_node_13255295258,,Askarpur,আস্করপুর,25.5434813,88.625433,
Village,OSM_node_13255295341,,Kamalpur,কমলপুর,25.5029566,88.6786948,
Village,OSM_node_13255295373,,Shankarpur,শংকরপুর,25.5399119,88.7493793,
Village,OSM_node_13255295374,,Uthrail,উথরাইল,25.55943,88.6756543,
Village,OSM_node_13267308084,,Sundarpur,সুন্দরপুর,25.7925781,88.6782579,
Village,OSM_node_13267312569,,Ramchandrapur,রামচন্দ্রপুর,25.7652155,88.6364873,
Village,OSM_node_13267312613,,Mukundapur,মুকুন্দপুর,25.7973253,88.6320094,
Village,OSM_node_13267312670,,Targaon,তারগাঁও,25.7716734,88.5688855,
Village,OSM_node_13267312724,,Rasulpur,রসুলপুর,25.820971,88.5666322,
Village,OSM_node_13267312725,,Dabar,ডাবোর,25.8617848,88.5173798,
Village,OSM_node_13268612844,,Ghoraghat Union,ঘোড়াঘাট ইউনিয়ন,25.2478572,89.209914,
Village,OSM_node_13268612898,,Palsha,পালশা,25.2849264,89.1771343,
Village,OSM_node_13268612940,,Bulakipur,বুলাকীপুর,25.3382987,89.2087759,
Village,OSM_node_13269700949,,Putimara,পুটিমারা,25.3335091,89.0689861,
Village,OSM_node_13269700983,,Shalkhuria,শালখুরিয়া,25.3562861,89.0716998,
Village,OSM_node_13269701264,,Mahmudpur,মাহমুদপুর,25.3741886,89.1727751,
Village,OSM_node_13269701587,,Binodnagar,বিনোদনগর,25.4444808,89.101801,
Village,OSM_node_13269701588,,Golapganj,গোলাপগঞ্জ,25.4659438,89.0546591,
Village,OSM_node_13269701663,,Joypur,জয়পুর,25.5131308,89.0108315,
Village,OSM_node_13269701664,,Kushdaha,কুশদহ,25.4931798,89.0818204,
Village,OSM_node_13278716234,,Aloakhoa,আলোয়াখোয়া,26.2075277,88.3644181,
Village,OSM_node_13278716265,,Balarampur,বলরামপুর,26.2065856,88.5174809,
Village,OSM_node_13278723063,,Taria,তোড়িয়া,26.2636072,88.3917863,
Village,OSM_node_13278723110,,Dhamor,ধামোর,26.3009317,88.4318156,
Village,OSM_node_13278723163,,Radhanagar,রাধানগর,26.2185481,88.4330075,
Village,OSM_node_13278723164,,Mirzapur,মির্জাপুর,26.2606977,88.4499429,
Village,OSM_node_13281477968,,Boda Union,বোদা ইউনিয়ন,26.2177628,88.5873528,
Village,OSM_node_13281478130,,Barashashi,বড়শশী,26.2600911,88.7105101,
Village,OSM_node_13281478170,,Jhalai Shalshiri,ঝলইশাল শিরি,26.2423156,88.5173753,
Village,OSM_node_13281478238,,Mareya Bamanhat,মাড়েয়া বামনহাট,26.2214348,88.6777268,
Village,OSM_node_13281478298,,Kajaldighi Kaliganj,কাজলদিঘী কালিয়াগঞ্জ,26.2594911,88.6573726,
Village,OSM_node_13281478365,,Benghari Banagram,বেংহারী বনগ্রাম,26.2832301,88.5868054,
Village,OSM_node_13281478366,,Maydandighi,ময়দানদিঘী,26.2534566,88.5588561,
Village,OSM_node_13281478465,,Chandanbari,চন্দনবাড়ী,26.1821415,88.5901816,
Village,OSM_node_13281478466,,Sakoa,সাকোয়া,26.1776125,88.6366699,
Village,OSM_node_13293541237,,Panchagarh Union,পঞ্চগড় ইউনিয়ন,26.3664719,88.5659482,
Village,OSM_node_13293541445,,Kamat Kajaldighi,কামাত কাজলদিঘী,26.3353873,88.6158968,
Village,OSM_node_13302705338,,Tepriganj,টেপ্রীগঞ্জ,26.1626344,88.7453655,
Village,OSM_node_13302705422,,Sonahar Mallikadaha,সোনাহার মল্লিকাদহ,26.053905,88.74226,
Village,OSM_node_13302705461,,Debidoba,চিলাহাটি,26.116819,88.7424089,
Village,OSM_node_13302705496,,Shaldanga,শালডাঙ্গা,26.1981696,88.691287,
Village,OSM_node_13302705514,,Pamuli,পামুলী,26.1421445,88.6861097,
Village,OSM_node_13302705596,,Dandapal,দণ্ডপাল,26.0842115,88.6952326,
Village,OSM_node_13302705629,,Sundardighi,সুন্দরদিঘী,26.0541336,88.6900283,
Village,OSM_node_13302705630,,Chengti Hazradanga,চেংঠী হাজরাডাঙ্গা,26.0446207,88.6529046,
Village,OSM_node_13364118237,,Kashipur,কাশীপুর,25.9864604,89.6081034,
Village,OSM_node_13365850184,,Tilai,তিলাই,26.155734,89.6736008,
Village,OSM_node_13365850282,,Char Bhurungamari,চর ভূরুঙ্গামারী,26.1412991,89.7233971,
Village,OSM_node_13365850380,,Joymanirhat,জয়মনিরহাট,26.0863833,89.6680106,
Village,OSM_node_13365850496,,Baladia,বলদিয়া,26.0715423,89.7820762,
Village,OSM_node_13365850526,,Bangasonahat,বঙ্গসোনাহাট,26.1020545,89.7571514,
Village,OSM_node_13371520224,,Daldalia,দলদলিয়া,25.7007122,89.5527691,
Village,OSM_node_13371520275,,Saheber Alga,সাহেবের আলগা,25.6934304,89.8154493,
Village,OSM_node_13371520301,,Begamganj,বেগমগঞ্জ,25.7705046,89.7137846,
Village,OSM_node_13371520327,,Thetrai,থেতরাই,25.6709083,89.5552982,
Village,OSM_node_13371520373,,Pandul,পান্ডুল,25.7217816,89.5998171,
Village,OSM_node_13371520450,,Hatia,হাতিয়া,25.6841452,89.6885538,
Village,OSM_node_13371520496,,Dharanibari,ধরণীবাড়ী,25.6917555,89.635465,
Village,OSM_node_13371520534,,Durgapur,দুর্গাপুর,25.7289078,89.6229134,
Village,OSM_node_13371520535,,Buraburi,বুড়াবুড়ি,25.719299,89.6613242,
Village,OSM_node_13371520564,,Dhamshreni,ধামশ্রেণী,25.6558924,89.6483798,
Village,OSM_node_13371520625,,Gunaigachh,গুনাইগাছ,25.6272287,89.5879906,
Village,OSM_node_13371520661,,Tabakpur,তবকপুর,25.6229467,89.6277736,
Village,OSM_node_13371520662,,Bajra,বজরা,25.5891337,89.5934702,
Village,OSM_node_13372445147,,Kodalkati,কোদালকাটি,25.487012,89.7627587,
Village,OSM_node_13372445148,,Mohanganj,মোহনগঞ্জ,25.4051496,89.7607979,
Village,OSM_node_13373182716,,Thanahat,থানাহাট,25.6031288,89.6555454,
Village,OSM_node_13373182743,,Ramna,রমনা,25.5577061,89.6662018,
Village,OSM_node_13373182791,,Raniganj,রাণীগঞ্জ,25.6462529,89.6905338,
Village,OSM_node_13373182917,,Chilmari Union,চিলমারী ইউনিয়ন,25.5197996,89.7048182,
Village,OSM_node_13373182918,,Ashtamirchar,অষ্টমির চর,25.5208661,89.7717676,
Village,OSM_node_13374493723,,Chhinai,ছিনাই,25.8557903,89.5666354,
Village,OSM_node_13374493804,,Umar Majid,উমরমজিদ,25.757088,89.5954473,
Village,OSM_node_13374493946,,Bidyananda,বিদ্যানন্দ,25.7641391,89.5121412,
Village,OSM_node_13374493992,,Gharialdanga,ঘড়িয়ালডাঙ্গা,25.8008544,89.4879931,
Village,OSM_node_13374994589,,Char Shoulmari,চর শৌলমারী,25.6538377,89.8030458,
Village,OSM_node_13375008137,,Bandaber,বন্দবেড়,25.5878856,89.8179093,
Village,OSM_node_13377656209,,Belgachha,বেলগাছা,25.7848807,89.6135561,
Village,OSM_node_13377656256,,Kanthalbari,কাঁঠালবাড়ী,25.8457321,89.5880275,
Village,OSM_node_13377656331,,Mogalbasa,মোগলবাসা,25.7742039,89.6546349,
Village,OSM_node_13377656367,,Halokhana,হলোখানা,25.8435784,89.6302183,
Village,OSM_node_13377656514,,Panchgachhi,পাঁচগাছী,25.8207895,89.7076895,
Village,OSM_node_13377656515,,Jatrapur,যাত্রাপুর,25.8152264,89.7338591,
Village,OSM_node_13379260932,,Santoshpur,সন্তোষপুর,26.0063704,89.6527537,
Village,OSM_node_13379260933,,Ramkhana,রামখানা,26.0349373,89.640195,
Village,OSM_node_13379261064,,Kedar,কেদার,26.0103447,89.7869302,
Village,OSM_node_13379540798,,Kachakata,কচাকাটা,25.9985505,89.8080654,
Village,OSM_node_13379542200,,Nunkhawa,নুনখাওয়া,25.8855341,89.7449195,
Village,OSM_node_13379542240,,Kaliganj,কালীগঞ্জ,25.9174875,89.7492094,
Village,OSM_node_13382064797,,Gedura,গেদুড়া,25.9534937,88.1365642,
Village,OSM_node_13382086415,,Amgaon,আমগাঁও,25.8871817,88.1724447,
Village,OSM_node_13382086477,,Bakua,বকুয়া,25.869716,88.1448204,
Village,OSM_node_13382086597,,Bhaturia,ভাতুরিয়া,25.8303891,88.2136712,
Village,OSM_node_13382086681,,Dangipara,ডাঙ্গীপাড়া,25.8539849,88.1643567,
Village,OSM_node_13383816192,,Lehemba,লেহেম্বা,25.8629372,88.2912081,
Village,OSM_node_13383816263,,Hossaingaon,হোসেনগাঁও,25.8668058,88.231497,
Village,OSM_node_13383816452,,Nanduar,নন্দুয়ার,25.9083486,88.2225428,
Village,OSM_node_13383816486,,Kashipur,কাশীপুর,26.0314305,88.1944444,
Village,OSM_node_13383816673,,Rator,রাতোর,25.9695874,88.3116669,
Village,OSM_node_13383816674,,Bachor,বাচোর,25.9047607,88.3167254,
Village,OSM_node_13385624562,,Bhanor,ভানোর,26.0393156,88.2728702,
Village,OSM_node_13385624594,,Duosuo,দুওসুও,26.0751709,88.3037167,
Village,OSM_node_13385624712,,Charol,চাড়োল,26.1406774,88.2927538,
Village,OSM_node_13385624727,,Lahiri,লাহিড়ী,26.1455454,88.2952761,
Village,OSM_node_13385624765,,Dhantala,ধনতলা,26.1659643,88.3189342,
Village,OSM_node_13385624916,,Amjankhore,আমজানখোর,26.1366573,88.1986342,
Village,OSM_node_13385624917,,Bara Palashbari,বড়পলাশবাড়ী,26.0821688,88.2229306,
Village,OSM_node_13385624944,,Barabari,বড়বাড়ী,26.1000145,88.2786307,
Village,OSM_node_13385624945,,Paria,পাড়িয়া,26.150059,88.2464456,
Village,OSM_node_13387495250,,Pirganj Union,পীরগঞ্জ ইউনিয়ন,25.8607479,88.3231394,
Village,OSM_node_13387495297,,Daulatpur,দৌলতপুর,25.8218424,88.349352,
Village,OSM_node_13387495329,,Bairchuna,বৈরচুনা,25.7225546,88.4007806,
Village,OSM_node_13387495372,,Jabarhat,জাবরহাট,25.7730477,88.3682106,
Village,OSM_node_13387495407,,Sengaon,সেনগাঁও,25.784883,88.3055447,
Village,OSM_node_13387495408,,Hajipur,হাজীপুর,25.8265584,88.2874881,
Village,OSM_node_13387495654,,Syedpur,সৈয়দপুর,25.8807108,88.4592937,
Village,OSM_node_13387495676,,Kosha Raniganj,কোষারাণীগঞ্জ,25.8959549,88.4013951,
Village,OSM_node_13387495744,,Khangaon,খনগাঁও,25.9325217,88.3734666,
Village,OSM_node_13387495746,,Bhomradaha,ভোমরাদহ,25.9194935,88.3616592,
Village,OSM_node_13389477144,,Begunbari,বেগুনবাড়ী,25.923532,88.4909752,
Village,OSM_node_13389477200,,Nargun,নারগুন,25.9893554,88.4622149,
Village,OSM_node_13389477290,,Jagannathpur,জগন্নাথপুর,25.9817864,88.5063557,
Village,OSM_node_13389477371,,Gareya,গড়েয়া,26.0421,88.5953518,
Village,OSM_node_13389477455,,Mohammadpur,মোহাম্মদপুর,26.0394736,88.4287431,
Village,OSM_node_13389477501,,Jamalpur,জামালপুর,26.0096917,88.3763415,
Village,OSM_node_13389477564,,Raypur,রায়পুর,26.0134673,88.3354793,
Village,OSM_node_13389477631,,Rahimanpur,রহিমানপুর,26.0445701,88.4192364,
Village,OSM_node_13389477720,,Chilarang,চিলারং,26.0758675,88.376022,
Village,OSM_node_13389477793,,Akhanagar,আখানগর,26.1199001,88.3777915,
Village,OSM_node_13389818541,,Rajagaon,রাজাগাঁও,26.1693244,88.4676681,
Village,OSM_node_13389818642,,Akcha,আকচা,26.0774449,88.427432,
Village,OSM_node_13389818698,,Salandar,সালন্দর,26.0505328,88.503297,
Village,OSM_node_13389818731,,Ruhia Pashchim,রুহিয়া পশ্চিম,26.176868,88.3981481,
Village,OSM_node_13389818778,,Shukhan Pukhri,শুখানপুকুরী,26.0874551,88.599737,
Village,OSM_node_13389818845,,Auliapur,আউলিয়াপুর,26.085839,88.5172524,
Village,OSM_node_13389818903,,Balia,বালিয়া,26.1265564,88.534721,
Village,OSM_node_13389818923,,Baragaon,বড়গাঁও,26.1457835,88.4990966,
Village,OSM_node_13389818924,,Debipur,দেবীপুর,26.1779245,88.5048729,
Village,OSM_node_13389818962,,Senua,সেনুয়া,26.1381653,88.4769597,
Village,OSM_node_13435870172,,Fulchhari Union,ফুলছড়ি ইউনিয়ন,25.1349533,89.6339426,
Village,OSM_node_13435870197,,Gazaria,গজারিয়া,25.1916707,89.593464,
Village,OSM_node_13435870264,,Udakhali,উদাখালী,25.2732292,89.5782239,
Village,OSM_node_13435870325,,Uria,উড়িয়া,25.2740347,89.6040224,
Village,OSM_node_13435870353,,Kanchipara,কঞ্চিপাড়া,25.3170199,89.6001791,
Village,OSM_node_13435870354,,Fazlupur,ফজলুপুর,25.2212534,89.6430604,
Village,OSM_node_13437310831,,Haldia,হলদিয়া,25.0689445,89.5779718,
Village,OSM_node_13437310903,,Jumarbari,জুমারবাড়ী,25.0566305,89.5627186,
Village,OSM_node_13437310967,,Kamalerpara,কামালেরপাড়া,25.0757624,89.5488235,
Village,OSM_node_13437311066,,Kachua,কচুয়া,25.1162898,89.5136108,
Village,OSM_node_13437311153,,Padumshahar,পদুমশহর,25.2008868,89.5378159,
Village,OSM_node_13437311183,,Bharatkhali,ভরতখালী,25.1889802,89.5810709,
Village,OSM_node_13437311229,,Muktinagar,মুক্তিনগর,25.1485017,89.5728168,
Village,OSM_node_13437311263,,Ghuridaha,ঘুড়িদহ,25.1014266,89.5719732,
Village,OSM_node_13439150003,,Kamardaha,কামারদহ,25.0896833,89.3816586,
Village,OSM_node_13439150045,,Kochashahar,কোচাশহর,25.086297,89.4225226,
Village,OSM_node_13439150076,,Shalmara,শালমারা,25.0703787,89.4939289,
Village,OSM_node_13439150165,,Shibpur,শিবপুর,25.1234133,89.427733,
Village,OSM_node_13439150236,,Fulbari,ফুলবাড়ী,25.1553587,89.4088486,
Village,OSM_node_13439150302,,Rakhal Buruz,রাখালবুরুজ,25.1740963,89.4474395,
Village,OSM_node_13439150329,,Harirampur,হরিরামপুর,25.199509,89.4817206,
Village,OSM_node_13439150385,,Nakai,নাকাই,25.2155318,89.4565085,
Village,OSM_node_13439150428,,Taluk Kanupur,তালুক কানুপুর,25.1805709,89.3881775,
Village,OSM_node_13439150479,,Darbasta,দরবস্ত,25.2100621,89.3741094,
Village,OSM_node_13440158933,,Gumaniganj,গুমানীগঞ্জ,25.1278723,89.3656096,
Village,OSM_node_13440158974,,Rajahar,রাজাহার,25.126251,89.2688674,
Village,OSM_node_13440159062,,Shakhahar,শাখাহার,25.1698183,89.2452221,
Village,OSM_node_13440159103,,Sapmara,সাপমারা,25.1534329,89.3250758,
Village,OSM_node_13440159121,,Katabari,কাটাবাড়ী,25.1929736,89.3131763,
Village,OSM_node_13440159122,,Kamdia,কামদিয়া,25.2110738,89.2144776,
Village,OSM_node_13444045721,,Hossainpur,হোসেনপুর,25.2544423,89.3258581,
Village,OSM_node_13444045722,,Kishoregari,কিশোরগাড়ী,25.2789694,89.28044,
Village,OSM_node_13444045736,,Harinathpur,হরিনাথপুর,25.2394498,89.5066508,
Village,OSM_node_13444045758,,Manoharpur,মনোহরপুর,25.2523993,89.4912448,
Village,OSM_node_13444045811,,Betkapa,বেতকাপা,25.2903242,89.4482791,
Village,OSM_node_13444045869,,Pabnapur,পবনাপুর,25.2595593,89.4451105,
Village,OSM_node_13444045902,,Barisal,বরিশাল,25.2383532,89.3800907,
Village,OSM_node_13444045903,,Mahadipur,মহদীপুর,25.2822937,89.3971296,
Village,OSM_node_13447326435,,Khorda Komarpur,খোর্দ্দ কোমরপুর,25.3326976,89.4226559,
Village,OSM_node_13447326436,,Idilpur,ইদিলপুর,25.3202809,89.3845696,
Village,OSM_node_13447326437,,Dhaperhat,ধাপেরহাট,25.3602351,89.3669448,
Village,OSM_node_13447326438,,Kamarpara,কামারপাড়া,25.4398251,89.4949798,
Village,OSM_node_13447326439,,Damodorpur,দামোদরপুর,25.4450067,89.4540866,
Village,OSM_node_13447354721,,Bhatgram,ভাতগ্রাম,25.3622978,89.424504,
Village,OSM_node_13447354790,,Faridpur,ফরিদপুর,25.3834825,89.3903237,
Village,OSM_node_13447354820,,Rasulpur,রসুলপুর,25.4471076,89.4202989,
Village,OSM_node_13447354839,,Jamalpur,জামালপুর,25.4027809,89.4186143,
Village,OSM_node_13447354840,,Bangram,বনগ্রাম,25.389606,89.4673295,
Village,OSM_node_13455429710,,Kamarjani,কামারজানী,25.3910334,89.6308026,
Village,OSM_node_13455429744,,Gidari,গিদারী,25.3680408,89.6216309,
Village,OSM_node_13455429795,,Ghagoa,ঘাগোয়া,25.3630521,89.5909208,
Village,OSM_node_13455429845,,Malibari,মালিবাড়ী,25.4172707,89.5883,
Village,OSM_node_13455429896,,Lakkhipur,লক্ষ্মীপুর,25.4280917,89.5166997,
Village,OSM_node_13455429938,,Kholahati,খোলাহাটী,25.3548876,89.5437809,
Village,OSM_node_13455429968,,Kuptala,কুপতলা,25.3917752,89.5251232,
Village,OSM_node_13455430004,,Badiakhali,বাদিয়াখালী,25.244282,89.5575657,
Village,OSM_node_13455430044,,Boali,বোয়ালী,25.2907654,89.5469366,
Village,OSM_node_13455430087,,Ramchandrapur,রামচন্দ্রপুর,25.2891177,89.5006475,
Village,OSM_node_13455430141,,Sahapara,সাহাপাড়া,25.3140669,89.4782547,
Village,OSM_node_13455430142,,Ballamjhar,বল্লমঝাড়,25.346359,89.5203117,
Village,OSM_node_13458679672,,Tarapur,তারাপুর,25.6104322,89.5205069,
Village,OSM_node_13458679774,,Sonaray,সোনারায়,25.5512772,89.4868978,
Village,OSM_node_13458679795,,Bamandanga,বামনডাঙ্গা,25.5727227,89.4282524,
Village,OSM_node_13458679837,,Sarbananda,সর্বানন্দ,25.5164433,89.4607612,
Village,OSM_node_13458679875,,Dahabanda,দহবন্দ,25.5458306,89.5242215,
Village,OSM_node_13458679946,,Ramjiban,রামজীবন,25.5130595,89.5186932,
Village,OSM_node_13458679955,,Dhopadanga,ধোপাডাঙ্গা,25.473757,89.5140677,
Village,OSM_node_13458680013,,Belka,বেলকা,25.5245904,89.5808096,
Village,OSM_node_13458680067,,Haripur,হরিপুর,25.5333083,89.6012883,
Village,OSM_node_13458680118,,Kapasia,কাপাসিয়া,25.4653573,89.6371394,
Village,OSM_node_13458680198,,Chhaparhati,ছাপড়হাটী,25.457885,89.5571894,
Village,OSM_node_13458680259,,Shantiram,শান্তিরাম,25.5144086,89.5800542,
Village,OSM_node_13458680323,,Chandipur,চণ্ডিপুর,25.501962,89.6308674,
Village,OSM_node_13458680342,,Kanchibari,কঞ্চিবাড়ী,25.498336,89.5960399,
Village,OSM_node_13458680343,,Sreepur,শ্রীপুর,25.4617937,89.5846452,
Mahalla,OSM_node_13597548248,,Mirpara,মীরপাড়া,26.1814256,88.5722625,
Mahalla,OSM_node_13605106628,,Kalapara,কলাপাড়া,26.1871524,88.5751035,
Mahalla,OSM_node_13732079138,,Sarkarpara,সরকারপাড়া,26.1289249,88.6204645,
Village,OSM_way_363502104,,Mirpara,মীরপাড়া,26.1811674,88.5695211,https://boda.panchagarh.gov.bd/
Mahalla,OSM_way_363502109,,Telipara,তেলিপাড়া,26.1797076,88.580303,
Village,OSM_way_363502148,,Panchpir Bazar,পাঁচপীর বাজার,26.1175044,88.6330562,
Village,OSM_way_523594562,,Rikabi,রিকাবী,25.2939034,89.1321029,
Village,OSM_way_577241636,,Shamsher Nagar,শমশের নগর,26.1758058,88.5611913,
Village,OSM_way_1456806947,,Ghatabil Goenka Para,ঘাটাবিল গোয়েন্দা পাড়া,25.6495499,89.036237,
Mahalla,OSM_way_1482752852,,Sipaipara,সিপাইপাড়া,26.1892785,88.5660485,
Mahalla,OSM_way_1482754999,,Sardarpara,সর্দারপাড়া,26.1887405,88.5716767,
Mahalla,OSM_way_1483259249,,Bhatapara,ভাটাপাড়া,26.1856695,88.5647422,
Village,OSM_way_1483758617,,Baniapara,বানিয়াপাড়া,26.1713622,88.5740961,
Mahalla,OSM_way_1483758619,,Kalapara,কলাপাড়া,26.1875678,88.5753955,
Mahalla,OSM_way_1495994372,,Nazirpara,নাজিরপাড়া,26.2071384,88.5541943,
Mahalla,OSM_way_1495994373,,Vasainagar,ভাসাইনগর,26.2124733,88.5548129,
Village,OSM_way_1495999153,,Balapara,বালাপাড়া,26.1672988,88.5637197,
Mahalla,OSM_way_1499631795,,Sarkarpara,সরকারপাড়া,26.1860523,88.5815769,
Mahalla,OSM_way_1501010387,,Thanapara,থানাপাড়া,26.1949284,88.5579107,
Mahalla,OSM_way_1501322238,,Pramanik Para,প্রামাণিক পাড়া,26.1898287,88.5610116,
Village,OSM_way_1511905226,,Majhgram,মাঝগ্রাম,26.1974517,88.5869341,
Mahalla,OSM_way_1511905227,,Kuralipara,কুড়ালীপাড়া,26.1971617,88.5738982,
Mahalla,OSM_way_1512981603,,Jamadarpara,জমাদারপাড়া,26.1948859,88.5680975,
Mouza,OSM_way_1556817344,,Jhalangi,ঝালাংগী,26.4565381,88.9624111,
