internal_id,place_type,name_en,name_bn,parent_id,parent_name,website,wikipedia_title,wikipedia_url,r2_image_url,original_image_url,summary,enriched
DIST_1,District,Comilla,কুমিল্লা,DIV_1,,www.comilla.gov.bd,কুমিল্লা জেলা,https://bn.wikipedia.org/wiki/%E0%A6%95%E0%A7%81%E0%A6%AE%E0%A6%BF%E0%A6%B2%E0%A7%8D%E0%A6%B2%E0%A6%BE%20%E0%A6%9C%E0%A7%87%E0%A6%B2%E0%A6%BE,https://pub-d8ff02e059814132b7f971370e65283d.r2.dev/places/districts/comilla_dist_1.jpg,https://thumb.wikimedia.org/wikipedia/commons/thumb/9/97/Aerial_view_of_Comilla_city_from_a_high-rise_building_2.jpg/960px-Aerial_view_of_Comilla_city_from_a_high-rise_building_2.jpg?utm_source=bn.wikipedia.org&utm_campaign=api&utm_content=thumbnail,"কুমিল্লা জেলা (আদিনাম কমলাঙ্ক এর অপভ্রংশ, যার অর্থ পদ্মফুলের দীঘি) বাংলাদেশের দক্ষিণ-পূর্বাঞ্চলের চট্টগ্রাম বিভাগের একটি প্রশাসনিক অঞ্চল ও মহানগরী। এটি ঢাকা থেকে ৯৬ কিলোমিটার ও চট্টগ্রাম থেকে ১৪৮ কিলোমিটার দূরে অবস্থিত। খাদি কাপড় ও রসমালাইয়ের জন্য বিখ্যাত। উপজেলার সংখ্যানুসারে কুমিল্লা বাংলাদেশের একটি “এ” শ্রেণিভুক্ত একটি জেলা।",True
DIST_2,District,Feni,ফেনী,DIV_1,,www.feni.gov.bd,ফেনী জেলা,https://bn.wikipedia.org/wiki/%E0%A6%AB%E0%A7%87%E0%A6%A8%E0%A7%80%20%E0%A6%9C%E0%A7%87%E0%A6%B2%E0%A6%BE,https://pub-d8ff02e059814132b7f971370e65283d.r2.dev/places/districts/feni_dist_2.jpg,https://thumb.wikimedia.org/wikipedia/commons/thumb/9/92/Asgar_Ali_Chowdhury_Mosque.JPG/960px-Asgar_Ali_Chowdhury_Mosque.JPG?utm_source=bn.wikipedia.org&utm_campaign=api&utm_content=thumbnail,"ফেনী জেলা বাংলাদেশের দক্ষিণ-পূর্বাঞ্চলের চট্টগ্রাম বিভাগের একটি প্রশাসনিক অঞ্চল। ফেনীর প্রধান প্রশাসনিক কেন্দ্র হলো ফেনী শহর, যা ফেনী সদর উপজেলার মুখ্য প্রশাসনিক কেন্দ্র। এর প্রকৃত নাম শমশের নগর। ১৯৮৪ সালের ৬ ডিসেম্বর এর আগ পর্যন্ত এটি বৃহত্তর নোয়াখালীর একটি মহকুমা ছিল। 
বাংলাদেশ পরিসংখ্যান ব্যুরোর (বিবিএস) 'বাংলাদেশের দারিদ্র্য মানচিত্র ২০২২' অনুযায়ী, ফেনী জেলা বর্তমানে দেশের ধনী জেলাগুলোর মধ্যে পঞ্চম স্থানে রয়েছে। জেলাটিতে দারিদ্র্যের হার ১০.৫ শতাংশ, যা দেশের অন্যান্য জেলার তুলনায় কম। ফেনী জেলার অর্থনৈতিক সমৃদ্ধির পেছনে প্রবাসীদের পাঠানো রেমিট্যান্স একটি গুরুত্বপূর্ণ ভূমিকা পালন করছে।",True
DIST_3,District,Brahmanbaria,ব্রাহ্মণবাড়িয়া,DIV_1,,www.brahmanbaria.gov.bd,ব্রাহ্মণবাড়িয়া জেলা,https://bn.wikipedia.org/wiki/%E0%A6%AC%E0%A7%8D%E0%A6%B0%E0%A6%BE%E0%A6%B9%E0%A7%8D%E0%A6%AE%E0%A6%A3%E0%A6%AC%E0%A6%BE%E0%A6%A1%E0%A6%BC%E0%A6%BF%E0%A6%AF%E0%A6%BC%E0%A6%BE%20%E0%A6%9C%E0%A7%87%E0%A6%B2%E0%A6%BE,https://pub-d8ff02e059814132b7f971370e65283d.r2.dev/places/districts/brahmanbaria_dist_3.jpg,https://thumb.wikimedia.org/wikipedia/commons/thumb/2/2c/Waterarea_at_Akhaura_in_Brahmanbaria_District_%2802%29.jpg/960px-Waterarea_at_Akhaura_in_Brahmanbaria_District_%2802%29.jpg?utm_source=bn.wikipedia.org&utm_campaign=api&utm_content=thumbnail,ব্রাহ্মণবাড়িয়া জেলা বাংলাদেশের দক্ষিণ-পূর্বাঞ্চলের চট্টগ্রাম বিভাগের একটি প্রশাসনিক অঞ্চল। উপজেলার সংখ্যানুসারে ব্রাহ্মণবাড়িয়া বাংলাদেশের একটি “এ” শ্রেণীভুক্ত জেলা। শিক্ষা ও সংস্কৃতির পীঠস্থান রূপে পরিচিত ব্রাহ্মণবাড়িয়া জেলাকে বাংলাদেশের সাংস্কৃতিক রাজধানী বলা হয়ে থাকে। স্থানীয়রা আঞ্চলিক ভাষায় জেলাটিকে প্রায়ই বাউনবাইরা বলে থাকে।,True
DIST_4,District,Rangamati,রাঙ্গামাটি,DIV_1,,www.rangamati.gov.bd,রাঙ্গামাটি জেলা,https://bn.wikipedia.org/wiki/%E0%A6%B0%E0%A6%BE%E0%A6%99%E0%A7%8D%E0%A6%97%E0%A6%BE%E0%A6%AE%E0%A6%BE%E0%A6%9F%E0%A6%BF%20%E0%A6%9C%E0%A7%87%E0%A6%B2%E0%A6%BE,https://pub-d8ff02e059814132b7f971370e65283d.r2.dev/places/districts/rangamati_dist_4.jpg,https://thumb.wikimedia.org/wikipedia/commons/thumb/1/1f/Sajek_Valley_01.jpg/960px-Sajek_Valley_01.jpg?utm_source=bn.wikipedia.org&utm_campaign=api&utm_content=thumbnail,"রাঙ্গামাটি জেলা বাংলাদেশের দক্ষিণ-পূর্বাঞ্চলে অবস্থিত চট্টগ্রাম বিভাগের একটি প্রশাসনিক অঞ্চল। পূর্ব রাঙ্গামাটি, খাগড়াছড়ি ও বান্দরবান একসাথে একটি জেলা ছিল। ১৮৬০ সালের আগে এটি চট্টগ্রাম জেলার অংশ ছিল। ১৮৬০ সালে চট্টগ্রামকে ভেঙে পার্বত্য চট্টগ্রাম গঠন করে ব্রিটিশ সরকার। ১৯৮৪ সালে এরশাদ সরকারের আমলে পার্বত্য চট্টগ্রামকে ভেঙে  জেলা খাগড়াছড়ি ও বান্দরবান নামে নতুন দুটি জেলা গঠন করা হয় এবং পার্বত্য চট্টগ্রাম জেলা বাকি অংশ অর্থাৎ চন্দ্রঘোনা ও রাঙ্গামাটি সদর এই দুই মহকুমা নিয়ে  রাঙামাটি জেলা আত্মপ্রকাশ করে। রাঙ্গামাটি একটি পার্বত্য জেলা। এটি বাংলাদেশের বৃৃৃহত্তম জেলা।",True
DIST_5,District,Noakhali,নোয়াখালী,DIV_1,,www.noakhali.gov.bd,নোয়াখালী জেলা,https://bn.wikipedia.org/wiki/%E0%A6%A8%E0%A7%8B%E0%A6%AF%E0%A6%BC%E0%A6%BE%E0%A6%96%E0%A6%BE%E0%A6%B2%E0%A7%80%20%E0%A6%9C%E0%A7%87%E0%A6%B2%E0%A6%BE,https://pub-d8ff02e059814132b7f971370e65283d.r2.dev/places/districts/noakhali_dist_5.jpg,https://thumb.wikimedia.org/wikipedia/commons/thumb/d/dc/Bazra_Shahi_Mosque_2.jpg/960px-Bazra_Shahi_Mosque_2.jpg?utm_source=bn.wikipedia.org&utm_campaign=api&utm_content=thumbnail,নোয়াখালী জেলা বাংলাদেশের দক্ষিণ-পূর্বাঞ্চলে অবস্থিত চট্টগ্রাম বিভাগের একটি প্রশাসনিক অঞ্চল। এর পূর্বনাম ছিল ভুলুয়া। বর্তমানে বাংলাদেশের সবচেয়ে ধনী জেলা নোয়াখালী। উপজেলার সংখ্যানুসারে নোয়াখালী বাংলাদেশের একটি 'এ' শ্রেণিভুক্ত জেলা। নোয়াখালী বাংলাদেশের একমাত্র জেলা যার নিজের নামে কোন শহর নেই। আয়তনে এটি বাংলাদেশের ৬ষ্ঠ বৃহত্তম জেলা।,True
DIST_6,District,Chandpur,চাঁদপুর,DIV_1,,www.chandpur.gov.bd,চাঁদপুর জেলা,https://bn.wikipedia.org/wiki/%E0%A6%9A%E0%A6%BE%E0%A6%81%E0%A6%A6%E0%A6%AA%E0%A7%81%E0%A6%B0%20%E0%A6%9C%E0%A7%87%E0%A6%B2%E0%A6%BE,https://pub-d8ff02e059814132b7f971370e65283d.r2.dev/places/districts/chandpur_dist_6.jpg,https://thumb.wikimedia.org/wikipedia/commons/thumb/2/2e/%E0%A6%B0%E0%A7%82%E0%A6%AA%E0%A6%B8%E0%A6%BE_%E0%A6%9C%E0%A6%AE%E0%A6%BF%E0%A6%A6%E0%A6%BE%E0%A6%B0_%E0%A6%AC%E0%A6%BE%E0%A6%A1%E0%A6%BC%E0%A6%BF%E0%A6%B0_%E0%A6%AE%E0%A7%82%E0%A6%B2_%E0%A6%AD%E0%A6%AC%E0%A6%A8_%E0%A7%A6%E0%A7%A8.jpg/960px-%E0%A6%B0%E0%A7%82%E0%A6%AA%E0%A6%B8%E0%A6%BE_%E0%A6%9C%E0%A6%AE%E0%A6%BF%E0%A6%A6%E0%A6%BE%E0%A6%B0_%E0%A6%AC%E0%A6%BE%E0%A6%A1%E0%A6%BC%E0%A6%BF%E0%A6%B0_%E0%A6%AE%E0%A7%82%E0%A6%B2_%E0%A6%AD%E0%A6%AC%E0%A6%A8_%E0%A7%A6%E0%A7%A8.jpg?utm_source=bn.wikipedia.org&utm_campaign=api&utm_content=thumbnail,"বাংলাদেশের দক্ষিণ-পূর্বাঞ্চলে অবস্থিত চট্টগ্রাম বিভাগের একটি প্রশাসনিক অঞ্চল হলো চাঁদপুর জেলা। ১৯৮৪ সালে বৃহত্তর কুমিল্লা জেলার অংশ থেকে এটি পূর্ণাঙ্গ জেলায় উন্নীত হয়। এটি আয়তনের দিক থেকে বাংলাদেশের ৪১তম ও জনসংখ্যার দিক থেকে ২২তম (২০২২) বৃহৎ জেলা। প্রশাসনিকভাবে চাঁদপুর ৮টি উপজেলা নিয়ে গঠিত এবং উপজেলার সংখ্যানুসারে চাঁদপুর বাংলাদেশের একটি “এ” শ্রেণিভুক্ত জেলা। পদ্মা, মেঘনা ও ডাকাতিয়া নদীর মিলনস্থলে এ জেলা অবস্থিত। মেঘনা নদীর তীরে অবস্থিত চাঁদপুর নদী বন্দর একটি প্রাচীন এবং গুরুত্বপূর্ণ নদী বন্দর। ইলিশ মাছের অন্যতম প্রজনন অঞ্চল হিসেবে এই জেলা ইলিশের বাড়ি চাঁদপুর হিসেবে পরিচিত।",True
DIST_7,District,Lakshmipur,লক্ষ্মীপুর,DIV_1,,www.lakshmipur.gov.bd,লক্ষ্মীপুর জেলা,https://bn.wikipedia.org/wiki/%E0%A6%B2%E0%A6%95%E0%A7%8D%E0%A6%B7%E0%A7%8D%E0%A6%AE%E0%A7%80%E0%A6%AA%E0%A7%81%E0%A6%B0%20%E0%A6%9C%E0%A7%87%E0%A6%B2%E0%A6%BE,https://pub-d8ff02e059814132b7f971370e65283d.r2.dev/places/districts/lakshmipur_dist_7.jpg,https://thumb.wikimedia.org/wikipedia/commons/thumb/4/41/A_Road_to_Dhaka_from_Lakshmipur_at_dust%2C_Photo--_Ahsan.jpg/960px-A_Road_to_Dhaka_from_Lakshmipur_at_dust%2C_Photo--_Ahsan.jpg?utm_source=bn.wikipedia.org&utm_campaign=api&utm_content=thumbnail,"লক্ষ্মীপুর জেলা বাংলাদেশের দক্ষিণ-পূর্বাঞ্চলে অবস্থিত চট্টগ্রাম বিভাগের একটি প্রশাসনিক অঞ্চল। মেঘনা নদীর অববাহিকায়  গড়ে ওঠা এই জেলাটি মূলত সয়াবিন, নারিকেল এবং সুপারির জন্য বিখ্যাত। এটি বাংলাদেশের একটি বি শ্রেণিভুক্ত জেলা। আয়তনে এটি বাংলাদেশের ৪৬ তম জেলা ও জনসংখ্যায় এটি বাংলাদেশের ৩৬ তম জেলা।",True
DIST_8,District,Chattogram,চট্টগ্রাম,DIV_1,,www.chittagong.gov.bd,চট্টগ্রাম জেলা,https://bn.wikipedia.org/wiki/%E0%A6%9A%E0%A6%9F%E0%A7%8D%E0%A6%9F%E0%A6%97%E0%A7%8D%E0%A6%B0%E0%A6%BE%E0%A6%AE%20%E0%A6%9C%E0%A7%87%E0%A6%B2%E0%A6%BE,https://pub-d8ff02e059814132b7f971370e65283d.r2.dev/places/districts/chattogram_dist_8.jpg,https://thumb.wikimedia.org/wikipedia/commons/thumb/a/a6/Sheikh_Mujib_Road_from_C%26F_Tower_%2802%29.jpg/960px-Sheikh_Mujib_Road_from_C%26F_Tower_%2802%29.jpg?utm_source=bn.wikipedia.org&utm_campaign=api&utm_content=thumbnail,"চট্টগ্রাম জেলা বাংলাদেশের দক্ষিণ-পূর্বাঞ্চলে অবস্থিত চট্টগ্রাম বিভাগের একটি প্রশাসনিক অঞ্চল। অবস্থানগত কারণে চট্টগ্রাম জেলা বাংলাদেশের একটি বিশেষ শ্রেণীভুক্ত জেলা। পাহাড়, সমুদ্র, উপত্যকা, বন-বনানীর কারণে চট্টগ্রাম প্রাকৃতিক সৌন্দর্যের অন্যতম লীলাভূমি। প্রাকৃতিক সৌন্দর্য ও বৈচিত্র্যের কারণে চট্টগ্রামকে ""প্রাচ্যের রানী"" বলা হয়। প্রতিষ্ঠাকালের হিসেবে এই জেলা বাংলাদেশের প্রথম এবং আয়তনে বাংলাদেশের দ্বিতীয় বৃহত্তম জেলা। সর্বশেষ জনশুমারি ও গৃহগণনা ২০২২ অনুসারে, চট্টগ্রাম জেলার জনসংখ্যা ৯১ লক্ষ ৬৯ হাজার ৪৬৫ জন।",True
DIST_9,District,Coxsbazar,কক্সবাজার,DIV_1,,www.coxsbazar.gov.bd,কক্সবাজার জেলা,https://bn.wikipedia.org/wiki/%E0%A6%95%E0%A6%95%E0%A7%8D%E0%A6%B8%E0%A6%AC%E0%A6%BE%E0%A6%9C%E0%A6%BE%E0%A6%B0%20%E0%A6%9C%E0%A7%87%E0%A6%B2%E0%A6%BE,https://pub-d8ff02e059814132b7f971370e65283d.r2.dev/places/districts/coxsbazar_dist_9.jpg,https://thumb.wikimedia.org/wikipedia/commons/thumb/a/aa/Tahsanshuvo2.jpg/960px-Tahsanshuvo2.jpg?utm_source=bn.wikipedia.org&utm_campaign=api&utm_content=thumbnail,কক্সবাজার জেলা বাংলাদেশের দক্ষিণ-পূর্বাঞ্চলে অবস্থিত চট্টগ্রাম বিভাগের একটি প্রশাসনিক অঞ্চল। পূর্বে কক্সবাজার জেলা বৃহত্তর চট্টগ্রাম জেলার অন্তর্ভুক্ত ছিল। ১৯৮৪ সালে এরশাদ সরকারের আমলে বৃহত্তর চট্টগ্রাম জেলাকে ভেঙে কক্সবাজার জেলা প্রতিষ্ঠা করা হয়। উপজেলার সংখ্যানুসারে কক্সবাজার বাংলাদেশের একটি “এ” শ্রেণীভুক্ত জেলা। এটি বাংলাদেশের সর্ব-দক্ষিণের জেলা। কক্সবাজার জেলায় রয়েছে বাংলাদেশের দীর্ঘতম সমুদ্র সৈকত।,True
DIST_10,District,Khagrachhari,খাগড়াছড়ি,DIV_1,,www.khagrachhari.gov.bd,খাগড়াছড়ি জেলা,https://bn.wikipedia.org/wiki/%E0%A6%96%E0%A6%BE%E0%A6%97%E0%A6%A1%E0%A6%BC%E0%A6%BE%E0%A6%9B%E0%A6%A1%E0%A6%BC%E0%A6%BF%20%E0%A6%9C%E0%A7%87%E0%A6%B2%E0%A6%BE,https://pub-d8ff02e059814132b7f971370e65283d.r2.dev/places/districts/khagrachhari_dist_10.jpg,https://thumb.wikimedia.org/wikipedia/commons/thumb/f/f4/Midway_to_Konglak_Hill%2C_Khagrachari%2C_Bangladesh.jpg/960px-Midway_to_Konglak_Hill%2C_Khagrachari%2C_Bangladesh.jpg?utm_source=bn.wikipedia.org&utm_campaign=api&utm_content=thumbnail,"খাগড়াছড়ি জেলা বাংলাদেশের দক্ষিণ-পূর্বাঞ্চলে অবস্থিত চট্টগ্রাম বিভাগের একটি প্রশাসনিক অঞ্চল। পূর্ব রাঙ্গামাটি, খাগড়াছড়ি ও বান্দরবান একসাথে একটি জেলা ছিল। ১৯৮৪ সালে এরশাদ সরকারের আমলে পার্বত্য চট্টগ্রামের রামগড় ও খাগড়াছড়ি এই দুই মহকুমা নিয়ে খাগড়াছড়ি জেলা গঠন করা হয়।১৮৬০ সালে চট্টগ্রামকে ভেঙে পার্বত্য চট্টগ্রাম গঠন করে ব্রিটিশ সরকার। খাগড়াছড়ি একটি পার্বত্য জেলা। উপজেলার সংখ্যানুসারে খাগড়াছড়ি বাংলাদেশের একটি “এ” শ্রেণীভুক্ত জেলা।",True
DIST_11,District,Bandarban,বান্দরবান,DIV_1,,www.bandarban.gov.bd,বান্দরবান জেলা,https://bn.wikipedia.org/wiki/%E0%A6%AC%E0%A6%BE%E0%A6%A8%E0%A7%8D%E0%A6%A6%E0%A6%B0%E0%A6%AC%E0%A6%BE%E0%A6%A8%20%E0%A6%9C%E0%A7%87%E0%A6%B2%E0%A6%BE,https://pub-d8ff02e059814132b7f971370e65283d.r2.dev/places/districts/bandarban_dist_11.jpg,https://thumb.wikimedia.org/wikipedia/commons/thumb/d/d4/Nilachol%2C_Bandarban%2C_Bangladesh_%2806%29.jpg/960px-Nilachol%2C_Bandarban%2C_Bangladesh_%2806%29.jpg?utm_source=bn.wikipedia.org&utm_campaign=api&utm_content=thumbnail,"বান্দরবান জেলা বাংলাদেশের দক্ষিণ-পূর্বাঞ্চলে অবস্থিত চট্টগ্রাম বিভাগের একটি প্রশাসনিক অঞ্চল। পূর্ব রাঙ্গামাটি, খাগড়াছড়ি ও বান্দরবান একসাথে একটি জেলা ছিল। ১৯৮৪ সালে এরশাদ সরকারের আমলে পার্বত্য চট্টগ্রামের লামা ও বান্দরবান এই দুই মহকুমা নিয়ে বান্দরবান  জেলা গঠন করা হয়। ১৮৬০ সালের আগে এই জেলা চট্টগ্রাম জেলার অংশ ছিল। ১৮৬০ সালে চট্টগ্রামকে ভেঙে পার্বত্য চট্টগ্রাম গঠন করে ব্রিটিশ সরকার। বান্দরবান  একটি পার্বত্য জেলা। বান্দরবান জেলার মোট আয়তন ৪৪৭৯.০২ বর্গ কিলোমিটার।",True
DIST_12,District,Sirajganj,সিরাজগঞ্জ,DIV_2,,www.sirajganj.gov.bd,সিরাজগঞ্জ জেলা,https://bn.wikipedia.org/wiki/%E0%A6%B8%E0%A6%BF%E0%A6%B0%E0%A6%BE%E0%A6%9C%E0%A6%97%E0%A6%9E%E0%A7%8D%E0%A6%9C%20%E0%A6%9C%E0%A7%87%E0%A6%B2%E0%A6%BE,https://pub-d8ff02e059814132b7f971370e65283d.r2.dev/places/districts/sirajganj_dist_12.jpg,https://thumb.wikimedia.org/wikipedia/commons/thumb/a/ad/Al-Aman_Bahela_Khatun_Mosque_30.jpg/960px-Al-Aman_Bahela_Khatun_Mosque_30.jpg?utm_source=bn.wikipedia.org&utm_campaign=api&utm_content=thumbnail,"সিরাজগঞ্জ জেলা বাংলাদেশের উত্তর-পশ্চিমাঞ্চলের অন্যতম গুরুত্বপূর্ণ জেলা। সিরাজগঞ্জ বাংলাদেশের একটি “এ” শ্রেণীভুক্ত জেলা। ২০২২ সালের আদমশুমারী অনুযায়ী সিরাজগঞ্জ জেলার জনসংখ্যা ৩৩,৫৭,৭০৬ জন। তাঁতশিল্প এ জেলাকে বিশ্বের দরবারে পরিচিত করেছে। যমুনা সেতু এবং সিরাজগঞ্জ শহররক্ষা বাঁধের অপূর্ব সৌন্দর্য এ জেলাকে পর্যটনসমৃদ্ধ জেলার খ্যাতি এনে দিয়েছে।",True
DIST_13,District,Pabna,পাবনা,DIV_2,,www.pabna.gov.bd,পাবনা জেলা,https://bn.wikipedia.org/wiki/%E0%A6%AA%E0%A6%BE%E0%A6%AC%E0%A6%A8%E0%A6%BE%20%E0%A6%9C%E0%A7%87%E0%A6%B2%E0%A6%BE,https://pub-d8ff02e059814132b7f971370e65283d.r2.dev/places/districts/pabna_dist_13.jpg,https://thumb.wikimedia.org/wikipedia/commons/thumb/2/29/Tarash_Bhaban_Pabna.jpg/960px-Tarash_Bhaban_Pabna.jpg?utm_source=bn.wikipedia.org&utm_campaign=api&utm_content=thumbnail,"পাবনা জেলা বাংলাদেশের মধ্য ভাগের একটি ঐতিহ্যবাহী জেলা ও প্রশাসনিক অঞ্চল। এ জেলার উত্তর-পশ্চিম কোণে নাটোর, উত্তরে সিরাজগন্জ, পূর্ব দিকে মানিকগন্জ, দক্ষিণ-পূর্বকোণে রাজবাড়ি এবং দক্ষিণ-পশ্চিমকোণে কুষ্টিয়া জেলা অবস্থিত।  উপজেলার সংখ্যানুসারে পাবনা বাংলাদেশের একটি “এ” শ্রেণিভুক্ত জেলা। পাবনা জেলা পদ্মা নদীর তীরে অবস্থিত। আর এই জেলার মধ্য দিয়েই বয়ে গিয়েছে ইছামতি নদী। এই জেলার ঈশ্বরদী উপজেলায় ঐতিহাসিক হার্ডিঞ্জ সেতু  এর এর পাশেই লালন শাহ সেতু অবস্থিত। মজার বিষয় হলো, বাংলাদেশের সব চেয়ে বড় রেলওয়ে জংশন এই ঈশ্বরদীতেই অবস্থিত।",True
DIST_14,District,Bogura,বগুড়া,DIV_2,,www.bogra.gov.bd,বগুড়া জেলা,https://bn.wikipedia.org/wiki/%E0%A6%AC%E0%A6%97%E0%A7%81%E0%A6%A1%E0%A6%BC%E0%A6%BE%20%E0%A6%9C%E0%A7%87%E0%A6%B2%E0%A6%BE,https://pub-d8ff02e059814132b7f971370e65283d.r2.dev/places/districts/bogura_dist_14.jpg,https://thumb.wikimedia.org/wikipedia/commons/thumb/b/b8/Kherua_Mosque.jpg/960px-Kherua_Mosque.jpg?utm_source=bn.wikipedia.org&utm_campaign=api&utm_content=thumbnail,"বগুড়া জেলা বাংলাদেশের উত্তর-পশ্চিমাঞ্চলের রাজশাহী বিভাগের একটি শিল্প শহর। সংখ্যানুসারে বগুড়া বাংলাদেশের একটি “এ” শ্রেণীভুক্ত জেলা। বাংলার একজন স্বাধীন সুলতান (১২৮৭–১২৯১) নাসিরউদ্দিন বগরা খানের নামানুসারে এই জেলার নামকরণ করা হয় বগড়া। যা কালের বিবর্তনে বগুড়াতে রুপান্তরিত হয়। বাংলাদেশের উত্তরবঙ্গে এক ঐতিহ্যবাহী প্রাচীন জনপদ গড়ে উঠেছিল এই বগুড়ায়। প্রাচীন পুণ্ড্র রাজ্যের রাজধানী পুণ্ড্রবর্ধনের বর্তমান নাম মহাস্থানগড়, যা বগুড়া জেলায় অবস্থিত এবং এটি একটি প্রত্নতাত্ত্বিক স্থান হিসেবে পরিচিত।",True
DIST_15,District,Rajshahi,রাজশাহী,DIV_2,,www.rajshahi.gov.bd,রাজশাহী জেলা,https://bn.wikipedia.org/wiki/%E0%A6%B0%E0%A6%BE%E0%A6%9C%E0%A6%B6%E0%A6%BE%E0%A6%B9%E0%A7%80%20%E0%A6%9C%E0%A7%87%E0%A6%B2%E0%A6%BE,https://pub-d8ff02e059814132b7f971370e65283d.r2.dev/places/districts/rajshahi_dist_15.jpg,https://thumb.wikimedia.org/wikipedia/commons/thumb/5/5b/Sagor_Para%2C_Rajshahi.jpeg/960px-Sagor_Para%2C_Rajshahi.jpeg?utm_source=bn.wikipedia.org&utm_campaign=api&utm_content=thumbnail,রাজশাহী জেলা বাংলাদেশের উত্তর-পশ্চিমাঞ্চলীয় সীমান্তবর্তী একটি জেলা ও বিভাগীয় শহর। এটি রাজশাহী বিভাগের সবচেয়ে বৃহত্তম ও প্রধান প্রশাসনিক অঞ্চল। অবস্থানগত কারণে এটি বাংলাদেশের একটি বিশেষ শ্রেণীভুক্ত জেলা। রাজশাহী জেলা বাংলাদেশের পুরাতন জেলাগুলোর অন্যতম প্রধান একটি জেলা। আমের রাজ্য হিসেবে ছাড়াও প্রাকৃতিক সৌন্দর্য ও পরিষ্কার পরিচ্ছন্ন জেলা হিসেবে দেশব্যাপী বিখ্যাত রাজশাহী। এছাড়াও সব ধরনের শাক-সবজি উদ্বৃত্তের কারণে রাজশাহীকে সবজিভান্ডার বলা হয়। প্রায় সব ধরনের ফল ও ফসল উৎপাদনে রাজশাহী সারাদেশে বিশেষ পরিচিত। একইসাথে দেশের সর্বোচ্চ পান উৎপাদন হয় রাজশাহীতে।,True
DIST_16,District,Natore,নাটোর,DIV_2,,www.natore.gov.bd,নাটোর জেলা,https://bn.wikipedia.org/wiki/%E0%A6%A8%E0%A6%BE%E0%A6%9F%E0%A7%8B%E0%A6%B0%20%E0%A6%9C%E0%A7%87%E0%A6%B2%E0%A6%BE,https://pub-d8ff02e059814132b7f971370e65283d.r2.dev/places/districts/natore_dist_16.jpg,https://thumb.wikimedia.org/wikipedia/commons/thumb/2/2f/Natore_Uttara_GanoBhaban1_%28Prime_Minister%27s_Residence%29.JPG/960px-Natore_Uttara_GanoBhaban1_%28Prime_Minister%27s_Residence%29.JPG?utm_source=bn.wikipedia.org&utm_campaign=api&utm_content=thumbnail,"নাটোর জেলা  বাংলাদেশের রাজশাহী বিভাগে অবস্থিত একটি জেলা। এই জেলার উত্তরে নওগাঁ জেলা ও বগুড়া জেলা, দক্ষিণে পাবনা জেলা ও কুষ্টিয়া জেলা, পূর্বে পাবনা জেলা ও সিরাজগঞ্জ জেলা এবং পশ্চিমে রাজশাহী জেলা অবস্থিত। জেলাটির আয়তন ১৯০৫.০৫ বর্গ কিলোমিটার। এই জেলাটি মূলত বাংলাদেশের উত্তর-পশ্চিমের আটটি জেলার মধ্য একটি অন্যতম জেলা। আয়তনের দিক হতে নাটোর বাংলাদেশের ৩৫ তম জেলা। নাটোর বনলতা সেন, রাণী ভবানী, নাটোর রাজবাড়ী, উত্তরা গণভবন, কাঁচাগোল্লা, চলন বিল, হালতির বিল এর জন্য বিখ্যাত। নাটোর জেলা দূর্যোগ প্রবণ এলাকা না হলেও সিংড়া উপজেলা ও লালপুর উপজেলায় আত্রাই নদী এবং পদ্মা নদীতে মাঝে মাঝে বন্যা দেখা দেয়।",True
DIST_17,District,Joypurhat,জয়পুরহাট,DIV_2,,www.joypurhat.gov.bd,জয়পুরহাট জেলা,https://bn.wikipedia.org/wiki/%E0%A6%9C%E0%A6%AF%E0%A6%BC%E0%A6%AA%E0%A7%81%E0%A6%B0%E0%A6%B9%E0%A6%BE%E0%A6%9F%20%E0%A6%9C%E0%A7%87%E0%A6%B2%E0%A6%BE,https://pub-d8ff02e059814132b7f971370e65283d.r2.dev/places/districts/joypurhat_dist_17.jpg,https://thumb.wikimedia.org/wikipedia/commons/thumb/0/00/Green_City_of_Bangladesh.jpg/960px-Green_City_of_Bangladesh.jpg?utm_source=bn.wikipedia.org&utm_campaign=api&utm_content=thumbnail,জয়পুরহাট জেলা বাংলাদেশের উত্তর-পশ্চিমাঞ্চলের রাজশাহী বিভাগের একটি প্রশাসনিক অঞ্চল।,True
DIST_18,District,Chapainawabganj,চাঁপাইনবাবগঞ্জ,DIV_2,,www.chapainawabganj.gov.bd,চাঁপাইনবাবগঞ্জ জেলা,https://bn.wikipedia.org/wiki/%E0%A6%9A%E0%A6%BE%E0%A6%81%E0%A6%AA%E0%A6%BE%E0%A6%87%E0%A6%A8%E0%A6%AC%E0%A6%BE%E0%A6%AC%E0%A6%97%E0%A6%9E%E0%A7%8D%E0%A6%9C%20%E0%A6%9C%E0%A7%87%E0%A6%B2%E0%A6%BE,https://pub-d8ff02e059814132b7f971370e65283d.r2.dev/places/districts/chapainawabganj_dist_18.jpg,https://thumb.wikimedia.org/wikipedia/commons/thumb/a/a1/Bangladesh_Chapai_Nawabganj_district_locator_map.svg/960px-Bangladesh_Chapai_Nawabganj_district_locator_map.svg.png?utm_source=bn.wikipedia.org&utm_campaign=api&utm_content=thumbnail,চাঁপাইনবাবগঞ্জ জেলা  বাংলাদেশের উত্তর-পশ্চিমাঞ্চলের রাজশাহী বিভাগের একটি প্রশাসনিক অঞ্চল। রাজশাহী বিভাগের অন্তর্গত এই জেলাটিকে কখনো নবাবগঞ্জ এবং চাঁপাই নামেও ডাকা হয়। ভারত উপমহাদেশ বিভাগের আগে এটি মালদহ জেলার একটি অংশ ছিল। তাই এই জেলার ভাষা অনেকটা মালদহ জেলার সাথে মিশে যায়। এই জেলা ১৯৪৭ সালে এটি মালদহ থেকে আলাদা হয়ে পূর্ব পাকিস্থানে অন্তর্ভুক্ত হয় এবং রাজশাহী জেলার একটি মহকুমা হিসেবে গন্য হয়। ১৯৮৪ সালে একটি একক জেলা হিসেবে আত্মপ্রকাশ করে। অনেকে চাঁপাইনবাবগঞ্জ জেলাকে আমের শহর' বা 'আমের দেশ' বলেও জানে।,True
DIST_19,District,Naogaon,নওগাঁ,DIV_2,,www.naogaon.gov.bd,নওগাঁ জেলা,https://bn.wikipedia.org/wiki/%E0%A6%A8%E0%A6%93%E0%A6%97%E0%A6%BE%E0%A6%81%20%E0%A6%9C%E0%A7%87%E0%A6%B2%E0%A6%BE,https://pub-d8ff02e059814132b7f971370e65283d.r2.dev/places/districts/naogaon_dist_19.jpg,https://thumb.wikimedia.org/wikipedia/commons/thumb/9/9f/NaogaonDistrict_Bangladesh.jpg/960px-NaogaonDistrict_Bangladesh.jpg?utm_source=bn.wikipedia.org&utm_campaign=api&utm_content=thumbnail,"নওগাঁ জেলা বাংলাদেশের উত্তর-পশ্চিমাঞ্চলের রাজশাহী বিভাগের একটি প্রশাসনিক অঞ্চল। উপজেলার সংখ্যানুসারে নওগাঁ বাংলাদেশের একটি “এ” শ্রেণীভুক্ত জেলা। নওগাঁ জেলা ভৌগোলিকভাবে বৃহত্তর বরেন্দ্র ভূমির অংশ। বাংলাদেশের উত্তর-পশ্চিমভাগে বাংলাদেশ-ভারত আন্তর্জাতিক সীমারেখা সংলগ্ন যে ভূখণ্ডটি ১৯৮৪ সালের ১লা মার্চের আগ পর্যন্ত নওগাঁ মহকুমা হিসেবে গণ্য হতো, সেটিই বর্তমান বাংলাদেশের নওগাঁ জেলা।",True
DIST_20,District,Jashore,যশোর,DIV_3,,www.jessore.gov.bd,যশোর জেলা,https://bn.wikipedia.org/wiki/%E0%A6%AF%E0%A6%B6%E0%A7%8B%E0%A6%B0%20%E0%A6%9C%E0%A7%87%E0%A6%B2%E0%A6%BE,https://pub-d8ff02e059814132b7f971370e65283d.r2.dev/places/districts/jashore_dist_20.jpg,https://thumb.wikimedia.org/wikipedia/commons/thumb/5/51/Noapara_Bazar%2C_Noapara_Paurasava%2C_Bangladesh_-_panoramio.jpg/960px-Noapara_Bazar%2C_Noapara_Paurasava%2C_Bangladesh_-_panoramio.jpg?utm_source=bn.wikipedia.org&utm_campaign=api&utm_content=thumbnail,যশোর জেলা বাংলাদেশের দক্ষিণ-পশ্চিমাঞ্চলের খুলনা বিভাগের একটি প্রশাসনিক ও রাজনৈতিক গুরুত্বসম্পন্ন  অঞ্চল। উপজেলার সংখ্যানুসারে যশোর বাংলাদেশের একটি “এ” শ্রেণীভুক্ত জেলা। এর অন্য একটি প্রচলিত বানান যশোহর। এটি প্রথম বাংলাদেশের শত্রুমুক্ত বা স্বাধীন জেলা। ভৈরব নদের তীরে অবস্থিত এই যশোরকে ফুলের রাজধানীও বলা হয়। বাংলাদেশের প্রাচীন এবং বৃহত্তর জেলাসমূহের মধ্যে যশোর অন্যতম যা ১৭৮১ খ্রি: প্রতিষ্ঠিত হয়।,True
DIST_21,District,Satkhira,সাতক্ষীরা,DIV_3,,www.satkhira.gov.bd,সাতক্ষীরা জেলা,https://bn.wikipedia.org/wiki/%E0%A6%B8%E0%A6%BE%E0%A6%A4%E0%A6%95%E0%A7%8D%E0%A6%B7%E0%A7%80%E0%A6%B0%E0%A6%BE%20%E0%A6%9C%E0%A7%87%E0%A6%B2%E0%A6%BE,https://pub-d8ff02e059814132b7f971370e65283d.r2.dev/places/districts/satkhira_dist_21.jpg,https://thumb.wikimedia.org/wikipedia/commons/thumb/b/be/%E0%A6%B8%E0%A7%81%E0%A6%A8%E0%A7%8D%E0%A6%A6%E0%A6%B0%E0%A6%AC%E0%A6%A8%2C%E0%A6%B8%E0%A6%BE%E0%A6%A4%E0%A6%95%E0%A7%8D%E0%A6%B7%E0%A7%80%E0%A6%B0%E0%A6%BE.jpg/960px-%E0%A6%B8%E0%A7%81%E0%A6%A8%E0%A7%8D%E0%A6%A6%E0%A6%B0%E0%A6%AC%E0%A6%A8%2C%E0%A6%B8%E0%A6%BE%E0%A6%A4%E0%A6%95%E0%A7%8D%E0%A6%B7%E0%A7%80%E0%A6%B0%E0%A6%BE.jpg?utm_source=bn.wikipedia.org&utm_campaign=api&utm_content=thumbnail,সাতক্ষীরা জেলা বাংলাদেশের দক্ষিণ-পশ্চিমাঞ্চলের খুলনা বিভাগের একটি প্রশাসনিক অঞ্চল।,True
DIST_22,District,Meherpur,মেহেরপুর,DIV_3,,www.meherpur.gov.bd,মেহেরপুর জেলা,https://bn.wikipedia.org/wiki/%E0%A6%AE%E0%A7%87%E0%A6%B9%E0%A7%87%E0%A6%B0%E0%A6%AA%E0%A7%81%E0%A6%B0%20%E0%A6%9C%E0%A7%87%E0%A6%B2%E0%A6%BE,https://pub-d8ff02e059814132b7f971370e65283d.r2.dev/places/districts/meherpur_dist_22.jpg,https://thumb.wikimedia.org/wikipedia/commons/thumb/a/ad/Mujibnagar_Memorial_Bangladesh_Map._%E0%A6%AE%E0%A7%81%E0%A6%9C%E0%A6%BF%E0%A6%AC%E0%A6%A8%E0%A6%97%E0%A6%B0_%E0%A6%B8%E0%A7%8D%E0%A6%AE%E0%A7%83%E0%A6%A4%E0%A6%BF%E0%A6%B8%E0%A7%8C%E0%A6%A7_%E0%A6%AC%E0%A6%BE%E0%A6%82%E0%A6%B2%E0%A6%BE%E0%A6%A6%E0%A7%87%E0%A6%B6%E0%A7%87%E0%A6%B0_%E0%A6%AE%E0%A6%BE%E0%A6%A8%E0%A6%9A%E0%A6%BF%E0%A6%A4%E0%A7%8D%E0%A6%B0%E0%A5%A4.jpg/960px-Mujibnagar_Memorial_Bangladesh_Map._%E0%A6%AE%E0%A7%81%E0%A6%9C%E0%A6%BF%E0%A6%AC%E0%A6%A8%E0%A6%97%E0%A6%B0_%E0%A6%B8%E0%A7%8D%E0%A6%AE%E0%A7%83%E0%A6%A4%E0%A6%BF%E0%A6%B8%E0%A7%8C%E0%A6%A7_%E0%A6%AC%E0%A6%BE%E0%A6%82%E0%A6%B2%E0%A6%BE%E0%A6%A6%E0%A7%87%E0%A6%B6%E0%A7%87%E0%A6%B0_%E0%A6%AE%E0%A6%BE%E0%A6%A8%E0%A6%9A%E0%A6%BF%E0%A6%A4%E0%A7%8D%E0%A6%B0%E0%A5%A4.jpg?utm_source=bn.wikipedia.org&utm_campaign=api&utm_content=thumbnail,"মেহেরপুর জেলা বাংলাদেশের মধ্যাঞ্চলের খুলনা বিভাগের একটি প্রশাসনিক অঞ্চল।মেহেরপুর একটি প্রশাসনিক অঞ্চল, কারণ এটি একটি জেলা এবং এর একটি নির্দিষ্ট প্রশাসনিক কাঠামো রয়েছে, যেমন ৩টি উপজেলা, ৩টি থানা, এবং ১৮টি ইউনিয়ন। প্রশাসনিক অঞ্চল বলতে বোঝায় একটি নির্দিষ্ট ভৌগোলিক এলাকা যা একটি সরকারি বা প্রশাসনিক কাঠামোর অধীনে পরিচালিত হয়। আয়তনের দিক থেকে নারায়ণগঞ্জ জেলার পর বাংলাদেশের অন্যতম ছোট জেলা। মুক্তিযুদ্ধের সময় মেহেরপুরে পাকিস্তান বাহিনী ও মুক্তিযোদ্ধাদের মধ্যে সংঘটিত বেশ কিছু প্রাথমিক যুদ্ধের সাক্ষী।",True
DIST_23,District,Narail,নড়াইল,DIV_3,,www.narail.gov.bd,নড়াইল জেলা,https://bn.wikipedia.org/wiki/%E0%A6%A8%E0%A6%A1%E0%A6%BC%E0%A6%BE%E0%A6%87%E0%A6%B2%20%E0%A6%9C%E0%A7%87%E0%A6%B2%E0%A6%BE,https://pub-d8ff02e059814132b7f971370e65283d.r2.dev/places/districts/narail_dist_23.jpg,https://thumb.wikimedia.org/wikipedia/commons/thumb/d/d1/Bangladesh_Narail_district_locator_map.svg/960px-Bangladesh_Narail_district_locator_map.svg.png?utm_source=bn.wikipedia.org&utm_campaign=api&utm_content=thumbnail,"নড়াইল জেলা বাংলাদেশের দক্ষিণাঞ্চলের খুলনা বিভাগের একটি জেলা। ১৮৬১ সালে যশোর জেলার অধীন নড়াইল মহাকুমা প্রতিষ্ঠিত হয়। নড়াইল শব্দটি স্থানীয় লোকমুখে নড়াল নামে উচ্চারিত হয়। ঐ সময় নড়াইল সদর, লোহাগড়া ও কালিয়া থানার সমন্বয়ে এই মহাকুমা গঠিত হয়। ১৯৮৪ সালের ১লা মার্চ নড়াইল মহাকুমাকে জেলায় রুপান্তরিত করা হয় ।",True
DIST_24,District,Chuadanga,চুয়াডাঙ্গা,DIV_3,,www.chuadanga.gov.bd,চুয়াডাঙ্গা জেলা,https://bn.wikipedia.org/wiki/%E0%A6%9A%E0%A7%81%E0%A6%AF%E0%A6%BC%E0%A6%BE%E0%A6%A1%E0%A6%BE%E0%A6%99%E0%A7%8D%E0%A6%97%E0%A6%BE%20%E0%A6%9C%E0%A7%87%E0%A6%B2%E0%A6%BE,https://pub-d8ff02e059814132b7f971370e65283d.r2.dev/places/districts/chuadanga_dist_24.jpg,https://thumb.wikimedia.org/wikipedia/commons/thumb/4/48/Chuadanga_Railway_Station_01.jpg/960px-Chuadanga_Railway_Station_01.jpg?utm_source=bn.wikipedia.org&utm_campaign=api&utm_content=thumbnail,"চুয়াডাঙ্গা জেলা  বাংলাদেশের পশ্চিমাঞ্চলের খুলনা বিভাগের একটি প্রশাসনিক অঞ্চল। ১৮৫৯ খ্রিষ্টাব্দে চুয়াডাঙ্গার দর্শনায় বাংলাদেশের প্রথম রেলপথ স্থাপিত হয়। ১৯৭১ সালের ২৬শে মার্চে দক্ষিণ-পশ্চিমাঞ্চলীয় কমান্ড গঠিত হয়েছিল। বাংলাদেশের প্রথম ডাকঘর ""চুয়াডাঙ্গা ডাকঘর"" চুয়াডাঙ্গায় স্থাপিত হয়। দেশের সর্ববৃহৎ চিনিকল কেরু এন্ড কোম্পানি চুয়াডাঙ্গাতে স্থাপিত হয় ১৯৩৮ সালে। চুয়াডাঙ্গা সীমান্তবর্তী জেলা হওয়ায় এখানের মানুষের জীবন যাত্রার মান তেমন একটা ভালো না। জীবিকার তাগিদে অল্প বয়সেই এখানকার মানুষদের শহরমুখী হতে হয়। আবার ঝুঁকিপূর্ণ একটা জেলার তালিকায় এই জেলা অন্তর্ভুক্ত।",True
DIST_25,District,Kushtia,কুষ্টিয়া,DIV_3,,www.kushtia.gov.bd,কুষ্টিয়া জেলা,https://bn.wikipedia.org/wiki/%E0%A6%95%E0%A7%81%E0%A6%B7%E0%A7%8D%E0%A6%9F%E0%A6%BF%E0%A6%AF%E0%A6%BC%E0%A6%BE%20%E0%A6%9C%E0%A7%87%E0%A6%B2%E0%A6%BE,https://pub-d8ff02e059814132b7f971370e65283d.r2.dev/places/districts/kushtia_dist_25.jpg,https://thumb.wikimedia.org/wikipedia/commons/thumb/9/9b/%E0%A6%B6%E0%A6%BF%E0%A6%B2%E0%A6%BE%E0%A6%87%E0%A6%A6%E0%A6%B9_%E0%A6%B0%E0%A6%AC%E0%A7%80%E0%A6%A8%E0%A7%8D%E0%A6%A6%E0%A7%8D%E0%A6%B0_%E0%A6%95%E0%A7%81%E0%A6%A0%E0%A6%BF%E0%A6%AC%E0%A6%BE%E0%A6%A1%E0%A6%BC%E0%A6%BF_%28%E0%A7%A8%29.jpg/960px-%E0%A6%B6%E0%A6%BF%E0%A6%B2%E0%A6%BE%E0%A6%87%E0%A6%A6%E0%A6%B9_%E0%A6%B0%E0%A6%AC%E0%A7%80%E0%A6%A8%E0%A7%8D%E0%A6%A6%E0%A7%8D%E0%A6%B0_%E0%A6%95%E0%A7%81%E0%A6%A0%E0%A6%BF%E0%A6%AC%E0%A6%BE%E0%A6%A1%E0%A6%BC%E0%A6%BF_%28%E0%A7%A8%29.jpg?utm_source=bn.wikipedia.org&utm_campaign=api&utm_content=thumbnail,"কুষ্টিয়া জেলা বাংলাদেশের দক্ষিণ-পশ্চিমাঞ্চলের খুলনা বিভাগের একটি প্রশাসনিক অঞ্চল। এটি শিল্প, সাহিত্য ও সংস্কৃতির রাজধানী হিসেবে পরিচিত। এটিকে প্রখ্যাত কবি ও গল্পকারের দেশও বলা হয়। জেলার সদরদপ্তর কুষ্টিয়ায় অবস্থিত। ভৌগলিক ভাবে এটি বাংলাদেশের উত্তর ও দক্ষিণবঙ্গের কেন্দ্রস্থল। এর উত্তর পাশে দিয়ে পদ্মা নদী এবং পশ্চিম পাশ দিয়ে মাথাভাঙ্গা ও ইছামতি নদী প্রবাহিত হয়েছে। রবীন্দ্রনাথের স্মৃতিবিজড়িত শিলাইদহ কুঠিবাড়ি ও লালনের মাজার এখানকার অন্যতম আকর্ষণ।
১৯৪৭ সালে পূর্ব পাকিস্তানের একটি জেলা হিসেবে কুষ্টিয়া জেলা প্রতিষ্ঠিত হয়। প্রতিষ্ঠার সময় এটি রাজশাহী বিভাগের অন্তর্ভুক্ত ছিল।",True
DIST_26,District,Magura,মাগুরা,DIV_3,,www.magura.gov.bd,মাগুরা জেলা,https://bn.wikipedia.org/wiki/%E0%A6%AE%E0%A6%BE%E0%A6%97%E0%A7%81%E0%A6%B0%E0%A6%BE%20%E0%A6%9C%E0%A7%87%E0%A6%B2%E0%A6%BE,https://pub-d8ff02e059814132b7f971370e65283d.r2.dev/places/districts/magura_dist_26.jpg,https://thumb.wikimedia.org/wikipedia/commons/thumb/3/36/Gorai_Bridge_38.jpg/960px-Gorai_Bridge_38.jpg?utm_source=bn.wikipedia.org&utm_campaign=api&utm_content=thumbnail,মাগুরা জেলা বাংলাদেশের দক্ষিণ-পশ্চিমাঞ্চলের একটি প্রশাসনিক অঞ্চল। এটি খুলনা বিভাগের একটি জেলা। সড়ক পথে ঢাকা (বাংলাদেশের রাজধানী) থেকে মাগুরার দূরত্ব ১৬৮.৫ কিলোমিটার।,True
DIST_27,District,Khulna,খুলনা,DIV_3,,www.khulna.gov.bd,খুলনা জেলা,https://bn.wikipedia.org/wiki/%E0%A6%96%E0%A7%81%E0%A6%B2%E0%A6%A8%E0%A6%BE%20%E0%A6%9C%E0%A7%87%E0%A6%B2%E0%A6%BE,https://pub-d8ff02e059814132b7f971370e65283d.r2.dev/places/districts/khulna_dist_27.jpg,https://thumb.wikimedia.org/wikipedia/commons/thumb/8/85/Khan_Jahan_Ali_bridge.jpg/960px-Khan_Jahan_Ali_bridge.jpg?utm_source=bn.wikipedia.org&utm_campaign=api&utm_content=thumbnail,খুলনা জেলা হলো বাংলাদেশের দক্ষিণ-পশ্চিমাঞ্চলের একটি গুরুত্বপূর্ণ প্রশাসনিক এলাকা। অবস্থানগত কারণে এটি বাংলাদেশের একটি বিশেষ শ্রেণীভুক্ত জেলা। খুলনা জেলা আয়তনের দিক থেকে বাংলাদেশের চতুর্থ বৃহত্তম জেলা। এটির জেলা শহর হলো খুলনা বিভাগের সদর দপ্তর। খুলনা জেলার দক্ষিণে অবস্থিত রয়েছে বঙ্গোপসাগর এবং এর নয়নাভিরাম সমুদ্রসৈকত। পৃথিবীর সর্ববৃহৎ ম্যানগ্রোভ বন সুন্দরবন খুলনা জেলার দক্ষিনের বিস্তীর্ণ এলাকা জুড়ে অবস্থিত। খুলনা জেলায় রয়েছে দুইটি পৌরসভা এবং একটি সিটি কর্পোরেশন। খুলনা জেলায় উপজেলার সংখ্যা হলো মোট ৯টি।,True
DIST_28,District,Bagerhat,বাগেরহাট,DIV_3,,www.bagerhat.gov.bd,বাগেরহাট জেলা,https://bn.wikipedia.org/wiki/%E0%A6%AC%E0%A6%BE%E0%A6%97%E0%A7%87%E0%A6%B0%E0%A6%B9%E0%A6%BE%E0%A6%9F%20%E0%A6%9C%E0%A7%87%E0%A6%B2%E0%A6%BE,https://pub-d8ff02e059814132b7f971370e65283d.r2.dev/places/districts/bagerhat_dist_28.jpg,https://thumb.wikimedia.org/wikipedia/commons/thumb/4/4f/Sixty_Dome_Mosque%2CBagerhat.jpg/960px-Sixty_Dome_Mosque%2CBagerhat.jpg?utm_source=bn.wikipedia.org&utm_campaign=api&utm_content=thumbnail,বাগেরহাট বাংলাদেশের দক্ষিণ পশ্চিমে অবস্থিত একটি জেলা। এটি খুলনা বিভাগের অন্তর্গত। উপজেলার সংখ্যা বিবেচনায় বাগেরহাট বাংলাদেশের একটি “এ” শ্রেণীভুক্ত জেলা।,True
DIST_29,District,Jhenaidah,ঝিনাইদহ,DIV_3,,www.jhenaidah.gov.bd,ঝিনাইদহ জেলা,https://bn.wikipedia.org/wiki/%E0%A6%9D%E0%A6%BF%E0%A6%A8%E0%A6%BE%E0%A6%87%E0%A6%A6%E0%A6%B9%20%E0%A6%9C%E0%A7%87%E0%A6%B2%E0%A6%BE,https://pub-d8ff02e059814132b7f971370e65283d.r2.dev/places/districts/jhenaidah_dist_29.jpg,https://thumb.wikimedia.org/wikipedia/commons/thumb/0/09/Jhenaidah_NunGolaMoshjid_20Mar14_IMG_7057.jpg/960px-Jhenaidah_NunGolaMoshjid_20Mar14_IMG_7057.jpg?utm_source=bn.wikipedia.org&utm_campaign=api&utm_content=thumbnail,ঝিনাইদহ জেলা বাংলাদেশের দক্ষিণ-পশ্চিমাঞ্চলের খুলনা বিভাগের একটি প্রশাসনিক অঞ্চল।,True
DIST_30,District,Jhalakathi,ঝালকাঠি,DIV_4,,www.jhalakathi.gov.bd,ঝালকাঠি জেলা,https://bn.wikipedia.org/wiki/%E0%A6%9D%E0%A6%BE%E0%A6%B2%E0%A6%95%E0%A6%BE%E0%A6%A0%E0%A6%BF%20%E0%A6%9C%E0%A7%87%E0%A6%B2%E0%A6%BE,https://pub-d8ff02e059814132b7f971370e65283d.r2.dev/places/districts/jhalakathi_dist_30.jpg,https://thumb.wikimedia.org/wikipedia/commons/thumb/f/f0/Bangladesh_Jhalokati_district_locator_map.svg/960px-Bangladesh_Jhalokati_district_locator_map.svg.png?utm_source=bn.wikipedia.org&utm_campaign=api&utm_content=thumbnail,"ঝালকাঠি জেলা বাংলাদেশের দক্ষিণাঞ্চলের বরিশাল বিভাগের একটি জেলা বা অঞ্চল।
নদী বন্দরের জন্য ঝালকাঠি সবসময় ইউরোপীয়দের আকর্ষণ করেছে। ফলে বিভিন্ন সময়ে ইস্ট ইন্ডিয়া কোম্পানি, ডাচ ও ফরাসিরা এখানে ব্যবসা কেন্দ্র খুলেছিল। বাণিজ্যিক গুরুত্বের জন্য ঝালকাঠিকে দ্বিতীয় কলকাতা বলা হত।",True
DIST_31,District,Patuakhali,পটুয়াখালী,DIV_4,,www.patuakhali.gov.bd,পটুয়াখালী জেলা,https://bn.wikipedia.org/wiki/%E0%A6%AA%E0%A6%9F%E0%A7%81%E0%A6%AF%E0%A6%BC%E0%A6%BE%E0%A6%96%E0%A6%BE%E0%A6%B2%E0%A7%80%20%E0%A6%9C%E0%A7%87%E0%A6%B2%E0%A6%BE,https://pub-d8ff02e059814132b7f971370e65283d.r2.dev/places/districts/patuakhali_dist_31.jpg,https://thumb.wikimedia.org/wikipedia/commons/thumb/d/d8/Sunrise_on_seashore_with_flying_birds_in_Kuakata%2C_Bangladesh.jpg/960px-Sunrise_on_seashore_with_flying_birds_in_Kuakata%2C_Bangladesh.jpg?utm_source=bn.wikipedia.org&utm_campaign=api&utm_content=thumbnail,"পটুয়াখালী জেলা বাংলাদেশের দক্ষিণাঞ্চলের বরিশাল  বিভাগের একটি প্রশাসনিক অঞ্চল ও বাংলাদেশের প্রাচীন শহরগুলোর একটি। পর্যটন নগরী কুয়াকাটা এ জেলার সবচেয়ে বড় আকর্ষণ। এখানে রয়েছে একসাথে সূর্যোদয় ও সূর্যাস্ত দেখার অপরূপ দৃশ্য যা বিশ্বে বিরল। তাই পর্যটকদের কাছে পটুয়াখালী ""সাগরকন্যা"" নামে পরিচিত। উপজেলা সংখ্যানুসারে পটুয়াখালী বাংলাদেশের একটি “এ” শ্রেণীভুক্ত জেলা। মেঘনা নদীর অববাহিকায় পললভূমি এবং কিছু চরাঞ্চল নিয়ে এই জেলা গঠিত। পটুয়াখালী জেলা শহর একটি পূর্নাঙ্গ প্রশাসনিক অঞ্চল। এই জেলায় বিভিন্ন সরকারি বিশ্ববিদ্যালয় কলেজসহ আছে প্রচুর সরকারি বেসরকারি প্রতিষ্ঠান।",True
DIST_32,District,Pirojpur,পিরোজপুর,DIV_4,,www.pirojpur.gov.bd,পিরোজপুর জেলা,https://bn.wikipedia.org/wiki/%E0%A6%AA%E0%A6%BF%E0%A6%B0%E0%A7%8B%E0%A6%9C%E0%A6%AA%E0%A7%81%E0%A6%B0%20%E0%A6%9C%E0%A7%87%E0%A6%B2%E0%A6%BE,https://pub-d8ff02e059814132b7f971370e65283d.r2.dev/places/districts/pirojpur_dist_32.jpg,https://thumb.wikimedia.org/wikipedia/commons/thumb/a/aa/C.i.para_Sarder_bari_FB_IMG_1761979440254.jpg/960px-C.i.para_Sarder_bari_FB_IMG_1761979440254.jpg?utm_source=bn.wikipedia.org&utm_campaign=api&utm_content=thumbnail,পিরোজপুর জেলা বাংলাদেশের দক্ষিণাঞ্চলের বরিশাল বিভাগের একটি প্রশাসনিক অঞ্চল।,True
DIST_33,District,Barisal,বরিশাল,DIV_4,,www.barisal.gov.bd,বরিশাল জেলা,https://bn.wikipedia.org/wiki/%E0%A6%AC%E0%A6%B0%E0%A6%BF%E0%A6%B6%E0%A6%BE%E0%A6%B2%20%E0%A6%9C%E0%A7%87%E0%A6%B2%E0%A6%BE,https://pub-d8ff02e059814132b7f971370e65283d.r2.dev/places/districts/barisal_dist_33.jpg,https://thumb.wikimedia.org/wikipedia/commons/thumb/6/6f/Guthiya_mosque_Ri_palash_03.jpg/960px-Guthiya_mosque_Ri_palash_03.jpg?utm_source=bn.wikipedia.org&utm_campaign=api&utm_content=thumbnail,বরিশাল জেলা বাংলাদেশের দক্ষিণাঞ্চলের বরিশাল বিভাগের একটি প্রশাসনিক অঞ্চল। এটি ১৭৯৭ সালে বাকেরগঞ্জ নামে প্রতিষ্ঠিত হয়। বরিশাল বাংলাদেশের অন্যতম গুরুত্বপূর্ণ একটি নদীবন্দর। উপজেলার সংখ্যানুসারে বরিশাল বাংলাদেশের একটি “এ” শ্রেণীভুক্ত জেলা।,True
DIST_34,District,Bhola,ভোলা,DIV_4,,www.bhola.gov.bd,ভোলা জেলা,https://bn.wikipedia.org/wiki/%E0%A6%AD%E0%A7%8B%E0%A6%B2%E0%A6%BE%20%E0%A6%9C%E0%A7%87%E0%A6%B2%E0%A6%BE,https://pub-d8ff02e059814132b7f971370e65283d.r2.dev/places/districts/bhola_dist_34.jpg,https://thumb.wikimedia.org/wikipedia/commons/thumb/f/f8/Char_Kukri-Mukri_Wildlife_Sanctuary.jpg/960px-Char_Kukri-Mukri_Wildlife_Sanctuary.jpg?utm_source=bn.wikipedia.org&utm_campaign=api&utm_content=thumbnail,ভোলা জেলা বাংলাদেশের দক্ষিণাঞ্চলের বরিশাল বিভাগের একটি প্রশাসনিক অঞ্চল। এটি দ্বীপ জেলা ভোলা নামেও সর্বাধিক পরিচিত।  এর পূর্বনাম দক্ষিণ শাহবাজপুর। ভোলা ইলিশের বাড়ি নামেও পরিচিত।,True
DIST_35,District,Barguna,বরগুনা,DIV_4,,www.barguna.gov.bd,বরগুনা জেলা,https://bn.wikipedia.org/wiki/%E0%A6%AC%E0%A6%B0%E0%A6%97%E0%A7%81%E0%A6%A8%E0%A6%BE%20%E0%A6%9C%E0%A7%87%E0%A6%B2%E0%A6%BE,https://pub-d8ff02e059814132b7f971370e65283d.r2.dev/places/districts/barguna_dist_35.jpg,https://thumb.wikimedia.org/wikipedia/commons/thumb/1/1c/Front_view_of_Tengragiri_Wildlife_Sanctuary.jpg/960px-Front_view_of_Tengragiri_Wildlife_Sanctuary.jpg?utm_source=bn.wikipedia.org&utm_campaign=api&utm_content=thumbnail,"বরগুনা জেলা বাংলাদেশের দক্ষিণাঞ্চলের বরিশাল বিভাগের একটি অন্যতম গুরুত্বপূর্ণ  নৌ বন্দর, প্রশাসনিক অঞ্চল ও সুস্বাদু  ইলিশের জেলা,  যা বাংলাদেশের অন্যতম বড় মৎস্য কেন্দ্র, প্রতিবছর এ জেলা থেকে প্রচুর মাছ দেশে বিদেশে রপ্তানি করা হয় । ২০০৭ সালে ঘূর্ণিঝড় সিডর-এর আঘাতে সবচেয়ে ক্ষতিগ্রস্ত হয়েছিলো এই জেলা। ১৯৮৪ সালে বরিশাল ও পটুয়াখালী জেলার ৬টি উপজেলা নিয়ে বরগুনা জেলার যাত্রা শুরু হয়। অসংখ্য পর্যটন কেন্দ্র ও সৌন্দর্যের লীলাভূমি হিসেবে বরগুনা এখন অনেক উপরে।",True
DIST_36,District,Sylhet,সিলেট,DIV_5,,www.sylhet.gov.bd,সিলেট জেলা,https://bn.wikipedia.org/wiki/%E0%A6%B8%E0%A6%BF%E0%A6%B2%E0%A7%87%E0%A6%9F%20%E0%A6%9C%E0%A7%87%E0%A6%B2%E0%A6%BE,https://pub-d8ff02e059814132b7f971370e65283d.r2.dev/places/districts/sylhet_dist_36.jpg,https://upload.wikimedia.org/wikipedia/commons/2/29/Beautiful_Bangladesh_2.jpg?utm_source=bn.wikipedia.org&utm_campaign=api&utm_content=thumbnail_unscaled,"সিলেট জেলা বাংলাদেশের উত্তর-পূর্বাঞ্চলের একটি প্রশাসনিক অঞ্চল সিলেট। এটি সিলেট বিভাগের অধিক্ষেত্রভুক্ত একটি জেলা। উপজেলার সংখ্যানুসারে সিলেট বাংলাদেশের একটি “এ” শ্রেণীভুক্ত জেলা। সিলেট বাংলাদেশের উত্তর-পূর্বে অবস্থিত একটি প্রাচীন জনপদ। বনজ, খনিজ ও মৎস্য সম্পদে ভরপুর এবং প্রাকৃতিক সৌন্দর্যমণ্ডিত জন্য এ জেলা খ্যাত। জৈন্তিয়া পাহাড়ের অপরূপ দৃশ্য, জাফলং এর মনোমুগ্ধকর সৌন্দর্য,
জাফলং চা বাগান, ভোলাগঞ্জের সারি সারি পাথরের স্তূপ, পাথরের বিছানাখ্যাত বিছনাকান্দি, রাতারগুল জলাবন পর্যটকদের টেনে আনে বার বার।
দ্বিতীয় মহাযুদ্ধের পর সিলেট জেলার বিপুল সংখ্যক লোক পৃথিবীর বিভিন্ন দেশে অভিবাসন গ্রহণ করেছে।",True
DIST_37,District,Moulvibazar,মৌলভীবাজার,DIV_5,,www.moulvibazar.gov.bd,মৌলভীবাজার জেলা,https://bn.wikipedia.org/wiki/%E0%A6%AE%E0%A7%8C%E0%A6%B2%E0%A6%AD%E0%A7%80%E0%A6%AC%E0%A6%BE%E0%A6%9C%E0%A6%BE%E0%A6%B0%20%E0%A6%9C%E0%A7%87%E0%A6%B2%E0%A6%BE,https://pub-d8ff02e059814132b7f971370e65283d.r2.dev/places/districts/moulvibazar_dist_37.jpg,https://thumb.wikimedia.org/wikipedia/commons/thumb/9/9d/Hum_Hum_Waterfall_%283%29.jpg/960px-Hum_Hum_Waterfall_%283%29.jpg?utm_source=bn.wikipedia.org&utm_campaign=api&utm_content=thumbnail,মৌলভীবাজার জেলা বাংলাদেশের উত্তর -পূর্বাঞ্চলের সিলেট বিভাগের একটি প্রশাসনিক অঞ্চল। এটি বাংলাদেশের একটি “এ” শ্রেণীভুক্ত জেলা।,True
DIST_38,District,Habiganj,হবিগঞ্জ,DIV_5,,www.habiganj.gov.bd,হবিগঞ্জ জেলা,https://bn.wikipedia.org/wiki/%E0%A6%B9%E0%A6%AC%E0%A6%BF%E0%A6%97%E0%A6%9E%E0%A7%8D%E0%A6%9C%20%E0%A6%9C%E0%A7%87%E0%A6%B2%E0%A6%BE,https://pub-d8ff02e059814132b7f971370e65283d.r2.dev/places/districts/habiganj_dist_38.jpg,https://thumb.wikimedia.org/wikipedia/commons/thumb/e/e5/%E0%A6%B6%E0%A6%82%E0%A6%95%E0%A6%B0%E0%A6%AA%E0%A6%BE%E0%A6%B6%E0%A6%BE_%E0%A6%B6%E0%A6%BE%E0%A6%B9%E0%A7%80_%E0%A6%AE%E0%A6%B8%E0%A6%9C%E0%A6%BF%E0%A6%A6_%E0%A7%A7.jpg/960px-%E0%A6%B6%E0%A6%82%E0%A6%95%E0%A6%B0%E0%A6%AA%E0%A6%BE%E0%A6%B6%E0%A6%BE_%E0%A6%B6%E0%A6%BE%E0%A6%B9%E0%A7%80_%E0%A6%AE%E0%A6%B8%E0%A6%9C%E0%A6%BF%E0%A6%A6_%E0%A7%A7.jpg?utm_source=bn.wikipedia.org&utm_campaign=api&utm_content=thumbnail,হবিগঞ্জ জেলা বাংলাদেশের উত্তর-পূর্বাঞ্চলের সিলেট বিভাগের একটি প্রশাসনিক অঞ্চল। উপজেলার সংখ্যানুসারে হবিগঞ্জ বাংলাদেশের একটি “এ” শ্রেণীভুক্ত জেলা। খোয়াই নদীর তীরে অবস্থিত হবিগঞ্জকে ১৯৮৪ সালের ১ মার্চ জেলায় রূপান্তর করা হয়। এর আগে ১৮৭৮ সাল থেকে হবিগঞ্জ মহকুমা সিলেট জেলার অন্তর্ভুক্ত ছিল। পৃথিবীর সবচেয়ে বড় গ্রাম বানিয়াচং এই হবিগঞ্জ জেলায় অবস্থিত। এই গ্রামে বাংলাদেশের দ্বিতীয় বৃহত্তম জলাশয় কমলারাণীর সাগরদিঘী অবস্থিত। হবিগঞ্জের আজমিরীগঞ্জ উপজেলাকে ভাটি অঞ্চলের রাজধানী বলা হয়।,True
DIST_39,District,Sunamganj,সুনামগঞ্জ,DIV_5,,www.sunamganj.gov.bd,সুনামগঞ্জ জেলা,https://bn.wikipedia.org/wiki/%E0%A6%B8%E0%A7%81%E0%A6%A8%E0%A6%BE%E0%A6%AE%E0%A6%97%E0%A6%9E%E0%A7%8D%E0%A6%9C%20%E0%A6%9C%E0%A7%87%E0%A6%B2%E0%A6%BE,https://pub-d8ff02e059814132b7f971370e65283d.r2.dev/places/districts/sunamganj_dist_39.jpg,https://thumb.wikimedia.org/wikipedia/commons/thumb/9/90/%E0%A6%AA%E0%A6%BE%E0%A6%97%E0%A6%B2%E0%A6%BE%E0%A6%B0_%E0%A6%AC%E0%A6%A1%E0%A6%BC_%E0%A6%AE%E0%A6%B8%E0%A6%9C%E0%A6%BF%E0%A6%A6%2C%E0%A6%B8%E0%A7%81%E0%A6%A8%E0%A6%BE%E0%A6%AE%E0%A6%97%E0%A6%9E%E0%A7%8D%E0%A6%9C%2C%E0%A6%B8%E0%A6%BF%E0%A6%B2%E0%A7%87%E0%A6%9F%E0%A5%A4.JPG/960px-%E0%A6%AA%E0%A6%BE%E0%A6%97%E0%A6%B2%E0%A6%BE%E0%A6%B0_%E0%A6%AC%E0%A6%A1%E0%A6%BC_%E0%A6%AE%E0%A6%B8%E0%A6%9C%E0%A6%BF%E0%A6%A6%2C%E0%A6%B8%E0%A7%81%E0%A6%A8%E0%A6%BE%E0%A6%AE%E0%A6%97%E0%A6%9E%E0%A7%8D%E0%A6%9C%2C%E0%A6%B8%E0%A6%BF%E0%A6%B2%E0%A7%87%E0%A6%9F%E0%A5%A4.JPG?utm_source=bn.wikipedia.org&utm_campaign=api&utm_content=thumbnail,"সুনামগঞ্জ জেলা বাংলাদেশের উত্তর-পূর্বাঞ্চলের সিলেট বিভাগের একটি প্রশাসনিক অঞ্চল। উপজেলার সংখ্যানুসারে সুনামগঞ্জ বাংলাদেশের একটি “এ” শ্রেণীভুক্ত জেলা। কিংবদন্তি এবং ঐতিহাসিক তথ্যাবলি থেকে অনুমান করা হয় যে, সুনামগঞ্জ জেলার সমগ্র অঞ্চল  প্রাচীন কামরূপ বা প্রাগজ্যোতিষপুর রাজ্যের অন্তর্গত ছিল। জনৈক মোঘল সিপাহি সুনামুদ্দির নামে সুনামগঞ্জের নামকরণ করা হয়। ১৮৭৭ খ্রিষ্টাব্দে সুনামগঞ্জকে মহকুমায় এবং ১৯৮৪ খ্রিষ্টাব্দে জেলায় উন্নীত করা হয়। বাংলাদেশের সবচেয়ে বেশি নদী রয়েছে সুনামগঞ্জ জেলায়। এজন্য সুনামগঞ্জকে কখনো কখনো নদীমাতৃক বাংলার রাজধানী হিসেবেও আখ্যায়িত করা হয়।",True
DIST_40,District,Narsingdi,নরসিংদী,DIV_6,,www.narsingdi.gov.bd,নরসিংদী জেলা,https://bn.wikipedia.org/wiki/%E0%A6%A8%E0%A6%B0%E0%A6%B8%E0%A6%BF%E0%A6%82%E0%A6%A6%E0%A7%80%20%E0%A6%9C%E0%A7%87%E0%A6%B2%E0%A6%BE,https://pub-d8ff02e059814132b7f971370e65283d.r2.dev/places/districts/narsingdi_dist_40.jpg,https://thumb.wikimedia.org/wikipedia/commons/thumb/9/95/Velanagar%2C_Narsingdi%2C_Dhaka_Division%2C_People%27s_Republic_of_Bangladesh.jpg/960px-Velanagar%2C_Narsingdi%2C_Dhaka_Division%2C_People%27s_Republic_of_Bangladesh.jpg?utm_source=bn.wikipedia.org&utm_campaign=api&utm_content=thumbnail,"নরসিংদী জেলা বাংলাদেশের মধ্যভাগের ঢাকা বিভাগের একটি একটি প্রশাসনিক অঞ্চল। উপজেলার সংখ্যানুসারে নরসিংদী বাংলাদেশের একটি “বি” শ্রেণীভুক্ত জেলা। কিংবদন্তি এবং ঐতিহাসিক তথ্যাবলি থেকে অনুমান করা হয় যে, নরসিংদী জেলার অধিকাংশ অঞ্চল প্রাচীন সুবর্ণবীথি রাজ্যের অন্তর্গত ছিল। রাজা নরসিংহের নামে নরসিংদীর নামকরণ করা হয়। ১৯৭৭ খ্রিষ্টাব্দে নরসিংদীকে মহকুমায় এবং ১৯৮৪ খ্রিষ্টাব্দে জেলায় উন্নীত করা হয়।",True
DIST_41,District,Gazipur,গাজীপুর,DIV_6,,www.gazipur.gov.bd,গাজীপুর জেলা,https://bn.wikipedia.org/wiki/%E0%A6%97%E0%A6%BE%E0%A6%9C%E0%A7%80%E0%A6%AA%E0%A7%81%E0%A6%B0%20%E0%A6%9C%E0%A7%87%E0%A6%B2%E0%A6%BE,https://pub-d8ff02e059814132b7f971370e65283d.r2.dev/places/districts/gazipur_dist_41.jpg,https://thumb.wikimedia.org/wikipedia/commons/thumb/0/0a/IUT_Lake_Auditorium.jpg/960px-IUT_Lake_Auditorium.jpg?utm_source=bn.wikipedia.org&utm_campaign=api&utm_content=thumbnail,"গাজীপুর জেলা বাংলাদেশের মধ্যাঞ্চলের ঢাকা বিভাগের একটি প্রশাসনিক অঞ্চল। অবস্থানগত কারণে এটি বাংলাদেশের একটি বিশেষ শ্রেণীভুক্ত জেলা। ১৯৮৪ সালে ঢাকা সদর উত্তর মহকুমার বেশিরভাগ অংশ নিয়ে ঢাকা জেলা হতে পৃথক হয়ে স্বতন্ত্র জেলা হিসেবে আত্মপ্রকাশ করে। জেলাটি ঢাকা বিভাগে অবস্থিত, এর উত্তরে ময়মনসিংহ ও কিশোরগঞ্জ জেলা, দক্ষিণে নারায়ণগঞ্জ জেলা,  পূর্ব ও দক্ষিণ-পূর্বে নরসিংদী জেলা পশ্চিমে টাঙ্গাইল জেলা এবং দক্ষিণ ও দক্ষিণ-পশ্চিমে রয়েছে ঢাকা জেলা।",True
DIST_42,District,Shariatpur,শরীয়তপুর,DIV_6,,www.shariatpur.gov.bd,শরীয়তপুর জেলা,https://bn.wikipedia.org/wiki/%E0%A6%B6%E0%A6%B0%E0%A7%80%E0%A6%AF%E0%A6%BC%E0%A6%A4%E0%A6%AA%E0%A7%81%E0%A6%B0%20%E0%A6%9C%E0%A7%87%E0%A6%B2%E0%A6%BE,https://pub-d8ff02e059814132b7f971370e65283d.r2.dev/places/districts/shariatpur_dist_42.jpg,https://thumb.wikimedia.org/wikipedia/commons/thumb/b/ba/Sureswar_Darbar_Sharif_%2802%29.jpg/960px-Sureswar_Darbar_Sharif_%2802%29.jpg?utm_source=bn.wikipedia.org&utm_campaign=api&utm_content=thumbnail,শরীয়তপুর জেলা বাংলাদেশের ঢাকা বিভাগের একটি প্রশাসনিক জেলা। পূর্বে এটি মাদারীপুর মহকুমার অন্তর্ভুক্ত ছিল। ১৯৭৯ সালে মাদারীপুরের পূর্বাংশ নিয়ে শরীয়তপুর মহকুমা গঠিত হয় এবং ১৯৮৪ সালে জেলা হিসেবে আত্মপ্রকাশ করে।,True
DIST_43,District,Narayanganj,নারায়ণগঞ্জ,DIV_6,,www.narayanganj.gov.bd,নারায়ণগঞ্জ জেলা,https://bn.wikipedia.org/wiki/%E0%A6%A8%E0%A6%BE%E0%A6%B0%E0%A6%BE%E0%A6%AF%E0%A6%BC%E0%A6%A3%E0%A6%97%E0%A6%9E%E0%A7%8D%E0%A6%9C%20%E0%A6%9C%E0%A7%87%E0%A6%B2%E0%A6%BE,https://pub-d8ff02e059814132b7f971370e65283d.r2.dev/places/districts/narayanganj_dist_43.jpg,https://thumb.wikimedia.org/wikipedia/commons/thumb/3/37/Sunshine_from_bird%27s_eye.JPG/960px-Sunshine_from_bird%27s_eye.JPG?utm_source=bn.wikipedia.org&utm_campaign=api&utm_content=thumbnail,নারায়ণগঞ্জ জেলা বাংলাদেশের মধ্যাঞ্চলের ঢাকা বিভাগের একটি জেলা। নারায়ণগঞ্জ শহরে এ জেলার প্রশাসনিক সদর দপ্তর অবস্থিত। অত্যন্ত প্রাচীন এবং প্রসিদ্ধ সোনারগাঁও এ জেলার অন্তর্গত। নারায়ণগঞ্জ সোনালী আঁঁশ পাটের জন্য প্রাচ্যের ড্যান্ডি নামে পরিচিত। শীতলক্ষ্যা নদীর পাড়ে অবস্থিত নারায়ণগঞ্জ নদীবন্দর একটি বিখ্যাত নদীবন্দর। ৬৮৩.১৪ বর্গকিলোমিটার আয়তনের এ জেলাটি ঢাকা বিভাগের সবচেয়ে ছোট জেলা। রাজধানী ঢাকার সাথে এ জেলার সীমানা রয়েছে।,True
DIST_44,District,Tangail,টাঙ্গাইল,DIV_6,,www.tangail.gov.bd,টাঙ্গাইল জেলা,https://bn.wikipedia.org/wiki/%E0%A6%9F%E0%A6%BE%E0%A6%99%E0%A7%8D%E0%A6%97%E0%A6%BE%E0%A6%87%E0%A6%B2%20%E0%A6%9C%E0%A7%87%E0%A6%B2%E0%A6%BE,https://pub-d8ff02e059814132b7f971370e65283d.r2.dev/places/districts/tangail_dist_44.jpg,https://thumb.wikimedia.org/wikipedia/commons/thumb/0/09/201_Dome_Mosque_-_48.jpg/960px-201_Dome_Mosque_-_48.jpg?utm_source=bn.wikipedia.org&utm_campaign=api&utm_content=thumbnail,"টাঙ্গাইল জেলা হলো বাংলাদেশের মধ্যাঞ্চলে অবস্থিত বাংলাদেশের ৬৪টি জেলার একটি, যা ঢাকা বিভাগের একটি প্রশাসনিক অঞ্চল। ১৯৬৯ খ্রিস্টাব্দে টাঙ্গাইল মহকুমা থেকে ৯৭৫ বর্গকিলোমিটার এবং ময়মনসিংহ সদর মহকুমা থেকে ২৪৩৯ বর্গকিলোমিটার জমি নিয়ে বর্তমান টাঙ্গাইল জেলাটি তৈরি করা হয়। উপজেলার সংখ্যা অনুসারে টাঙ্গাইল বাংলাদেশের “এ” শ্রেণীভুক্ত একটি জেলা। জেলাটির মোট আয়তন ৩৪১৪.৩৫ বর্গ কিলোমিটার এবং এর জনসংখ্যা প্রায় ৩৮ লাখ। টাঙ্গাইল আয়তনের ভিত্তিতে ঢাকা বিভাগের সর্ববৃহৎ জেলা ও জনসংখ্যার ভিত্তিতে ২য় সর্ববৃহৎ জেলা।",True
DIST_45,District,Kishoreganj,কিশোরগঞ্জ,DIV_6,,www.kishoreganj.gov.bd,কিশোরগঞ্জ জেলা,https://bn.wikipedia.org/wiki/%E0%A6%95%E0%A6%BF%E0%A6%B6%E0%A7%8B%E0%A6%B0%E0%A6%97%E0%A6%9E%E0%A7%8D%E0%A6%9C%20%E0%A6%9C%E0%A7%87%E0%A6%B2%E0%A6%BE,https://pub-d8ff02e059814132b7f971370e65283d.r2.dev/places/districts/kishoreganj_dist_45.jpg,https://thumb.wikimedia.org/wikipedia/commons/thumb/8/80/Mosque_of_Junglebari_Fort.jpg/960px-Mosque_of_Junglebari_Fort.jpg?utm_source=bn.wikipedia.org&utm_campaign=api&utm_content=thumbnail,"কিশোরগঞ্জ জেলা বাংলাদেশের ঢাকা বিভাগের দ্বিতীয় বৃহত্তম জেলা এবং বাংলাদেশের মধ্যাঞ্চলে অবস্থিত ঢাকা বিভাগের একটি প্রশাসনিক অঞ্চল। এটি ঢাকা থেকে উত্তর - পূর্বে অবস্থিত একটি জেলা। উপজেলার সংখ্যানুসারে কিশোরগঞ্জ বাংলাদেশের 'এ' শ্রেণীভুক্ত জেলার অন্তর্গত। কিশোরগঞ্জ জেলার পরিচিতি বাক্য হলো 
“উজান-ভাটির মিলিত ধারা, 
নদী-হাওর মাছে ভরা”।  হাওর অঞ্চলের জন্য এই জেলা বিখ্যাত।",True
DIST_46,District,Manikganj,মানিকগঞ্জ,DIV_6,,www.manikganj.gov.bd,মানিকগঞ্জ জেলা,https://bn.wikipedia.org/wiki/%E0%A6%AE%E0%A6%BE%E0%A6%A8%E0%A6%BF%E0%A6%95%E0%A6%97%E0%A6%9E%E0%A7%8D%E0%A6%9C%20%E0%A6%9C%E0%A7%87%E0%A6%B2%E0%A6%BE,https://pub-d8ff02e059814132b7f971370e65283d.r2.dev/places/districts/manikganj_dist_46.jpg,https://thumb.wikimedia.org/wikipedia/commons/thumb/2/2a/Baliati_Palace%2C_Saturia%2C_Manikganj_%2832%29.jpg/960px-Baliati_Palace%2C_Saturia%2C_Manikganj_%2832%29.jpg?utm_source=bn.wikipedia.org&utm_campaign=api&utm_content=thumbnail,মানিকগঞ্জ জেলা বাংলাদেশের মধ্যাঞ্চলের ঢাকা বিভাগের একটি প্রশাসনিক অঞ্চল।,True
DIST_47,District,Dhaka,ঢাকা,DIV_6,,www.dhaka.gov.bd,ঢাকা জেলা,https://bn.wikipedia.org/wiki/%E0%A6%A2%E0%A6%BE%E0%A6%95%E0%A6%BE%20%E0%A6%9C%E0%A7%87%E0%A6%B2%E0%A6%BE,https://pub-d8ff02e059814132b7f971370e65283d.r2.dev/places/districts/dhaka_dist_47.jpg,https://thumb.wikimedia.org/wikipedia/commons/thumb/1/14/%E0%A6%AC%E0%A6%BE%E0%A6%82%E0%A6%B2%E0%A6%BE%E0%A6%A6%E0%A7%87%E0%A6%B6%E0%A7%87%E0%A6%B0_%E0%A6%9C%E0%A6%BE%E0%A6%A4%E0%A7%80%E0%A6%AF%E0%A6%BC_%E0%A6%B8%E0%A6%82%E0%A6%B8%E0%A6%A6_%E0%A6%AD%E0%A6%AC%E0%A6%A8_09.jpg/960px-%E0%A6%AC%E0%A6%BE%E0%A6%82%E0%A6%B2%E0%A6%BE%E0%A6%A6%E0%A7%87%E0%A6%B6%E0%A7%87%E0%A6%B0_%E0%A6%9C%E0%A6%BE%E0%A6%A4%E0%A7%80%E0%A6%AF%E0%A6%BC_%E0%A6%B8%E0%A6%82%E0%A6%B8%E0%A6%A6_%E0%A6%AD%E0%A6%AC%E0%A6%A8_09.jpg?utm_source=bn.wikipedia.org&utm_campaign=api&utm_content=thumbnail,ঢাকা জেলা বাংলাদেশের মধ্যাঞ্চলের ঢাকা বিভাগের একটি জেলা। বাংলাদেশের রাজধানী ঢাকা শহরটি এই জেলায় অবস্থিত। অবস্থানগত কারণে এটি বাংলাদেশের একটি বিশেষ শ্রেণীভুক্ত জেলা।,True
DIST_48,District,Munshiganj,মুন্সিগঞ্জ,DIV_6,,www.munshiganj.gov.bd,মুন্সীগঞ্জ জেলা,https://bn.wikipedia.org/wiki/%E0%A6%AE%E0%A7%81%E0%A6%A8%E0%A7%8D%E0%A6%B8%E0%A7%80%E0%A6%97%E0%A6%9E%E0%A7%8D%E0%A6%9C%20%E0%A6%9C%E0%A7%87%E0%A6%B2%E0%A6%BE,https://pub-d8ff02e059814132b7f971370e65283d.r2.dev/places/districts/munshiganj_dist_48.jpg,https://thumb.wikimedia.org/wikipedia/commons/thumb/d/d9/Idrakpur_kella_07.jpg/960px-Idrakpur_kella_07.jpg?utm_source=bn.wikipedia.org&utm_campaign=api&utm_content=thumbnail,মুন্সীগঞ্জ বাংলাদেশের  মধ্যাঞ্চলের ঢাকা বিভাগের একটি প্রশাসনিক অঞ্চল। মুন্সীগঞ্জ ঢাকা বিভাগের একটি জেলা। মুন্সীগঞ্জের প্রাচীন নাম বিক্রমপুর।,True
DIST_49,District,Rajbari,রাজবাড়ী,DIV_6,,www.rajbari.gov.bd,রাজবাড়ী জেলা,https://bn.wikipedia.org/wiki/%E0%A6%B0%E0%A6%BE%E0%A6%9C%E0%A6%AC%E0%A6%BE%E0%A6%A1%E0%A6%BC%E0%A7%80%20%E0%A6%9C%E0%A7%87%E0%A6%B2%E0%A6%BE,https://pub-d8ff02e059814132b7f971370e65283d.r2.dev/places/districts/rajbari_dist_49.jpg,https://thumb.wikimedia.org/wikipedia/commons/thumb/0/03/Daulatdia_Ghat_Rajbari_Bangladesh.JPG/960px-Daulatdia_Ghat_Rajbari_Bangladesh.JPG?utm_source=bn.wikipedia.org&utm_campaign=api&utm_content=thumbnail,"রাজবাড়ী জেলা বাংলাদেশের ফরিদপুর অঞ্চলে অবস্থিত ঢাকা বিভাগের অন্তর্গত একটি জেলা। ১৯৮৪ সালের ১লা মার্চ তৎকালীন ফরিদপুর জেলার গোয়ালন্দ মহকুমা ফরিদপুর থেকে পৃথক হয়ে রাজবাড়ী জেলা হিসেবে আত্মপ্রকাশ করে। ১৮৭০ সালে গড়াই রেল সেতুর নির্মাণ কাজ শেষ হলে ১৮৭১ সালে ব্রিটিশ ভারতের বেঙ্গল প্রেসিডেন্সির পূর্ববঙ্গ অংশে রেলপথ কলকাতা হতে গোয়ালন্দ ঘাট (অপর নাম: গ্যাঞ্জেস বন্দর) পর্যন্ত সম্প্রসারিত হয়। ঢাকাসহ বর্তমান বাংলাদেশের পূর্ব অংশে সহজে যাতায়াতের অবধারিত একটি স্থান হওয়ায় একে ""বাংলার দ্বারপথ"" নামে অভিহিত করা হত।",True
DIST_50,District,Madaripur,মাদারীপুর,DIV_6,,www.madaripur.gov.bd,মাদারীপুর জেলা,https://bn.wikipedia.org/wiki/%E0%A6%AE%E0%A6%BE%E0%A6%A6%E0%A6%BE%E0%A6%B0%E0%A7%80%E0%A6%AA%E0%A7%81%E0%A6%B0%20%E0%A6%9C%E0%A7%87%E0%A6%B2%E0%A6%BE,https://pub-d8ff02e059814132b7f971370e65283d.r2.dev/places/districts/madaripur_dist_50.jpg,https://thumb.wikimedia.org/wikipedia/commons/thumb/1/16/Madaripur_RajaramMondir_19Feb16_MG_2664.jpg/960px-Madaripur_RajaramMondir_19Feb16_MG_2664.jpg?utm_source=bn.wikipedia.org&utm_campaign=api&utm_content=thumbnail,মাদারীপুর জেলা বাংলাদেশের ঢাকা বিভাগের একটি প্রশাসনিক জেলা।,True
DIST_51,District,Gopalganj,গোপালগঞ্জ,DIV_6,,www.gopalganj.gov.bd,গোপালগঞ্জ জেলা,https://bn.wikipedia.org/wiki/%E0%A6%97%E0%A7%8B%E0%A6%AA%E0%A6%BE%E0%A6%B2%E0%A6%97%E0%A6%9E%E0%A7%8D%E0%A6%9C%20%E0%A6%9C%E0%A7%87%E0%A6%B2%E0%A6%BE,https://pub-d8ff02e059814132b7f971370e65283d.r2.dev/places/districts/gopalganj_dist_51.jpg,https://thumb.wikimedia.org/wikipedia/commons/thumb/c/c7/Outer_old_house.jpg/960px-Outer_old_house.jpg?utm_source=bn.wikipedia.org&utm_campaign=api&utm_content=thumbnail,"গোপালগঞ্জ জেলা বাংলাদেশের ঢাকা বিভাগের ফরিদপুর অঞ্চলের একটি শহর ও জেলা। এটি রাজধানী ঢাকা থেকে ১৫৬ কিলোমিটার দক্ষিণ-পশ্চিমে মধুমতি নদীর তীরে অবস্থিত। এর আয়তন প্রায় ১৪৬৮.৭৪ বর্গকিলোমিটার এবং জনসংখ্যা প্রায় ১১,৭২,৪১৫ জন। গোপালগঞ্জ হলো এই জেলার প্রধান ও জেলাসদর শহর। শহরটি ক শ্রেণীর পৌরসভা হিসেবে তালিকাভুক্ত। গোপালগঞ্জ মিউনিসিপ্যালিটি কমিটি ১৯৬৫ সালে প্রতিষ্ঠিত হয়েছিলো। রেলপথের সাথে সংযুক্ত থাকলেও শহরের যোগাযোগের প্রধান উপায় সড়ক পথ। শহরটি সমুদ্র সমতল থেকে ৯ মিটার উচ্চতায় অবস্থিত।",True
DIST_52,District,Faridpur,ফরিদপুর,DIV_6,,www.faridpur.gov.bd,ফরিদপুর জেলা,https://bn.wikipedia.org/wiki/%E0%A6%AB%E0%A6%B0%E0%A6%BF%E0%A6%A6%E0%A6%AA%E0%A7%81%E0%A6%B0%20%E0%A6%9C%E0%A7%87%E0%A6%B2%E0%A6%BE,https://pub-d8ff02e059814132b7f971370e65283d.r2.dev/places/districts/faridpur_dist_52.jpg,https://thumb.wikimedia.org/wikipedia/commons/thumb/1/10/Faridpur_PatrailMoshjid_MG_2971.jpg/960px-Faridpur_PatrailMoshjid_MG_2971.jpg?utm_source=bn.wikipedia.org&utm_campaign=api&utm_content=thumbnail,"ফরিদপুর জেলা (পূর্বনাম: ঢাকা জালালপুর) বাংলাদেশের দক্ষিণবঙ্গে অবস্থিত ঢাকা বিভাগের একটি প্রশাসনিক অঞ্চল। ব্রিটিশ বিরোধী আন্দোলন ও পাটের জন্য এই জেলার খ্যাতি রয়েছে।  
১৮০৭ সালে ঢাকা জালালপুর জেলার সদরদপ্তর ঢাকা থেকে ফরিদপুরে স্থানান্তর করা হয় এবং ১৮১৫ সালে ঢাকা থেকে পৃথক করে স্বতন্ত্র জেলা প্রশাসক নিযুক্ত করা হয়। ১৮৩৩ সালে ঢাকা জালালপুর জেলা বিলুপ্ত করা হয় এবং স্বাধীন যুগ্ম মেজিস্ট্রেট ও ডেপুটি কালেক্টর নিযুক্ত করার মাধ্যমে ফরিদপুর পূর্ণাঙ্গ জেলা হিসেবে স্বীকৃতি পায়।",True
DIST_53,District,Panchagarh,পঞ্চগড়,DIV_7,,www.panchagarh.gov.bd,পঞ্চগড় জেলা,https://bn.wikipedia.org/wiki/%E0%A6%AA%E0%A6%9E%E0%A7%8D%E0%A6%9A%E0%A6%97%E0%A6%A1%E0%A6%BC%20%E0%A6%9C%E0%A7%87%E0%A6%B2%E0%A6%BE,https://pub-d8ff02e059814132b7f971370e65283d.r2.dev/places/districts/panchagarh_dist_53.jpg,https://thumb.wikimedia.org/wikipedia/commons/thumb/9/9e/Kanchenjunga_view_from_Bangladesh.jpg/960px-Kanchenjunga_view_from_Bangladesh.jpg?utm_source=bn.wikipedia.org&utm_campaign=api&utm_content=thumbnail,পঞ্চগড় জেলা বাংলাদেশের উত্তর-পশ্চিমাঞ্চলের রংপুর বিভাগের একটি প্রশাসনিক অঞ্চল। এটি বাংলাদেশের সবচেয়ে উত্তরের জেলা। এই জেলা থেকেই বহুল আলোচিত হিমালয়ের কাঞ্চনজঙ্ঘা চূড়া দেখতে পাওয়া যায়।,True
DIST_54,District,Dinajpur,দিনাজপুর,DIV_7,,www.dinajpur.gov.bd,দিনাজপুর জেলা,https://bn.wikipedia.org/wiki/%E0%A6%A6%E0%A6%BF%E0%A6%A8%E0%A6%BE%E0%A6%9C%E0%A6%AA%E0%A7%81%E0%A6%B0%20%E0%A6%9C%E0%A7%87%E0%A6%B2%E0%A6%BE,https://pub-d8ff02e059814132b7f971370e65283d.r2.dev/places/districts/dinajpur_dist_54.jpg,https://thumb.wikimedia.org/wikipedia/commons/thumb/d/d3/%E0%A6%A8%E0%A6%AF%E0%A6%BC%E0%A6%BE%E0%A6%AC%E0%A6%BE%E0%A6%A6_%E0%A6%AA%E0%A7%8D%E0%A6%B0%E0%A6%BE%E0%A6%9A%E0%A7%80%E0%A6%A8_%E0%A6%AE%E0%A6%B8%E0%A6%9C%E0%A6%BF%E0%A6%A6%E0%A7%87%E0%A6%B0_%E0%A6%89%E0%A6%A4%E0%A7%8D%E0%A6%A4%E0%A6%B0_%E0%A6%AA%E0%A6%B6%E0%A7%8D%E0%A6%9A%E0%A6%BF%E0%A6%AE_%E0%A6%A6%E0%A6%BF%E0%A6%95_%E0%A6%A5%E0%A7%87%E0%A6%95%E0%A7%87_%E0%A6%A6%E0%A7%83%E0%A6%B6%E0%A7%8D%E0%A6%AF.jpg/960px-%E0%A6%A8%E0%A6%AF%E0%A6%BC%E0%A6%BE%E0%A6%AC%E0%A6%BE%E0%A6%A6_%E0%A6%AA%E0%A7%8D%E0%A6%B0%E0%A6%BE%E0%A6%9A%E0%A7%80%E0%A6%A8_%E0%A6%AE%E0%A6%B8%E0%A6%9C%E0%A6%BF%E0%A6%A6%E0%A7%87%E0%A6%B0_%E0%A6%89%E0%A6%A4%E0%A7%8D%E0%A6%A4%E0%A6%B0_%E0%A6%AA%E0%A6%B6%E0%A7%8D%E0%A6%9A%E0%A6%BF%E0%A6%AE_%E0%A6%A6%E0%A6%BF%E0%A6%95_%E0%A6%A5%E0%A7%87%E0%A6%95%E0%A7%87_%E0%A6%A6%E0%A7%83%E0%A6%B6%E0%A7%8D%E0%A6%AF.jpg?utm_source=bn.wikipedia.org&utm_campaign=api&utm_content=thumbnail,দিনাজপুর জেলা বাংলাদেশের উত্তর-পশ্চিমাঞ্চলের রংপুর বিভাগের একটি অন্যতম প্রাচীন ও বৃহৎ জেলা। উপজেলার সংখ্যানুসারে দিনাজপুর বাংলাদেশের একটি “এ” শ্রেণীভুক্ত জেলা। দিনাজপুর জেলা আয়তনে উত্তরবঙ্গের ১৬টি জেলার মধ্যে বৃহত্তম এবং পুরো বাংলাদেশে  ১১ তম।,True
DIST_55,District,Lalmonirhat,লালমনিরহাট,DIV_7,,www.lalmonirhat.gov.bd,লালমনিরহাট জেলা,https://bn.wikipedia.org/wiki/%E0%A6%B2%E0%A6%BE%E0%A6%B2%E0%A6%AE%E0%A6%A8%E0%A6%BF%E0%A6%B0%E0%A6%B9%E0%A6%BE%E0%A6%9F%20%E0%A6%9C%E0%A7%87%E0%A6%B2%E0%A6%BE,https://pub-d8ff02e059814132b7f971370e65283d.r2.dev/places/districts/lalmonirhat_dist_55.jpg,https://thumb.wikimedia.org/wikipedia/commons/thumb/1/1c/Tista_Barrage_-_panoramio_%284%29.jpg/960px-Tista_Barrage_-_panoramio_%284%29.jpg?utm_source=bn.wikipedia.org&utm_campaign=api&utm_content=thumbnail,লালমনিরহাট জেলা বাংলাদেশের উত্তর-পশ্চিমাঞ্চলের রংপুর বিভাগের একটি প্রশাসনিক অঞ্চল।,True
DIST_56,District,Nilphamari,নীলফামারী,DIV_7,,www.nilphamari.gov.bd,নীলফামারী জেলা,https://bn.wikipedia.org/wiki/%E0%A6%A8%E0%A7%80%E0%A6%B2%E0%A6%AB%E0%A6%BE%E0%A6%AE%E0%A6%BE%E0%A6%B0%E0%A7%80%20%E0%A6%9C%E0%A7%87%E0%A6%B2%E0%A6%BE,https://pub-d8ff02e059814132b7f971370e65283d.r2.dev/places/districts/nilphamari_dist_56.jpg,https://thumb.wikimedia.org/wikipedia/commons/thumb/6/60/%E0%A6%9A%E0%A6%BF%E0%A6%A8%E0%A6%BF_%E0%A6%AE%E0%A6%B8%E0%A6%9C%E0%A6%BF%E0%A6%A6.jpg/960px-%E0%A6%9A%E0%A6%BF%E0%A6%A8%E0%A6%BF_%E0%A6%AE%E0%A6%B8%E0%A6%9C%E0%A6%BF%E0%A6%A6.jpg?utm_source=bn.wikipedia.org&utm_campaign=api&utm_content=thumbnail,"নীলফামারী জেলা বাংলাদেশের উত্তর-পশ্চিমাঞ্চলের একটি জেলা (দ্বিতীয় স্তরের প্রশাসনিক ইউনিট)। এটি রংপুর বিভাগের (বাংলাদেশের আটটি বিভাগের একটি যা ২০১০ খ্রিষ্টাব্দের ২৫ জানুয়ারিতে  সপ্তম বিভাগ হিসাবে গঠিত হয়) আটটি জেলার একটি অন্যতম সীমান্তঘেষা জেলা। এ জেলার সদর বা রাজধানীর নামও নীলফামারী। নীলফামারী জেলার উত্তর সীমান্তে ভারতের জলপাইগুড়ি ও কোচবিহার জেলা এবং অন্য দিকে লালমনিরহাট জেলা, রংপুর জেলা, দিনাজপুর জেলা ও পঞ্চগড় জেলা অবস্থিত।
নীলফামারী জেলাকে নীলের দেশ বলা হয়। এই জেলার সাংস্কৃতিক ঐতিহ্য ও ভূ-সংস্থান বেশ সমৃদ্ধ যা অন্যান্য জেলা থেকে এই জেলাকে কিছুটা হলেও আলাদা করেছে।",True
DIST_57,District,Gaibandha,গাইবান্ধা,DIV_7,,www.gaibandha.gov.bd,গাইবান্ধা জেলা,https://bn.wikipedia.org/wiki/%E0%A6%97%E0%A6%BE%E0%A6%87%E0%A6%AC%E0%A6%BE%E0%A6%A8%E0%A7%8D%E0%A6%A7%E0%A6%BE%20%E0%A6%9C%E0%A7%87%E0%A6%B2%E0%A6%BE,https://pub-d8ff02e059814132b7f971370e65283d.r2.dev/places/districts/gaibandha_dist_57.jpg,https://thumb.wikimedia.org/wikipedia/commons/thumb/0/07/Fulsori_Ghat_Gaibandha.jpg/960px-Fulsori_Ghat_Gaibandha.jpg?utm_source=bn.wikipedia.org&utm_campaign=api&utm_content=thumbnail,"গাইবান্ধা জেলা বাংলাদেশের উত্তরাঞ্চলের রংপুর বিভাগ এর একটি প্রশাসনিক অঞ্চল। প্রশাসন গাইবান্ধা জেলা ১৮৫৮ সালের ২৭ আগস্ট বৃহত্তর রংপুর জেলার অধীনে ভবানীগঞ্জ নামে একটি মহকুমা গঠিত হয়। ১৮৭৫ সালে ভবানীগঞ্জ নদীগর্ভে বিলীন হলে মহকুমা সদর দপ্তর গাইবান্ধায় স্থানান্তরিত হয়। এ এলাকা এক সময় বাহরবন্দ পরগনার অন্তর্ভুক্ত ছিল। ১৯২৩ সালে গাইবান্ধা শহরটি মিউনিসিপ্যালিটিতে রূপান্তর হয়। ১৯৬০ সালে মিউনিসিপ্যালিটি বিলুপ্ত হয়ে গাইবান্ধা টাউন কমিটি গঠিত হয়। ১৯৭৩ সালে শহর এলাকা গাইবান্ধা পৌরসভায় রূপান্তরিত হয়। গাইবান্ধা জেলা গঠিত হয় ১৯৮৪ সালে। ২০২৪ সালের জরিপ অনুযায়ী , সাক্ষরতার হার এখন ৮৯.৯০ শতাংশ।",True
DIST_58,District,Thakurgaon,ঠাকুরগাঁও,DIV_7,,www.thakurgaon.gov.bd,ঠাকুরগাঁও জেলা,https://bn.wikipedia.org/wiki/%E0%A6%A0%E0%A6%BE%E0%A6%95%E0%A7%81%E0%A6%B0%E0%A6%97%E0%A6%BE%E0%A6%81%E0%A6%93%20%E0%A6%9C%E0%A7%87%E0%A6%B2%E0%A6%BE,https://pub-d8ff02e059814132b7f971370e65283d.r2.dev/places/districts/thakurgaon_dist_58.jpg,https://thumb.wikimedia.org/wikipedia/commons/thumb/3/38/%E0%A6%AC%E0%A6%BE%E0%A6%B2%E0%A6%BF%E0%A6%AF%E0%A6%BC%E0%A6%BE_%E0%A6%AE%E0%A6%B8%E0%A6%9C%E0%A6%BF%E0%A6%A6.jpg/960px-%E0%A6%AC%E0%A6%BE%E0%A6%B2%E0%A6%BF%E0%A6%AF%E0%A6%BC%E0%A6%BE_%E0%A6%AE%E0%A6%B8%E0%A6%9C%E0%A6%BF%E0%A6%A6.jpg?utm_source=bn.wikipedia.org&utm_campaign=api&utm_content=thumbnail,ঠাকুরগাঁও জেলা বাংলাদেশের উত্তর-পশ্চিমাঞ্চলের রংপুর বিভাগের একটি প্রশাসনিক অঞ্চল।,True
DIST_59,District,Rangpur,রংপুর,DIV_7,,www.rangpur.gov.bd,রংপুর জেলা,https://bn.wikipedia.org/wiki/%E0%A6%B0%E0%A6%82%E0%A6%AA%E0%A7%81%E0%A6%B0%20%E0%A6%9C%E0%A7%87%E0%A6%B2%E0%A6%BE,https://pub-d8ff02e059814132b7f971370e65283d.r2.dev/places/districts/rangpur_dist_59.jpg,https://thumb.wikimedia.org/wikipedia/commons/thumb/c/cb/Wall_of_Rangpur_Cultural_Academy%2C_Rangpur_City.jpg/960px-Wall_of_Rangpur_Cultural_Academy%2C_Rangpur_City.jpg?utm_source=bn.wikipedia.org&utm_campaign=api&utm_content=thumbnail,"রংপুর জেলা বাংলাদেশের উত্তরাঞ্চলের রংপুর বিভাগের একটি প্রশাসনিক ও গুরুত্বপূর্ণ অঞ্চল। ভাওয়াইয়া গানের আকরভূমি বাংলাদেশের ২য় জেলা রংপুর প্রতিষ্ঠিত হয়  ১৭৬৫ সালে এবং বর্তমান রংপুর শহর ১৬ ডিসেম্বর, ১৭৬৯ সালে রংপুর জেলার বিভাগীয় সদর দপ্তর হিসেবে স্বীকৃতি লাভ করে। উপজেলার সংখ্যানুসারে রংপুর বাংলাদেশের একটি “এ” শ্রেণীভুক্ত জেলা।  ৭০০ বছরের ঐতিহ্যের ধারক বাহক বর্তমানে জিআই পণ্য শতরঞ্জি রংপুরের বিখ্যাত বস্তু। এছাড়া, হাড়িভাঙ্গা আম, আলু  এবং তামাক জন্যও রংপুর বিখ্যাত। রংপুরকে বাহের দেশ বলা হয়।",True
DIST_60,District,Kurigram,কুড়িগ্রাম,DIV_7,,www.kurigram.gov.bd,কুড়িগ্রাম জেলা,https://bn.wikipedia.org/wiki/%E0%A6%95%E0%A7%81%E0%A6%A1%E0%A6%BC%E0%A6%BF%E0%A6%97%E0%A7%8D%E0%A6%B0%E0%A6%BE%E0%A6%AE%20%E0%A6%9C%E0%A7%87%E0%A6%B2%E0%A6%BE,https://pub-d8ff02e059814132b7f971370e65283d.r2.dev/places/districts/kurigram_dist_60.jpg,https://upload.wikimedia.org/wikipedia/commons/a/a1/Chandamari_mosqu1.jpg?utm_source=bn.wikipedia.org&utm_campaign=api&utm_content=thumbnail_unscaled,কুড়িগ্রাম জেলা বাংলাদেশের উত্তর-পশ্চিমাঞ্চলের রংপুর বিভাগের একটি প্রশাসনিক অঞ্চল। উপজেলার সংখ্যানুসারে কুড়িগ্রাম বাংলাদেশের একটি “এ” শ্রেণীভুক্ত জেলা।,True
DIST_61,District,Sherpur,শেরপুর,DIV_8,,www.sherpur.gov.bd,শেরপুর জেলা,https://bn.wikipedia.org/wiki/%E0%A6%B6%E0%A7%87%E0%A6%B0%E0%A6%AA%E0%A7%81%E0%A6%B0%20%E0%A6%9C%E0%A7%87%E0%A6%B2%E0%A6%BE,https://pub-d8ff02e059814132b7f971370e65283d.r2.dev/places/districts/sherpur_dist_61.jpg,https://thumb.wikimedia.org/wikipedia/commons/thumb/5/51/Mai_Saheba_Mosque_-_2.jpg/960px-Mai_Saheba_Mosque_-_2.jpg?utm_source=bn.wikipedia.org&utm_campaign=api&utm_content=thumbnail,"শেরপুর জেলা বাংলাদেশের ময়মনসিংহ বিভাগের একটি প্রশাসনিক অঞ্চল। পূর্বে ১৮২৯-২০১৫ পর্যন্ত এটি ঢাকা বিভাগের অন্তর্গত ছিল। শেরপুর জেলার আয়তন ১,৩৬৩.৭৬ বর্গকিলোমিটার। শেরপুর জেলা পূর্বে ময়মনসিংহ জেলার জামালপুর মহকুমার একটি থানা ছিল। ১৯৭৮ সালে জামালপুর জেলার একটি মহকুমা ঘোষণা করা হয়। এরপর ১৯৮৪ সালের ২২ ফেব্রুয়ারি এটিকে জেলায় উন্নীত করা হয়। শেরপুর শহর, দেশের রাজধানী ঢাকা থেকে ১৮৩ কিলোমিটার (১১৩.৭ মাইল) উত্তরে অবস্থিত।",True
DIST_62,District,Mymensingh,ময়মনসিংহ,DIV_8,,www.mymensingh.gov.bd,ময়মনসিংহ জেলা,https://bn.wikipedia.org/wiki/%E0%A6%AE%E0%A6%AF%E0%A6%BC%E0%A6%AE%E0%A6%A8%E0%A6%B8%E0%A6%BF%E0%A6%82%E0%A6%B9%20%E0%A6%9C%E0%A7%87%E0%A6%B2%E0%A6%BE,https://pub-d8ff02e059814132b7f971370e65283d.r2.dev/places/districts/mymensingh_dist_62.jpg,https://thumb.wikimedia.org/wikipedia/commons/thumb/9/90/A_front_view_of_Shashi_Lodge_4.jpg/960px-A_front_view_of_Shashi_Lodge_4.jpg?utm_source=bn.wikipedia.org&utm_campaign=api&utm_content=thumbnail,ময়মনসিংহ জেলা বাংলাদেশের মধ্যাঞ্চলের ময়মনসিংহ বিভাগের একটি প্রশাসনিক অঞ্চল। অবস্থানগত কারণে এটি বাংলাদেশের বিশেষ শ্রেণীভুক্ত জেলা। ময়মনসিংহ জেলার পূর্ব নাম যথাক্রমে মোমেনশাহী ও নাসিরাবাদ। এই জেলার আকার সময় সময় পরিবর্তিত হয়েছে। ১৯৬০ খ্রিষ্টাব্দে ময়মনসিংহ সদর মহকুমা প্রশাসনিকভাবে উত্তর ও দক্ষিণ এ বিভক্ত হয়। ১৯৬৯ খ্রিষ্টাব্দে ময়মনসিংহ জেলার টাঙ্গাইল মহুকুমাকে পৃথক করে একটি জেলা করা হয় এবং ১৯৭৮ সালে জামালপুর মহকুমাকে দেশের ২০তম জেলা হিসেবে ঘোষণা করে শেরপুরকে জামালপুর জেলার অন্তর্গত মহকুমায় উন্নীত করা হয়।,True
DIST_63,District,Jamalpur,জামালপুর,DIV_8,,www.jamalpur.gov.bd,জামালপুর জেলা,https://bn.wikipedia.org/wiki/%E0%A6%9C%E0%A6%BE%E0%A6%AE%E0%A6%BE%E0%A6%B2%E0%A6%AA%E0%A7%81%E0%A6%B0%20%E0%A6%9C%E0%A7%87%E0%A6%B2%E0%A6%BE,https://pub-d8ff02e059814132b7f971370e65283d.r2.dev/places/districts/jamalpur_dist_63.jpg,https://thumb.wikimedia.org/wikipedia/commons/thumb/1/1b/%E0%A6%A6%E0%A7%87%E0%A6%93%E0%A6%AF%E0%A6%BC%E0%A6%BE%E0%A6%A8_%E0%A6%B6%E0%A6%BE%E0%A6%B9_%28%E0%A6%B0%E0%A6%B9%E0%A6%83%29_%E0%A6%8F%E0%A6%B0_%E0%A6%AE%E0%A6%BE%E0%A6%9C%E0%A6%BE%E0%A6%B0_%28%E0%A6%B8%E0%A6%BE%E0%A6%AE%E0%A6%A8%E0%A7%87_%E0%A6%A5%E0%A7%87%E0%A6%95%E0%A7%87%29.jpg/960px-%E0%A6%A6%E0%A7%87%E0%A6%93%E0%A6%AF%E0%A6%BC%E0%A6%BE%E0%A6%A8_%E0%A6%B6%E0%A6%BE%E0%A6%B9_%28%E0%A6%B0%E0%A6%B9%E0%A6%83%29_%E0%A6%8F%E0%A6%B0_%E0%A6%AE%E0%A6%BE%E0%A6%9C%E0%A6%BE%E0%A6%B0_%28%E0%A6%B8%E0%A6%BE%E0%A6%AE%E0%A6%A8%E0%A7%87_%E0%A6%A5%E0%A7%87%E0%A6%95%E0%A7%87%29.jpg?utm_source=bn.wikipedia.org&utm_campaign=api&utm_content=thumbnail,"জামালপুর জেলা বাংলাদেশের মধ্যাঞ্চলের ময়মনসিংহ বিভাগের একটি প্রশাসনিক অঞ্চল। পূর্বনাম ছিল সিংহজানি। ইসলাম ধর্মপ্রচারক শাহজামাল ইয়ামানির নামানুসারে জামালপুর জেলার নামকরণ করা হয়। পুরাতন ব্রহ্মপুত্র নদের পশ্চিম তীরে অবস্থিত। জেলার পশ্চিমে অবস্থিত যমুনা নদী। জেলাটি কৃষি পণ্য উৎপাদনে অত্যন্ত সমৃদ্ধ।
জেলাটির রেল পথে বাহাদুরাবাদ  ঘাট, ময়মনসিংহ, টাঙ্গাইল, এবং সড়কপথে ভারতের মেঘালয়ের সাথে যোগাযোগ রয়েছে। কৃষি প্রধান এ অঞ্চলে মূলত প্রধান ফসলের মধ্যে ধান, পাট, আখ, সরিষা বীজ, চিনাবাদাম, এবং গম উৎপন্ন হয়। ভারত থেকে আমদানিকৃত পণ্যের জন্য অন্যতম শুল্কস্টেশন রয়েছে এই জেলায়।",True
DIST_64,District,Netrokona,নেত্রকোণা,DIV_8,,www.netrokona.gov.bd,নেত্রকোণা জেলা,https://bn.wikipedia.org/wiki/%E0%A6%A8%E0%A7%87%E0%A6%A4%E0%A7%8D%E0%A6%B0%E0%A6%95%E0%A7%8B%E0%A6%A3%E0%A6%BE%20%E0%A6%9C%E0%A7%87%E0%A6%B2%E0%A6%BE,https://pub-d8ff02e059814132b7f971370e65283d.r2.dev/places/districts/netrokona_dist_64.jpg,https://thumb.wikimedia.org/wikipedia/commons/thumb/e/e3/Road_in_front_of_Netrokona_Circuit_House_.jpg/960px-Road_in_front_of_Netrokona_Circuit_House_.jpg?utm_source=bn.wikipedia.org&utm_campaign=api&utm_content=thumbnail,"নেত্রকোণা জেলা বাংলাদেশের মধ্যাঞ্চলের ময়মনসিংহ বিভাগের একটি প্রশাসনিক এলাকা। এটি বাংলাদেশের একটি উর্বর ও সমৃদ্ধ এলাকা। প্রধান ফসলাদির মধ্যে ধানের ব্যাপক ফলন হয়। এছাড়া মৌসুমী শাক সবজিরও ভাল ফলন হয়। মাছ চাষ এ অঞ্চলের একটি অর্থনৈতিক চালিকা শক্তি। এটি বাংলাদেশের একটি “এ” শ্রেণীভুক্ত জেলা। এখানে রয়েছে সীমান্তবর্তী গারো পাহাড়, পাহাড়ি জলপ্রপাত, চীনা মাটির পাহাড়, টিলা, হাওড়, নদী, খাল এবং অসংখ্য ছোট-বড় বিল। ধান,গম, পাট, সরিষা, কলা,কুমড়া, কমলা  ইত্যাদি কৃষি পণ্য এই অঞ্চলের অন্যতম অর্থনৈতিক পণ্য হলেও বিভিন্ন ছোট শিল্প এবং খনিজ সম্পদের প্রাচুর্য রয়েছে এই জেলায়।",True
UPA_1,Upazila,Debidwar,দেবিদ্বার,DIST_1,কুমিল্লা,debidwar.comilla.gov.bd,দেবীদ্বার উপজেলা,https://bn.wikipedia.org/wiki/%E0%A6%A6%E0%A7%87%E0%A6%AC%E0%A7%80%E0%A6%A6%E0%A7%8D%E0%A6%AC%E0%A6%BE%E0%A6%B0%20%E0%A6%89%E0%A6%AA%E0%A6%9C%E0%A7%87%E0%A6%B2%E0%A6%BE,https://pub-d8ff02e059814132b7f971370e65283d.r2.dev/places/upazilas/debidwar_upa_1.jpg,https://thumb.wikimedia.org/wikipedia/commons/thumb/7/79/Debidwar_in_Chattogram_division_%28Bangladesh%29.svg/960px-Debidwar_in_Chattogram_division_%28Bangladesh%29.svg.png?utm_source=bn.wikipedia.org&utm_campaign=api&utm_content=thumbnail,দেবীদ্বার (অন্য বানান: দেবিদ্বার) বাংলাদেশের কুমিল্লা জেলার অন্তর্গত একটি উপজেলা। দেবিদ্বার গোমতী নদী তীরে অবস্থিত কুমিল্লা জেলার অন্তর্ভুক্ত একটি নগরী। দেবিদ্বার পৌর শহরের আয়তন ৪.৩২ বর্গ কিলোমিটার এবং দেবীদ্বার শহর হলো একটি বিস্তৃত শহর। কুমিল্লা-সিলেট মহাসড়কের পাশেই অবস্থিত শহরটি।,True
UPA_2,Upazila,Barura,বরুড়া,DIST_1,কুমিল্লা,barura.comilla.gov.bd,বরুড়া উপজেলা,https://bn.wikipedia.org/wiki/%E0%A6%AC%E0%A6%B0%E0%A7%81%E0%A6%A1%E0%A6%BC%E0%A6%BE%20%E0%A6%89%E0%A6%AA%E0%A6%9C%E0%A7%87%E0%A6%B2%E0%A6%BE,https://pub-d8ff02e059814132b7f971370e65283d.r2.dev/places/upazilas/barura_upa_2.jpg,https://thumb.wikimedia.org/wikipedia/commons/thumb/5/52/Barura_in_Chattogram_division_%28Bangladesh%29.svg/960px-Barura_in_Chattogram_division_%28Bangladesh%29.svg.png?utm_source=bn.wikipedia.org&utm_campaign=api&utm_content=thumbnail,বরুড়া উপজেলা বাংলাদেশের কুমিল্লা জেলার অন্তর্গত একটি উপজেলা।,True
UPA_3,Upazila,Brahmanpara,ব্রাহ্মণপাড়া,DIST_1,কুমিল্লা,brahmanpara.comilla.gov.bd,ব্রাহ্মণপাড়া উপজেলা,https://bn.wikipedia.org/wiki/%E0%A6%AC%E0%A7%8D%E0%A6%B0%E0%A6%BE%E0%A6%B9%E0%A7%8D%E0%A6%AE%E0%A6%A3%E0%A6%AA%E0%A6%BE%E0%A6%A1%E0%A6%BC%E0%A6%BE%20%E0%A6%89%E0%A6%AA%E0%A6%9C%E0%A7%87%E0%A6%B2%E0%A6%BE,https://pub-d8ff02e059814132b7f971370e65283d.r2.dev/places/upazilas/brahmanpara_upa_3.jpg,https://thumb.wikimedia.org/wikipedia/commons/thumb/8/86/Brahmanpara_in_Chattogram_division_%28Bangladesh%29.svg/960px-Brahmanpara_in_Chattogram_division_%28Bangladesh%29.svg.png?utm_source=bn.wikipedia.org&utm_campaign=api&utm_content=thumbnail,ব্রাহ্মণপাড়া বাংলাদেশের কুমিল্লা জেলার অন্তর্গত একটি উপজেলা।,True
UPA_4,Upazila,Chandina,চান্দিনা,DIST_1,কুমিল্লা,chandina.comilla.gov.bd,চান্দিনা উপজেলা,https://bn.wikipedia.org/wiki/%E0%A6%9A%E0%A6%BE%E0%A6%A8%E0%A7%8D%E0%A6%A6%E0%A6%BF%E0%A6%A8%E0%A6%BE%20%E0%A6%89%E0%A6%AA%E0%A6%9C%E0%A7%87%E0%A6%B2%E0%A6%BE,https://pub-d8ff02e059814132b7f971370e65283d.r2.dev/places/upazilas/chandina_upa_4.jpg,https://thumb.wikimedia.org/wikipedia/commons/thumb/c/ca/Chandina_in_Chattogram_division_%28Bangladesh%29.svg/960px-Chandina_in_Chattogram_division_%28Bangladesh%29.svg.png?utm_source=bn.wikipedia.org&utm_campaign=api&utm_content=thumbnail,চান্দিনা উপজেলা বাংলাদেশের কুমিল্লা জেলার একটি প্রশাসনিক এলাকা ।,True
UPA_5,Upazila,Chauddagram,চৌদ্দগ্রাম,DIST_1,কুমিল্লা,chauddagram.comilla.gov.bd,চৌদ্দগ্রাম উপজেলা,https://bn.wikipedia.org/wiki/%E0%A6%9A%E0%A7%8C%E0%A6%A6%E0%A7%8D%E0%A6%A6%E0%A6%97%E0%A7%8D%E0%A6%B0%E0%A6%BE%E0%A6%AE%20%E0%A6%89%E0%A6%AA%E0%A6%9C%E0%A7%87%E0%A6%B2%E0%A6%BE,https://pub-d8ff02e059814132b7f971370e65283d.r2.dev/places/upazilas/chauddagram_upa_5.jpg,https://thumb.wikimedia.org/wikipedia/commons/thumb/0/07/Chauddagram_in_Chattogram_division_%28Bangladesh%29.svg/960px-Chauddagram_in_Chattogram_division_%28Bangladesh%29.svg.png?utm_source=bn.wikipedia.org&utm_campaign=api&utm_content=thumbnail,চৌদ্দগ্রাম বাংলাদেশের কুমিল্লা জেলার অন্তর্গত একটি সর্ববৃহৎ উপজেলা। একসময় এই এলাকাটি ছিল বৃহৎ জনপদ। যেখানে ১৪ টি গ্রাম (প্রধান গ্রাম) অবস্থিত ছিল। এই চৌদ্দ টি গ্রামের সম্মিলিত এলাকা থেকেই নামকরণ হয় চৌদ্দগ্রাম। এটা কুমিল্লা শহর থেকে মাত্র ৩০ কিলোমিটার দক্ষিণ-পূর্বে অবস্থিত।,True
UPA_6,Upazila,Daudkandi,দাউদকান্দি,DIST_1,কুমিল্লা,daudkandi.comilla.gov.bd,দাউদকান্দি উপজেলা,https://bn.wikipedia.org/wiki/%E0%A6%A6%E0%A6%BE%E0%A6%89%E0%A6%A6%E0%A6%95%E0%A6%BE%E0%A6%A8%E0%A7%8D%E0%A6%A6%E0%A6%BF%20%E0%A6%89%E0%A6%AA%E0%A6%9C%E0%A7%87%E0%A6%B2%E0%A6%BE,https://pub-d8ff02e059814132b7f971370e65283d.r2.dev/places/upazilas/daudkandi_upa_6.jpg,https://thumb.wikimedia.org/wikipedia/commons/thumb/d/dd/Daudkandi_in_Chattogram_division_%28Bangladesh%29.svg/960px-Daudkandi_in_Chattogram_division_%28Bangladesh%29.svg.png?utm_source=bn.wikipedia.org&utm_campaign=api&utm_content=thumbnail,দাউদকান্দি উপজেলা বাংলাদেশের কুমিল্লা জেলার একটি প্রশাসনিক এলাকা।,True
UPA_7,Upazila,Homna,হোমনা,DIST_1,কুমিল্লা,homna.comilla.gov.bd,হোমনা উপজেলা,https://bn.wikipedia.org/wiki/%E0%A6%B9%E0%A7%8B%E0%A6%AE%E0%A6%A8%E0%A6%BE%20%E0%A6%89%E0%A6%AA%E0%A6%9C%E0%A7%87%E0%A6%B2%E0%A6%BE,https://pub-d8ff02e059814132b7f971370e65283d.r2.dev/places/upazilas/homna_upa_7.jpg,https://thumb.wikimedia.org/wikipedia/commons/thumb/a/aa/Titas_river_in_homna.JPG/960px-Titas_river_in_homna.JPG?utm_source=bn.wikipedia.org&utm_campaign=api&utm_content=thumbnail,হোমনা উপজেলা হচ্ছে বাংলাদেশের কুমিল্লা জেলার অন্তর্গত একটি উপজেলা।,True
UPA_8,Upazila,Laksam,লাকসাম,DIST_1,কুমিল্লা,laksam.comilla.gov.bd,লাকসাম উপজেলা,https://bn.wikipedia.org/wiki/%E0%A6%B2%E0%A6%BE%E0%A6%95%E0%A6%B8%E0%A6%BE%E0%A6%AE%20%E0%A6%89%E0%A6%AA%E0%A6%9C%E0%A7%87%E0%A6%B2%E0%A6%BE,https://pub-d8ff02e059814132b7f971370e65283d.r2.dev/places/upazilas/laksam_upa_8.jpg,https://thumb.wikimedia.org/wikipedia/commons/thumb/c/c1/Laksam_in_Chattogram_division_%28Bangladesh%29.svg/960px-Laksam_in_Chattogram_division_%28Bangladesh%29.svg.png?utm_source=bn.wikipedia.org&utm_campaign=api&utm_content=thumbnail,লাকসাম উপজেলা বাংলাদেশের চট্টগ্রাম বিভাগের কুমিল্লা জেলার একটি প্রশাসনিক এলাকা। কুমিল্লা সদর থেকে মাত্র ২৯ কিলোমিটার দক্ষিণে আন্তঃসীমান্ত ডাকাতিয়া নদীর তীরে এই উপজেলাটি অবস্থিত।  লাকসাম শহরটি বাণিজ্যের শহর হিসেবে পরিচিত। এ উপজেলায় অবস্থিত লাকসাম পৌরসভা বর্তমানে একটি প্রথম শ্রেণীর পৌরসভা। বাংলাদেশের বৃহত্তম পাঁচটি রেলওয়ে জংশনের মধ্যে একটি এখানে অবস্থিত। লাকসাম থানাকে উপজেলায় রূপান্তরিত করা হয় ১৯৮২ সালে। এছাড়াও নওয়াব ফয়জুন্নেছা চৌধুরাণীর জন্মস্থান হিসেবেও লাকসাম পরিচিত। এছাড়াও এখানে ঐতিহ্যবাহী দৌলতগঞ্জ গাজীমুড়া কামিল মাদ্রাসা রয়েছে।,True
UPA_9,Upazila,Muradnagar,মুরাদনগর,DIST_1,কুমিল্লা,muradnagar.comilla.gov.bd,মুরাদনগর উপজেলা,https://bn.wikipedia.org/wiki/%E0%A6%AE%E0%A7%81%E0%A6%B0%E0%A6%BE%E0%A6%A6%E0%A6%A8%E0%A6%97%E0%A6%B0%20%E0%A6%89%E0%A6%AA%E0%A6%9C%E0%A7%87%E0%A6%B2%E0%A6%BE,https://pub-d8ff02e059814132b7f971370e65283d.r2.dev/places/upazilas/muradnagar_upa_9.jpg,https://thumb.wikimedia.org/wikipedia/commons/thumb/2/24/Muradnagar_in_Chattogram_division_%28Bangladesh%29.svg/960px-Muradnagar_in_Chattogram_division_%28Bangladesh%29.svg.png?utm_source=bn.wikipedia.org&utm_campaign=api&utm_content=thumbnail,মুরাদনগর উপজেলা বাংলাদেশের কুমিল্লা জেলার অন্তর্গত একটি প্রশাসনিক এলাকা।,True
UPA_10,Upazila,Nangalkot,নাঙ্গলকোট,DIST_1,কুমিল্লা,nangalkot.comilla.gov.bd,নাঙ্গলকোট উপজেলা,https://bn.wikipedia.org/wiki/%E0%A6%A8%E0%A6%BE%E0%A6%99%E0%A7%8D%E0%A6%97%E0%A6%B2%E0%A6%95%E0%A7%8B%E0%A6%9F%20%E0%A6%89%E0%A6%AA%E0%A6%9C%E0%A7%87%E0%A6%B2%E0%A6%BE,https://pub-d8ff02e059814132b7f971370e65283d.r2.dev/places/upazilas/nangalkot_upa_10.jpg,https://thumb.wikimedia.org/wikipedia/commons/thumb/3/30/Nangalkot_in_Chattogram_division_%28Bangladesh%29.svg/960px-Nangalkot_in_Chattogram_division_%28Bangladesh%29.svg.png?utm_source=bn.wikipedia.org&utm_campaign=api&utm_content=thumbnail,নাঙ্গলকোট উপজেলা বাংলাদেশের কুমিল্লা জেলার একটি প্রশাসনিক এলাকা।,True
UPA_11,Upazila,Comilla Sadar,কুমিল্লা সদর,DIST_1,কুমিল্লা,comillasadar.comilla.gov.bd,কুমিল্লা আদর্শ সদর উপজেলা,https://bn.wikipedia.org/wiki/%E0%A6%95%E0%A7%81%E0%A6%AE%E0%A6%BF%E0%A6%B2%E0%A7%8D%E0%A6%B2%E0%A6%BE%20%E0%A6%86%E0%A6%A6%E0%A6%B0%E0%A7%8D%E0%A6%B6%20%E0%A6%B8%E0%A6%A6%E0%A6%B0%20%E0%A6%89%E0%A6%AA%E0%A6%9C%E0%A7%87%E0%A6%B2%E0%A6%BE,https://pub-d8ff02e059814132b7f971370e65283d.r2.dev/places/upazilas/comilla_sadar_upa_11.jpg,https://thumb.wikimedia.org/wikipedia/commons/thumb/5/5e/Comilla_Adarsha_Sadar_in_Chattogram_division_%28Bangladesh%29.svg/960px-Comilla_Adarsha_Sadar_in_Chattogram_division_%28Bangladesh%29.svg.png?utm_source=bn.wikipedia.org&utm_campaign=api&utm_content=thumbnail,কুমিল্লা সদর উপজেলা বা কুমিল্লা আদর্শ সদর উপজেলা বাংলাদেশের কুমিল্লা জেলার একটি প্রশাসনিক এলাকা।,True
UPA_12,Upazila,Meghna,মেঘনা,DIST_1,কুমিল্লা,meghna.comilla.gov.bd,মেঘনা উপজেলা,https://bn.wikipedia.org/wiki/%E0%A6%AE%E0%A7%87%E0%A6%98%E0%A6%A8%E0%A6%BE%20%E0%A6%89%E0%A6%AA%E0%A6%9C%E0%A7%87%E0%A6%B2%E0%A6%BE,https://pub-d8ff02e059814132b7f971370e65283d.r2.dev/places/upazilas/meghna_upa_12.jpg,https://thumb.wikimedia.org/wikipedia/commons/thumb/7/7d/Meghna_in_Chattogram_division_%28Bangladesh%29.svg/960px-Meghna_in_Chattogram_division_%28Bangladesh%29.svg.png?utm_source=bn.wikipedia.org&utm_campaign=api&utm_content=thumbnail,মেঘনা উপজেলা বাংলাদেশের একটি উপজেলা। এটি কুমিল্লা জেলার অন্তর্ভুক্ত একটি এলাকা ও সরকারের প্রশাসনিক অঞ্চল। সাধারণত পাকিস্তান আমলের থানা কে উপজেলায় উন্নীত করা হয়েছে। মেঘনা উপজেলা একটি নবগঠিত প্রশাসনিক অঞ্চল। অর্থাৎ পার্শ্ববর্তী উপজেলাসমূহের অংশ নিয়ে এই উপজেলা গঠন করা হয় ১৯৯৮ খ্রিষ্টাব্দে। উপজেলা নির্বাহী অফিসার এই উপজেলার প্রধান সরকারি কর্মকর্তা। ২০১১ খ্রিষ্টাব্দের ২৩মে জুন প্রথম মেঘনা উপজেলায় ইউনিয়ন পরিষদ নির্বাচনের মাধ্যমে স্থানীয় সরকার গঠিত হয়।,True
UPA_13,Upazila,Monohargonj,মনোহরগঞ্জ,DIST_1,কুমিল্লা,monohargonj.comilla.gov.bd,মনোহরগঞ্জ উপজেলা,https://bn.wikipedia.org/wiki/%E0%A6%AE%E0%A6%A8%E0%A7%8B%E0%A6%B9%E0%A6%B0%E0%A6%97%E0%A6%9E%E0%A7%8D%E0%A6%9C%20%E0%A6%89%E0%A6%AA%E0%A6%9C%E0%A7%87%E0%A6%B2%E0%A6%BE,https://pub-d8ff02e059814132b7f971370e65283d.r2.dev/places/upazilas/monohargonj_upa_13.jpg,https://thumb.wikimedia.org/wikipedia/commons/thumb/0/0b/Manoharganj_in_Chattogram_division_%28Bangladesh%29.svg/960px-Manoharganj_in_Chattogram_division_%28Bangladesh%29.svg.png?utm_source=bn.wikipedia.org&utm_campaign=api&utm_content=thumbnail,মনোহরগঞ্জ উপজেলা বাংলাদেশের চট্টগ্রাম বিভাগের কুমিল্লা জেলায় অবস্থিত একটি উপজেলা।,True
UPA_14,Upazila,Sadarsouth,সদর দক্ষিণ,DIST_1,কুমিল্লা,sadarsouth.comilla.gov.bd,কুমিল্লা সদর দক্ষিণ উপজেলা,https://bn.wikipedia.org/wiki/%E0%A6%95%E0%A7%81%E0%A6%AE%E0%A6%BF%E0%A6%B2%E0%A7%8D%E0%A6%B2%E0%A6%BE%20%E0%A6%B8%E0%A6%A6%E0%A6%B0%20%E0%A6%A6%E0%A6%95%E0%A7%8D%E0%A6%B7%E0%A6%BF%E0%A6%A3%20%E0%A6%89%E0%A6%AA%E0%A6%9C%E0%A7%87%E0%A6%B2%E0%A6%BE,https://pub-d8ff02e059814132b7f971370e65283d.r2.dev/places/upazilas/sadarsouth_upa_14.jpg,https://thumb.wikimedia.org/wikipedia/commons/thumb/2/25/Comilla_Sadar_Dakshin_in_Chattogram_division_%28Bangladesh%29.svg/960px-Comilla_Sadar_Dakshin_in_Chattogram_division_%28Bangladesh%29.svg.png?utm_source=bn.wikipedia.org&utm_campaign=api&utm_content=thumbnail,সদর দক্ষিণ উপজেলা বাংলাদেশের কুমিল্লা জেলার একটি প্রশাসনিক এলাকা।,True
UPA_15,Upazila,Titas,তিতাস,DIST_1,কুমিল্লা,titas.comilla.gov.bd,তিতাস উপজেলা,https://bn.wikipedia.org/wiki/%E0%A6%A4%E0%A6%BF%E0%A6%A4%E0%A6%BE%E0%A6%B8%20%E0%A6%89%E0%A6%AA%E0%A6%9C%E0%A7%87%E0%A6%B2%E0%A6%BE,https://pub-d8ff02e059814132b7f971370e65283d.r2.dev/places/upazilas/titas_upa_15.jpg,https://thumb.wikimedia.org/wikipedia/commons/thumb/e/e4/Titas_in_Chattogram_division_%28Bangladesh%29.svg/960px-Titas_in_Chattogram_division_%28Bangladesh%29.svg.png?utm_source=bn.wikipedia.org&utm_campaign=api&utm_content=thumbnail,তিতাস উপজেলা কুমিল্লা জেলার অন্তর্ভুক্ত একটি উপজেলা। মূলত পাকিস্তান আমলের থানাকে উপজেলায় উন্নতি করা হয়েছে। তিতাস একটি নবগঠিত প্রশাসনিক অঞ্চল। অর্থাৎ পার্শ্ববর্তী দাউদকান্দি উপজেলার অংশ নিয়ে এই উপজেলা গঠন করা হয় ২০০৪ সালে। উপজেলা নির্বাহী অফিসার এই উপজেলার প্রধান সরকারি কর্মকর্তা।,True
UPA_16,Upazila,Burichang,বুড়িচং,DIST_1,কুমিল্লা,burichang.comilla.gov.bd,বুড়িচং উপজেলা,https://bn.wikipedia.org/wiki/%E0%A6%AC%E0%A7%81%E0%A6%A1%E0%A6%BC%E0%A6%BF%E0%A6%9A%E0%A6%82%20%E0%A6%89%E0%A6%AA%E0%A6%9C%E0%A7%87%E0%A6%B2%E0%A6%BE,https://pub-d8ff02e059814132b7f971370e65283d.r2.dev/places/upazilas/burichang_upa_16.jpg,https://thumb.wikimedia.org/wikipedia/commons/thumb/f/fd/Burichang_in_Chattogram_division_%28Bangladesh%29.svg/960px-Burichang_in_Chattogram_division_%28Bangladesh%29.svg.png?utm_source=bn.wikipedia.org&utm_campaign=api&utm_content=thumbnail,বুড়িচং বাংলাদেশের কুমিল্লা জেলার অন্তর্গত একটি উপজেলা।,True
UPA_17,Upazila,Lalmai,লালমাই,DIST_1,কুমিল্লা,lalmai.comilla.gov.bd,লালমাই উপজেলা,https://bn.wikipedia.org/wiki/%E0%A6%B2%E0%A6%BE%E0%A6%B2%E0%A6%AE%E0%A6%BE%E0%A6%87%20%E0%A6%89%E0%A6%AA%E0%A6%9C%E0%A7%87%E0%A6%B2%E0%A6%BE,https://pub-d8ff02e059814132b7f971370e65283d.r2.dev/places/upazilas/lalmai_upa_17.jpg,https://thumb.wikimedia.org/wikipedia/commons/thumb/1/17/Lalmai_in_Chattogram_division_%28Bangladesh%29.svg/960px-Lalmai_in_Chattogram_division_%28Bangladesh%29.svg.png?utm_source=bn.wikipedia.org&utm_campaign=api&utm_content=thumbnail,লালমাই উপজেলা বাংলাদেশের চট্টগ্রাম বিভাগের কুমিল্লা জেলার একটি প্রশাসনিক এলাকা।,True
UPA_18,Upazila,Chhagalnaiya,ছাগলনাইয়া,DIST_2,ফেনী,chhagalnaiya.feni.gov.bd,ছাগলনাইয়া উপজেলা,https://bn.wikipedia.org/wiki/%E0%A6%9B%E0%A6%BE%E0%A6%97%E0%A6%B2%E0%A6%A8%E0%A6%BE%E0%A6%87%E0%A6%AF%E0%A6%BC%E0%A6%BE%20%E0%A6%89%E0%A6%AA%E0%A6%9C%E0%A7%87%E0%A6%B2%E0%A6%BE,https://pub-d8ff02e059814132b7f971370e65283d.r2.dev/places/upazilas/chhagalnaiya_upa_18.jpg,https://thumb.wikimedia.org/wikipedia/commons/thumb/c/c8/Chhagalnaiya_in_Chattogram_division_%28Bangladesh%29.svg/960px-Chhagalnaiya_in_Chattogram_division_%28Bangladesh%29.svg.png?utm_source=bn.wikipedia.org&utm_campaign=api&utm_content=thumbnail,"ছাগলনাইয়া বাংলাদেশের ফেনী জেলার অন্তর্গত একটি উপজেলা। ধারণা করা হয়, ইংরেজ শাসনামলে দাপ্তরিক নথিতে R এর স্থলে ভুলবশত L লেখার ফলে এ এলাকার নাম সাগরনাইয়া (সাগর যাকে নাইয়ে বা স্নান করিয়ে দেয়) থেকে ছাগলনাইয়া' হয়ে যায়। সুবিধাজনক ভৌগোলিক অবস্থান এবং সীমান্ত সংলগ্ন হওয়ায় ঐতিহাসিকভাবে - বিশেষত বাংলাদেশের মুক্তিযুদ্ধের সময় স্থানটি গুরুত্বপূর্ণ ভূমিকা রাখে। 
জনশ্রুতি আছে, ভারতীয় কংগ্রেস নেতা মোহন চাদ করম চাদ গান্থী একবার ছাগলনাইয়া এসেছিলেন আন্ত সাম্প্রদায়িক শান্তি উদ্যোগ নিয়ে।",True
UPA_19,Upazila,Feni Sadar,ফেনী সদর,DIST_2,ফেনী,sadar.feni.gov.bd,ফেনী সদর উপজেলা,https://bn.wikipedia.org/wiki/%E0%A6%AB%E0%A7%87%E0%A6%A8%E0%A7%80%20%E0%A6%B8%E0%A6%A6%E0%A6%B0%20%E0%A6%89%E0%A6%AA%E0%A6%9C%E0%A7%87%E0%A6%B2%E0%A6%BE,https://pub-d8ff02e059814132b7f971370e65283d.r2.dev/places/upazilas/feni_sadar_upa_19.jpg,https://thumb.wikimedia.org/wikipedia/commons/thumb/4/4a/Feni_Sadar_in_Chattogram_division_%28Bangladesh%29.svg/960px-Feni_Sadar_in_Chattogram_division_%28Bangladesh%29.svg.png?utm_source=bn.wikipedia.org&utm_campaign=api&utm_content=thumbnail,ফেনী সদর উপজেলা বাংলাদেশের চট্টগ্রাম বিভাগের ফেনী জেলার একটি প্রশাসনিক এলাকা। পূর্বে এটা নোয়াখালী জেলার প্রশাসনিক কেন্দ্র ছিল,True
UPA_20,Upazila,Sonagazi,সোনাগাজী,DIST_2,ফেনী,sonagazi.feni.gov.bd,সোনাগাজী উপজেলা,https://bn.wikipedia.org/wiki/%E0%A6%B8%E0%A7%8B%E0%A6%A8%E0%A6%BE%E0%A6%97%E0%A6%BE%E0%A6%9C%E0%A7%80%20%E0%A6%89%E0%A6%AA%E0%A6%9C%E0%A7%87%E0%A6%B2%E0%A6%BE,https://pub-d8ff02e059814132b7f971370e65283d.r2.dev/places/upazilas/sonagazi_upa_20.jpg,https://thumb.wikimedia.org/wikipedia/commons/thumb/7/75/Sonagazi_in_Chattogram_division_%28Bangladesh%29.svg/960px-Sonagazi_in_Chattogram_division_%28Bangladesh%29.svg.png?utm_source=bn.wikipedia.org&utm_campaign=api&utm_content=thumbnail,সোনাগাজী উপজেলা বাংলাদেশের ফেনী জেলার একটি প্রশাসনিক এলাকা।,True
UPA_21,Upazila,Fulgazi,ফুলগাজী,DIST_2,ফেনী,fulgazi.feni.gov.bd,ফুলগাজী উপজেলা,https://bn.wikipedia.org/wiki/%E0%A6%AB%E0%A7%81%E0%A6%B2%E0%A6%97%E0%A6%BE%E0%A6%9C%E0%A7%80%20%E0%A6%89%E0%A6%AA%E0%A6%9C%E0%A7%87%E0%A6%B2%E0%A6%BE,https://pub-d8ff02e059814132b7f971370e65283d.r2.dev/places/upazilas/fulgazi_upa_21.jpg,https://thumb.wikimedia.org/wikipedia/commons/thumb/3/35/Fulgazi_in_Chattogram_division_%28Bangladesh%29.svg/960px-Fulgazi_in_Chattogram_division_%28Bangladesh%29.svg.png?utm_source=bn.wikipedia.org&utm_campaign=api&utm_content=thumbnail,ফুলগাজী বাংলাদেশের ফেনী জেলার অন্তর্গত একটি উপজেলা।,True
UPA_22,Upazila,Parshuram,পরশুরাম,DIST_2,ফেনী,parshuram.feni.gov.bd,পরশুরাম উপজেলা,https://bn.wikipedia.org/wiki/%E0%A6%AA%E0%A6%B0%E0%A6%B6%E0%A7%81%E0%A6%B0%E0%A6%BE%E0%A6%AE%20%E0%A6%89%E0%A6%AA%E0%A6%9C%E0%A7%87%E0%A6%B2%E0%A6%BE,https://pub-d8ff02e059814132b7f971370e65283d.r2.dev/places/upazilas/parshuram_upa_22.jpg,https://thumb.wikimedia.org/wikipedia/commons/thumb/2/24/Parshuram_in_Chattogram_division_%28Bangladesh%29.svg/960px-Parshuram_in_Chattogram_division_%28Bangladesh%29.svg.png?utm_source=bn.wikipedia.org&utm_campaign=api&utm_content=thumbnail,পরশুরাম উপজেলা বাংলাদেশের ফেনী জেলার একটি প্রশাসনিক এলাকা। পরশুরাম ফেনীর অন্তবর্তী একটা উপজেলা।,True
UPA_23,Upazila,Daganbhuiyan,দাগনভূঞা,DIST_2,ফেনী,daganbhuiyan.feni.gov.bd,দাগনভূঞা উপজেলা,https://bn.wikipedia.org/wiki/%E0%A6%A6%E0%A6%BE%E0%A6%97%E0%A6%A8%E0%A6%AD%E0%A7%82%E0%A6%9E%E0%A6%BE%20%E0%A6%89%E0%A6%AA%E0%A6%9C%E0%A7%87%E0%A6%B2%E0%A6%BE,https://pub-d8ff02e059814132b7f971370e65283d.r2.dev/places/upazilas/daganbhuiyan_upa_23.jpg,https://thumb.wikimedia.org/wikipedia/commons/thumb/e/e6/Daganbhuiyan_in_Chattogram_division_%28Bangladesh%29.svg/960px-Daganbhuiyan_in_Chattogram_division_%28Bangladesh%29.svg.png?utm_source=bn.wikipedia.org&utm_campaign=api&utm_content=thumbnail,দাগনভূঞা বাংলাদেশের ফেনী জেলার অন্তর্গত একটি উপজেলা।,True
UPA_24,Upazila,Brahmanbaria Sadar,ব্রাহ্মণবাড়িয়া সদর,DIST_3,ব্রাহ্মণবাড়িয়া,sadar.brahmanbaria.gov.bd,ব্রাহ্মণবাড়িয়া সদর উপজেলা,https://bn.wikipedia.org/wiki/%E0%A6%AC%E0%A7%8D%E0%A6%B0%E0%A6%BE%E0%A6%B9%E0%A7%8D%E0%A6%AE%E0%A6%A3%E0%A6%AC%E0%A6%BE%E0%A6%A1%E0%A6%BC%E0%A6%BF%E0%A6%AF%E0%A6%BC%E0%A6%BE%20%E0%A6%B8%E0%A6%A6%E0%A6%B0%20%E0%A6%89%E0%A6%AA%E0%A6%9C%E0%A7%87%E0%A6%B2%E0%A6%BE,https://pub-d8ff02e059814132b7f971370e65283d.r2.dev/places/upazilas/brahmanbaria_sadar_upa_24.jpg,https://thumb.wikimedia.org/wikipedia/commons/thumb/3/36/Brahmanbaria_Sadar_in_Chattogram_division_%28Bangladesh%29.svg/960px-Brahmanbaria_Sadar_in_Chattogram_division_%28Bangladesh%29.svg.png?utm_source=bn.wikipedia.org&utm_campaign=api&utm_content=thumbnail,ব্রাহ্মণবাড়িয়া সদর উপজেলা বাংলাদেশের ব্রাহ্মণবাড়িয়া জেলার একটি প্রশাসনিক এলাকা।,True
UPA_25,Upazila,Kasba,কসবা,DIST_3,ব্রাহ্মণবাড়িয়া,kasba.brahmanbaria.gov.bd,কসবা উপজেলা,https://bn.wikipedia.org/wiki/%E0%A6%95%E0%A6%B8%E0%A6%AC%E0%A6%BE%20%E0%A6%89%E0%A6%AA%E0%A6%9C%E0%A7%87%E0%A6%B2%E0%A6%BE,https://pub-d8ff02e059814132b7f971370e65283d.r2.dev/places/upazilas/kasba_upa_25.jpg,https://thumb.wikimedia.org/wikipedia/commons/thumb/7/7f/Kasba_in_Chattogram_division_%28Bangladesh%29.svg/960px-Kasba_in_Chattogram_division_%28Bangladesh%29.svg.png?utm_source=bn.wikipedia.org&utm_campaign=api&utm_content=thumbnail,কসবা উপজেলা বাংলাদেশের ব্রাহ্মণবাড়িয়া জেলার একটি অন্যতম গুরুত্বপূর্ণ প্রশাসনিক এলাকা এবং উপজেলা।,True
UPA_26,Upazila,Nasirnagar,নাসিরনগর,DIST_3,ব্রাহ্মণবাড়িয়া,nasirnagar.brahmanbaria.gov.bd,নাসিরনগর উপজেলা,https://bn.wikipedia.org/wiki/%E0%A6%A8%E0%A6%BE%E0%A6%B8%E0%A6%BF%E0%A6%B0%E0%A6%A8%E0%A6%97%E0%A6%B0%20%E0%A6%89%E0%A6%AA%E0%A6%9C%E0%A7%87%E0%A6%B2%E0%A6%BE,https://pub-d8ff02e059814132b7f971370e65283d.r2.dev/places/upazilas/nasirnagar_upa_26.jpg,https://thumb.wikimedia.org/wikipedia/commons/thumb/5/5a/Nasirnagar_01.jpg/960px-Nasirnagar_01.jpg?utm_source=bn.wikipedia.org&utm_campaign=api&utm_content=thumbnail,নাসিরনগর বাংলাদেশের চট্টগ্রাম বিভাগের অন্তর্গত ব্রাহ্মণবাড়িয়া জেলার একটি উপজেলা।বাংলাদেশের হাওর বেষ্টিত উপজেলার একটি।,True
UPA_27,Upazila,Sarail,সরাইল,DIST_3,ব্রাহ্মণবাড়িয়া,sarail.brahmanbaria.gov.bd,সরাইল উপজেলা,https://bn.wikipedia.org/wiki/%E0%A6%B8%E0%A6%B0%E0%A6%BE%E0%A6%87%E0%A6%B2%20%E0%A6%89%E0%A6%AA%E0%A6%9C%E0%A7%87%E0%A6%B2%E0%A6%BE,https://pub-d8ff02e059814132b7f971370e65283d.r2.dev/places/upazilas/sarail_upa_27.jpg,https://thumb.wikimedia.org/wikipedia/commons/thumb/3/32/Akashi_Beel-Dharanti.jpg/960px-Akashi_Beel-Dharanti.jpg?utm_source=bn.wikipedia.org&utm_campaign=api&utm_content=thumbnail,সরাইল উপজেলা বাংলাদেশের চট্টগ্রাম বিভাগের ব্রাহ্মণবাড়িয়া জেলার অন্তর্গত একটি প্রশাসনিক এলাকা।,True
UPA_28,Upazila,Ashuganj,আশুগঞ্জ,DIST_3,ব্রাহ্মণবাড়িয়া,ashuganj.brahmanbaria.gov.bd,আশুগঞ্জ উপজেলা,https://bn.wikipedia.org/wiki/%E0%A6%86%E0%A6%B6%E0%A7%81%E0%A6%97%E0%A6%9E%E0%A7%8D%E0%A6%9C%20%E0%A6%89%E0%A6%AA%E0%A6%9C%E0%A7%87%E0%A6%B2%E0%A6%BE,https://pub-d8ff02e059814132b7f971370e65283d.r2.dev/places/upazilas/ashuganj_upa_28.jpg,https://thumb.wikimedia.org/wikipedia/commons/thumb/c/c2/Ashuganj_in_Chattogram_division_%28Bangladesh%29.svg/960px-Ashuganj_in_Chattogram_division_%28Bangladesh%29.svg.png?utm_source=bn.wikipedia.org&utm_campaign=api&utm_content=thumbnail,"আশুগঞ্জ উপজেলা বাংলাদেশের চট্টগ্রাম বিভাগের ব্রাহ্মণবাড়িয়া জেলার অন্তর্গত একটি প্রশাসনিক এলাকা ও গুরুত্বপূর্ণ শহর। এটি মেঘনা নদীর বদ্বীপ। এর ঊর্ধ্বতা হল ১০ মিটার (৩৬ ফুট)। শহরটি বিদ্যুৎ কেন্দ্রের জন্য অতি পরিচিত। বাংলাদেশের দ্বিতীয় বৃহত্তম বিদ্যুত উৎপাদন কেন্দ্র হলো আশুগঞ্জ। মেঘনা নদীর তীরে অবস্থিত আশুগঞ্জ বাংলাদেশের একটি গুরুত্বপূর্ণ উপজেলা। ঢাকা থেকে ৯০ কিলোমিটার ও ব্রাহ্মণবাড়িয়া জেলা সদর থেকে ২৪ কিলোমিটার দুরত্বের মাঝামাঝি স্থানে এ উপজেলার অবস্থান।
আশুগঞ্জ বাংলাদেশের একটি গুরুত্বপূর্ণ শিল্পনগরী, নদীবন্দর ও বাণিজ্য শহর। জাতীয় অর্থনীতিতে আশুগঞ্জ অন্যতম গুরুত্বপূর্ণ ভূমিকা পালন করে আসছে।",True
UPA_29,Upazila,Akhaura,আখাউড়া,DIST_3,ব্রাহ্মণবাড়িয়া,akhaura.brahmanbaria.gov.bd,আখাউড়া উপজেলা,https://bn.wikipedia.org/wiki/%E0%A6%86%E0%A6%96%E0%A6%BE%E0%A6%89%E0%A6%A1%E0%A6%BC%E0%A6%BE%20%E0%A6%89%E0%A6%AA%E0%A6%9C%E0%A7%87%E0%A6%B2%E0%A6%BE,https://pub-d8ff02e059814132b7f971370e65283d.r2.dev/places/upazilas/akhaura_upa_29.jpg,https://thumb.wikimedia.org/wikipedia/commons/thumb/d/d5/Akhaura_Railway_Station.jpg/960px-Akhaura_Railway_Station.jpg?utm_source=bn.wikipedia.org&utm_campaign=api&utm_content=thumbnail,আখাউড়া উপজেলা বাংলাদেশের ব্রাহ্মণবাড়িয়া জেলার একটি প্রশাসনিক এলাকা। এটি দ্বিতীয় বিশ্বযুদ্ধ এবং বাংলাদেশের স্বাধীনতা যুদ্ধ উভয়ের জন্য একটি ঐতিহাসিক শহর। আখাউড়া ব্রাহ্মণবাড়িয়ার জেলার গুরুত্বপূর্ণ যোগাযোগ কেন্দ্র ও বাংলাদেশের অন্যতম আন্তর্জাতিক স্থল বন্দর।,True
UPA_30,Upazila,Nabinagar,নবীনগর,DIST_3,ব্রাহ্মণবাড়িয়া,nabinagar.brahmanbaria.gov.bd,নবীনগর উপজেলা,https://bn.wikipedia.org/wiki/%E0%A6%A8%E0%A6%AC%E0%A7%80%E0%A6%A8%E0%A6%97%E0%A6%B0%20%E0%A6%89%E0%A6%AA%E0%A6%9C%E0%A7%87%E0%A6%B2%E0%A6%BE,https://pub-d8ff02e059814132b7f971370e65283d.r2.dev/places/upazilas/nabinagar_upa_30.jpg,https://thumb.wikimedia.org/wikipedia/commons/thumb/9/95/Nabinagar_in_Chattogram_division_%28Bangladesh%29.svg/960px-Nabinagar_in_Chattogram_division_%28Bangladesh%29.svg.png?utm_source=bn.wikipedia.org&utm_campaign=api&utm_content=thumbnail,নবীনগর উপজেলা বাংলাদেশের ব্রাহ্মণবাড়িয়া জেলার একটি প্রশাসনিক এলাকা।,True
UPA_31,Upazila,Bancharampur,বাঞ্ছারামপুর,DIST_3,ব্রাহ্মণবাড়িয়া,bancharampur.brahmanbaria.gov.bd,বাঞ্ছারামপুর উপজেলা,https://bn.wikipedia.org/wiki/%E0%A6%AC%E0%A6%BE%E0%A6%9E%E0%A7%8D%E0%A6%9B%E0%A6%BE%E0%A6%B0%E0%A6%BE%E0%A6%AE%E0%A6%AA%E0%A7%81%E0%A6%B0%20%E0%A6%89%E0%A6%AA%E0%A6%9C%E0%A7%87%E0%A6%B2%E0%A6%BE,https://pub-d8ff02e059814132b7f971370e65283d.r2.dev/places/upazilas/bancharampur_upa_31.jpg,https://thumb.wikimedia.org/wikipedia/commons/thumb/8/8c/Bancharampur_in_Chattogram_division_%28Bangladesh%29.svg/960px-Bancharampur_in_Chattogram_division_%28Bangladesh%29.svg.png?utm_source=bn.wikipedia.org&utm_campaign=api&utm_content=thumbnail,বাঞ্ছারামপুর উপজেলা বাংলাদেশের ব্রাহ্মণবাড়িয়া জেলার একটি প্রশাসনিক এলাকা।,True
UPA_32,Upazila,Bijoynagar,বিজয়নগর,DIST_3,ব্রাহ্মণবাড়িয়া,bijoynagar.brahmanbaria.gov.bd,বিজয়নগর উপজেলা,https://bn.wikipedia.org/wiki/%E0%A6%AC%E0%A6%BF%E0%A6%9C%E0%A6%AF%E0%A6%BC%E0%A6%A8%E0%A6%97%E0%A6%B0%20%E0%A6%89%E0%A6%AA%E0%A6%9C%E0%A7%87%E0%A6%B2%E0%A6%BE,https://pub-d8ff02e059814132b7f971370e65283d.r2.dev/places/upazilas/bijoynagar_upa_32.jpg,https://thumb.wikimedia.org/wikipedia/commons/thumb/5/58/Bijoynagar_in_Chattogram_division_%28Bangladesh%29.svg/960px-Bijoynagar_in_Chattogram_division_%28Bangladesh%29.svg.png?utm_source=bn.wikipedia.org&utm_campaign=api&utm_content=thumbnail,বিজয়নগর উপজেলা বাংলাদেশের ব্রাহ্মণবাড়িয়া জেলার একটি প্রশাসনিক এলাকা।,True
UPA_33,Upazila,Rangamati Sadar,রাঙ্গামাটি সদর,DIST_4,রাঙ্গামাটি,sadar.rangamati.gov.bd,রাঙ্গামাটি সদর উপজেলা,https://bn.wikipedia.org/wiki/%E0%A6%B0%E0%A6%BE%E0%A6%99%E0%A7%8D%E0%A6%97%E0%A6%BE%E0%A6%AE%E0%A6%BE%E0%A6%9F%E0%A6%BF%20%E0%A6%B8%E0%A6%A6%E0%A6%B0%20%E0%A6%89%E0%A6%AA%E0%A6%9C%E0%A7%87%E0%A6%B2%E0%A6%BE,https://pub-d8ff02e059814132b7f971370e65283d.r2.dev/places/upazilas/rangamati_sadar_upa_33.jpg,https://thumb.wikimedia.org/wikipedia/commons/thumb/4/4d/Aronnak_Holiday_Cottage%2C_Rangamati10.jpg/960px-Aronnak_Holiday_Cottage%2C_Rangamati10.jpg?utm_source=bn.wikipedia.org&utm_campaign=api&utm_content=thumbnail,রাঙ্গামাটি সদর বাংলাদেশের রাঙ্গামাটি জেলার অন্তর্গত একটি উপজেলা।,True
UPA_34,Upazila,Kaptai,কাপ্তাই,DIST_4,রাঙ্গামাটি,kaptai.rangamati.gov.bd,কাপ্তাই উপজেলা,https://bn.wikipedia.org/wiki/%E0%A6%95%E0%A6%BE%E0%A6%AA%E0%A7%8D%E0%A6%A4%E0%A6%BE%E0%A6%87%20%E0%A6%89%E0%A6%AA%E0%A6%9C%E0%A7%87%E0%A6%B2%E0%A6%BE,https://pub-d8ff02e059814132b7f971370e65283d.r2.dev/places/upazilas/kaptai_upa_34.jpg,https://thumb.wikimedia.org/wikipedia/commons/thumb/d/da/Kaptai_in_Chattogram_division_%28Bangladesh%29.svg/960px-Kaptai_in_Chattogram_division_%28Bangladesh%29.svg.png?utm_source=bn.wikipedia.org&utm_campaign=api&utm_content=thumbnail,কাপ্তাই বাংলাদেশের রাঙ্গামাটি জেলার অন্তর্গত একটি উপজেলা।,True
UPA_35,Upazila,Kawkhali,কাউখালী,DIST_4,রাঙ্গামাটি,kawkhali.rangamati.gov.bd,কাউখালী উপজেলা,https://bn.wikipedia.org/wiki/%E0%A6%95%E0%A6%BE%E0%A6%89%E0%A6%96%E0%A6%BE%E0%A6%B2%E0%A7%80%20%E0%A6%89%E0%A6%AA%E0%A6%9C%E0%A7%87%E0%A6%B2%E0%A6%BE,,,"কাউখালী উপজেলা নামে বাংলাদেশে দুইটি উপজেলা রয়েছে। যথা:

কাউখালী উপজেলা, পিরোজপুর
কাউখালী উপজেলা, রাঙ্গামাটি",True
UPA_36,Upazila,Baghaichari,বাঘাইছড়ি,DIST_4,রাঙ্গামাটি,baghaichari.rangamati.gov.bd,বাঘাইছড়ি উপজেলা,https://bn.wikipedia.org/wiki/%E0%A6%AC%E0%A6%BE%E0%A6%98%E0%A6%BE%E0%A6%87%E0%A6%9B%E0%A6%A1%E0%A6%BC%E0%A6%BF%20%E0%A6%89%E0%A6%AA%E0%A6%9C%E0%A7%87%E0%A6%B2%E0%A6%BE,https://pub-d8ff02e059814132b7f971370e65283d.r2.dev/places/upazilas/baghaichari_upa_36.jpg,https://thumb.wikimedia.org/wikipedia/commons/thumb/f/fe/SajekSight_05.jpg/960px-SajekSight_05.jpg?utm_source=bn.wikipedia.org&utm_campaign=api&utm_content=thumbnail,বাঘাইছড়ি বাংলাদেশের রাঙ্গামাটি জেলার অন্তর্গত একটি উপজেলা।,True
UPA_37,Upazila,Barkal,বরকল,DIST_4,রাঙ্গামাটি,barkal.rangamati.gov.bd,বরকল উপজেলা,https://bn.wikipedia.org/wiki/%E0%A6%AC%E0%A6%B0%E0%A6%95%E0%A6%B2%20%E0%A6%89%E0%A6%AA%E0%A6%9C%E0%A7%87%E0%A6%B2%E0%A6%BE,https://pub-d8ff02e059814132b7f971370e65283d.r2.dev/places/upazilas/barkal_upa_37.jpg,https://upload.wikimedia.org/wikipedia/commons/5/55/%E0%A6%95%E0%A6%BE%E0%A6%AA%E0%A7%8D%E0%A6%A4%E0%A6%BE%E0%A6%87_%E0%A6%B9%E0%A7%8D%E0%A6%B0%E0%A6%A6%2C%E0%A6%B0%E0%A6%BE%E0%A6%99%E0%A7%8D%E0%A6%97%E0%A6%BE%E0%A6%AE%E0%A6%BE%E0%A6%9F%E0%A6%BF-45.jpg?utm_source=bn.wikipedia.org&utm_campaign=api&utm_content=thumbnail_unscaled,বরকল বাংলাদেশের রাঙ্গামাটি জেলার অন্তর্গত একটি উপজেলা।,True
UPA_38,Upazila,Langadu,লংগদু,DIST_4,রাঙ্গামাটি,langadu.rangamati.gov.bd,লংগদু উপজেলা,https://bn.wikipedia.org/wiki/%E0%A6%B2%E0%A6%82%E0%A6%97%E0%A6%A6%E0%A7%81%20%E0%A6%89%E0%A6%AA%E0%A6%9C%E0%A7%87%E0%A6%B2%E0%A6%BE,https://pub-d8ff02e059814132b7f971370e65283d.r2.dev/places/upazilas/langadu_upa_38.jpg,https://thumb.wikimedia.org/wikipedia/commons/thumb/c/cf/Langadu_in_Chattogram_division_%28Bangladesh%29.svg/960px-Langadu_in_Chattogram_division_%28Bangladesh%29.svg.png?utm_source=bn.wikipedia.org&utm_campaign=api&utm_content=thumbnail,লংগদু বাংলাদেশের রাঙ্গামাটি জেলার অন্তর্গত একটি উপজেলা।,True
UPA_39,Upazila,Rajasthali,রাজস্থলী,DIST_4,রাঙ্গামাটি,rajasthali.rangamati.gov.bd,রাজস্থলী উপজেলা,https://bn.wikipedia.org/wiki/%E0%A6%B0%E0%A6%BE%E0%A6%9C%E0%A6%B8%E0%A7%8D%E0%A6%A5%E0%A6%B2%E0%A7%80%20%E0%A6%89%E0%A6%AA%E0%A6%9C%E0%A7%87%E0%A6%B2%E0%A6%BE,https://pub-d8ff02e059814132b7f971370e65283d.r2.dev/places/upazilas/rajasthali_upa_39.jpg,https://thumb.wikimedia.org/wikipedia/commons/thumb/9/91/Rajasthali_in_Chattogram_division_%28Bangladesh%29.svg/960px-Rajasthali_in_Chattogram_division_%28Bangladesh%29.svg.png?utm_source=bn.wikipedia.org&utm_campaign=api&utm_content=thumbnail,রাজস্থলী বাংলাদেশের রাঙ্গামাটি জেলার অন্তর্গত একটি উপজেলা।,True
UPA_40,Upazila,Belaichari,বিলাইছড়ি,DIST_4,রাঙ্গামাটি,belaichari.rangamati.gov.bd,বিলাইছড়ি উপজেলা,https://bn.wikipedia.org/wiki/%E0%A6%AC%E0%A6%BF%E0%A6%B2%E0%A6%BE%E0%A6%87%E0%A6%9B%E0%A6%A1%E0%A6%BC%E0%A6%BF%20%E0%A6%89%E0%A6%AA%E0%A6%9C%E0%A7%87%E0%A6%B2%E0%A6%BE,https://pub-d8ff02e059814132b7f971370e65283d.r2.dev/places/upazilas/belaichari_upa_40.jpg,https://thumb.wikimedia.org/wikipedia/commons/thumb/0/00/%E0%A6%B8%E0%A6%BE%E0%A6%B0%E0%A7%8D%E0%A6%AD%E0%A6%BE%E0%A6%B0_%E0%A6%B8%E0%A7%8D%E0%A6%9F%E0%A7%87%E0%A6%B6%E0%A6%A8_%E0%A6%AC%E0%A6%BF%E0%A6%B2%E0%A6%BE%E0%A6%87%E0%A6%9B%E0%A6%A1%E0%A6%BC%E0%A6%BF.jpg/960px-%E0%A6%B8%E0%A6%BE%E0%A6%B0%E0%A7%8D%E0%A6%AD%E0%A6%BE%E0%A6%B0_%E0%A6%B8%E0%A7%8D%E0%A6%9F%E0%A7%87%E0%A6%B6%E0%A6%A8_%E0%A6%AC%E0%A6%BF%E0%A6%B2%E0%A6%BE%E0%A6%87%E0%A6%9B%E0%A6%A1%E0%A6%BC%E0%A6%BF.jpg?utm_source=bn.wikipedia.org&utm_campaign=api&utm_content=thumbnail,বিলাইছড়ি বাংলাদেশের রাঙ্গামাটি জেলার অন্তর্গত একটি উপজেলা। এটি দুই দেশের সাথে সীমান্ত সংযোগ থাকা বাংলাদেশের একমাত্র উপজেলা।,True
UPA_41,Upazila,Juraichari,জুরাছড়ি,DIST_4,রাঙ্গামাটি,juraichari.rangamati.gov.bd,জুরাছড়ি উপজেলা,https://bn.wikipedia.org/wiki/%E0%A6%9C%E0%A7%81%E0%A6%B0%E0%A6%BE%E0%A6%9B%E0%A6%A1%E0%A6%BC%E0%A6%BF%20%E0%A6%89%E0%A6%AA%E0%A6%9C%E0%A7%87%E0%A6%B2%E0%A6%BE,https://pub-d8ff02e059814132b7f971370e65283d.r2.dev/places/upazilas/juraichari_upa_41.jpg,https://thumb.wikimedia.org/wikipedia/commons/thumb/a/a9/Juraichhari_in_Chattogram_division_%28Bangladesh%29.svg/960px-Juraichhari_in_Chattogram_division_%28Bangladesh%29.svg.png?utm_source=bn.wikipedia.org&utm_campaign=api&utm_content=thumbnail,জুরাছড়ি বাংলাদেশের রাঙ্গামাটি জেলার অন্তর্গত একটি উপজেলা।,True
UPA_42,Upazila,Naniarchar,নানিয়ারচর,DIST_4,রাঙ্গামাটি,naniarchar.rangamati.gov.bd,নানিয়ারচর উপজেলা,https://bn.wikipedia.org/wiki/%E0%A6%A8%E0%A6%BE%E0%A6%A8%E0%A6%BF%E0%A6%AF%E0%A6%BC%E0%A6%BE%E0%A6%B0%E0%A6%9A%E0%A6%B0%20%E0%A6%89%E0%A6%AA%E0%A6%9C%E0%A7%87%E0%A6%B2%E0%A6%BE,https://pub-d8ff02e059814132b7f971370e65283d.r2.dev/places/upazilas/naniarchar_upa_42.jpg,https://thumb.wikimedia.org/wikipedia/commons/thumb/d/da/Shahid_Lance_Naik_Munshi_Abdur_Rauf_Bir_Shreshtho_Mausoleum_at_Burighat%2C_Naniarchar%2C_Rangamati-View_from_West1.JPG/960px-Shahid_Lance_Naik_Munshi_Abdur_Rauf_Bir_Shreshtho_Mausoleum_at_Burighat%2C_Naniarchar%2C_Rangamati-View_from_West1.JPG?utm_source=bn.wikipedia.org&utm_campaign=api&utm_content=thumbnail,নানিয়ারচর বাংলাদেশের রাঙ্গামাটি জেলার অন্তর্গত একটি উপজেলা।,True
UPA_43,Upazila,Noakhali Sadar,নোয়াখালী সদর,DIST_5,নোয়াখালী,sadar.noakhali.gov.bd,নোয়াখালী সদর উপজেলা,https://bn.wikipedia.org/wiki/%E0%A6%A8%E0%A7%8B%E0%A6%AF%E0%A6%BC%E0%A6%BE%E0%A6%96%E0%A6%BE%E0%A6%B2%E0%A7%80%20%E0%A6%B8%E0%A6%A6%E0%A6%B0%20%E0%A6%89%E0%A6%AA%E0%A6%9C%E0%A7%87%E0%A6%B2%E0%A6%BE,https://pub-d8ff02e059814132b7f971370e65283d.r2.dev/places/upazilas/noakhali_sadar_upa_43.jpg,https://thumb.wikimedia.org/wikipedia/commons/thumb/8/81/Noakhali_Sadar_in_Chattogram_division_%28Bangladesh%29.svg/960px-Noakhali_Sadar_in_Chattogram_division_%28Bangladesh%29.svg.png?utm_source=bn.wikipedia.org&utm_campaign=api&utm_content=thumbnail,"নোয়াখালী সদর উপজেলা বাংলাদেশের নোয়াখালী জেলার একটি প্রশাসনিক এলাকা; যা মাইজদী নামেই অধিক পরিচিত।
নোয়াখালী সদরের আদি নাম হচ্ছে সুধারাম। সুধারাম মজুমদার নামে এক জনহিতৈষী ব্যবসায়ীর নামানুসারে ১৮৬১ সালে সুধারাম থানা প্রতিষ্ঠিত হয়। ১৯৪৮ সালে যখন উপজেলা সদরদপ্তর মেঘনার গর্ভে বিলীন হয়ে যায়, তখন তা ৮ কিলোমিটার উত্তরে সরিয়ে বর্তমান মাইজদিতে স্থানান্তর করা হয়। যা বর্তমানের নোয়াখালী সদর উপজেলা।",True
UPA_44,Upazila,Companiganj,কোম্পানীগঞ্জ,DIST_5,নোয়াখালী,companiganj.noakhali.gov.bd,কোম্পানীগঞ্জ উপজেলা,https://bn.wikipedia.org/wiki/%E0%A6%95%E0%A7%8B%E0%A6%AE%E0%A7%8D%E0%A6%AA%E0%A6%BE%E0%A6%A8%E0%A7%80%E0%A6%97%E0%A6%9E%E0%A7%8D%E0%A6%9C%20%E0%A6%89%E0%A6%AA%E0%A6%9C%E0%A7%87%E0%A6%B2%E0%A6%BE,,,"কোম্পানীগঞ্জ উপজেলা নামে বাংলাদেশে দুইটি উপজেলা রয়েছে। যথা:

কোম্পানীগঞ্জ উপজেলা, সিলেট
কোম্পানীগঞ্জ উপজেলা, নোয়াখালী",True
UPA_45,Upazila,Begumganj,বেগমগঞ্জ,DIST_5,নোয়াখালী,begumganj.noakhali.gov.bd,বেগমগঞ্জ উপজেলা,https://bn.wikipedia.org/wiki/%E0%A6%AC%E0%A7%87%E0%A6%97%E0%A6%AE%E0%A6%97%E0%A6%9E%E0%A7%8D%E0%A6%9C%20%E0%A6%89%E0%A6%AA%E0%A6%9C%E0%A7%87%E0%A6%B2%E0%A6%BE,https://pub-d8ff02e059814132b7f971370e65283d.r2.dev/places/upazilas/begumganj_upa_45.jpg,https://thumb.wikimedia.org/wikipedia/commons/thumb/e/eb/Begumganj_in_Chattogram_division_%28Bangladesh%29.svg/960px-Begumganj_in_Chattogram_division_%28Bangladesh%29.svg.png?utm_source=bn.wikipedia.org&utm_campaign=api&utm_content=thumbnail,বেগমগঞ্জ উপজেলা বাংলাদেশের নোয়াখালী জেলার অন্তর্গত একটি প্রশাসনিক এলাকা। সোনাইমুড়ি বিভক্ত হওয়ার আগে এটি ছিল জনসংখ্যার দিক থেক বাংলাদেশের সবচেয়ে বড় উপজেলা। ১৯৮২ সালে নোয়াখালী জেলার একটি প্রশাসনিক থানা হিসেবে এটি প্রতিষ্ঠিত হয় এবং ১৯৮১ সালের আদমশুমারি অনুসারে এটি বাংলাদেশের সবচেয়ে বড় থানা হিসেবে চিহ্নিত হয়েছিল।,True
UPA_46,Upazila,Hatia,হাতিয়া,DIST_5,নোয়াখালী,hatia.noakhali.gov.bd,হাতিয়া উপজেলা,https://bn.wikipedia.org/wiki/%E0%A6%B9%E0%A6%BE%E0%A6%A4%E0%A6%BF%E0%A6%AF%E0%A6%BC%E0%A6%BE%20%E0%A6%89%E0%A6%AA%E0%A6%9C%E0%A7%87%E0%A6%B2%E0%A6%BE,https://pub-d8ff02e059814132b7f971370e65283d.r2.dev/places/upazilas/hatia_upa_46.jpg,https://thumb.wikimedia.org/wikipedia/commons/thumb/d/d7/Hatiya_in_Chattogram_division_%28Bangladesh%29.svg/960px-Hatiya_in_Chattogram_division_%28Bangladesh%29.svg.png?utm_source=bn.wikipedia.org&utm_campaign=api&utm_content=thumbnail,"হাতিয়া বাংলাদেশের নোয়াখালী জেলার অন্তর্গত একটি দ্বীপাঞ্চল উপজেলা। যেটি বাংলাদেশের মূল ভূখণ্ড থেকে ১৭ কিলোমিটার দক্ষিণে অবস্থিত বঙ্গোপসাগর এর বুকে  একটি দ্বীপ। এটি বাংলাদেশের বৃহত্তম উপজেলা। অপরদিকে, হাতিয়া শহরের আয়তন ৩৬ বর্গ কিলোমিটার। হাতিয়া উপজেলাতে বিভিন্ন পর্যটন কেন্দ্র রয়েছে। এর মধ্যে নিঝুমদ্বীপ অন্যতম।",True
UPA_47,Upazila,Subarnachar,সুবর্ণচর,DIST_5,নোয়াখালী,subarnachar.noakhali.gov.bd,সুবর্ণচর উপজেলা,https://bn.wikipedia.org/wiki/%E0%A6%B8%E0%A7%81%E0%A6%AC%E0%A6%B0%E0%A7%8D%E0%A6%A3%E0%A6%9A%E0%A6%B0%20%E0%A6%89%E0%A6%AA%E0%A6%9C%E0%A7%87%E0%A6%B2%E0%A6%BE,https://pub-d8ff02e059814132b7f971370e65283d.r2.dev/places/upazilas/subarnachar_upa_47.jpg,https://thumb.wikimedia.org/wikipedia/commons/thumb/2/24/Subarnachar_in_Chattogram_division_%28Bangladesh%29.svg/960px-Subarnachar_in_Chattogram_division_%28Bangladesh%29.svg.png?utm_source=bn.wikipedia.org&utm_campaign=api&utm_content=thumbnail,সুবর্ণচর উপজেলা বাংলাদেশের নোয়াখালী জেলার অন্তর্গত একটি উপজেলা। ২০০৪ সালে নোয়াখালী সদর উপজেলা বিভক্ত করে দুটি উপজেলা ভাগ করা হয় এবং  একটি উপজেলার নাম রাখা হয় সুবর্ণচর উপজেলা। অপর উপজেলার নাম কবিরহাট উপজেলা।,True
UPA_48,Upazila,Kabirhat,কবিরহাট,DIST_5,নোয়াখালী,kabirhat.noakhali.gov.bd,কবিরহাট উপজেলা,https://bn.wikipedia.org/wiki/%E0%A6%95%E0%A6%AC%E0%A6%BF%E0%A6%B0%E0%A6%B9%E0%A6%BE%E0%A6%9F%20%E0%A6%89%E0%A6%AA%E0%A6%9C%E0%A7%87%E0%A6%B2%E0%A6%BE,https://pub-d8ff02e059814132b7f971370e65283d.r2.dev/places/upazilas/kabirhat_upa_48.jpg,https://thumb.wikimedia.org/wikipedia/commons/thumb/0/08/Kabirhat_in_Chattogram_division_%28Bangladesh%29.svg/960px-Kabirhat_in_Chattogram_division_%28Bangladesh%29.svg.png?utm_source=bn.wikipedia.org&utm_campaign=api&utm_content=thumbnail,কবিরহাট উপজেলা বাংলাদেশের নোয়াখালী জেলার একটি প্রশাসনিক এলাকা। ২০০৬ সালে নোয়াখালী সদর উপজেলা ভেঙ্গে কবিরহাট উপজেলা ও সুবর্ণচর উপজেলা গঠন কর হয়।,True
UPA_49,Upazila,Senbug,সেনবাগ,DIST_5,নোয়াখালী,senbug.noakhali.gov.bd,সেনবাগ উপজেলা,https://bn.wikipedia.org/wiki/%E0%A6%B8%E0%A7%87%E0%A6%A8%E0%A6%AC%E0%A6%BE%E0%A6%97%20%E0%A6%89%E0%A6%AA%E0%A6%9C%E0%A7%87%E0%A6%B2%E0%A6%BE,https://pub-d8ff02e059814132b7f971370e65283d.r2.dev/places/upazilas/senbug_upa_49.jpg,https://thumb.wikimedia.org/wikipedia/commons/thumb/6/6c/Senbagh_in_Chattogram_division_%28Bangladesh%29.svg/960px-Senbagh_in_Chattogram_division_%28Bangladesh%29.svg.png?utm_source=bn.wikipedia.org&utm_campaign=api&utm_content=thumbnail,সেনবাগ উপজেলা বাংলাদেশের নোয়াখালী জেলার একটি প্রশাসনিক এলাকা।,True
UPA_50,Upazila,Chatkhil,চাটখিল,DIST_5,নোয়াখালী,chatkhil.noakhali.gov.bd,চাটখিল উপজেলা,https://bn.wikipedia.org/wiki/%E0%A6%9A%E0%A6%BE%E0%A6%9F%E0%A6%96%E0%A6%BF%E0%A6%B2%20%E0%A6%89%E0%A6%AA%E0%A6%9C%E0%A7%87%E0%A6%B2%E0%A6%BE,https://pub-d8ff02e059814132b7f971370e65283d.r2.dev/places/upazilas/chatkhil_upa_50.jpg,https://thumb.wikimedia.org/wikipedia/commons/thumb/2/26/Chatkhil_in_Chattogram_division_%28Bangladesh%29.svg/960px-Chatkhil_in_Chattogram_division_%28Bangladesh%29.svg.png?utm_source=bn.wikipedia.org&utm_campaign=api&utm_content=thumbnail,চাটখিল বাংলাদেশের নোয়াখালী জেলার অন্তর্গত একটি উপজেলা। আয়তনের দিক থেকে নোয়াখালী জেলার ক্ষুদ্রতম থানা হিসেবে ১৯৭৭ সালের ২ ফেব্রুয়ারি রামগঞ্জ থানাকে দুই ভাগ করে পূর্বাংশ চাটখিলকে থানায় রূপান্তর করা হয়। পরবর্তীতে ১৯৮৩ সালে এটিকে উপজেলায় রূপান্তর করা হয়।,True
UPA_51,Upazila,Sonaimori,সোনাইমুড়ী,DIST_5,নোয়াখালী,sonaimori.noakhali.gov.bd,সোনাইমুড়ি উপজেলা,https://bn.wikipedia.org/wiki/%E0%A6%B8%E0%A7%8B%E0%A6%A8%E0%A6%BE%E0%A6%87%E0%A6%AE%E0%A7%81%E0%A6%A1%E0%A6%BC%E0%A6%BF%20%E0%A6%89%E0%A6%AA%E0%A6%9C%E0%A7%87%E0%A6%B2%E0%A6%BE,https://pub-d8ff02e059814132b7f971370e65283d.r2.dev/places/upazilas/sonaimori_upa_51.jpg,https://thumb.wikimedia.org/wikipedia/commons/thumb/c/c4/Sonaimuri_in_Chattogram_division_%28Bangladesh%29.svg/960px-Sonaimuri_in_Chattogram_division_%28Bangladesh%29.svg.png?utm_source=bn.wikipedia.org&utm_campaign=api&utm_content=thumbnail,"সোনাইমুড়ি উপজেলা বাংলাদেশের নোয়াখালী জেলার অন্তর্গত একটি উপজেলা, এটি ২০০৫ সালে গঠিত হয়েছে। বেগমগঞ্জ উপজেলা ভেঙ্গে সোনাইমুড়ি উপজেলা গঠিত হয়েছে।",True
UPA_52,Upazila,Haimchar,হাইমচর,DIST_6,চাঁদপুর,haimchar.chandpur.gov.bd,হাইমচর উপজেলা,https://bn.wikipedia.org/wiki/%E0%A6%B9%E0%A6%BE%E0%A6%87%E0%A6%AE%E0%A6%9A%E0%A6%B0%20%E0%A6%89%E0%A6%AA%E0%A6%9C%E0%A7%87%E0%A6%B2%E0%A6%BE,https://pub-d8ff02e059814132b7f971370e65283d.r2.dev/places/upazilas/haimchar_upa_52.jpg,https://thumb.wikimedia.org/wikipedia/commons/thumb/5/50/Haimchar_in_Chattogram_division_%28Bangladesh%29.svg/960px-Haimchar_in_Chattogram_division_%28Bangladesh%29.svg.png?utm_source=bn.wikipedia.org&utm_campaign=api&utm_content=thumbnail,হাইমচর বাংলাদেশের চাঁদপুর জেলার অন্তর্গত একটি উপজেলা।,True
UPA_53,Upazila,Kachua,কচুয়া,DIST_6,চাঁদপুর,kachua.chandpur.gov.bd,কচুয়া উপজেলা,https://bn.wikipedia.org/wiki/%E0%A6%95%E0%A6%9A%E0%A7%81%E0%A6%AF%E0%A6%BC%E0%A6%BE%20%E0%A6%89%E0%A6%AA%E0%A6%9C%E0%A7%87%E0%A6%B2%E0%A6%BE,,,"কচুয়া উপজেলা নামে বাংলাদেশে দুইটি উপজেলা রয়েছে। যথা:

কচুয়া উপজেলা, চাঁদপুর
কচুয়া উপজেলা, বাগেরহাট",True
UPA_54,Upazila,Shahrasti,শাহরাস্তি,DIST_6,চাঁদপুর,shahrasti.chandpur.gov.bd,শাহরাস্তি উপজেলা,https://bn.wikipedia.org/wiki/%E0%A6%B6%E0%A6%BE%E0%A6%B9%E0%A6%B0%E0%A6%BE%E0%A6%B8%E0%A7%8D%E0%A6%A4%E0%A6%BF%20%E0%A6%89%E0%A6%AA%E0%A6%9C%E0%A7%87%E0%A6%B2%E0%A6%BE,https://pub-d8ff02e059814132b7f971370e65283d.r2.dev/places/upazilas/shahrasti_upa_54.jpg,https://thumb.wikimedia.org/wikipedia/commons/thumb/7/7a/Shahrasti_in_Chattogram_division_%28Bangladesh%29.svg/960px-Shahrasti_in_Chattogram_division_%28Bangladesh%29.svg.png?utm_source=bn.wikipedia.org&utm_campaign=api&utm_content=thumbnail,শাহরাস্তি বাংলাদেশের চাঁদপুর জেলার অন্তর্গত একটি উপজেলা।,True
UPA_55,Upazila,Chandpur Sadar,চাঁদপুর সদর,DIST_6,চাঁদপুর,sadar.chandpur.gov.bd,চাঁদপুর সদর উপজেলা,https://bn.wikipedia.org/wiki/%E0%A6%9A%E0%A6%BE%E0%A6%81%E0%A6%A6%E0%A6%AA%E0%A7%81%E0%A6%B0%20%E0%A6%B8%E0%A6%A6%E0%A6%B0%20%E0%A6%89%E0%A6%AA%E0%A6%9C%E0%A7%87%E0%A6%B2%E0%A6%BE,https://pub-d8ff02e059814132b7f971370e65283d.r2.dev/places/upazilas/chandpur_sadar_upa_55.jpg,https://thumb.wikimedia.org/wikipedia/commons/thumb/8/86/Chandpur_Sadar_in_Chattogram_division_%28Bangladesh%29.svg/960px-Chandpur_Sadar_in_Chattogram_division_%28Bangladesh%29.svg.png?utm_source=bn.wikipedia.org&utm_campaign=api&utm_content=thumbnail,চাঁদপুর সদর চট্টগ্রাম বিভাগের চাঁদপুর জেলার অন্তর্গত একটি উপজেলা।,True
UPA_56,Upazila,Matlab South,মতলব দক্ষিণ,DIST_6,চাঁদপুর,matlabsouth.chandpur.gov.bd,মতলব দক্ষিণ উপজেলা,https://bn.wikipedia.org/wiki/%E0%A6%AE%E0%A6%A4%E0%A6%B2%E0%A6%AC%20%E0%A6%A6%E0%A6%95%E0%A7%8D%E0%A6%B7%E0%A6%BF%E0%A6%A3%20%E0%A6%89%E0%A6%AA%E0%A6%9C%E0%A7%87%E0%A6%B2%E0%A6%BE,https://pub-d8ff02e059814132b7f971370e65283d.r2.dev/places/upazilas/matlab_south_upa_56.jpg,https://thumb.wikimedia.org/wikipedia/commons/thumb/6/66/Matlab_Dakshin_in_Chattogram_division_%28Bangladesh%29.svg/960px-Matlab_Dakshin_in_Chattogram_division_%28Bangladesh%29.svg.png?utm_source=bn.wikipedia.org&utm_campaign=api&utm_content=thumbnail,মতলব দক্ষিণ বাংলাদেশের চাঁদপুর জেলার অন্তর্গত একটি উপজেলা।,True
UPA_57,Upazila,Hajiganj,হাজীগঞ্জ,DIST_6,চাঁদপুর,hajiganj.chandpur.gov.bd,হাজীগঞ্জ উপজেলা,https://bn.wikipedia.org/wiki/%E0%A6%B9%E0%A6%BE%E0%A6%9C%E0%A7%80%E0%A6%97%E0%A6%9E%E0%A7%8D%E0%A6%9C%20%E0%A6%89%E0%A6%AA%E0%A6%9C%E0%A7%87%E0%A6%B2%E0%A6%BE,https://pub-d8ff02e059814132b7f971370e65283d.r2.dev/places/upazilas/hajiganj_upa_57.jpg,https://thumb.wikimedia.org/wikipedia/commons/thumb/3/3c/Hajiganj_in_Chattogram_division_%28Bangladesh%29.svg/960px-Hajiganj_in_Chattogram_division_%28Bangladesh%29.svg.png?utm_source=bn.wikipedia.org&utm_campaign=api&utm_content=thumbnail,হাজীগঞ্জ বাংলাদেশের চাঁদপুর জেলার অন্তর্গত একটি উপজেলা।,True
UPA_58,Upazila,Matlab North,মতলব উত্তর,DIST_6,চাঁদপুর,matlabnorth.chandpur.gov.bd,মতলব উত্তর উপজেলা,https://bn.wikipedia.org/wiki/%E0%A6%AE%E0%A6%A4%E0%A6%B2%E0%A6%AC%20%E0%A6%89%E0%A6%A4%E0%A7%8D%E0%A6%A4%E0%A6%B0%20%E0%A6%89%E0%A6%AA%E0%A6%9C%E0%A7%87%E0%A6%B2%E0%A6%BE,https://pub-d8ff02e059814132b7f971370e65283d.r2.dev/places/upazilas/matlab_north_upa_58.jpg,https://thumb.wikimedia.org/wikipedia/commons/thumb/3/3c/Matlab_Uttar_in_Chattogram_division_%28Bangladesh%29.svg/960px-Matlab_Uttar_in_Chattogram_division_%28Bangladesh%29.svg.png?utm_source=bn.wikipedia.org&utm_campaign=api&utm_content=thumbnail,মতলব উত্তর বাংলাদেশের চাঁদপুর জেলার একটি প্রশাসনিক এলাকা।,True
UPA_59,Upazila,Faridgonj,ফরিদগঞ্জ,DIST_6,চাঁদপুর,faridgonj.chandpur.gov.bd,ফরিদগঞ্জ উপজেলা,https://bn.wikipedia.org/wiki/%E0%A6%AB%E0%A6%B0%E0%A6%BF%E0%A6%A6%E0%A6%97%E0%A6%9E%E0%A7%8D%E0%A6%9C%20%E0%A6%89%E0%A6%AA%E0%A6%9C%E0%A7%87%E0%A6%B2%E0%A6%BE,https://pub-d8ff02e059814132b7f971370e65283d.r2.dev/places/upazilas/faridgonj_upa_59.jpg,https://thumb.wikimedia.org/wikipedia/commons/thumb/c/cb/Faridganj_in_Chattogram_division_%28Bangladesh%29.svg/960px-Faridganj_in_Chattogram_division_%28Bangladesh%29.svg.png?utm_source=bn.wikipedia.org&utm_campaign=api&utm_content=thumbnail,ফরিদগঞ্জ বাংলাদেশের চট্টগ্রাম বিভাগের এবং চাঁদপুর জেলার একটি উপজেলা। ১৯১৮ সালের ৭ অক্টোবর ফরিদগঞ্জ থানা এবং ১৯৮২ সালে ফরিদগঞ্জ উপজেলা প্রতিষ্ঠিত হয়। চাঁদপুর শহর থেকে মাত্র প্রায় ১৭ কিলোমিটার দূরে অবস্থিত ফরিদগঞ্জ শহর এই উপজেলার সদরদপ্তর।,True
UPA_60,Upazila,Lakshmipur Sadar,লক্ষ্মীপুর সদর,DIST_7,লক্ষ্মীপুর,sadar.lakshmipur.gov.bd,লক্ষ্মীপুর সদর উপজেলা,https://bn.wikipedia.org/wiki/%E0%A6%B2%E0%A6%95%E0%A7%8D%E0%A6%B7%E0%A7%8D%E0%A6%AE%E0%A7%80%E0%A6%AA%E0%A7%81%E0%A6%B0%20%E0%A6%B8%E0%A6%A6%E0%A6%B0%20%E0%A6%89%E0%A6%AA%E0%A6%9C%E0%A7%87%E0%A6%B2%E0%A6%BE,https://pub-d8ff02e059814132b7f971370e65283d.r2.dev/places/upazilas/lakshmipur_sadar_upa_60.jpg,https://thumb.wikimedia.org/wikipedia/commons/thumb/a/aa/Lakshmipur_Sadar_in_Chattogram_division_%28Bangladesh%29.svg/960px-Lakshmipur_Sadar_in_Chattogram_division_%28Bangladesh%29.svg.png?utm_source=bn.wikipedia.org&utm_campaign=api&utm_content=thumbnail,লক্ষ্মীপুর সদর উপজেলা বাংলাদেশের লক্ষ্মীপুর জেলার একটি প্রশাসনিক এলাকা।,True
UPA_61,Upazila,Kamalnagar,কমলনগর,DIST_7,লক্ষ্মীপুর,kamalnagar.lakshmipur.gov.bd,কমলনগর উপজেলা,https://bn.wikipedia.org/wiki/%E0%A6%95%E0%A6%AE%E0%A6%B2%E0%A6%A8%E0%A6%97%E0%A6%B0%20%E0%A6%89%E0%A6%AA%E0%A6%9C%E0%A7%87%E0%A6%B2%E0%A6%BE,https://pub-d8ff02e059814132b7f971370e65283d.r2.dev/places/upazilas/kamalnagar_upa_61.jpg,https://thumb.wikimedia.org/wikipedia/commons/thumb/f/fa/KamalNagarUpozela.jpg/960px-KamalNagarUpozela.jpg?utm_source=bn.wikipedia.org&utm_campaign=api&utm_content=thumbnail,কমলনগর উপজেলা বাংলাদেশের লক্ষ্মীপুর জেলার একটি প্রশাসনিক এলাকা। লক্ষ্মীপুর জেলার পঞ্চম উপজেলা হিসেবে ২৮ সেপ্টেম্বর ২০০৬ তৎকালীন প্রধানমন্ত্রী বেগম খালেদা জিয়া এটি উদ্বোধন করেন।,True
UPA_62,Upazila,Raipur,রায়পুর,DIST_7,লক্ষ্মীপুর,raipur.lakshmipur.gov.bd,রায়পুর উপজেলা,https://bn.wikipedia.org/wiki/%E0%A6%B0%E0%A6%BE%E0%A6%AF%E0%A6%BC%E0%A6%AA%E0%A7%81%E0%A6%B0%20%E0%A6%89%E0%A6%AA%E0%A6%9C%E0%A7%87%E0%A6%B2%E0%A6%BE,https://pub-d8ff02e059814132b7f971370e65283d.r2.dev/places/upazilas/raipur_upa_62.jpg,https://thumb.wikimedia.org/wikipedia/commons/thumb/7/71/Raipur_in_Chattogram_division_%28Bangladesh%29.svg/960px-Raipur_in_Chattogram_division_%28Bangladesh%29.svg.png?utm_source=bn.wikipedia.org&utm_campaign=api&utm_content=thumbnail,"রায়পুর উপজেলা বাংলাদেশের লক্ষ্মীপুর জেলার একটি একটি প্রশাসনিক এলাকা। এটি লক্ষ্মীপুর-২ আসনে অন্তর্ভুক্ত৷ এ উপজেলা নারিকেল, সুপারি আর সয়াবিনের জন্য বিখ্যাত৷ ১০টি ইউনিয়ন ও এক পৌরসভা নিয়ে গঠিত এই উপজেলা৷
এই উপজেলায় একটি সরকারি কলেজ, চারটি বেসরকারি কলেজ রয়েছে৷ মাদ্রাসার মধ্যে রায়পুর আলীয়া এবং হায়দারগঞ্জ তাহেরীয়া মাদ্রাসায় অনার্স রয়েছে৷ এ উপজেলার অধিকাংশ মানুষ ব্যবসায়ী এবং প্রবাসী৷ বড় একটা অংশ কৃষিকাজের সাথে জড়িত৷",True
UPA_63,Upazila,Ramgati,রামগতি,DIST_7,লক্ষ্মীপুর,ramgati.lakshmipur.gov.bd,রামগতি উপজেলা,https://bn.wikipedia.org/wiki/%E0%A6%B0%E0%A6%BE%E0%A6%AE%E0%A6%97%E0%A6%A4%E0%A6%BF%20%E0%A6%89%E0%A6%AA%E0%A6%9C%E0%A7%87%E0%A6%B2%E0%A6%BE,https://pub-d8ff02e059814132b7f971370e65283d.r2.dev/places/upazilas/ramgati_upa_63.jpg,https://thumb.wikimedia.org/wikipedia/commons/thumb/0/0f/RamgatiUpazila.jpg/960px-RamgatiUpazila.jpg?utm_source=bn.wikipedia.org&utm_campaign=api&utm_content=thumbnail,রামগতি উপজেলা বাংলাদেশের চট্টগ্রাম বিভাগের লক্ষ্মীপুর জেলার একটি প্রশাসনিক এলাকা।,True
UPA_64,Upazila,Ramganj,রামগঞ্জ,DIST_7,লক্ষ্মীপুর,ramganj.lakshmipur.gov.bd,রামগঞ্জ উপজেলা,https://bn.wikipedia.org/wiki/%E0%A6%B0%E0%A6%BE%E0%A6%AE%E0%A6%97%E0%A6%9E%E0%A7%8D%E0%A6%9C%20%E0%A6%89%E0%A6%AA%E0%A6%9C%E0%A7%87%E0%A6%B2%E0%A6%BE,https://pub-d8ff02e059814132b7f971370e65283d.r2.dev/places/upazilas/ramganj_upa_64.jpg,https://thumb.wikimedia.org/wikipedia/commons/thumb/1/10/Ramganj_in_Chattogram_division_%28Bangladesh%29.svg/960px-Ramganj_in_Chattogram_division_%28Bangladesh%29.svg.png?utm_source=bn.wikipedia.org&utm_campaign=api&utm_content=thumbnail,রামগঞ্জ উপজেলা বাংলাদেশের চট্টগ্রাম বিভাগের লক্ষ্মীপুর জেলার একটি গুরুত্বপূর্ণ প্রশাসনিক এলাকা।,True
UPA_65,Upazila,Rangunia,রাঙ্গুনিয়া,DIST_8,চট্টগ্রাম,rangunia.chittagong.gov.bd,রাঙ্গুনিয়া উপজেলা,https://bn.wikipedia.org/wiki/%E0%A6%B0%E0%A6%BE%E0%A6%99%E0%A7%8D%E0%A6%97%E0%A7%81%E0%A6%A8%E0%A6%BF%E0%A6%AF%E0%A6%BC%E0%A6%BE%20%E0%A6%89%E0%A6%AA%E0%A6%9C%E0%A7%87%E0%A6%B2%E0%A6%BE,https://pub-d8ff02e059814132b7f971370e65283d.r2.dev/places/upazilas/rangunia_upa_65.jpg,https://thumb.wikimedia.org/wikipedia/commons/thumb/4/48/Rangunia_College_Road.jpg/960px-Rangunia_College_Road.jpg?utm_source=bn.wikipedia.org&utm_campaign=api&utm_content=thumbnail,রাঙ্গুনিয়া বাংলাদেশের চট্টগ্রাম জেলার অন্তর্গত একটি উপজেলা। এটি কর্ণফুলী নদীর দুই পাড়ে অবস্থিত উত্তর রাঙ্গুনিয়া ও দক্ষিণ রাঙ্গুনিয়া এলাকার জনপদ নিয়ে গঠিত হয়েছে। চট্টগ্রাম শহর থেকে প্রায় ৩২ কিলোমিটার পূর্বে অবস্থিত এ উপজেলাটি আয়তনের দিক থেকে চট্টগ্রাম জেলার ষষ্ঠ বৃহত্তম এবং জনসংখ্যার দিক থেকে নবম জনবহুল উপজেলা।,True
UPA_66,Upazila,Sitakunda,সীতাকুন্ড,DIST_8,চট্টগ্রাম,sitakunda.chittagong.gov.bd,সীতাকুণ্ড উপজেলা,https://bn.wikipedia.org/wiki/%E0%A6%B8%E0%A7%80%E0%A6%A4%E0%A6%BE%E0%A6%95%E0%A7%81%E0%A6%A3%E0%A7%8D%E0%A6%A1%20%E0%A6%89%E0%A6%AA%E0%A6%9C%E0%A7%87%E0%A6%B2%E0%A6%BE,https://pub-d8ff02e059814132b7f971370e65283d.r2.dev/places/upazilas/sitakunda_upa_66.jpg,https://thumb.wikimedia.org/wikipedia/commons/thumb/6/66/ChandranathHillandMandir2.JPG/960px-ChandranathHillandMandir2.JPG?utm_source=bn.wikipedia.org&utm_campaign=api&utm_content=thumbnail,"সীতাকুণ্ড উপজেলা বাংলাদেশের চট্টগ্রাম জেলার অন্তর্গত একটি উপজেলা যা ৯টি ইউনিয়ন ও ১টি পৌরসভা নিয়ে গঠিত। এটি চট্টগ্রাম জেলার ১৫টি উপজেলার, বাংলাদেশের প্রশাসনিক ব্যবস্থার দ্বিতীয় স্তর, একটি। এটি চট্টগ্রাম বিভাগের অধীন চট্টগ্রাম জেলার মধ্যে একটি এবং চট্টগ্রাম জেলার উত্তরে অবস্থিত। চট্টগ্রাম নগরীর ৯ কি.মি. উত্তরে রাজধানী ঢাকা থেকে ২১৯ কি.মি.দক্ষিণে - ৩৫ কি.মি. দৈর্ঘ্য বিশিষ্ট গিরিসৈকতের মিলন কেন্দ্র বার আউলিয়ার পূণ্যভূমিতে সীতাকুন্ড থানার অবস্থান।",True
UPA_67,Upazila,Mirsharai,মীরসরাই,DIST_8,চট্টগ্রাম,mirsharai.chittagong.gov.bd,মীরসরাই উপজেলা,https://bn.wikipedia.org/wiki/%E0%A6%AE%E0%A7%80%E0%A6%B0%E0%A6%B8%E0%A6%B0%E0%A6%BE%E0%A6%87%20%E0%A6%89%E0%A6%AA%E0%A6%9C%E0%A7%87%E0%A6%B2%E0%A6%BE,https://pub-d8ff02e059814132b7f971370e65283d.r2.dev/places/upazilas/mirsharai_upa_67.jpg,https://thumb.wikimedia.org/wikipedia/commons/thumb/7/75/Mohamaya_Lake1.jpg/960px-Mohamaya_Lake1.jpg?utm_source=bn.wikipedia.org&utm_campaign=api&utm_content=thumbnail,মীরসরাই উপজেলা বাংলাদেশের চট্টগ্রাম বিভাগের চট্টগ্রাম জেলার অন্তর্গত একটি উপজেলা। এটি দুইটি থানা ও দুইটি পৌরসভা নিয়ে গঠিত।,True
UPA_68,Upazila,Patiya,পটিয়া,DIST_8,চট্টগ্রাম,patiya.chittagong.gov.bd,পটিয়া উপজেলা,https://bn.wikipedia.org/wiki/%E0%A6%AA%E0%A6%9F%E0%A6%BF%E0%A6%AF%E0%A6%BC%E0%A6%BE%20%E0%A6%89%E0%A6%AA%E0%A6%9C%E0%A7%87%E0%A6%B2%E0%A6%BE,https://pub-d8ff02e059814132b7f971370e65283d.r2.dev/places/upazilas/patiya_upa_68.jpg,https://thumb.wikimedia.org/wikipedia/commons/thumb/a/aa/Patiya_in_Chattogram_division_%28Bangladesh%29.svg/960px-Patiya_in_Chattogram_division_%28Bangladesh%29.svg.png?utm_source=bn.wikipedia.org&utm_campaign=api&utm_content=thumbnail,পটিয়া হচ্ছে বাংলাদেশের চট্টগ্রাম জেলার অন্তর্ভুক্ত একটি উপজেলা।,True
UPA_69,Upazila,Sandwip,সন্দ্বীপ,DIST_8,চট্টগ্রাম,sandwip.chittagong.gov.bd,সন্দ্বীপ উপজেলা,https://bn.wikipedia.org/wiki/%E0%A6%B8%E0%A6%A8%E0%A7%8D%E0%A6%A6%E0%A7%8D%E0%A6%AC%E0%A7%80%E0%A6%AA%20%E0%A6%89%E0%A6%AA%E0%A6%9C%E0%A7%87%E0%A6%B2%E0%A6%BE,https://pub-d8ff02e059814132b7f971370e65283d.r2.dev/places/upazilas/sandwip_upa_69.jpg,https://thumb.wikimedia.org/wikipedia/commons/thumb/1/14/Sandwip_Ferry_Ghat.jpg/960px-Sandwip_Ferry_Ghat.jpg?utm_source=bn.wikipedia.org&utm_campaign=api&utm_content=thumbnail,সন্দ্বীপ বাংলাদেশের দক্ষিণ-পূর্ব উপকূলে বঙ্গোপসাগরে অবস্থিত চট্টগ্রাম জেলার অন্তর্গত উপজেলা। এটি বাংলাদেশের অত্যন্ত প্রাচীন একটি দ্বীপ। সন্দ্বীপ  চট্টগ্রাম জেলার বৃহত্তম উপজেলা।,True
UPA_70,Upazila,Banshkhali,বাঁশখালী,DIST_8,চট্টগ্রাম,banshkhali.chittagong.gov.bd,বাঁশখালী উপজেলা,https://bn.wikipedia.org/wiki/%E0%A6%AC%E0%A6%BE%E0%A6%81%E0%A6%B6%E0%A6%96%E0%A6%BE%E0%A6%B2%E0%A7%80%20%E0%A6%89%E0%A6%AA%E0%A6%9C%E0%A7%87%E0%A6%B2%E0%A6%BE,https://pub-d8ff02e059814132b7f971370e65283d.r2.dev/places/upazilas/banshkhali_upa_70.jpg,https://thumb.wikimedia.org/wikipedia/commons/thumb/9/98/%E0%A6%AC%E0%A6%BE%E0%A6%81%E0%A6%B6%E0%A6%96%E0%A6%BE%E0%A6%B2%E0%A7%80_%E0%A6%89%E0%A6%AA%E0%A6%9C%E0%A7%87%E0%A6%B2%E0%A6%BE_%E0%A6%AD%E0%A6%AC%E0%A6%A8_%28%E0%A6%A8%E0%A6%A4%E0%A7%81%E0%A6%A8%29.jpg/960px-%E0%A6%AC%E0%A6%BE%E0%A6%81%E0%A6%B6%E0%A6%96%E0%A6%BE%E0%A6%B2%E0%A7%80_%E0%A6%89%E0%A6%AA%E0%A6%9C%E0%A7%87%E0%A6%B2%E0%A6%BE_%E0%A6%AD%E0%A6%AC%E0%A6%A8_%28%E0%A6%A8%E0%A6%A4%E0%A7%81%E0%A6%A8%29.jpg?utm_source=bn.wikipedia.org&utm_campaign=api&utm_content=thumbnail,"বাঁশখালী বাংলাদেশের চট্টগ্রাম জেলার অন্তর্গত বঙ্গোপসাগর উপকূলবর্তী একটি উপজেলা। এটি চট্টগ্রাম জেলার ৫ম বৃহত্তম ও দক্ষিণ চট্টগ্রামের সর্ববৃহৎ উপজেলা। এই উপজেলায় রয়েছে কক্সবাজার এর পর বাংলাদেশের দ্বিতীয় বৃহত্তম সমুদ্র সৈকত, যার নাম বাঁশখালী সমুদ্র সৈকত। বাংলাদেশের দীর্ঘতম ঝুলন্ত সেতুও এই উপজেলায় অবস্থিত।",True
UPA_71,Upazila,Boalkhali,বোয়ালখালী,DIST_8,চট্টগ্রাম,boalkhali.chittagong.gov.bd,বোয়ালখালী উপজেলা,https://bn.wikipedia.org/wiki/%E0%A6%AC%E0%A7%8B%E0%A6%AF%E0%A6%BC%E0%A6%BE%E0%A6%B2%E0%A6%96%E0%A6%BE%E0%A6%B2%E0%A7%80%20%E0%A6%89%E0%A6%AA%E0%A6%9C%E0%A7%87%E0%A6%B2%E0%A6%BE,https://pub-d8ff02e059814132b7f971370e65283d.r2.dev/places/upazilas/boalkhali_upa_71.jpg,https://upload.wikimedia.org/wikipedia/commons/8/82/Shreepur_Bura_Masjid.jpg?utm_source=bn.wikipedia.org&utm_campaign=api&utm_content=thumbnail_unscaled,বোয়ালখালী বাংলাদেশের চট্টগ্রাম জেলার অন্তর্গত একটি উপজেলা।,True
UPA_72,Upazila,Anwara,আনোয়ারা,DIST_8,চট্টগ্রাম,anwara.chittagong.gov.bd,আনোয়ারা উপজেলা,https://bn.wikipedia.org/wiki/%E0%A6%86%E0%A6%A8%E0%A7%8B%E0%A6%AF%E0%A6%BC%E0%A6%BE%E0%A6%B0%E0%A6%BE%20%E0%A6%89%E0%A6%AA%E0%A6%9C%E0%A7%87%E0%A6%B2%E0%A6%BE,https://pub-d8ff02e059814132b7f971370e65283d.r2.dev/places/upazilas/anwara_upa_72.jpg,https://thumb.wikimedia.org/wikipedia/commons/thumb/c/cf/Anowara_in_Chattogram_division_%28Bangladesh%29.svg/960px-Anowara_in_Chattogram_division_%28Bangladesh%29.svg.png?utm_source=bn.wikipedia.org&utm_campaign=api&utm_content=thumbnail,আনোয়ারা বাংলাদেশের চট্টগ্রাম জেলার অন্তর্গত একটি উপজেলা।,True
UPA_73,Upazila,Chandanaish,চন্দনাইশ,DIST_8,চট্টগ্রাম,chandanaish.chittagong.gov.bd,চন্দনাইশ উপজেলা,https://bn.wikipedia.org/wiki/%E0%A6%9A%E0%A6%A8%E0%A7%8D%E0%A6%A6%E0%A6%A8%E0%A6%BE%E0%A6%87%E0%A6%B6%20%E0%A6%89%E0%A6%AA%E0%A6%9C%E0%A7%87%E0%A6%B2%E0%A6%BE,https://pub-d8ff02e059814132b7f971370e65283d.r2.dev/places/upazilas/chandanaish_upa_73.jpg,https://thumb.wikimedia.org/wikipedia/commons/thumb/b/b3/Chandanaish_in_Chattogram_division_%28Bangladesh%29.svg/960px-Chandanaish_in_Chattogram_division_%28Bangladesh%29.svg.png?utm_source=bn.wikipedia.org&utm_campaign=api&utm_content=thumbnail,চন্দনাইশ বাংলাদেশের চট্টগ্রাম বিভাগের চট্টগ্রাম জেলার অন্তর্গত একটি উপজেলা।,True
UPA_74,Upazila,Satkania,সাতকানিয়া,DIST_8,চট্টগ্রাম,satkania.chittagong.gov.bd,সাতকানিয়া উপজেলা,https://bn.wikipedia.org/wiki/%E0%A6%B8%E0%A6%BE%E0%A6%A4%E0%A6%95%E0%A6%BE%E0%A6%A8%E0%A6%BF%E0%A6%AF%E0%A6%BC%E0%A6%BE%20%E0%A6%89%E0%A6%AA%E0%A6%9C%E0%A7%87%E0%A6%B2%E0%A6%BE,https://pub-d8ff02e059814132b7f971370e65283d.r2.dev/places/upazilas/satkania_upa_74.jpg,https://thumb.wikimedia.org/wikipedia/commons/thumb/f/f1/Satkania_in_Chattogram_division_%28Bangladesh%29.svg/960px-Satkania_in_Chattogram_division_%28Bangladesh%29.svg.png?utm_source=bn.wikipedia.org&utm_campaign=api&utm_content=thumbnail,সাতকানিয়া বাংলাদেশের চট্টগ্রাম জেলার একটি উপজেলা। এই উপজেলা ব্যবসা কেন্দ্র হিসেবে সুপরিচিত।,True
UPA_75,Upazila,Lohagara,লোহাগাড়া,DIST_8,চট্টগ্রাম,lohagara.chittagong.gov.bd,লোহাগাড়া উপজেলা,https://bn.wikipedia.org/wiki/%E0%A6%B2%E0%A7%8B%E0%A6%B9%E0%A6%BE%E0%A6%97%E0%A6%BE%E0%A6%A1%E0%A6%BC%E0%A6%BE%20%E0%A6%89%E0%A6%AA%E0%A6%9C%E0%A7%87%E0%A6%B2%E0%A6%BE,https://pub-d8ff02e059814132b7f971370e65283d.r2.dev/places/upazilas/lohagara_upa_75.jpg,https://thumb.wikimedia.org/wikipedia/commons/thumb/6/64/Lohagara_in_Chattogram_division_%28Bangladesh%29.svg/960px-Lohagara_in_Chattogram_division_%28Bangladesh%29.svg.png?utm_source=bn.wikipedia.org&utm_campaign=api&utm_content=thumbnail,লোহাগাড়া উপজেলা হলো বাংলাদেশের চট্টগ্রাম জেলার আওতাধীন সর্বদক্ষিণের একটি উপজেলা।,True
UPA_76,Upazila,Hathazari,হাটহাজারী,DIST_8,চট্টগ্রাম,hathazari.chittagong.gov.bd,হাটহাজারী উপজেলা,https://bn.wikipedia.org/wiki/%E0%A6%B9%E0%A6%BE%E0%A6%9F%E0%A6%B9%E0%A6%BE%E0%A6%9C%E0%A6%BE%E0%A6%B0%E0%A7%80%20%E0%A6%89%E0%A6%AA%E0%A6%9C%E0%A7%87%E0%A6%B2%E0%A6%BE,https://pub-d8ff02e059814132b7f971370e65283d.r2.dev/places/upazilas/hathazari_upa_76.jpg,https://thumb.wikimedia.org/wikipedia/commons/thumb/7/7f/University_of_Chittagong_main_gate.jpg/960px-University_of_Chittagong_main_gate.jpg?utm_source=bn.wikipedia.org&utm_campaign=api&utm_content=thumbnail,হাটহাজারী বাংলাদেশের চট্টগ্রাম জেলার অন্তর্গত একটি উপজেলা। এটি চট্টগ্রাম শহর থেকে মাত্র ১৫ কিলোমিটার উত্তরে অবস্থিত। পশ্চিমে পাহাড় দ্বারা বেষ্টিত এই উপজেলার‌ মধ্য দিয়ে হালদা নদী প্রবহমান। উত্তর চট্টগ্রামের প্রবেশদ্বার নামে পরিচিত এই উপজেলা‌টি চট্টগ্রাম জেলার সাথে খাগড়াছড়ি ও রাঙ্গামাটি পার্বত্য জেলাকে সংযুক্ত করেছে। শিক্ষা ও সংস্কৃতিতে সমৃদ্ধ হাটহাজারী চট্টগ্রামের মধ্যে অন্যতম একটি গুরুত্বপূর্ণ উপজেলা।,True
UPA_77,Upazila,Fatikchhari,ফটিকছড়ি,DIST_8,চট্টগ্রাম,fatikchhari.chittagong.gov.bd,ফটিকছড়ি উপজেলা,https://bn.wikipedia.org/wiki/%E0%A6%AB%E0%A6%9F%E0%A6%BF%E0%A6%95%E0%A6%9B%E0%A6%A1%E0%A6%BC%E0%A6%BF%20%E0%A6%89%E0%A6%AA%E0%A6%9C%E0%A7%87%E0%A6%B2%E0%A6%BE,https://pub-d8ff02e059814132b7f971370e65283d.r2.dev/places/upazilas/fatikchhari_upa_77.jpg,https://thumb.wikimedia.org/wikipedia/commons/thumb/5/55/Fatikchhari_in_Chattogram_division_%28Bangladesh%29.svg/960px-Fatikchhari_in_Chattogram_division_%28Bangladesh%29.svg.png?utm_source=bn.wikipedia.org&utm_campaign=api&utm_content=thumbnail,ফটিকছড়ি বাংলাদেশের চট্টগ্রাম জেলার অন্তর্গত একটি উপজেলা।,True
UPA_78,Upazila,Raozan,রাউজান,DIST_8,চট্টগ্রাম,raozan.chittagong.gov.bd,রাউজান উপজেলা,https://bn.wikipedia.org/wiki/%E0%A6%B0%E0%A6%BE%E0%A6%89%E0%A6%9C%E0%A6%BE%E0%A6%A8%20%E0%A6%89%E0%A6%AA%E0%A6%9C%E0%A7%87%E0%A6%B2%E0%A6%BE,https://pub-d8ff02e059814132b7f971370e65283d.r2.dev/places/upazilas/raozan_upa_78.jpg,https://upload.wikimedia.org/wikipedia/commons/9/98/Entrance_of_CUET.jpg?utm_source=bn.wikipedia.org&utm_campaign=api&utm_content=thumbnail_unscaled,রাউজান বাংলাদেশের চট্টগ্রাম জেলার একটি উপজেলা।১৯৪৭ সালে রাউজান থানা প্রতিষ্ঠিত হয়।১৯৮৪ তে রাউজান থানা উপজেলায় উন্নীত হয়।,True
UPA_79,Upazila,Karnafuli,কর্ণফুলী,DIST_8,চট্টগ্রাম,karnafuli.chittagong.gov.bd,কর্ণফুলী উপজেলা,https://bn.wikipedia.org/wiki/%E0%A6%95%E0%A6%B0%E0%A7%8D%E0%A6%A3%E0%A6%AB%E0%A7%81%E0%A6%B2%E0%A7%80%20%E0%A6%89%E0%A6%AA%E0%A6%9C%E0%A7%87%E0%A6%B2%E0%A6%BE,https://pub-d8ff02e059814132b7f971370e65283d.r2.dev/places/upazilas/karnafuli_upa_79.jpg,https://thumb.wikimedia.org/wikipedia/commons/thumb/7/76/The_Shah_Amanat_Bridge.jpg/960px-The_Shah_Amanat_Bridge.jpg?utm_source=bn.wikipedia.org&utm_campaign=api&utm_content=thumbnail,কর্ণফুলী বাংলাদেশের চট্টগ্রাম জেলার একটি উপজেলা।,True
UPA_80,Upazila,Coxsbazar Sadar,কক্সবাজার সদর,DIST_9,কক্সবাজার,sadar.coxsbazar.gov.bd,কক্সবাজার সদর উপজেলা,https://bn.wikipedia.org/wiki/%E0%A6%95%E0%A6%95%E0%A7%8D%E0%A6%B8%E0%A6%AC%E0%A6%BE%E0%A6%9C%E0%A6%BE%E0%A6%B0%20%E0%A6%B8%E0%A6%A6%E0%A6%B0%20%E0%A6%89%E0%A6%AA%E0%A6%9C%E0%A7%87%E0%A6%B2%E0%A6%BE,https://pub-d8ff02e059814132b7f971370e65283d.r2.dev/places/upazilas/coxsbazar_sadar_upa_80.jpg,https://thumb.wikimedia.org/wikipedia/commons/thumb/e/e2/CoxBazar_Beach.JPG/960px-CoxBazar_Beach.JPG?utm_source=bn.wikipedia.org&utm_campaign=api&utm_content=thumbnail,কক্সবাজার সদর বাংলাদেশের কক্সবাজার জেলার অন্তর্গত একটি উপজেলা।,True
UPA_81,Upazila,Chakaria,চকরিয়া,DIST_9,কক্সবাজার,chakaria.coxsbazar.gov.bd,চকরিয়া উপজেলা,https://bn.wikipedia.org/wiki/%E0%A6%9A%E0%A6%95%E0%A6%B0%E0%A6%BF%E0%A6%AF%E0%A6%BC%E0%A6%BE%20%E0%A6%89%E0%A6%AA%E0%A6%9C%E0%A7%87%E0%A6%B2%E0%A6%BE,https://pub-d8ff02e059814132b7f971370e65283d.r2.dev/places/upazilas/chakaria_upa_81.jpg,https://thumb.wikimedia.org/wikipedia/commons/thumb/1/15/Road_through_Chakaria_Baniachora_forest.jpg/960px-Road_through_Chakaria_Baniachora_forest.jpg?utm_source=bn.wikipedia.org&utm_campaign=api&utm_content=thumbnail,চকরিয়া বাংলাদেশের কক্সবাজার জেলার অন্তর্গত একটি উপজেলা।,True
UPA_82,Upazila,Kutubdia,কুতুবদিয়া,DIST_9,কক্সবাজার,kutubdia.coxsbazar.gov.bd,কুতুবদিয়া উপজেলা,https://bn.wikipedia.org/wiki/%E0%A6%95%E0%A7%81%E0%A6%A4%E0%A7%81%E0%A6%AC%E0%A6%A6%E0%A6%BF%E0%A6%AF%E0%A6%BC%E0%A6%BE%20%E0%A6%89%E0%A6%AA%E0%A6%9C%E0%A7%87%E0%A6%B2%E0%A6%BE,,,"কুতুবদিয়া বাংলাদেশের কক্সবাজার জেলার অন্তর্গত একটি উপজেলা। এটি একটি দ্বীপ, যা কুতুবদিয়া চ্যানেল দ্বারা মূল ভূখণ্ড থেকে বিচ্ছিন্ন।",True
UPA_83,Upazila,Ukhiya,উখিয়া,DIST_9,কক্সবাজার,ukhiya.coxsbazar.gov.bd,উখিয়া উপজেলা,https://bn.wikipedia.org/wiki/%E0%A6%89%E0%A6%96%E0%A6%BF%E0%A6%AF%E0%A6%BC%E0%A6%BE%20%E0%A6%89%E0%A6%AA%E0%A6%9C%E0%A7%87%E0%A6%B2%E0%A6%BE,https://pub-d8ff02e059814132b7f971370e65283d.r2.dev/places/upazilas/ukhiya_upa_83.jpg,https://thumb.wikimedia.org/wikipedia/commons/thumb/1/1f/Inani_Beach_in_the_day_%2821_February_2014%29.jpg/960px-Inani_Beach_in_the_day_%2821_February_2014%29.jpg?utm_source=bn.wikipedia.org&utm_campaign=api&utm_content=thumbnail,উখিয়া বাংলাদেশের কক্সবাজার জেলার অন্তর্গত একটি উপজেলা।,True
UPA_84,Upazila,Moheshkhali,মহেশখালী,DIST_9,কক্সবাজার,moheshkhali.coxsbazar.gov.bd,মহেশখালী উপজেলা,https://bn.wikipedia.org/wiki/%E0%A6%AE%E0%A6%B9%E0%A7%87%E0%A6%B6%E0%A6%96%E0%A6%BE%E0%A6%B2%E0%A7%80%20%E0%A6%89%E0%A6%AA%E0%A6%9C%E0%A7%87%E0%A6%B2%E0%A6%BE,https://pub-d8ff02e059814132b7f971370e65283d.r2.dev/places/upazilas/moheshkhali_upa_84.jpg,https://thumb.wikimedia.org/wikipedia/commons/thumb/1/1f/Buddhist_temple_on_Maheshkali_Island%2C_Bangladesj_IMG_2545.jpg/960px-Buddhist_temple_on_Maheshkali_Island%2C_Bangladesj_IMG_2545.jpg?utm_source=bn.wikipedia.org&utm_campaign=api&utm_content=thumbnail,মহেশখালী বাংলাদেশের চট্টগ্রাম বিভাগের কক্সবাজার জেলার অন্তর্গত একটি উপজেলা। এই অঞ্চলটি কক্সবাজারের একটি বাটি অঞ্চল দ্বীপ রুপেও পরিবেশিত এবং এটি বাংলাদেশের একমাত্র পাহাড়ি দ্বীপ। এটি মহেশখালী দ্বীপ নামেও পরিচিত।,True
UPA_85,Upazila,Pekua,পেকুয়া,DIST_9,কক্সবাজার,pekua.coxsbazar.gov.bd,পেকুয়া উপজেলা,https://bn.wikipedia.org/wiki/%E0%A6%AA%E0%A7%87%E0%A6%95%E0%A7%81%E0%A6%AF%E0%A6%BC%E0%A6%BE%20%E0%A6%89%E0%A6%AA%E0%A6%9C%E0%A7%87%E0%A6%B2%E0%A6%BE,https://pub-d8ff02e059814132b7f971370e65283d.r2.dev/places/upazilas/pekua_upa_85.jpg,https://thumb.wikimedia.org/wikipedia/commons/thumb/e/e0/Pekua_in_Chattogram_division_%28Bangladesh%29.svg/960px-Pekua_in_Chattogram_division_%28Bangladesh%29.svg.png?utm_source=bn.wikipedia.org&utm_campaign=api&utm_content=thumbnail,পেকুয়া বাংলাদেশের কক্সবাজার জেলার অন্তর্গত একটি উপজেলা।,True
UPA_86,Upazila,Ramu,রামু,DIST_9,কক্সবাজার,ramu.coxsbazar.gov.bd,রামু উপজেলা,https://bn.wikipedia.org/wiki/%E0%A6%B0%E0%A6%BE%E0%A6%AE%E0%A7%81%20%E0%A6%89%E0%A6%AA%E0%A6%9C%E0%A7%87%E0%A6%B2%E0%A6%BE,https://pub-d8ff02e059814132b7f971370e65283d.r2.dev/places/upazilas/ramu_upa_86.jpg,https://thumb.wikimedia.org/wikipedia/commons/thumb/2/2e/Coxbazar_Himchari.JPG/960px-Coxbazar_Himchari.JPG?utm_source=bn.wikipedia.org&utm_campaign=api&utm_content=thumbnail,রামু উপজেলা বাংলাদেশের কক্সবাজার জেলার অন্তর্গত একটি উপজেলা।,True
UPA_87,Upazila,Teknaf,টেকনাফ,DIST_9,কক্সবাজার,teknaf.coxsbazar.gov.bd,টেকনাফ উপজেলা,https://bn.wikipedia.org/wiki/%E0%A6%9F%E0%A7%87%E0%A6%95%E0%A6%A8%E0%A6%BE%E0%A6%AB%20%E0%A6%89%E0%A6%AA%E0%A6%9C%E0%A7%87%E0%A6%B2%E0%A6%BE,https://pub-d8ff02e059814132b7f971370e65283d.r2.dev/places/upazilas/teknaf_upa_87.jpg,https://thumb.wikimedia.org/wikipedia/commons/thumb/7/7a/Teknaf_Ghat.JPG/960px-Teknaf_Ghat.JPG?utm_source=bn.wikipedia.org&utm_campaign=api&utm_content=thumbnail,টেকনাফ বাংলাদেশের কক্সবাজার জেলার অন্তর্গত একটি উপজেলা। এটি বাংলাদেশের সর্বদক্ষিণের উপজেলা।,True
UPA_88,Upazila,Khagrachhari Sadar,খাগড়াছড়ি সদর,DIST_10,খাগড়াছড়ি,sadar.khagrachhari.gov.bd,খাগড়াছড়ি সদর উপজেলা,https://bn.wikipedia.org/wiki/%E0%A6%96%E0%A6%BE%E0%A6%97%E0%A6%A1%E0%A6%BC%E0%A6%BE%E0%A6%9B%E0%A6%A1%E0%A6%BC%E0%A6%BF%20%E0%A6%B8%E0%A6%A6%E0%A6%B0%20%E0%A6%89%E0%A6%AA%E0%A6%9C%E0%A7%87%E0%A6%B2%E0%A6%BE,https://pub-d8ff02e059814132b7f971370e65283d.r2.dev/places/upazilas/khagrachhari_sadar_upa_88.jpg,https://thumb.wikimedia.org/wikipedia/commons/thumb/7/73/Khagrachhari_Sadar_in_Chattogram_division_%28Bangladesh%29.svg/960px-Khagrachhari_Sadar_in_Chattogram_division_%28Bangladesh%29.svg.png?utm_source=bn.wikipedia.org&utm_campaign=api&utm_content=thumbnail,খাগড়াছড়ি সদর উপজেলা বাংলাদেশের খাগড়াছড়ি জেলার অন্তর্গত একটি উপজেলা।,True
UPA_89,Upazila,Dighinala,দিঘীনালা,DIST_10,খাগড়াছড়ি,dighinala.khagrachhari.gov.bd,দীঘিনালা উপজেলা,https://bn.wikipedia.org/wiki/%E0%A6%A6%E0%A7%80%E0%A6%98%E0%A6%BF%E0%A6%A8%E0%A6%BE%E0%A6%B2%E0%A6%BE%20%E0%A6%89%E0%A6%AA%E0%A6%9C%E0%A7%87%E0%A6%B2%E0%A6%BE,https://pub-d8ff02e059814132b7f971370e65283d.r2.dev/places/upazilas/dighinala_upa_89.jpg,https://thumb.wikimedia.org/wikipedia/commons/thumb/3/38/Dighinala_in_Chattogram_division_%28Bangladesh%29.svg/960px-Dighinala_in_Chattogram_division_%28Bangladesh%29.svg.png?utm_source=bn.wikipedia.org&utm_campaign=api&utm_content=thumbnail,দীঘিনালা বাংলাদেশের খাগড়াছড়ি জেলার অন্তর্গত একটি উপজেলা। আয়তনে এটি খাগড়াছড়ি জেলার সবচেয়ে বড় উপজেলা।,True
UPA_90,Upazila,Panchari,পানছড়ি,DIST_10,খাগড়াছড়ি,panchari.khagrachhari.gov.bd,পানছড়ি উপজেলা,https://bn.wikipedia.org/wiki/%E0%A6%AA%E0%A6%BE%E0%A6%A8%E0%A6%9B%E0%A6%A1%E0%A6%BC%E0%A6%BF%20%E0%A6%89%E0%A6%AA%E0%A6%9C%E0%A7%87%E0%A6%B2%E0%A6%BE,https://pub-d8ff02e059814132b7f971370e65283d.r2.dev/places/upazilas/panchari_upa_90.jpg,https://thumb.wikimedia.org/wikipedia/commons/thumb/1/13/Panchhari_in_Chattogram_division_%28Bangladesh%29.svg/960px-Panchhari_in_Chattogram_division_%28Bangladesh%29.svg.png?utm_source=bn.wikipedia.org&utm_campaign=api&utm_content=thumbnail,পানছড়ি উপজেলা বাংলাদেশের খাগড়াছড়ি পার্বত্য জেলার একটি প্রশাসনিক এলাকা।,True
UPA_91,Upazila,Laxmichhari,লক্ষীছড়ি,DIST_10,খাগড়াছড়ি,laxmichhari.khagrachhari.gov.bd,লক্ষ্মীছড়ি উপজেলা,https://bn.wikipedia.org/wiki/%E0%A6%B2%E0%A6%95%E0%A7%8D%E0%A6%B7%E0%A7%8D%E0%A6%AE%E0%A7%80%E0%A6%9B%E0%A6%A1%E0%A6%BC%E0%A6%BF%20%E0%A6%89%E0%A6%AA%E0%A6%9C%E0%A7%87%E0%A6%B2%E0%A6%BE,https://pub-d8ff02e059814132b7f971370e65283d.r2.dev/places/upazilas/laxmichhari_upa_91.jpg,https://thumb.wikimedia.org/wikipedia/commons/thumb/5/57/Lakshmichhari_in_Chattogram_division_%28Bangladesh%29.svg/960px-Lakshmichhari_in_Chattogram_division_%28Bangladesh%29.svg.png?utm_source=bn.wikipedia.org&utm_campaign=api&utm_content=thumbnail,লক্ষীছড়ি বাংলাদেশের খাগড়াছড়ি জেলার অন্তর্গত একটি উপজেলা।,True
UPA_92,Upazila,Mohalchari,মহালছড়ি,DIST_10,খাগড়াছড়ি,mohalchari.khagrachhari.gov.bd,মহালছড়ি উপজেলা,https://bn.wikipedia.org/wiki/%E0%A6%AE%E0%A6%B9%E0%A6%BE%E0%A6%B2%E0%A6%9B%E0%A6%A1%E0%A6%BC%E0%A6%BF%20%E0%A6%89%E0%A6%AA%E0%A6%9C%E0%A7%87%E0%A6%B2%E0%A6%BE,https://pub-d8ff02e059814132b7f971370e65283d.r2.dev/places/upazilas/mohalchari_upa_92.jpg,https://thumb.wikimedia.org/wikipedia/commons/thumb/9/97/Mahalchhari_in_Chattogram_division_%28Bangladesh%29.svg/960px-Mahalchhari_in_Chattogram_division_%28Bangladesh%29.svg.png?utm_source=bn.wikipedia.org&utm_campaign=api&utm_content=thumbnail,মহালছড়ি বাংলাদেশের খাগড়াছড়ি জেলার অন্তর্গত একটি উপজেলা।,True
UPA_93,Upazila,Manikchari,মানিকছড়ি,DIST_10,খাগড়াছড়ি,manikchari.khagrachhari.gov.bd,মানিকছড়ি উপজেলা,https://bn.wikipedia.org/wiki/%E0%A6%AE%E0%A6%BE%E0%A6%A8%E0%A6%BF%E0%A6%95%E0%A6%9B%E0%A6%A1%E0%A6%BC%E0%A6%BF%20%E0%A6%89%E0%A6%AA%E0%A6%9C%E0%A7%87%E0%A6%B2%E0%A6%BE,https://pub-d8ff02e059814132b7f971370e65283d.r2.dev/places/upazilas/manikchari_upa_93.jpg,https://thumb.wikimedia.org/wikipedia/commons/thumb/8/84/Manikchhari_in_Chattogram_division_%28Bangladesh%29.svg/960px-Manikchhari_in_Chattogram_division_%28Bangladesh%29.svg.png?utm_source=bn.wikipedia.org&utm_campaign=api&utm_content=thumbnail,মানিকছড়ি বাংলাদেশের খাগড়াছড়ি জেলার অন্তর্গত একটি উপজেলা।,True
UPA_94,Upazila,Ramgarh,রামগড়,DIST_10,খাগড়াছড়ি,ramgarh.khagrachhari.gov.bd,রামগড় উপজেলা,https://bn.wikipedia.org/wiki/%E0%A6%B0%E0%A6%BE%E0%A6%AE%E0%A6%97%E0%A6%A1%E0%A6%BC%20%E0%A6%89%E0%A6%AA%E0%A6%9C%E0%A7%87%E0%A6%B2%E0%A6%BE,https://pub-d8ff02e059814132b7f971370e65283d.r2.dev/places/upazilas/ramgarh_upa_94.jpg,https://thumb.wikimedia.org/wikipedia/commons/thumb/3/30/Ramgarh_in_Chattogram_division_%28Bangladesh%29.svg/960px-Ramgarh_in_Chattogram_division_%28Bangladesh%29.svg.png?utm_source=bn.wikipedia.org&utm_campaign=api&utm_content=thumbnail,রামগড় বাংলাদেশের খাগড়াছড়ি জেলার অন্তর্গত একটি উপজেলা।,True
UPA_95,Upazila,Matiranga,মাটিরাঙ্গা,DIST_10,খাগড়াছড়ি,matiranga.khagrachhari.gov.bd,মাটিরাঙ্গা উপজেলা,https://bn.wikipedia.org/wiki/%E0%A6%AE%E0%A6%BE%E0%A6%9F%E0%A6%BF%E0%A6%B0%E0%A6%BE%E0%A6%99%E0%A7%8D%E0%A6%97%E0%A6%BE%20%E0%A6%89%E0%A6%AA%E0%A6%9C%E0%A7%87%E0%A6%B2%E0%A6%BE,https://pub-d8ff02e059814132b7f971370e65283d.r2.dev/places/upazilas/matiranga_upa_95.jpg,https://thumb.wikimedia.org/wikipedia/commons/thumb/6/6a/Matiranga_in_Chattogram_division_%28Bangladesh%29.svg/960px-Matiranga_in_Chattogram_division_%28Bangladesh%29.svg.png?utm_source=bn.wikipedia.org&utm_campaign=api&utm_content=thumbnail,মাটিরাঙ্গা বাংলাদেশের খাগড়াছড়ি জেলার অন্তর্গত একটি উপজেলা। এটি মাটিরাঙ্গা উপজেলা হিসেবে ঘোষিত হয় ১৯৮৩ সালে।,True
UPA_96,Upazila,Guimara,গুইমারা,DIST_10,খাগড়াছড়ি,guimara.khagrachhari.gov.bd,গুইমারা উপজেলা,https://bn.wikipedia.org/wiki/%E0%A6%97%E0%A7%81%E0%A6%87%E0%A6%AE%E0%A6%BE%E0%A6%B0%E0%A6%BE%20%E0%A6%89%E0%A6%AA%E0%A6%9C%E0%A7%87%E0%A6%B2%E0%A6%BE,https://pub-d8ff02e059814132b7f971370e65283d.r2.dev/places/upazilas/guimara_upa_96.jpg,https://thumb.wikimedia.org/wikipedia/commons/thumb/a/a2/Guimara_in_Chattogram_division_%28Bangladesh%29.svg/960px-Guimara_in_Chattogram_division_%28Bangladesh%29.svg.png?utm_source=bn.wikipedia.org&utm_campaign=api&utm_content=thumbnail,গুইমারা বাংলাদেশের খাগড়াছড়ি জেলার অন্তর্গত একটি উপজেলা। এটি খাগড়াছড়ির নবম উপজেলা। ২০১৪ সালের ৬ জুন প্রশাসনিক পুনর্বিন্যাস সংক্রান্ত জাতীয় বাস্তবায়ন কমিটির ১০৯তম সভায় এই উপজেলাকে অনুমোদন দেয়া হয়।,True
UPA_97,Upazila,Bandarban Sadar,বান্দরবান সদর,DIST_11,বান্দরবান,sadar.bandarban.gov.bd,বান্দরবান সদর উপজেলা,https://bn.wikipedia.org/wiki/%E0%A6%AC%E0%A6%BE%E0%A6%A8%E0%A7%8D%E0%A6%A6%E0%A6%B0%E0%A6%AC%E0%A6%BE%E0%A6%A8%20%E0%A6%B8%E0%A6%A6%E0%A6%B0%20%E0%A6%89%E0%A6%AA%E0%A6%9C%E0%A7%87%E0%A6%B2%E0%A6%BE,https://pub-d8ff02e059814132b7f971370e65283d.r2.dev/places/upazilas/bandarban_sadar_upa_97.jpg,https://thumb.wikimedia.org/wikipedia/commons/thumb/1/1c/Buddha_Dhatu_Jadi_06.jpg/960px-Buddha_Dhatu_Jadi_06.jpg?utm_source=bn.wikipedia.org&utm_campaign=api&utm_content=thumbnail,বান্দরবান সদর বাংলাদেশের বান্দরবান জেলার অন্তর্গত একটি উপজেলা।,True
UPA_98,Upazila,Alikadam,আলীকদম,DIST_11,বান্দরবান,alikadam.bandarban.gov.bd,আলীকদম উপজেলা,https://bn.wikipedia.org/wiki/%E0%A6%86%E0%A6%B2%E0%A7%80%E0%A6%95%E0%A6%A6%E0%A6%AE%20%E0%A6%89%E0%A6%AA%E0%A6%9C%E0%A7%87%E0%A6%B2%E0%A6%BE,https://pub-d8ff02e059814132b7f971370e65283d.r2.dev/places/upazilas/alikadam_upa_98.jpg,https://thumb.wikimedia.org/wikipedia/commons/thumb/c/cc/Alikadam_01.JPG/960px-Alikadam_01.JPG?utm_source=bn.wikipedia.org&utm_campaign=api&utm_content=thumbnail,আলীকদম বাংলাদেশের বান্দরবান জেলার অন্তর্গত একটি উপজেলা।,True
UPA_99,Upazila,Naikhongchhari,নাইক্ষ্যংছড়ি,DIST_11,বান্দরবান,naikhongchhari.bandarban.gov.bd,নাইক্ষ্যংছড়ি উপজেলা,https://bn.wikipedia.org/wiki/%E0%A6%A8%E0%A6%BE%E0%A6%87%E0%A6%95%E0%A7%8D%E0%A6%B7%E0%A7%8D%E0%A6%AF%E0%A6%82%E0%A6%9B%E0%A6%A1%E0%A6%BC%E0%A6%BF%20%E0%A6%89%E0%A6%AA%E0%A6%9C%E0%A7%87%E0%A6%B2%E0%A6%BE,https://pub-d8ff02e059814132b7f971370e65283d.r2.dev/places/upazilas/naikhongchhari_upa_99.jpg,https://thumb.wikimedia.org/wikipedia/commons/thumb/6/66/Naikhongchhari_in_Chattogram_division_%28Bangladesh%29.svg/960px-Naikhongchhari_in_Chattogram_division_%28Bangladesh%29.svg.png?utm_source=bn.wikipedia.org&utm_campaign=api&utm_content=thumbnail,নাইক্ষ্যংছড়ি বাংলাদেশের বান্দরবান জেলার অন্তর্গত একটি উপজেলা।,True
UPA_100,Upazila,Rowangchhari,রোয়াংছড়ি,DIST_11,বান্দরবান,rowangchhari.bandarban.gov.bd,রোয়াংছড়ি উপজেলা,https://bn.wikipedia.org/wiki/%E0%A6%B0%E0%A7%8B%E0%A6%AF%E0%A6%BC%E0%A6%BE%E0%A6%82%E0%A6%9B%E0%A6%A1%E0%A6%BC%E0%A6%BF%20%E0%A6%89%E0%A6%AA%E0%A6%9C%E0%A7%87%E0%A6%B2%E0%A6%BE,https://pub-d8ff02e059814132b7f971370e65283d.r2.dev/places/upazilas/rowangchhari_upa_100.jpg,https://thumb.wikimedia.org/wikipedia/commons/thumb/4/40/Rowangchhari_in_Chattogram_division_%28Bangladesh%29.svg/960px-Rowangchhari_in_Chattogram_division_%28Bangladesh%29.svg.png?utm_source=bn.wikipedia.org&utm_campaign=api&utm_content=thumbnail,রোয়াংছড়ি বাংলাদেশের বান্দরবান জেলার অন্তর্গত একটি উপজেলা।,True
UPA_101,Upazila,Lama,লামা,DIST_11,বান্দরবান,lama.bandarban.gov.bd,লামা উপজেলা,https://bn.wikipedia.org/wiki/%E0%A6%B2%E0%A6%BE%E0%A6%AE%E0%A6%BE%20%E0%A6%89%E0%A6%AA%E0%A6%9C%E0%A7%87%E0%A6%B2%E0%A6%BE,https://pub-d8ff02e059814132b7f971370e65283d.r2.dev/places/upazilas/lama_upa_101.jpg,https://thumb.wikimedia.org/wikipedia/commons/thumb/0/0e/Lama_Upazila%2C_Bangladesh_-_panoramio_%282%29.jpg/960px-Lama_Upazila%2C_Bangladesh_-_panoramio_%282%29.jpg?utm_source=bn.wikipedia.org&utm_campaign=api&utm_content=thumbnail,লামা বাংলাদেশের বান্দরবান জেলার অন্তর্গত একটি উপজেলা। এটি বান্দরবান জেলার সবচেয়ে জনবহুল উপজেলা।,True
UPA_102,Upazila,Ruma,রুমা,DIST_11,বান্দরবান,ruma.bandarban.gov.bd,রুমা উপজেলা,https://bn.wikipedia.org/wiki/%E0%A6%B0%E0%A7%81%E0%A6%AE%E0%A6%BE%20%E0%A6%89%E0%A6%AA%E0%A6%9C%E0%A7%87%E0%A6%B2%E0%A6%BE,https://pub-d8ff02e059814132b7f971370e65283d.r2.dev/places/upazilas/ruma_upa_102.jpg,https://thumb.wikimedia.org/wikipedia/commons/thumb/2/2c/Boga_Lake_at_Bandarban%2C_Bangladesh.JPG/960px-Boga_Lake_at_Bandarban%2C_Bangladesh.JPG?utm_source=bn.wikipedia.org&utm_campaign=api&utm_content=thumbnail,রুমা বাংলাদেশের বান্দরবান জেলার অন্তর্গত একটি উপজেলা।,True
UPA_103,Upazila,Thanchi,থানচি,DIST_11,বান্দরবান,thanchi.bandarban.gov.bd,থানচি উপজেলা,https://bn.wikipedia.org/wiki/%E0%A6%A5%E0%A6%BE%E0%A6%A8%E0%A6%9A%E0%A6%BF%20%E0%A6%89%E0%A6%AA%E0%A6%9C%E0%A7%87%E0%A6%B2%E0%A6%BE,https://pub-d8ff02e059814132b7f971370e65283d.r2.dev/places/upazilas/thanchi_upa_103.jpg,https://thumb.wikimedia.org/wikipedia/commons/thumb/7/7b/Remakri_%E0%A6%B0%E0%A7%87%E0%A6%AE%E0%A6%BE%E0%A6%95%E0%A7%8D%E0%A6%B0%E0%A6%BF_%E0%A6%96%E0%A6%BE%E0%A6%B2.jpg/960px-Remakri_%E0%A6%B0%E0%A7%87%E0%A6%AE%E0%A6%BE%E0%A6%95%E0%A7%8D%E0%A6%B0%E0%A6%BF_%E0%A6%96%E0%A6%BE%E0%A6%B2.jpg?utm_source=bn.wikipedia.org&utm_campaign=api&utm_content=thumbnail,থানচি বাংলাদেশের বান্দরবান জেলার অন্তর্গত একটি উপজেলা।,True
UPA_104,Upazila,Belkuchi,বেলকুচি,DIST_12,সিরাজগঞ্জ,belkuchi.sirajganj.gov.bd,বেলকুচি উপজেলা,https://bn.wikipedia.org/wiki/%E0%A6%AC%E0%A7%87%E0%A6%B2%E0%A6%95%E0%A7%81%E0%A6%9A%E0%A6%BF%20%E0%A6%89%E0%A6%AA%E0%A6%9C%E0%A7%87%E0%A6%B2%E0%A6%BE,https://pub-d8ff02e059814132b7f971370e65283d.r2.dev/places/upazilas/belkuchi_upa_104.jpg,https://thumb.wikimedia.org/wikipedia/commons/thumb/2/2f/Belkuchi_in_Rajshahi_division_%28Bangladesh%29.svg/960px-Belkuchi_in_Rajshahi_division_%28Bangladesh%29.svg.png?utm_source=bn.wikipedia.org&utm_campaign=api&utm_content=thumbnail,"বেলকুচি উপজেলা বাংলাদেশের সিরাজগঞ্জ জেলার অন্তর্গত একটি উপজেলা, এটি রাজশাহী বিভাগের অধীন সিরাজগঞ্জ জেলার ৯টি উপজেলার মধ্যে একটি। এই উপজেলা তাঁত শিল্পের জন্য বিখ্যাত। বেলকুচি জাতীয় সংসদের ৬৬নং আসন এবং সিরাজগঞ্জ-৫ এর অন্তর্ভুক্ত। বেলকুচির উপর দিয়ে যমুনা নদী যার খ্যাতি বিশ্বজুড়ে এবং হুড়া সাগর নদী প্রবাহিত হয়েছে।",True
UPA_105,Upazila,Chauhali,চৌহালি,DIST_12,সিরাজগঞ্জ,chauhali.sirajganj.gov.bd,চৌহালী উপজেলা,https://bn.wikipedia.org/wiki/%E0%A6%9A%E0%A7%8C%E0%A6%B9%E0%A6%BE%E0%A6%B2%E0%A7%80%20%E0%A6%89%E0%A6%AA%E0%A6%9C%E0%A7%87%E0%A6%B2%E0%A6%BE,https://pub-d8ff02e059814132b7f971370e65283d.r2.dev/places/upazilas/chauhali_upa_105.jpg,https://thumb.wikimedia.org/wikipedia/commons/thumb/1/1c/Chauhali_in_Rajshahi_division_%28Bangladesh%29.svg/960px-Chauhali_in_Rajshahi_division_%28Bangladesh%29.svg.png?utm_source=bn.wikipedia.org&utm_campaign=api&utm_content=thumbnail,"চৌহালি উপজেলা বাংলাদেশের রাজশাহী বিভাগের সিরাজগঞ্জ জেলার অন্তর্গত একটি উপজেলা যা ৭টি ইউনিয়ন নিয়ে গঠিত। 
এটি একটি কৃষিপ্রধান এলাকা। কুটির শিল্প এবং অনেকে মাছ ধরে জিবীকা নির্বাহ করে থাকে। ব্রিটিশ শাসনামলে এ অঞ্চেল অর্থনৈতিক এলাকা হিসেবে গুরুত্বপূর্ণ ভূমিকা পালন করেছে। ইস্ট ইন্ডিয়া কোম্পানি আমলে এখানে ইংরেজরা নীল চাষ করত। বাংলাদেশ স্বাধীনতা লাভের পর ১৯৮৪ সালে চৌহালিকে উপজেলা করা হয়। ২০১১ সালের আদমশুমারি অনুযায়ী, উপজেলার মোট জনসংখ্যা ১,৪৭,১৪৩ জন। এর মধ্যে পুরুষ ৫১% এবং মহিলা ৪৯%। উপজেলার গড় সাক্ষরতার হার শতকরা ৫৬ ভাগ।",True
UPA_106,Upazila,Kamarkhand,কামারখন্দ,DIST_12,সিরাজগঞ্জ,kamarkhand.sirajganj.gov.bd,কামারখন্দ উপজেলা,https://bn.wikipedia.org/wiki/%E0%A6%95%E0%A6%BE%E0%A6%AE%E0%A6%BE%E0%A6%B0%E0%A6%96%E0%A6%A8%E0%A7%8D%E0%A6%A6%20%E0%A6%89%E0%A6%AA%E0%A6%9C%E0%A7%87%E0%A6%B2%E0%A6%BE,https://pub-d8ff02e059814132b7f971370e65283d.r2.dev/places/upazilas/kamarkhand_upa_106.jpg,https://thumb.wikimedia.org/wikipedia/commons/thumb/c/c5/Kamarkhanda_in_Rajshahi_division_%28Bangladesh%29.svg/960px-Kamarkhanda_in_Rajshahi_division_%28Bangladesh%29.svg.png?utm_source=bn.wikipedia.org&utm_campaign=api&utm_content=thumbnail,কামারখন্দ বাংলাদেশের সিরাজগঞ্জ জেলার অন্তর্গত একটি উপজেলা।,True
UPA_107,Upazila,Kazipur,কাজীপুর,DIST_12,সিরাজগঞ্জ,kazipur.sirajganj.gov.bd,কাজিপুর উপজেলা,https://bn.wikipedia.org/wiki/%E0%A6%95%E0%A6%BE%E0%A6%9C%E0%A6%BF%E0%A6%AA%E0%A7%81%E0%A6%B0%20%E0%A6%89%E0%A6%AA%E0%A6%9C%E0%A7%87%E0%A6%B2%E0%A6%BE,https://pub-d8ff02e059814132b7f971370e65283d.r2.dev/places/upazilas/kazipur_upa_107.jpg,https://thumb.wikimedia.org/wikipedia/commons/thumb/a/a1/Kazipur_in_Rajshahi_division_%28Bangladesh%29.svg/960px-Kazipur_in_Rajshahi_division_%28Bangladesh%29.svg.png?utm_source=bn.wikipedia.org&utm_campaign=api&utm_content=thumbnail,কাজিপুর উপজেলা বাংলাদেশের সিরাজগঞ্জ জেলার একটি প্রশাসনিক এলাকা।,True
UPA_108,Upazila,Raigonj,রায়গঞ্জ,DIST_12,সিরাজগঞ্জ,raigonj.sirajganj.gov.bd,রায়গঞ্জ উপজেলা,https://bn.wikipedia.org/wiki/%E0%A6%B0%E0%A6%BE%E0%A6%AF%E0%A6%BC%E0%A6%97%E0%A6%9E%E0%A7%8D%E0%A6%9C%20%E0%A6%89%E0%A6%AA%E0%A6%9C%E0%A7%87%E0%A6%B2%E0%A6%BE,https://pub-d8ff02e059814132b7f971370e65283d.r2.dev/places/upazilas/raigonj_upa_108.jpg,https://thumb.wikimedia.org/wikipedia/commons/thumb/6/60/Raiganj_in_Rajshahi_division_%28Bangladesh%29.svg/960px-Raiganj_in_Rajshahi_division_%28Bangladesh%29.svg.png?utm_source=bn.wikipedia.org&utm_campaign=api&utm_content=thumbnail,রায়গঞ্জ বাংলাদেশের সিরাজগঞ্জ জেলার অন্তর্গত একটি উপজেলা।,True
UPA_109,Upazila,Shahjadpur,শাহজাদপুর,DIST_12,সিরাজগঞ্জ,shahjadpur.sirajganj.gov.bd,শাহজাদপুর উপজেলা,https://bn.wikipedia.org/wiki/%E0%A6%B6%E0%A6%BE%E0%A6%B9%E0%A6%9C%E0%A6%BE%E0%A6%A6%E0%A6%AA%E0%A7%81%E0%A6%B0%20%E0%A6%89%E0%A6%AA%E0%A6%9C%E0%A7%87%E0%A6%B2%E0%A6%BE,https://pub-d8ff02e059814132b7f971370e65283d.r2.dev/places/upazilas/shahjadpur_upa_109.jpg,https://thumb.wikimedia.org/wikipedia/commons/thumb/f/fe/Shahjadpur_in_Rajshahi_division_%28Bangladesh%29.svg/960px-Shahjadpur_in_Rajshahi_division_%28Bangladesh%29.svg.png?utm_source=bn.wikipedia.org&utm_campaign=api&utm_content=thumbnail,শাহজাদপুর উপজেলা বাংলাদেশের সিরাজগঞ্জ জেলার একটি প্রশাসনিক এলাকা।,True
UPA_110,Upazila,Sirajganj Sadar,সিরাজগঞ্জ সদর,DIST_12,সিরাজগঞ্জ,sirajganjsadar.sirajganj.gov.bd,সিরাজগঞ্জ সদর উপজেলা,https://bn.wikipedia.org/wiki/%E0%A6%B8%E0%A6%BF%E0%A6%B0%E0%A6%BE%E0%A6%9C%E0%A6%97%E0%A6%9E%E0%A7%8D%E0%A6%9C%20%E0%A6%B8%E0%A6%A6%E0%A6%B0%20%E0%A6%89%E0%A6%AA%E0%A6%9C%E0%A7%87%E0%A6%B2%E0%A6%BE,https://pub-d8ff02e059814132b7f971370e65283d.r2.dev/places/upazilas/sirajganj_sadar_upa_110.jpg,https://thumb.wikimedia.org/wikipedia/commons/thumb/8/8f/Sirajganj_Sadar_in_Rajshahi_division_%28Bangladesh%29.svg/960px-Sirajganj_Sadar_in_Rajshahi_division_%28Bangladesh%29.svg.png?utm_source=bn.wikipedia.org&utm_campaign=api&utm_content=thumbnail,সিরাজগঞ্জ সদর বাংলাদেশের সিরাজগঞ্জ জেলার অন্তর্গত বাংলাদেশের একটি অন্যতম গুরুত্বপূর্ণ প্রশাসনিক উপজেলা।,True
UPA_111,Upazila,Tarash,তাড়াশ,DIST_12,সিরাজগঞ্জ,tarash.sirajganj.gov.bd,তাড়াশ উপজেলা,https://bn.wikipedia.org/wiki/%E0%A6%A4%E0%A6%BE%E0%A6%A1%E0%A6%BC%E0%A6%BE%E0%A6%B6%20%E0%A6%89%E0%A6%AA%E0%A6%9C%E0%A7%87%E0%A6%B2%E0%A6%BE,https://pub-d8ff02e059814132b7f971370e65283d.r2.dev/places/upazilas/tarash_upa_111.jpg,https://thumb.wikimedia.org/wikipedia/commons/thumb/4/48/Tarash_in_Rajshahi_division_%28Bangladesh%29.svg/960px-Tarash_in_Rajshahi_division_%28Bangladesh%29.svg.png?utm_source=bn.wikipedia.org&utm_campaign=api&utm_content=thumbnail,"তাড়াশ উপজেলা বাংলাদেশের সিরাজগঞ্জ জেলার একটি প্রশাসনিক এলাকা। তাড়াশ উপজেলা বাংলাদেশের একটি উল্লেখযোগ্য উপজেলা এই উপজেলা বাংলাদেশের স্বাধীনতাতে গুরুত্বপূর্ণ ভুমিকা রেখেছিল। এই উপজেলার নামকরণ নিয়ে সবার জন্য গ্রাহ্য কোন তথ্য পাওয়া যায় না তবে মনেকরা হয়  রায়বাহাদুর নামের একজন জমিদারের মেয়ে “তারা” নাম থেকে এর উৎপত্তি হয়েছে, তবে বিষয়টি  বিতর্কিত । তাড়াশ উপজেলাতে জনসংখ্যার - ১.৩০% যেখানে জাতীয় জনসংখ্যা বৃদ্ধির হার- ১.৪৭%।  তাড়াশ উপজেলার চলনবিল এই উপজেলাকে সকলের কাছে জনপ্রিয় করে তুলেছে। এই উপজেলা দর্শনীয় স্থানের মধ্যে চলনবিল ছাড়া নবগ্রাম মসজিদ, বেহুলার কুপের মতো দর্শনীয় স্থান রয়েছে।",True
UPA_112,Upazila,Ullapara,উল্লাপাড়া,DIST_12,সিরাজগঞ্জ,ullapara.sirajganj.gov.bd,উল্লাপাড়া উপজেলা,https://bn.wikipedia.org/wiki/%E0%A6%89%E0%A6%B2%E0%A7%8D%E0%A6%B2%E0%A6%BE%E0%A6%AA%E0%A6%BE%E0%A6%A1%E0%A6%BC%E0%A6%BE%20%E0%A6%89%E0%A6%AA%E0%A6%9C%E0%A7%87%E0%A6%B2%E0%A6%BE,https://pub-d8ff02e059814132b7f971370e65283d.r2.dev/places/upazilas/ullapara_upa_112.jpg,https://thumb.wikimedia.org/wikipedia/commons/thumb/9/98/Ullahpara_in_Rajshahi_division_%28Bangladesh%29.svg/960px-Ullahpara_in_Rajshahi_division_%28Bangladesh%29.svg.png?utm_source=bn.wikipedia.org&utm_campaign=api&utm_content=thumbnail,উল্লাপাড়া উপজেলা বাংলাদেশের সিরাজগঞ্জ জেলার অন্তর্গত একটি উপজেলা।,True
UPA_113,Upazila,Sujanagar,সুজানগর,DIST_13,পাবনা,sujanagar.pabna.gov.bd,সুজানগর উপজেলা,https://bn.wikipedia.org/wiki/%E0%A6%B8%E0%A7%81%E0%A6%9C%E0%A6%BE%E0%A6%A8%E0%A6%97%E0%A6%B0%20%E0%A6%89%E0%A6%AA%E0%A6%9C%E0%A7%87%E0%A6%B2%E0%A6%BE,https://pub-d8ff02e059814132b7f971370e65283d.r2.dev/places/upazilas/sujanagar_upa_113.jpg,https://thumb.wikimedia.org/wikipedia/commons/thumb/c/cf/Sujanagar_in_Rajshahi_division_%28Bangladesh%29.svg/960px-Sujanagar_in_Rajshahi_division_%28Bangladesh%29.svg.png?utm_source=bn.wikipedia.org&utm_campaign=api&utm_content=thumbnail,সুজানগর বাংলাদেশের পাবনা জেলার অন্তর্গত একটি উপজেলা।,True
UPA_114,Upazila,Ishurdi,ঈশ্বরদী,DIST_13,পাবনা,ishurdi.pabna.gov.bd,ঈশ্বরদী উপজেলা,https://bn.wikipedia.org/wiki/%E0%A6%88%E0%A6%B6%E0%A7%8D%E0%A6%AC%E0%A6%B0%E0%A6%A6%E0%A7%80%20%E0%A6%89%E0%A6%AA%E0%A6%9C%E0%A7%87%E0%A6%B2%E0%A6%BE,https://pub-d8ff02e059814132b7f971370e65283d.r2.dev/places/upazilas/ishurdi_upa_114.jpg,https://thumb.wikimedia.org/wikipedia/commons/thumb/9/97/Ishwardi_in_Rajshahi_division_%28Bangladesh%29.svg/960px-Ishwardi_in_Rajshahi_division_%28Bangladesh%29.svg.png?utm_source=bn.wikipedia.org&utm_campaign=api&utm_content=thumbnail,"ঈশ্বরদী উপজেলা বাংলাদেশের রাজশাহী বিভাগের পাবনা জেলার অন্তর্গত একটি ঐতিহাসিক এবং গুরুত্বপূর্ণ প্রশাসনিক উপজেলা।ঈশ্বরদী উপজেলাকে রেলের শহর,পারমাণবিক শহর এবং পাবনা জেলার প্রাণকেন্দ্র বলা হয়। এছাড়াও ঈশ্বরদী উপজেলা বাংলাদেশের উষ্ণ অঞ্চল হিসেবে পরিচিত।",True
UPA_115,Upazila,Bhangura,ভাঙ্গুড়া,DIST_13,পাবনা,bhangura.pabna.gov.bd,ভাঙ্গুড়া উপজেলা,https://bn.wikipedia.org/wiki/%E0%A6%AD%E0%A6%BE%E0%A6%99%E0%A7%8D%E0%A6%97%E0%A7%81%E0%A6%A1%E0%A6%BC%E0%A6%BE%20%E0%A6%89%E0%A6%AA%E0%A6%9C%E0%A7%87%E0%A6%B2%E0%A6%BE,https://pub-d8ff02e059814132b7f971370e65283d.r2.dev/places/upazilas/bhangura_upa_115.jpg,https://thumb.wikimedia.org/wikipedia/commons/thumb/8/8f/Boral_River_%282%29.jpg/960px-Boral_River_%282%29.jpg?utm_source=bn.wikipedia.org&utm_campaign=api&utm_content=thumbnail,"ভাঙ্গুড়া বাংলাদেশের পাবনা জেলার অন্তর্গত একটি উপজেলা। সংসদীয় আসন ৭০, পাবনা ০৩ এর একটি প্রশাসনিক অঞ্চল।",True
UPA_116,Upazila,Pabna Sadar,পাবনা সদর,DIST_13,পাবনা,pabnasadar.pabna.gov.bd,পাবনা সদর উপজেলা,https://bn.wikipedia.org/wiki/%E0%A6%AA%E0%A6%BE%E0%A6%AC%E0%A6%A8%E0%A6%BE%20%E0%A6%B8%E0%A6%A6%E0%A6%B0%20%E0%A6%89%E0%A6%AA%E0%A6%9C%E0%A7%87%E0%A6%B2%E0%A6%BE,https://pub-d8ff02e059814132b7f971370e65283d.r2.dev/places/upazilas/pabna_sadar_upa_116.jpg,https://thumb.wikimedia.org/wikipedia/commons/thumb/8/8a/Pabna_Sadar_in_Rajshahi_division_%28Bangladesh%29.svg/960px-Pabna_Sadar_in_Rajshahi_division_%28Bangladesh%29.svg.png?utm_source=bn.wikipedia.org&utm_campaign=api&utm_content=thumbnail,পাবনা সদর উপজেলা বাংলাদেশের পাবনা জেলার অন্তর্গত একটি উপজেলা। এটি পদ্মা ও ইছামতি নদীর তীরে অবস্থিত। ১৮৭২ সালে পাবনা থানা গঠিত হয় এবং ১৯৮৪ সালে একে উপজেলায় রূপান্তর করা হয়।,True
UPA_117,Upazila,Bera,বেড়া,DIST_13,পাবনা,bera.pabna.gov.bd,বেড়া উপজেলা,https://bn.wikipedia.org/wiki/%E0%A6%AC%E0%A7%87%E0%A6%A1%E0%A6%BC%E0%A6%BE%20%E0%A6%89%E0%A6%AA%E0%A6%9C%E0%A7%87%E0%A6%B2%E0%A6%BE,https://pub-d8ff02e059814132b7f971370e65283d.r2.dev/places/upazilas/bera_upa_117.jpg,https://thumb.wikimedia.org/wikipedia/commons/thumb/5/52/%E0%A6%95%E0%A6%BE%E0%A6%9C%E0%A7%80%E0%A6%B0%E0%A6%B9%E0%A6%BE%E0%A6%9F.jpg/960px-%E0%A6%95%E0%A6%BE%E0%A6%9C%E0%A7%80%E0%A6%B0%E0%A6%B9%E0%A6%BE%E0%A6%9F.jpg?utm_source=bn.wikipedia.org&utm_campaign=api&utm_content=thumbnail,বেড়া বাংলাদেশের পাবনা জেলার অন্তর্গত একটি উপজেলা।,True
UPA_118,Upazila,Atghoria,আটঘরিয়া,DIST_13,পাবনা,atghoria.pabna.gov.bd,আটঘরিয়া উপজেলা,https://bn.wikipedia.org/wiki/%E0%A6%86%E0%A6%9F%E0%A6%98%E0%A6%B0%E0%A6%BF%E0%A6%AF%E0%A6%BC%E0%A6%BE%20%E0%A6%89%E0%A6%AA%E0%A6%9C%E0%A7%87%E0%A6%B2%E0%A6%BE,https://pub-d8ff02e059814132b7f971370e65283d.r2.dev/places/upazilas/atghoria_upa_118.jpg,https://thumb.wikimedia.org/wikipedia/commons/thumb/f/f6/Same_children_are_taking_Lily_flaowar_in_the_small_lake_side%2C_In_Pabna._Bangladesh.jpg/960px-Same_children_are_taking_Lily_flaowar_in_the_small_lake_side%2C_In_Pabna._Bangladesh.jpg?utm_source=bn.wikipedia.org&utm_campaign=api&utm_content=thumbnail,আটঘরিয়া উপজেলা বাংলাদেশের পাবনা জেলার অন্তর্গত একটি উপজেলা।,True
UPA_119,Upazila,Chatmohar,চাটমোহর,DIST_13,পাবনা,chatmohar.pabna.gov.bd,চাটমোহর উপজেলা,https://bn.wikipedia.org/wiki/%E0%A6%9A%E0%A6%BE%E0%A6%9F%E0%A6%AE%E0%A7%8B%E0%A6%B9%E0%A6%B0%20%E0%A6%89%E0%A6%AA%E0%A6%9C%E0%A7%87%E0%A6%B2%E0%A6%BE,https://pub-d8ff02e059814132b7f971370e65283d.r2.dev/places/upazilas/chatmohar_upa_119.jpg,https://thumb.wikimedia.org/wikipedia/commons/thumb/a/a2/%E0%A6%9A%E0%A6%BE%E0%A6%9F%E0%A6%AE%E0%A7%8B%E0%A6%B9%E0%A6%B0_%E0%A6%B6%E0%A6%BE%E0%A6%B9%E0%A7%80_%E0%A6%AE%E0%A6%B8%E0%A6%9C%E0%A6%BF%E0%A6%A6_%28%E0%A7%AD%29.jpg/960px-%E0%A6%9A%E0%A6%BE%E0%A6%9F%E0%A6%AE%E0%A7%8B%E0%A6%B9%E0%A6%B0_%E0%A6%B6%E0%A6%BE%E0%A6%B9%E0%A7%80_%E0%A6%AE%E0%A6%B8%E0%A6%9C%E0%A6%BF%E0%A6%A6_%28%E0%A7%AD%29.jpg?utm_source=bn.wikipedia.org&utm_campaign=api&utm_content=thumbnail,চাটমোহর বাংলাদেশের পাবনা জেলার অন্তর্গত একটি উপজেলা।  চাটমোহরে ৪৩৯ বছরের ঐতিহ্য নিয়ে আজও ঠায় দাঁড়িয়ে রয়েছে তিন গম্বুজবিশিষ্ট শাহী মসজিদ। শাহী মসজিদটি বাংলার মুসলিম স্থাপত্যে একটি নতুন অধ্যায় সংযোজন করে।,True
UPA_120,Upazila,Santhia,সাঁথিয়া,DIST_13,পাবনা,santhia.pabna.gov.bd,সাঁথিয়া উপজেলা,https://bn.wikipedia.org/wiki/%E0%A6%B8%E0%A6%BE%E0%A6%81%E0%A6%A5%E0%A6%BF%E0%A6%AF%E0%A6%BC%E0%A6%BE%20%E0%A6%89%E0%A6%AA%E0%A6%9C%E0%A7%87%E0%A6%B2%E0%A6%BE,https://pub-d8ff02e059814132b7f971370e65283d.r2.dev/places/upazilas/santhia_upa_120.jpg,https://thumb.wikimedia.org/wikipedia/commons/thumb/e/e8/Santhia_in_Rajshahi_division_%28Bangladesh%29.svg/960px-Santhia_in_Rajshahi_division_%28Bangladesh%29.svg.png?utm_source=bn.wikipedia.org&utm_campaign=api&utm_content=thumbnail,সাঁথিয়া উপজেলা বাংলাদেশের পাবনা জেলার অন্তর্গত একটি উপজেলা।,True
UPA_121,Upazila,Faridpur,ফরিদপুর,DIST_13,পাবনা,faridpur.pabna.gov.bd,ফরিদপুর উপজেলা,https://bn.wikipedia.org/wiki/%E0%A6%AB%E0%A6%B0%E0%A6%BF%E0%A6%A6%E0%A6%AA%E0%A7%81%E0%A6%B0%20%E0%A6%89%E0%A6%AA%E0%A6%9C%E0%A7%87%E0%A6%B2%E0%A6%BE,https://pub-d8ff02e059814132b7f971370e65283d.r2.dev/places/upazilas/faridpur_upa_121.jpg,https://thumb.wikimedia.org/wikipedia/commons/thumb/2/21/Faridpur_in_Rajshahi_division_%28Bangladesh%29.svg/960px-Faridpur_in_Rajshahi_division_%28Bangladesh%29.svg.png?utm_source=bn.wikipedia.org&utm_campaign=api&utm_content=thumbnail,ফরিদপুর বাংলাদেশের পাবনা জেলার অন্তর্গত একটি উপজেলা।,True
UPA_122,Upazila,Kahaloo,কাহালু,DIST_14,বগুড়া,kahaloo.bogra.gov.bd,কাহালু উপজেলা,https://bn.wikipedia.org/wiki/%E0%A6%95%E0%A6%BE%E0%A6%B9%E0%A6%BE%E0%A6%B2%E0%A7%81%20%E0%A6%89%E0%A6%AA%E0%A6%9C%E0%A7%87%E0%A6%B2%E0%A6%BE,https://pub-d8ff02e059814132b7f971370e65283d.r2.dev/places/upazilas/kahaloo_upa_122.jpg,https://thumb.wikimedia.org/wikipedia/commons/thumb/5/52/Jugir_Bhaban_%28Front%29.jpg/960px-Jugir_Bhaban_%28Front%29.jpg?utm_source=bn.wikipedia.org&utm_campaign=api&utm_content=thumbnail,কাহালু বাংলাদেশের বগুড়া জেলার অন্তর্গত একটি উপজেলা। কাহালু উপজেলা বাংলাদেশের একটি প্রাচীন ঐতিহ্যবাহী ও ব্যবসায়িক জনপদ ।,True
UPA_123,Upazila,Bogra Sadar,বগুড়া সদর,DIST_14,বগুড়া,sadar.bogra.gov.bd,বগুড়া সদর উপজেলা,https://bn.wikipedia.org/wiki/%E0%A6%AC%E0%A6%97%E0%A7%81%E0%A6%A1%E0%A6%BC%E0%A6%BE%20%E0%A6%B8%E0%A6%A6%E0%A6%B0%20%E0%A6%89%E0%A6%AA%E0%A6%9C%E0%A7%87%E0%A6%B2%E0%A6%BE,https://pub-d8ff02e059814132b7f971370e65283d.r2.dev/places/upazilas/bogra_sadar_upa_123.jpg,https://thumb.wikimedia.org/wikipedia/commons/thumb/e/e7/Gokul_Medh%2C_Bogra%2C_September_2016_04.jpg/960px-Gokul_Medh%2C_Bogra%2C_September_2016_04.jpg?utm_source=bn.wikipedia.org&utm_campaign=api&utm_content=thumbnail,বগুড়া সদর বাংলাদেশের বগুড়া জেলার অন্তর্গত একটি উপজেলা।,True
UPA_124,Upazila,Shariakandi,সারিয়াকান্দি,DIST_14,বগুড়া,shariakandi.bogra.gov.bd,সারিয়াকান্দি উপজেলা,https://bn.wikipedia.org/wiki/%E0%A6%B8%E0%A6%BE%E0%A6%B0%E0%A6%BF%E0%A6%AF%E0%A6%BC%E0%A6%BE%E0%A6%95%E0%A6%BE%E0%A6%A8%E0%A7%8D%E0%A6%A6%E0%A6%BF%20%E0%A6%89%E0%A6%AA%E0%A6%9C%E0%A7%87%E0%A6%B2%E0%A6%BE,https://pub-d8ff02e059814132b7f971370e65283d.r2.dev/places/upazilas/shariakandi_upa_124.jpg,https://thumb.wikimedia.org/wikipedia/commons/thumb/c/cb/Kalitola_Groyen_Badh.jpg/960px-Kalitola_Groyen_Badh.jpg?utm_source=bn.wikipedia.org&utm_campaign=api&utm_content=thumbnail,সারিয়াকান্দি বাংলাদেশের বগুড়া জেলার অন্তর্গত একটি উপজেলা। এটি বগুড়া জেলার সবচেয়ে বড় উপজেলা।,True
UPA_125,Upazila,Shajahanpur,শাজাহানপুর,DIST_14,বগুড়া,shajahanpur.bogra.gov.bd,শাজাহানপুর উপজেলা,https://bn.wikipedia.org/wiki/%E0%A6%B6%E0%A6%BE%E0%A6%9C%E0%A6%BE%E0%A6%B9%E0%A6%BE%E0%A6%A8%E0%A6%AA%E0%A7%81%E0%A6%B0%20%E0%A6%89%E0%A6%AA%E0%A6%9C%E0%A7%87%E0%A6%B2%E0%A6%BE,https://pub-d8ff02e059814132b7f971370e65283d.r2.dev/places/upazilas/shajahanpur_upa_125.jpg,https://thumb.wikimedia.org/wikipedia/commons/thumb/d/d5/Shosankandi.jpg/960px-Shosankandi.jpg?utm_source=bn.wikipedia.org&utm_campaign=api&utm_content=thumbnail,শাজাহানপুর উপজেলা বাংলাদেশের বগুড়া জেলার একটি উপজেলা।,True
UPA_126,Upazila,Dupchanchia,দুপচাচিঁয়া,DIST_14,বগুড়া,dupchanchia.bogra.gov.bd,,,,,,False
UPA_127,Upazila,Adamdighi,আদমদিঘি,DIST_14,বগুড়া,adamdighi.bogra.gov.bd,,,,,,False
UPA_128,Upazila,Nondigram,নন্দিগ্রাম,DIST_14,বগুড়া,nondigram.bogra.gov.bd,,,,,,False
UPA_129,Upazila,Sonatala,সোনাতলা,DIST_14,বগুড়া,sonatala.bogra.gov.bd,সোনাতলা উপজেলা,https://bn.wikipedia.org/wiki/%E0%A6%B8%E0%A7%8B%E0%A6%A8%E0%A6%BE%E0%A6%A4%E0%A6%B2%E0%A6%BE%20%E0%A6%89%E0%A6%AA%E0%A6%9C%E0%A7%87%E0%A6%B2%E0%A6%BE,https://pub-d8ff02e059814132b7f971370e65283d.r2.dev/places/upazilas/sonatala_upa_129.jpg,https://thumb.wikimedia.org/wikipedia/commons/thumb/e/e5/Chili_fields_in_Bogra%2C_Bangladesh_01.jpg/960px-Chili_fields_in_Bogra%2C_Bangladesh_01.jpg?utm_source=bn.wikipedia.org&utm_campaign=api&utm_content=thumbnail,সোনাতলা উপজেলা বাংলাদেশের বগুড়া জেলার একটি প্রশাসনিক এলাকা।,True
UPA_130,Upazila,Dhunot,ধুনট,DIST_14,বগুড়া,dhunot.bogra.gov.bd,ধুনট উপজেলা,https://bn.wikipedia.org/wiki/%E0%A6%A7%E0%A7%81%E0%A6%A8%E0%A6%9F%20%E0%A6%89%E0%A6%AA%E0%A6%9C%E0%A7%87%E0%A6%B2%E0%A6%BE,https://pub-d8ff02e059814132b7f971370e65283d.r2.dev/places/upazilas/dhunot_upa_130.jpg,https://thumb.wikimedia.org/wikipedia/commons/thumb/a/a1/Dhunat_Upazila%2C_Bangladesh_-_panoramio_%281%29.jpg/960px-Dhunat_Upazila%2C_Bangladesh_-_panoramio_%281%29.jpg?utm_source=bn.wikipedia.org&utm_campaign=api&utm_content=thumbnail,ধুনট বাংলাদেশের বগুড়া জেলার অন্তর্গত একটি উপজেলা। বগুড়া জেলা হতে দক্ষিণ পূর্বে ৩৫ কিলোমিটার দূরত্বে ধুনট উপজেলা অবস্থিত।,True
UPA_131,Upazila,Gabtali,গাবতলী,DIST_14,বগুড়া,gabtali.bogra.gov.bd,গাবতলী উপজেলা,https://bn.wikipedia.org/wiki/%E0%A6%97%E0%A6%BE%E0%A6%AC%E0%A6%A4%E0%A6%B2%E0%A7%80%20%E0%A6%89%E0%A6%AA%E0%A6%9C%E0%A7%87%E0%A6%B2%E0%A6%BE,https://pub-d8ff02e059814132b7f971370e65283d.r2.dev/places/upazilas/gabtali_upa_131.jpg,https://thumb.wikimedia.org/wikipedia/commons/thumb/1/18/%E0%A6%AA%E0%A7%8B%E0%A6%A1%E0%A6%BC%E0%A6%BE%E0%A6%A6%E0%A6%B9_%E0%A6%AE%E0%A7%87%E0%A6%B2%E0%A6%BE%E0%A7%A7.JPG/960px-%E0%A6%AA%E0%A7%8B%E0%A6%A1%E0%A6%BC%E0%A6%BE%E0%A6%A6%E0%A6%B9_%E0%A6%AE%E0%A7%87%E0%A6%B2%E0%A6%BE%E0%A7%A7.JPG?utm_source=bn.wikipedia.org&utm_campaign=api&utm_content=thumbnail,গাবতলী উপজেলা বাংলাদেশের বগুড়া জেলার একটি প্রশাসনিক এলাকা। গাবতলীকে ১৯৮৩ সালে উপজেলায় উন্নিত করা হয়।,True
UPA_132,Upazila,Sherpur,শেরপুর,DIST_14,বগুড়া,sherpur.bogra.gov.bd,শেরপুর উপজেলা,https://bn.wikipedia.org/wiki/%E0%A6%B6%E0%A7%87%E0%A6%B0%E0%A6%AA%E0%A7%81%E0%A6%B0%20%E0%A6%89%E0%A6%AA%E0%A6%9C%E0%A7%87%E0%A6%B2%E0%A6%BE,https://pub-d8ff02e059814132b7f971370e65283d.r2.dev/places/upazilas/sherpur_upa_132.jpg,https://thumb.wikimedia.org/wikipedia/commons/thumb/b/b8/Kherua_Mosque.jpg/960px-Kherua_Mosque.jpg?utm_source=bn.wikipedia.org&utm_campaign=api&utm_content=thumbnail,"শেরপুর বাংলাদেশের বগুড়া জেলার অন্তর্গত একটি উপজেলা এবং এটি রাজশাহী বিভাগের মধ্যে অবস্থিত। শেরপুর থানা ১৯৬২ সালে প্রতিষ্ঠিত হয় এবং ১৯৮৩ সালে থানাকে উপজেলায় রূপান্তর করা হয়। উপজেলার প্রশাসনিক কেন্দ্রের নাম অনুযায়ী শেরপুর শহরের নামকরণ করা হয়। কথিত আছে যে, সেখানে একবার শের বসবাস (বাংলা: শের, tiger) করতে দেখা গেছে, যা থেকে ""শেরপুর"" নাম হয়।",True
UPA_133,Upazila,Shibganj,শিবগঞ্জ,DIST_14,বগুড়া,shibganj.bogra.gov.bd,শিবগঞ্জ উপজেলা,https://bn.wikipedia.org/wiki/%E0%A6%B6%E0%A6%BF%E0%A6%AC%E0%A6%97%E0%A6%9E%E0%A7%8D%E0%A6%9C%20%E0%A6%89%E0%A6%AA%E0%A6%9C%E0%A7%87%E0%A6%B2%E0%A6%BE,,,"শিবগঞ্জ উপজেলা নামে বাংলাদেশে ২টি উপজেলা রয়েছে। যথা:

শিবগঞ্জ উপজেলা, বগুড়া
শিবগঞ্জ উপজেলা, চাঁপাইনবাবগঞ্জ",True
UPA_134,Upazila,Paba,পবা,DIST_15,রাজশাহী,paba.rajshahi.gov.bd,পবা উপজেলা,https://bn.wikipedia.org/wiki/%E0%A6%AA%E0%A6%AC%E0%A6%BE%20%E0%A6%89%E0%A6%AA%E0%A6%9C%E0%A7%87%E0%A6%B2%E0%A6%BE,https://pub-d8ff02e059814132b7f971370e65283d.r2.dev/places/upazilas/paba_upa_134.jpg,https://thumb.wikimedia.org/wikipedia/commons/thumb/d/d5/Paba_in_Rajshahi_division_%28Bangladesh%29.svg/960px-Paba_in_Rajshahi_division_%28Bangladesh%29.svg.png?utm_source=bn.wikipedia.org&utm_campaign=api&utm_content=thumbnail,পবা বাংলাদেশের রাজশাহী জেলার অন্তর্গত একটি উপজেলা।,True
UPA_135,Upazila,Durgapur,দুর্গাপুর,DIST_15,রাজশাহী,durgapur.rajshahi.gov.bd,দুর্গাপুর উপজেলা,https://bn.wikipedia.org/wiki/%E0%A6%A6%E0%A7%81%E0%A6%B0%E0%A7%8D%E0%A6%97%E0%A6%BE%E0%A6%AA%E0%A7%81%E0%A6%B0%20%E0%A6%89%E0%A6%AA%E0%A6%9C%E0%A7%87%E0%A6%B2%E0%A6%BE,,,"দুর্গাপুর উপজেলা নামে বাংলাদেশে দুইটি উপজেলা রয়েছে। যথা:

দুর্গাপুর উপজেলা, নেত্রকোণা
দুর্গাপুর উপজেলা, রাজশাহী",True
UPA_136,Upazila,Mohonpur,মোহনপুর,DIST_15,রাজশাহী,mohonpur.rajshahi.gov.bd,মোহনপুর উপজেলা,https://bn.wikipedia.org/wiki/%E0%A6%AE%E0%A7%8B%E0%A6%B9%E0%A6%A8%E0%A6%AA%E0%A7%81%E0%A6%B0%20%E0%A6%89%E0%A6%AA%E0%A6%9C%E0%A7%87%E0%A6%B2%E0%A6%BE,https://pub-d8ff02e059814132b7f971370e65283d.r2.dev/places/upazilas/mohonpur_upa_136.jpg,https://thumb.wikimedia.org/wikipedia/commons/thumb/a/a3/Mohanpur_in_Rajshahi_division_%28Bangladesh%29.svg/960px-Mohanpur_in_Rajshahi_division_%28Bangladesh%29.svg.png?utm_source=bn.wikipedia.org&utm_campaign=api&utm_content=thumbnail,মোহনপুর বাংলাদেশের রাজশাহী জেলার অন্তর্গত একটি উপজেলা।,True
UPA_137,Upazila,Charghat,চারঘাট,DIST_15,রাজশাহী,charghat.rajshahi.gov.bd,চারঘাট উপজেলা,https://bn.wikipedia.org/wiki/%E0%A6%9A%E0%A6%BE%E0%A6%B0%E0%A6%98%E0%A6%BE%E0%A6%9F%20%E0%A6%89%E0%A6%AA%E0%A6%9C%E0%A7%87%E0%A6%B2%E0%A6%BE,https://pub-d8ff02e059814132b7f971370e65283d.r2.dev/places/upazilas/charghat_upa_137.jpg,https://thumb.wikimedia.org/wikipedia/commons/thumb/e/e2/Charghat_in_Rajshahi_division_%28Bangladesh%29.svg/960px-Charghat_in_Rajshahi_division_%28Bangladesh%29.svg.png?utm_source=bn.wikipedia.org&utm_campaign=api&utm_content=thumbnail,"চারঘাট উপজেলা বাংলাদেশের রাজশাহী জেলার অন্তর্গত একটি উপজেলা। রাজশাহী শহর থেকে এর দুরত্ব প্রায় ৩২ কিলোমিটার। এটি ১৯১৯ সালে থানা হিসেবে গঠিত হয় এবং ১৯৮৩ সালে  এটিকে উপজেলায় রুপান্তর করা হয়। একসময় কলকাতা বন্দর থেকে স্টিমার এই অঞ্চলের থানাঘাট, ঠাকুর বাড়ীর ঘাট, স্টিমার ঘাট ও বাবুলালের ঘাটে আসা যাওয়া করত।",True
UPA_138,Upazila,Puthia,পুঠিয়া,DIST_15,রাজশাহী,puthia.rajshahi.gov.bd,পুঠিয়া উপজেলা,https://bn.wikipedia.org/wiki/%E0%A6%AA%E0%A7%81%E0%A6%A0%E0%A6%BF%E0%A6%AF%E0%A6%BC%E0%A6%BE%20%E0%A6%89%E0%A6%AA%E0%A6%9C%E0%A7%87%E0%A6%B2%E0%A6%BE,https://pub-d8ff02e059814132b7f971370e65283d.r2.dev/places/upazilas/puthia_upa_138.jpg,https://thumb.wikimedia.org/wikipedia/commons/thumb/8/8f/Puthia_in_Rajshahi_division_%28Bangladesh%29.svg/960px-Puthia_in_Rajshahi_division_%28Bangladesh%29.svg.png?utm_source=bn.wikipedia.org&utm_campaign=api&utm_content=thumbnail,পুঠিয়া বাংলাদেশের উত্তরাঞ্চলে অবস্থিত রাজশাহী জেলার অন্তর্গত একটি উপজেলা।,True
UPA_139,Upazila,Bagha,বাঘা,DIST_15,রাজশাহী,bagha.rajshahi.gov.bd,বাঘা উপজেলা,https://bn.wikipedia.org/wiki/%E0%A6%AC%E0%A6%BE%E0%A6%98%E0%A6%BE%20%E0%A6%89%E0%A6%AA%E0%A6%9C%E0%A7%87%E0%A6%B2%E0%A6%BE,https://pub-d8ff02e059814132b7f971370e65283d.r2.dev/places/upazilas/bagha_upa_139.jpg,https://thumb.wikimedia.org/wikipedia/commons/thumb/e/ed/Bagha_in_Rajshahi_division_%28Bangladesh%29.svg/960px-Bagha_in_Rajshahi_division_%28Bangladesh%29.svg.png?utm_source=bn.wikipedia.org&utm_campaign=api&utm_content=thumbnail,বাঘা বাংলাদেশের রাজশাহী জেলার অন্তর্গত একটি উপজেলা।,True
UPA_140,Upazila,Godagari,গোদাগাড়ী,DIST_15,রাজশাহী,godagari.rajshahi.gov.bd,গোদাগাড়ী উপজেলা,https://bn.wikipedia.org/wiki/%E0%A6%97%E0%A7%8B%E0%A6%A6%E0%A6%BE%E0%A6%97%E0%A6%BE%E0%A6%A1%E0%A6%BC%E0%A7%80%20%E0%A6%89%E0%A6%AA%E0%A6%9C%E0%A7%87%E0%A6%B2%E0%A6%BE,https://pub-d8ff02e059814132b7f971370e65283d.r2.dev/places/upazilas/godagari_upa_140.jpg,https://thumb.wikimedia.org/wikipedia/commons/thumb/5/5f/Godagari_in_Rajshahi_division_%28Bangladesh%29.svg/960px-Godagari_in_Rajshahi_division_%28Bangladesh%29.svg.png?utm_source=bn.wikipedia.org&utm_campaign=api&utm_content=thumbnail,গোদাগাড়ী বাংলাদেশের রাজশাহী জেলার অন্তর্গত একটি উপজেলা। একদিকে কীর্তিনাশা পদ্মা আর মহানন্দা অন্যদিকে বিস্তৃত পরিধিতে বরেন্দ্র জনপদ এই গোদাগাড়ী অঞ্চল।,True
UPA_141,Upazila,Tanore,তানোর,DIST_15,রাজশাহী,tanore.rajshahi.gov.bd,তানোর উপজেলা,https://bn.wikipedia.org/wiki/%E0%A6%A4%E0%A6%BE%E0%A6%A8%E0%A7%8B%E0%A6%B0%20%E0%A6%89%E0%A6%AA%E0%A6%9C%E0%A7%87%E0%A6%B2%E0%A6%BE,https://pub-d8ff02e059814132b7f971370e65283d.r2.dev/places/upazilas/tanore_upa_141.jpg,https://thumb.wikimedia.org/wikipedia/commons/thumb/0/02/Tanore_in_Rajshahi_division_%28Bangladesh%29.svg/960px-Tanore_in_Rajshahi_division_%28Bangladesh%29.svg.png?utm_source=bn.wikipedia.org&utm_campaign=api&utm_content=thumbnail,"তানোর বাংলাদেশের রাজশাহী জেলার অন্তর্গত একটি উপজেলা।
তানোর থানা গঠন করা হয় ১৮৬৯ সালের ফেব্রুয়ারি মাসে এবং উপজেলা গঠিত হয় ১৯৮৩ সালে।",True
UPA_142,Upazila,Bagmara,বাগমারা,DIST_15,রাজশাহী,bagmara.rajshahi.gov.bd,বাগমারা উপজেলা,https://bn.wikipedia.org/wiki/%E0%A6%AC%E0%A6%BE%E0%A6%97%E0%A6%AE%E0%A6%BE%E0%A6%B0%E0%A6%BE%20%E0%A6%89%E0%A6%AA%E0%A6%9C%E0%A7%87%E0%A6%B2%E0%A6%BE,https://pub-d8ff02e059814132b7f971370e65283d.r2.dev/places/upazilas/bagmara_upa_142.jpg,https://thumb.wikimedia.org/wikipedia/commons/thumb/e/e7/Baghmara_in_Rajshahi_division_%28Bangladesh%29.svg/960px-Baghmara_in_Rajshahi_division_%28Bangladesh%29.svg.png?utm_source=bn.wikipedia.org&utm_campaign=api&utm_content=thumbnail,"বাগমারা উপজেলা (অন্য বানানে ""বাঘমারা"") বাংলাদেশের উত্তর-পশ্চিমাঞ্চলের রাজশাহী বিভাগের রাজশাহী জেলার অন্তর্গত একটি বৃহৎ
উপজেলা।",True
UPA_143,Upazila,Natore Sadar,নাটোর সদর,DIST_16,নাটোর,natoresadar.natore.gov.bd,নাটোর সদর উপজেলা,https://bn.wikipedia.org/wiki/%E0%A6%A8%E0%A6%BE%E0%A6%9F%E0%A7%8B%E0%A6%B0%20%E0%A6%B8%E0%A6%A6%E0%A6%B0%20%E0%A6%89%E0%A6%AA%E0%A6%9C%E0%A7%87%E0%A6%B2%E0%A6%BE,https://pub-d8ff02e059814132b7f971370e65283d.r2.dev/places/upazilas/natore_sadar_upa_143.jpg,https://thumb.wikimedia.org/wikipedia/commons/thumb/d/d8/MAIN_GATE_OF_Dighapatia_Rajbari_%28Uttra_Ganababhon%29_%284%29.jpg/960px-MAIN_GATE_OF_Dighapatia_Rajbari_%28Uttra_Ganababhon%29_%284%29.jpg?utm_source=bn.wikipedia.org&utm_campaign=api&utm_content=thumbnail,"নাটোর সদর বাংলাদেশের রাজশাহী বিভাগের নাটোর জেলার অন্তর্গত একটি উপজেলা। ২৪.২৬ উত্তর অক্ষাংশ এবং ৮৯.৯ র্পূব দক্ষিণ অংশে নারদ নদের উত্তর তীরে অবস্থিত শহরের নাম নাটোর। প্রাচীন ঐতিহ্য ও প্রত্নতাত্ত্বিক ঐতিহ্যমণ্ডিত নাটোর সদর উপজেলাটি। এই নাটোরকে কেন্দ্র করেই গড়ে উঠেছে নাটোর সদর উপজেলা । নাটোর সদর উপজেলার উত্তরে নলডাঙ্গা উপজেলা, পূর্বে সিংড়া ও গুরুদাসপুর উপজেলা, দক্ষিণে বড়াইগ্রাম ও বাগাতিপাড়া উপজেলা এবং পশ্চিমে রাজশাহী জেলার পুঠিয়া উপজেলা।",True
UPA_144,Upazila,Singra,সিংড়া,DIST_16,নাটোর,singra.natore.gov.bd,সিংড়া উপজেলা,https://bn.wikipedia.org/wiki/%E0%A6%B8%E0%A6%BF%E0%A6%82%E0%A6%A1%E0%A6%BC%E0%A6%BE%20%E0%A6%89%E0%A6%AA%E0%A6%9C%E0%A7%87%E0%A6%B2%E0%A6%BE,https://pub-d8ff02e059814132b7f971370e65283d.r2.dev/places/upazilas/singra_upa_144.jpg,https://thumb.wikimedia.org/wikipedia/commons/thumb/4/47/Sthapandighi%2C_Singra%2C_Natore.jpg/960px-Sthapandighi%2C_Singra%2C_Natore.jpg?utm_source=bn.wikipedia.org&utm_campaign=api&utm_content=thumbnail,"সিংড়া উপজেলা বাংলাদেশের নাটোর জেলায় অবস্থিত একটি উপজেলা এবং নাটোর জেলার সর্ববৃহৎ উপজেলা। এই এলাকাটি মোট ১২ইউনিয়নে  নিয়ে গঠিত। এই উপজেলায় গ্রামের সংখ্যা ৪৩৯ টি এবং মৌজা ৪৪৭ টি। উপজেলাটি বর্তমানে শিক্ষা ও সংস্কৃতির দিক দিয়ে খুব অগ্রসর হচ্ছে।
এই প্রাচীন জনপদের গৌরবোজ্জল ঐতিহ্যের ভিন্নমাত্রিক স্মারক তার প্রত্নতাত্ত্বিক বিষয়ের গৌরবে স্থাপত্য শিল্পের এক ধরনের নান্দনিক সৌন্দর্য্য। সিংড়া এক্ষেত্রে যে মোটেই পশ্চাৎপদ নয়, কতিপয় দৃষ্টি দিলে তা স্পষ্ট হবে। ঐতিহ্যবাহী নিদর্শনাদি ও প্রত্নতত্ত্ব এর মধ্যে চৌগ্রামের রাজবাড়ী, তিসিখালীর মাজার, চলনবিল ও গণকবর উল্লেখযোগ্য।",True
UPA_145,Upazila,Baraigram,বড়াইগ্রাম,DIST_16,নাটোর,baraigram.natore.gov.bd,বড়াইগ্রাম উপজেলা,https://bn.wikipedia.org/wiki/%E0%A6%AC%E0%A6%A1%E0%A6%BC%E0%A6%BE%E0%A6%87%E0%A6%97%E0%A7%8D%E0%A6%B0%E0%A6%BE%E0%A6%AE%20%E0%A6%89%E0%A6%AA%E0%A6%9C%E0%A7%87%E0%A6%B2%E0%A6%BE,https://pub-d8ff02e059814132b7f971370e65283d.r2.dev/places/upazilas/baraigram_upa_145.jpg,https://thumb.wikimedia.org/wikipedia/commons/thumb/c/c2/Baraigram_Pilot_High_School.jpg/960px-Baraigram_Pilot_High_School.jpg?utm_source=bn.wikipedia.org&utm_campaign=api&utm_content=thumbnail,বড়াইগ্রাম বাংলাদেশের রাজশাহী বিভাগের নাটোর জেলার অন্তর্গত একটি উপজেলা। এ উপজেলার অবস্থান যথাক্রমে ২৪°১ এবং ২৪°২১ উত্তর অক্ষাংশ এবং যথাক্রমে ৮৮°০১ এবং ৮৯°১৭ পূর্ব দ্রাঘিমাংশে অবস্থিত।,True
UPA_146,Upazila,Bagatipara,বাগাতিপাড়া,DIST_16,নাটোর,bagatipara.natore.gov.bd,বাগাতিপাড়া উপজেলা,https://bn.wikipedia.org/wiki/%E0%A6%AC%E0%A6%BE%E0%A6%97%E0%A6%BE%E0%A6%A4%E0%A6%BF%E0%A6%AA%E0%A6%BE%E0%A6%A1%E0%A6%BC%E0%A6%BE%20%E0%A6%89%E0%A6%AA%E0%A6%9C%E0%A7%87%E0%A6%B2%E0%A6%BE,https://pub-d8ff02e059814132b7f971370e65283d.r2.dev/places/upazilas/bagatipara_upa_146.jpg,https://thumb.wikimedia.org/wikipedia/commons/thumb/3/3b/Qadirabad_Cantonment_Front_Gate.jpg/960px-Qadirabad_Cantonment_Front_Gate.jpg?utm_source=bn.wikipedia.org&utm_campaign=api&utm_content=thumbnail,"বাগাতিপাড়া বাংলাদেশের নাটোর জেলার অন্তর্গত একটি উপজেলা। উত্তরে-নাটোর সদর,দক্ষিণে-লালপুর ও বাঘা উপজেলা,  পূর্বে-বড়াইগ্রাম উপজেলা এবং পশ্চিমে-চারঘাট উপজেলা। নাটোর সদর থানার দক্ষিণে মাত্র ৫ টি ইউনিয়ন যথাক্রমে পাঁকা, জামনগর, বাগাতিপাড়া, দয়ারামপুর ও ফাগুয়াড়দিয়াড়  ইউনিয়ন নিয়ে ১৯০৬ সালে বাগতিপাড়া পুলিশ স্টেশন স্থাপিত হয়। প্রথমে থানার নাম ছিল বাগদী পাড়া। কথিত আছে তৎকালিন রেনউইক কম্পানী এবং নীলকর সাহেবগণ স্থানীয় বাগদীদের দ্বারা প্রজাদের উপর অত্যাচার ও নীপিড়ন চালাত। যার ফলে তাদের প্রতি ঘৃণার নিদর্শন স্বরূপ বাগদীপাড়া পুলিশ স্টেশনের নাম করন করা হয় বাগাতিপাড়া।",True
UPA_147,Upazila,Lalpur,লালপুর,DIST_16,নাটোর,lalpur.natore.gov.bd,লালপুর উপজেলা,https://bn.wikipedia.org/wiki/%E0%A6%B2%E0%A6%BE%E0%A6%B2%E0%A6%AA%E0%A7%81%E0%A6%B0%20%E0%A6%89%E0%A6%AA%E0%A6%9C%E0%A7%87%E0%A6%B2%E0%A6%BE,https://pub-d8ff02e059814132b7f971370e65283d.r2.dev/places/upazilas/lalpur_upa_147.jpg,https://thumb.wikimedia.org/wikipedia/commons/thumb/7/7c/%E0%A6%AA%E0%A6%A6%E0%A7%8D%E0%A6%AE%E0%A6%BE_%E0%A6%A8%E0%A6%A6%E0%A7%80_%E0%A6%AA%E0%A6%BE%E0%A6%B0%E0%A6%BE%E0%A6%AA%E0%A6%BE%E0%A6%B0.JPG/960px-%E0%A6%AA%E0%A6%A6%E0%A7%8D%E0%A6%AE%E0%A6%BE_%E0%A6%A8%E0%A6%A6%E0%A7%80_%E0%A6%AA%E0%A6%BE%E0%A6%B0%E0%A6%BE%E0%A6%AA%E0%A6%BE%E0%A6%B0.JPG?utm_source=bn.wikipedia.org&utm_campaign=api&utm_content=thumbnail,লালপুর বাংলাদেশের নাটোর জেলার অন্তর্গত একটি গুরুত্বপূর্ণ ও ঐতিহাসিক  উপজেলা। আয়তনের দিক থেকে নাটোর জেলার ২য় বৃহত্তম উপজেলা হল লালপুর। লালপুর থানা হিসেবে ১৮৬৯ সালে প্রতিষ্ঠিত হয়। প্রশাসন বিকেন্দ্রিকরণের মাধ্যমে ১৯৮৩ সালে লালপুর থানা উপজেলায় উন্নীত হয়। লালপুর নামকরণের সুনির্দিষ্ট কোন তথ্য পাওয়া না গেলেও এখানে মুঘল আমলে লালখান নামে একজন খুব গুরুত্বপূর্ণ ব্যক্তি বসবাস করতেন। জনসাধারণের ধারণামতে তার নামানুসারেই এই উপজেলার নাম লালপুর হয়েছে।,True
UPA_148,Upazila,Gurudaspur,গুরুদাসপুর,DIST_16,নাটোর,gurudaspur.natore.gov.bd,গুরুদাসপুর উপজেলা,https://bn.wikipedia.org/wiki/%E0%A6%97%E0%A7%81%E0%A6%B0%E0%A7%81%E0%A6%A6%E0%A6%BE%E0%A6%B8%E0%A6%AA%E0%A7%81%E0%A6%B0%20%E0%A6%89%E0%A6%AA%E0%A6%9C%E0%A7%87%E0%A6%B2%E0%A6%BE,https://pub-d8ff02e059814132b7f971370e65283d.r2.dev/places/upazilas/gurudaspur_upa_148.jpg,https://thumb.wikimedia.org/wikipedia/commons/thumb/5/5c/%E0%A6%90%E0%A6%A4%E0%A6%BF%E0%A6%B9%E0%A6%BE%E0%A6%B8%E0%A6%BF%E0%A6%95_%E0%A6%AC%E0%A7%83-%E0%A6%9A%E0%A6%BE%E0%A6%AA%E0%A6%BF%E0%A6%B2%E0%A6%BE_%E0%A6%B6%E0%A6%BE%E0%A6%B9%E0%A7%80_%E0%A6%9C%E0%A6%BE%E0%A6%AE%E0%A7%87_%E0%A6%AE%E0%A6%B8%E0%A6%9C%E0%A6%BF%E0%A6%A6.jpg/960px-%E0%A6%90%E0%A6%A4%E0%A6%BF%E0%A6%B9%E0%A6%BE%E0%A6%B8%E0%A6%BF%E0%A6%95_%E0%A6%AC%E0%A7%83-%E0%A6%9A%E0%A6%BE%E0%A6%AA%E0%A6%BF%E0%A6%B2%E0%A6%BE_%E0%A6%B6%E0%A6%BE%E0%A6%B9%E0%A7%80_%E0%A6%9C%E0%A6%BE%E0%A6%AE%E0%A7%87_%E0%A6%AE%E0%A6%B8%E0%A6%9C%E0%A6%BF%E0%A6%A6.jpg?utm_source=bn.wikipedia.org&utm_campaign=api&utm_content=thumbnail,গুরুদাসপুর বাংলাদেশের নাটোর জেলার অন্তর্গত একটি উপজেলা। নাটোর জেলার দক্ষিণ পূর্বদিকে গুরুদাসপুর উপজেলা অবস্থিত।,True
UPA_149,Upazila,Naldanga,নলডাঙ্গা,DIST_16,নাটোর,naldanga.natore.gov.bd,নলডাঙ্গা উপজেলা,https://bn.wikipedia.org/wiki/%E0%A6%A8%E0%A6%B2%E0%A6%A1%E0%A6%BE%E0%A6%99%E0%A7%8D%E0%A6%97%E0%A6%BE%20%E0%A6%89%E0%A6%AA%E0%A6%9C%E0%A7%87%E0%A6%B2%E0%A6%BE,https://pub-d8ff02e059814132b7f971370e65283d.r2.dev/places/upazilas/naldanga_upa_149.jpg,https://thumb.wikimedia.org/wikipedia/commons/thumb/8/8f/%E0%A6%AC%E0%A6%BF%E0%A6%B2%E0%A7%87%E0%A6%B0_%E0%A6%85%E0%A6%B2%E0%A6%82%E0%A6%95%E0%A6%BE%E0%A6%B0.jpg/960px-%E0%A6%AC%E0%A6%BF%E0%A6%B2%E0%A7%87%E0%A6%B0_%E0%A6%85%E0%A6%B2%E0%A6%82%E0%A6%95%E0%A6%BE%E0%A6%B0.jpg?utm_source=bn.wikipedia.org&utm_campaign=api&utm_content=thumbnail,"নলডাঙ্গা বাংলাদেশের নাটোর জেলার অন্তর্গত একটি উপজেলা। ২৪.২৬ উত্তর অক্ষাংশ এবং ৮৯.৯ র্পূব দক্ষিণ অংশে বারনই নদের উত্তর তীরে অবস্থিত শহরের নাম নলডাঙ্গা। প্রাচীন ঐতিহ্য ও প্রত্নতাত্ত্বিক ঐতিহ্য মণ্ডিত আমাদের নলডাঙ্গা । একসময় নাটোরকে কেন্দ্র করেই গড়ে উঠেছে নলডাঙ্গা উপজেলা। নলডাঙ্গা উপজেলার উত্তরে নওগাঁ জেলার আত্রাই উপজেলা, দক্ষিণে নাটোর সদর উপজেলা, পূর্বে সিংড়া উপজেলা, পশ্চিমে রাজশাহী জেলার পুঠিয়া উপজেলা ও বাগমারা উপজেলা।",True
UPA_150,Upazila,Akkelpur,আক্কেলপুর,DIST_17,জয়পুরহাট,akkelpur.joypurhat.gov.bd,আক্কেলপুর উপজেলা,https://bn.wikipedia.org/wiki/%E0%A6%86%E0%A6%95%E0%A7%8D%E0%A6%95%E0%A7%87%E0%A6%B2%E0%A6%AA%E0%A7%81%E0%A6%B0%20%E0%A6%89%E0%A6%AA%E0%A6%9C%E0%A7%87%E0%A6%B2%E0%A6%BE,https://pub-d8ff02e059814132b7f971370e65283d.r2.dev/places/upazilas/akkelpur_upa_150.jpg,https://thumb.wikimedia.org/wikipedia/commons/thumb/5/5c/Shaheed_Minar%2C_MR_Degree_College%2C_Akkelpur_-_panoramio.jpg/960px-Shaheed_Minar%2C_MR_Degree_College%2C_Akkelpur_-_panoramio.jpg?utm_source=bn.wikipedia.org&utm_campaign=api&utm_content=thumbnail,আক্কেলপুর উপজেলা বাংলাদেশের জয়পুরহাট জেলার একটি প্রশাসনিক এলাকা।,True
UPA_151,Upazila,Kalai,কালাই,DIST_17,জয়পুরহাট,kalai.joypurhat.gov.bd,কালাই উপজেলা,https://bn.wikipedia.org/wiki/%E0%A6%95%E0%A6%BE%E0%A6%B2%E0%A6%BE%E0%A6%87%20%E0%A6%89%E0%A6%AA%E0%A6%9C%E0%A7%87%E0%A6%B2%E0%A6%BE,https://pub-d8ff02e059814132b7f971370e65283d.r2.dev/places/upazilas/kalai_upa_151.jpg,https://thumb.wikimedia.org/wikipedia/commons/thumb/6/67/Kalai_in_Rajshahi_division_%28Bangladesh%29.svg/960px-Kalai_in_Rajshahi_division_%28Bangladesh%29.svg.png?utm_source=bn.wikipedia.org&utm_campaign=api&utm_content=thumbnail,কালাই উপজেলা বাংলাদেশের জয়পুরহাট জেলার একটি প্রশাসনিক এলাকা।,True
UPA_152,Upazila,Khetlal,ক্ষেতলাল,DIST_17,জয়পুরহাট,khetlal.joypurhat.gov.bd,ক্ষেতলাল উপজেলা,https://bn.wikipedia.org/wiki/%E0%A6%95%E0%A7%8D%E0%A6%B7%E0%A7%87%E0%A6%A4%E0%A6%B2%E0%A6%BE%E0%A6%B2%20%E0%A6%89%E0%A6%AA%E0%A6%9C%E0%A7%87%E0%A6%B2%E0%A6%BE,https://pub-d8ff02e059814132b7f971370e65283d.r2.dev/places/upazilas/khetlal_upa_152.jpg,https://thumb.wikimedia.org/wikipedia/commons/thumb/2/22/%E0%A6%A6%E0%A7%80%E0%A6%98%E0%A6%BF.jpg/960px-%E0%A6%A6%E0%A7%80%E0%A6%98%E0%A6%BF.jpg?utm_source=bn.wikipedia.org&utm_campaign=api&utm_content=thumbnail,ক্ষেতলাল উপজেলা বাংলাদেশের জয়পুরহাট জেলার একটি প্রশাসনিক এলাকা।,True
UPA_153,Upazila,Panchbibi,পাঁচবিবি,DIST_17,জয়পুরহাট,panchbibi.joypurhat.gov.bd,পাঁচবিবি উপজেলা,https://bn.wikipedia.org/wiki/%E0%A6%AA%E0%A6%BE%E0%A6%81%E0%A6%9A%E0%A6%AC%E0%A6%BF%E0%A6%AC%E0%A6%BF%20%E0%A6%89%E0%A6%AA%E0%A6%9C%E0%A7%87%E0%A6%B2%E0%A6%BE,https://pub-d8ff02e059814132b7f971370e65283d.r2.dev/places/upazilas/panchbibi_upa_153.jpg,https://thumb.wikimedia.org/wikipedia/commons/thumb/4/4a/Lockma_Rajbari_panchbibi.jpg/960px-Lockma_Rajbari_panchbibi.jpg?utm_source=bn.wikipedia.org&utm_campaign=api&utm_content=thumbnail,"পাঁচবিবি উপজেলা বাংলাদেশের জয়পুরহাট জেলার একটি প্রশাসনিক এলাকা।  উত্তর জনপদের ঐতিহ্যবাহী ও প্রচনি একটি উপজেলা পাঁচবিবি শিক্ষা, সংস্কৃতি, ইতিহাস, ঐতিহ্য, ক্রীড়া, স্কাউটিং, ব্যবসা-বানিজ্য ও রাজনীতির ক্ষেত্রে পাঁচবিবি ছিল সমগ্র দেশে সুপরিচিত একটি নাম। মজলুম জননেতা মওলানা আব্দুল হামিদ খান ভাসানী ও অগ্নিযুগের বিপ্লবী পুরুষ বৃটিশ খেদাও আন্দোলেনের নেতা আন্দামান বন্দী ডাঃ আব্দুল কাদের চৌধুরীর স্মৃতি ধন্য পাঁচবিবি। সূদুর অতীতে জেন্টা পলিশ বা পঞ্চনগরীর ঐতিহ্য বুকে ধারনন করে পালযুগ, সুলতান আমল, মোঘল শাসন আমল ও ইংরেজদের পদচিহ্ন অংকিত হয়েছে এক রুপকথার কল্পকাহিনী যার আধুনিক নাম করণ আজকের পাঁচবিবি।",True
UPA_154,Upazila,Joypurhat Sadar,জয়পুরহাট সদর,DIST_17,জয়পুরহাট,joypurhatsadar.joypurhat.gov.bd,জয়পুরহাট সদর উপজেলা,https://bn.wikipedia.org/wiki/%E0%A6%9C%E0%A6%AF%E0%A6%BC%E0%A6%AA%E0%A7%81%E0%A6%B0%E0%A6%B9%E0%A6%BE%E0%A6%9F%20%E0%A6%B8%E0%A6%A6%E0%A6%B0%20%E0%A6%89%E0%A6%AA%E0%A6%9C%E0%A7%87%E0%A6%B2%E0%A6%BE,https://pub-d8ff02e059814132b7f971370e65283d.r2.dev/places/upazilas/joypurhat_sadar_upa_154.jpg,https://thumb.wikimedia.org/wikipedia/commons/thumb/0/00/Green_City_of_Bangladesh.jpg/960px-Green_City_of_Bangladesh.jpg?utm_source=bn.wikipedia.org&utm_campaign=api&utm_content=thumbnail,জয়পুরহাট সদর উপজেলা বাংলাদেশের জয়পুরহাট জেলার একটি প্রশাসনিক এলাকা।,True
UPA_155,Upazila,Chapainawabganj Sadar,চাঁপাইনবাবগঞ্জ সদর,DIST_18,চাঁপাইনবাবগঞ্জ,chapainawabganjsadar.chapainawabganj.gov.bd,চাঁপাইনবাবগঞ্জ সদর উপজেলা,https://bn.wikipedia.org/wiki/%E0%A6%9A%E0%A6%BE%E0%A6%81%E0%A6%AA%E0%A6%BE%E0%A6%87%E0%A6%A8%E0%A6%AC%E0%A6%BE%E0%A6%AC%E0%A6%97%E0%A6%9E%E0%A7%8D%E0%A6%9C%20%E0%A6%B8%E0%A6%A6%E0%A6%B0%20%E0%A6%89%E0%A6%AA%E0%A6%9C%E0%A7%87%E0%A6%B2%E0%A6%BE,https://pub-d8ff02e059814132b7f971370e65283d.r2.dev/places/upazilas/chapainawabganj_sadar_upa_155.jpg,https://thumb.wikimedia.org/wikipedia/commons/thumb/d/d7/Shah_Neamotullah_Degree_College_4.jpg/960px-Shah_Neamotullah_Degree_College_4.jpg?utm_source=bn.wikipedia.org&utm_campaign=api&utm_content=thumbnail,নবাবগঞ্জ সদর উপজেলা বাংলাদেশের চাঁপাইনবাবগঞ্জ জেলার একটি প্রশাসনিক এলাকা। সংসদীয় চাঁপাইনবাবগঞ্জ-৩ নামেও পরিচিত এই উপজেলা।,True
UPA_156,Upazila,Gomostapur,গোমস্তাপুর,DIST_18,চাঁপাইনবাবগঞ্জ,gomostapur.chapainawabganj.gov.bd,গোমস্তাপুর উপজেলা,https://bn.wikipedia.org/wiki/%E0%A6%97%E0%A7%8B%E0%A6%AE%E0%A6%B8%E0%A7%8D%E0%A6%A4%E0%A6%BE%E0%A6%AA%E0%A7%81%E0%A6%B0%20%E0%A6%89%E0%A6%AA%E0%A6%9C%E0%A7%87%E0%A6%B2%E0%A6%BE,https://pub-d8ff02e059814132b7f971370e65283d.r2.dev/places/upazilas/gomostapur_upa_156.jpg,https://thumb.wikimedia.org/wikipedia/commons/thumb/e/ef/Rohanpur_Octagonal_Tomb_02.jpg/960px-Rohanpur_Octagonal_Tomb_02.jpg?utm_source=bn.wikipedia.org&utm_campaign=api&utm_content=thumbnail,গোমস্তাপুর উপজেলা বাংলাদেশের চাঁপাইনবাবগঞ্জ জেলার একটি প্রশাসনিক এলাকা।বাংলাদেশ এর অন্যান্য উপজেলার নিজের নামে শহর থাকলেও গোমস্তাপুর এক্ষেত্রে ব্যতিক্রম ।গোমস্তাপুর উপজেলার প্রধান কার্যালয় রহনপুর শহর ।,True
UPA_157,Upazila,Nachol,নাচোল,DIST_18,চাঁপাইনবাবগঞ্জ,nachol.chapainawabganj.gov.bd,নাচোল উপজেলা,https://bn.wikipedia.org/wiki/%E0%A6%A8%E0%A6%BE%E0%A6%9A%E0%A7%8B%E0%A6%B2%20%E0%A6%89%E0%A6%AA%E0%A6%9C%E0%A7%87%E0%A6%B2%E0%A6%BE,https://pub-d8ff02e059814132b7f971370e65283d.r2.dev/places/upazilas/nachol_upa_157.jpg,https://thumb.wikimedia.org/wikipedia/commons/thumb/4/40/Chandpara_Badh_02.jpg/960px-Chandpara_Badh_02.jpg?utm_source=bn.wikipedia.org&utm_campaign=api&utm_content=thumbnail,"নাচোল উপজেলা, বাংলাদেশের চাঁপাইনবাবগঞ্জ জেলার একটি প্রশাসনিক এলাকা। উপজেলাটি ইলা মিত্রের স্মৃতি বিজড়িত।",True
UPA_158,Upazila,Bholahat,ভোলাহাট,DIST_18,চাঁপাইনবাবগঞ্জ,bholahat.chapainawabganj.gov.bd,ভোলাহাট উপজেলা,https://bn.wikipedia.org/wiki/%E0%A6%AD%E0%A7%8B%E0%A6%B2%E0%A6%BE%E0%A6%B9%E0%A6%BE%E0%A6%9F%20%E0%A6%89%E0%A6%AA%E0%A6%9C%E0%A7%87%E0%A6%B2%E0%A6%BE,https://pub-d8ff02e059814132b7f971370e65283d.r2.dev/places/upazilas/bholahat_upa_158.jpg,https://thumb.wikimedia.org/wikipedia/commons/thumb/0/02/Weal_temple_.jpg/960px-Weal_temple_.jpg?utm_source=bn.wikipedia.org&utm_campaign=api&utm_content=thumbnail,ভোলাহাট উপজেলা বাংলাদেশের চাঁপাইনবাবগঞ্জ জেলার একটি প্রশাসনিক এলাকা।,True
UPA_159,Upazila,Shibganj,শিবগঞ্জ,DIST_18,চাঁপাইনবাবগঞ্জ,shibganj.chapainawabganj.gov.bd,শিবগঞ্জ উপজেলা,https://bn.wikipedia.org/wiki/%E0%A6%B6%E0%A6%BF%E0%A6%AC%E0%A6%97%E0%A6%9E%E0%A7%8D%E0%A6%9C%20%E0%A6%89%E0%A6%AA%E0%A6%9C%E0%A7%87%E0%A6%B2%E0%A6%BE,,,"শিবগঞ্জ উপজেলা নামে বাংলাদেশে ২টি উপজেলা রয়েছে। যথা:

শিবগঞ্জ উপজেলা, বগুড়া
শিবগঞ্জ উপজেলা, চাঁপাইনবাবগঞ্জ",True
UPA_160,Upazila,Mohadevpur,মহাদেবপুর,DIST_19,নওগাঁ,mohadevpur.naogaon.gov.bd,মহাদেবপুর উপজেলা,https://bn.wikipedia.org/wiki/%E0%A6%AE%E0%A6%B9%E0%A6%BE%E0%A6%A6%E0%A7%87%E0%A6%AC%E0%A6%AA%E0%A7%81%E0%A6%B0%20%E0%A6%89%E0%A6%AA%E0%A6%9C%E0%A7%87%E0%A6%B2%E0%A6%BE,https://pub-d8ff02e059814132b7f971370e65283d.r2.dev/places/upazilas/mohadevpur_upa_160.jpg,https://thumb.wikimedia.org/wikipedia/commons/thumb/d/df/Mohadevpur_Kendio_Shahed_minar.JPG/960px-Mohadevpur_Kendio_Shahed_minar.JPG?utm_source=bn.wikipedia.org&utm_campaign=api&utm_content=thumbnail,মহাদেবপুর বাংলাদেশের নওগাঁ জেলার অন্তর্গত একটি উপজেলা।,True
UPA_161,Upazila,Badalgachi,বদলগাছী,DIST_19,নওগাঁ,badalgachi.naogaon.gov.bd,বদলগাছী উপজেলা,https://bn.wikipedia.org/wiki/%E0%A6%AC%E0%A6%A6%E0%A6%B2%E0%A6%97%E0%A6%BE%E0%A6%9B%E0%A7%80%20%E0%A6%89%E0%A6%AA%E0%A6%9C%E0%A7%87%E0%A6%B2%E0%A6%BE,https://pub-d8ff02e059814132b7f971370e65283d.r2.dev/places/upazilas/badalgachi_upa_161.jpg,https://thumb.wikimedia.org/wikipedia/commons/thumb/9/94/Paharpur_03.JPG/960px-Paharpur_03.JPG?utm_source=bn.wikipedia.org&utm_campaign=api&utm_content=thumbnail,"বদলগাছী উপজেলা বাংলাদেশের নওগাঁ জেলার অন্তর্গত একটি উপজেলা যা ৮টি ইউনিয়ন নিয়ে গঠিত। এটি  রাজশাহী বিভাগের অধীন নওগাঁ জেলার ১১টি উপজেলার মধ্যে সবচেয়ে ছোট এবং নওগাঁ জেলা সদরের উত্তরে অবস্থিত। বদলগাছী উপজেলার উত্তরে ধামইরহাট উপজেলা ও জয়পুরহাট জেলার জয়পুরহাট সদর উপজেলা, দক্ষিণে নওগাঁ সদর উপজেলা, পূর্বে জয়পুরহাট জেলার আক্কেলপুর উপজেলা, পশ্চিমে মহাদেবপুর উপজেলা ও পত্নীতলা উপজেলা। বদলগাছীর উপর দিয়ে ছোট যমুনা নামে একটি নদী প্রবাহিত হয়েছে।
এ উপজেলার অবস্থান নওগাঁ জেলা সদর থেকে ১৫ কিলোমিটার উত্তরে। উপজেলার অবস্থান ২৪.৫৮° উত্তর ৮৮.৫৪° পূর্ব﻿ / 24.58; 88.54 এবং আয়তন ২১৩.৯৮ বর্গ কিলোমিটার।",True
UPA_162,Upazila,Patnitala,পত্নিতলা,DIST_19,নওগাঁ,patnitala.naogaon.gov.bd,,,,,,False
UPA_163,Upazila,Dhamoirhat,ধামইরহাট,DIST_19,নওগাঁ,dhamoirhat.naogaon.gov.bd,ধামইরহাট উপজেলা,https://bn.wikipedia.org/wiki/%E0%A6%A7%E0%A6%BE%E0%A6%AE%E0%A6%87%E0%A6%B0%E0%A6%B9%E0%A6%BE%E0%A6%9F%20%E0%A6%89%E0%A6%AA%E0%A6%9C%E0%A7%87%E0%A6%B2%E0%A6%BE,https://pub-d8ff02e059814132b7f971370e65283d.r2.dev/places/upazilas/dhamoirhat_upa_163.jpg,https://thumb.wikimedia.org/wikipedia/commons/thumb/d/d1/Jagaddala1.jpg/960px-Jagaddala1.jpg?utm_source=bn.wikipedia.org&utm_campaign=api&utm_content=thumbnail,ধামইরহাট বাংলাদেশের নওগাঁ জেলার অন্তর্গত একটি উপজেলা।,True
UPA_164,Upazila,Niamatpur,নিয়ামতপুর,DIST_19,নওগাঁ,niamatpur.naogaon.gov.bd,নিয়ামতপুর উপজেলা,https://bn.wikipedia.org/wiki/%E0%A6%A8%E0%A6%BF%E0%A6%AF%E0%A6%BC%E0%A6%BE%E0%A6%AE%E0%A6%A4%E0%A6%AA%E0%A7%81%E0%A6%B0%20%E0%A6%89%E0%A6%AA%E0%A6%9C%E0%A7%87%E0%A6%B2%E0%A6%BE,https://pub-d8ff02e059814132b7f971370e65283d.r2.dev/places/upazilas/niamatpur_upa_164.jpg,https://thumb.wikimedia.org/wikipedia/commons/thumb/a/ad/Ghughudanga_Niamatpur.jpg/960px-Ghughudanga_Niamatpur.jpg?utm_source=bn.wikipedia.org&utm_campaign=api&utm_content=thumbnail,নিয়ামতপুর বাংলাদেশের নওগাঁ জেলার অন্তর্গত একটি উপজেলা।,True
UPA_165,Upazila,Manda,মান্দা,DIST_19,নওগাঁ,manda.naogaon.gov.bd,মান্দা উপজেলা,https://bn.wikipedia.org/wiki/%E0%A6%AE%E0%A6%BE%E0%A6%A8%E0%A7%8D%E0%A6%A6%E0%A6%BE%20%E0%A6%89%E0%A6%AA%E0%A6%9C%E0%A7%87%E0%A6%B2%E0%A6%BE,https://pub-d8ff02e059814132b7f971370e65283d.r2.dev/places/upazilas/manda_upa_165.jpg,https://thumb.wikimedia.org/wikipedia/commons/thumb/2/25/Manda_in_Rajshahi_division_%28Bangladesh%29.svg/960px-Manda_in_Rajshahi_division_%28Bangladesh%29.svg.png?utm_source=bn.wikipedia.org&utm_campaign=api&utm_content=thumbnail,মান্দা বাংলাদেশের নওগাঁ জেলার অন্তর্গত একটি উপজেলা। মান্দা বাংলাদেশের নওগাঁ জেলার অন্তর্গত ২য় ঐতিহ্যবাহী উপজেলা। এটি নওগাঁ সদর উপজেলা ও রাজশাহীর বাগমারা উপজেলার মাঝখানে অবস্থিত,True
UPA_166,Upazila,Atrai,আত্রাই,DIST_19,নওগাঁ,atrai.naogaon.gov.bd,আত্রাই উপজেলা,https://bn.wikipedia.org/wiki/%E0%A6%86%E0%A6%A4%E0%A7%8D%E0%A6%B0%E0%A6%BE%E0%A6%87%20%E0%A6%89%E0%A6%AA%E0%A6%9C%E0%A7%87%E0%A6%B2%E0%A6%BE,https://pub-d8ff02e059814132b7f971370e65283d.r2.dev/places/upazilas/atrai_upa_166.jpg,https://thumb.wikimedia.org/wikipedia/commons/thumb/0/0a/%E0%A6%95%E0%A6%BE%E0%A6%9A%E0%A6%BE%E0%A6%B0%E0%A7%80_%E0%A6%AC%E0%A6%BE%E0%A6%A1%E0%A6%BC%E0%A6%BF%E0%A6%B0_%E0%A6%AD%E0%A7%87%E0%A6%A4%E0%A6%B0%E0%A7%87_%E0%A6%B0%E0%A6%AC%E0%A7%80%E0%A6%A8%E0%A7%8D%E0%A6%A6%E0%A7%8D%E0%A6%B0%E0%A6%A8%E0%A6%BE%E0%A6%A5%E0%A7%87%E0%A6%B0_%E0%A6%86%E0%A6%AC%E0%A6%95%E0%A7%8D%E0%A6%B7_%E0%A6%AD%E0%A6%BE%E0%A6%B7%E0%A7%8D%E0%A6%95%E0%A6%B0%E0%A7%8D%E0%A6%AF.jpg/960px-%E0%A6%95%E0%A6%BE%E0%A6%9A%E0%A6%BE%E0%A6%B0%E0%A7%80_%E0%A6%AC%E0%A6%BE%E0%A6%A1%E0%A6%BC%E0%A6%BF%E0%A6%B0_%E0%A6%AD%E0%A7%87%E0%A6%A4%E0%A6%B0%E0%A7%87_%E0%A6%B0%E0%A6%AC%E0%A7%80%E0%A6%A8%E0%A7%8D%E0%A6%A6%E0%A7%8D%E0%A6%B0%E0%A6%A8%E0%A6%BE%E0%A6%A5%E0%A7%87%E0%A6%B0_%E0%A6%86%E0%A6%AC%E0%A6%95%E0%A7%8D%E0%A6%B7_%E0%A6%AD%E0%A6%BE%E0%A6%B7%E0%A7%8D%E0%A6%95%E0%A6%B0%E0%A7%8D%E0%A6%AF.jpg?utm_source=bn.wikipedia.org&utm_campaign=api&utm_content=thumbnail,আত্রাই বাংলাদেশের নওগাঁ জেলার অন্তর্গত একটি উপজেলা। ১৯২৬ সালে আত্রাই থানা গঠিত হয়। উপজেলায় রূপান্তরিত হয় ১৯৮৩ সালের ১ আগস্ট।,True
UPA_167,Upazila,Raninagar,রাণীনগর,DIST_19,নওগাঁ,raninagar.naogaon.gov.bd,রাণীনগর উপজেলা,https://bn.wikipedia.org/wiki/%E0%A6%B0%E0%A6%BE%E0%A6%A3%E0%A7%80%E0%A6%A8%E0%A6%97%E0%A6%B0%20%E0%A6%89%E0%A6%AA%E0%A6%9C%E0%A7%87%E0%A6%B2%E0%A6%BE,https://pub-d8ff02e059814132b7f971370e65283d.r2.dev/places/upazilas/raninagar_upa_167.jpg,https://thumb.wikimedia.org/wikipedia/commons/thumb/1/19/%E0%A6%B0%E0%A6%95%E0%A7%8D%E0%A6%A4%E0%A6%A6%E0%A6%B9_%E0%A6%AC%E0%A6%BF%E0%A6%B2_%E0%A6%AA%E0%A6%B0%E0%A7%8D%E0%A6%AF%E0%A6%9F%E0%A6%A8_%E0%A6%8F%E0%A6%B2%E0%A6%BE%E0%A6%95%E0%A6%BE%E0%A6%B0_%E0%A6%AA%E0%A7%8D%E0%A6%B0%E0%A6%AC%E0%A7%87%E0%A6%B6_%E0%A6%AA%E0%A6%A5.jpg/960px-%E0%A6%B0%E0%A6%95%E0%A7%8D%E0%A6%A4%E0%A6%A6%E0%A6%B9_%E0%A6%AC%E0%A6%BF%E0%A6%B2_%E0%A6%AA%E0%A6%B0%E0%A7%8D%E0%A6%AF%E0%A6%9F%E0%A6%A8_%E0%A6%8F%E0%A6%B2%E0%A6%BE%E0%A6%95%E0%A6%BE%E0%A6%B0_%E0%A6%AA%E0%A7%8D%E0%A6%B0%E0%A6%AC%E0%A7%87%E0%A6%B6_%E0%A6%AA%E0%A6%A5.jpg?utm_source=bn.wikipedia.org&utm_campaign=api&utm_content=thumbnail,রাণীনগর বাংলাদেশের নওগাঁ জেলার অন্তর্গত একটি উপজেলা।,True
UPA_168,Upazila,Naogaon Sadar,নওগাঁ সদর,DIST_19,নওগাঁ,naogaonsadar.naogaon.gov.bd,নওগাঁ সদর উপজেলা,https://bn.wikipedia.org/wiki/%E0%A6%A8%E0%A6%93%E0%A6%97%E0%A6%BE%E0%A6%81%20%E0%A6%B8%E0%A6%A6%E0%A6%B0%20%E0%A6%89%E0%A6%AA%E0%A6%9C%E0%A7%87%E0%A6%B2%E0%A6%BE,https://pub-d8ff02e059814132b7f971370e65283d.r2.dev/places/upazilas/naogaon_sadar_upa_168.jpg,https://thumb.wikimedia.org/wikipedia/commons/thumb/a/a7/%E0%A6%AC%E0%A6%B2%E0%A6%BF%E0%A6%B9%E0%A6%BE%E0%A6%B0_%E0%A6%9C%E0%A6%AE%E0%A6%BF%E0%A6%A6%E0%A6%BE%E0%A6%B0_%E0%A6%AC%E0%A6%BE%E0%A6%A1%E0%A6%BC%E0%A6%BF.1.jpg/960px-%E0%A6%AC%E0%A6%B2%E0%A6%BF%E0%A6%B9%E0%A6%BE%E0%A6%B0_%E0%A6%9C%E0%A6%AE%E0%A6%BF%E0%A6%A6%E0%A6%BE%E0%A6%B0_%E0%A6%AC%E0%A6%BE%E0%A6%A1%E0%A6%BC%E0%A6%BF.1.jpg?utm_source=bn.wikipedia.org&utm_campaign=api&utm_content=thumbnail,নওগাঁ সদর উপজেলা বাংলাদেশের নওগাঁ জেলার অন্তর্গত একটি উপজেলা।,True
UPA_169,Upazila,Porsha,পোরশা,DIST_19,নওগাঁ,porsha.naogaon.gov.bd,পোরশা উপজেলা,https://bn.wikipedia.org/wiki/%E0%A6%AA%E0%A7%8B%E0%A6%B0%E0%A6%B6%E0%A6%BE%20%E0%A6%89%E0%A6%AA%E0%A6%9C%E0%A7%87%E0%A6%B2%E0%A6%BE,https://pub-d8ff02e059814132b7f971370e65283d.r2.dev/places/upazilas/porsha_upa_169.jpg,https://thumb.wikimedia.org/wikipedia/commons/thumb/9/94/Darul_Hidayah.jpg/960px-Darul_Hidayah.jpg?utm_source=bn.wikipedia.org&utm_campaign=api&utm_content=thumbnail,পোরশা উপজেলা বাংলাদেশের নওগাঁ জেলার অন্তর্গত একটি উপজেলা।,True
UPA_170,Upazila,Sapahar,সাপাহার,DIST_19,নওগাঁ,sapahar.naogaon.gov.bd,সাপাহার উপজেলা,https://bn.wikipedia.org/wiki/%E0%A6%B8%E0%A6%BE%E0%A6%AA%E0%A6%BE%E0%A6%B9%E0%A6%BE%E0%A6%B0%20%E0%A6%89%E0%A6%AA%E0%A6%9C%E0%A7%87%E0%A6%B2%E0%A6%BE,https://pub-d8ff02e059814132b7f971370e65283d.r2.dev/places/upazilas/sapahar_upa_170.jpg,https://thumb.wikimedia.org/wikipedia/commons/thumb/2/21/PSX_20190219_231739.jpg/960px-PSX_20190219_231739.jpg?utm_source=bn.wikipedia.org&utm_campaign=api&utm_content=thumbnail,সাপাহার বাংলাদেশের নওগাঁ জেলার অন্তর্গত একটি উপজেলা।,True
UPA_171,Upazila,Manirampur,মণিরামপুর,DIST_20,যশোর,manirampur.jessore.gov.bd,মণিরামপুর উপজেলা,https://bn.wikipedia.org/wiki/%E0%A6%AE%E0%A6%A3%E0%A6%BF%E0%A6%B0%E0%A6%BE%E0%A6%AE%E0%A6%AA%E0%A7%81%E0%A6%B0%20%E0%A6%89%E0%A6%AA%E0%A6%9C%E0%A7%87%E0%A6%B2%E0%A6%BE,https://pub-d8ff02e059814132b7f971370e65283d.r2.dev/places/upazilas/manirampur_upa_171.jpg,https://thumb.wikimedia.org/wikipedia/commons/thumb/9/93/Manirampur_in_Khulna_division_%28Bangladesh%29.svg/960px-Manirampur_in_Khulna_division_%28Bangladesh%29.svg.png?utm_source=bn.wikipedia.org&utm_campaign=api&utm_content=thumbnail,মণিরামপুর বাংলাদেশের যশোর জেলার অন্তর্গত একটি উপজেলা। জনশ্রুতি আছে রাজা সীতারাম রায়ের উকিল মুণিরাম রায়ের নাম ধরে জনপদের নাম হয়েছে মণিরামপুর। ঊনবিংশ শতকের প্রথম দশকে চাঁচড়া রাজবাড়ীর জনৈক মহিলা এখানে একটি মস্তবড় পুকুর খনন করেন। আজও তা কালের স্বাক্ষী হয়ে আছে।,True
UPA_172,Upazila,Abhaynagar,অভয়নগর,DIST_20,যশোর,abhaynagar.jessore.gov.bd,অভয়নগর উপজেলা,https://bn.wikipedia.org/wiki/%E0%A6%85%E0%A6%AD%E0%A6%AF%E0%A6%BC%E0%A6%A8%E0%A6%97%E0%A6%B0%20%E0%A6%89%E0%A6%AA%E0%A6%9C%E0%A7%87%E0%A6%B2%E0%A6%BE,https://pub-d8ff02e059814132b7f971370e65283d.r2.dev/places/upazilas/abhaynagar_upa_172.jpg,https://thumb.wikimedia.org/wikipedia/commons/thumb/c/c6/Abhaynagar_in_Khulna_division_%28Bangladesh%29.svg/960px-Abhaynagar_in_Khulna_division_%28Bangladesh%29.svg.png?utm_source=bn.wikipedia.org&utm_campaign=api&utm_content=thumbnail,অভয়নগর উপজেলা বাংলাদেশের যশোর জেলার অন্তর্গত একটি উপজেলা।,True
UPA_173,Upazila,Bagherpara,বাঘারপাড়া,DIST_20,যশোর,bagherpara.jessore.gov.bd,বাঘারপাড়া উপজেলা,https://bn.wikipedia.org/wiki/%E0%A6%AC%E0%A6%BE%E0%A6%98%E0%A6%BE%E0%A6%B0%E0%A6%AA%E0%A6%BE%E0%A6%A1%E0%A6%BC%E0%A6%BE%20%E0%A6%89%E0%A6%AA%E0%A6%9C%E0%A7%87%E0%A6%B2%E0%A6%BE,https://pub-d8ff02e059814132b7f971370e65283d.r2.dev/places/upazilas/bagherpara_upa_173.jpg,https://thumb.wikimedia.org/wikipedia/commons/thumb/8/8a/Bagherpara_in_Khulna_division_%28Bangladesh%29.svg/960px-Bagherpara_in_Khulna_division_%28Bangladesh%29.svg.png?utm_source=bn.wikipedia.org&utm_campaign=api&utm_content=thumbnail,বাঘারপাড়া বাংলাদেশের যশোর জেলার অন্তর্গত একটি উপজেলা।,True
UPA_174,Upazila,Chougachha,চৌগাছা,DIST_20,যশোর,chougachha.jessore.gov.bd,চৌগাছা উপজেলা,https://bn.wikipedia.org/wiki/%E0%A6%9A%E0%A7%8C%E0%A6%97%E0%A6%BE%E0%A6%9B%E0%A6%BE%20%E0%A6%89%E0%A6%AA%E0%A6%9C%E0%A7%87%E0%A6%B2%E0%A6%BE,https://pub-d8ff02e059814132b7f971370e65283d.r2.dev/places/upazilas/chougachha_upa_174.jpg,https://thumb.wikimedia.org/wikipedia/commons/thumb/6/6a/Jashor_Road.jpg/960px-Jashor_Road.jpg?utm_source=bn.wikipedia.org&utm_campaign=api&utm_content=thumbnail,চৌগাছা বাংলাদেশের যশোর জেলার অন্তর্গত একটি উপজেলা।,True
UPA_175,Upazila,Jhikargacha,ঝিকরগাছা,DIST_20,যশোর,jhikargacha.jessore.gov.bd,ঝিকরগাছা উপজেলা,https://bn.wikipedia.org/wiki/%E0%A6%9D%E0%A6%BF%E0%A6%95%E0%A6%B0%E0%A6%97%E0%A6%BE%E0%A6%9B%E0%A6%BE%20%E0%A6%89%E0%A6%AA%E0%A6%9C%E0%A7%87%E0%A6%B2%E0%A6%BE,https://pub-d8ff02e059814132b7f971370e65283d.r2.dev/places/upazilas/jhikargacha_upa_175.jpg,https://thumb.wikimedia.org/wikipedia/commons/thumb/b/b4/Jhikargachha_in_Khulna_division_%28Bangladesh%29.svg/960px-Jhikargachha_in_Khulna_division_%28Bangladesh%29.svg.png?utm_source=bn.wikipedia.org&utm_campaign=api&utm_content=thumbnail,"ঝিকরগাছা বাংলাদেশের যশোর জেলার অন্তর্গত ভারতের সীমান্তবর্তী একটি উপজেলা।
মহান মুক্তিযুদ্ধের সময় এই উপজেলার গঙ্গানন্দপুর ইউনিয়নের গোয়ালহাটি গ্রামে এক ভীষণ যুদ্ধ হয়, যা বাংলাদেশের ইতিহাসে গোয়ালহাটি যুদ্ধ নামে পরিচিত। ক্যাপ্টেন নাজমুল হুদার অধীনে এই যুদ্ধে  বীরশ্রেষ্ঠ  নূর মোহাম্মদ শেখ প্রাণপণ যুদ্ধ করে হানাদার বাহিনীকে পর্যুদস্ত করেন। বাংলাদেশের ফুলের রাজধানী বলে খ্যাত গদখালি এই উপজেলার একটি দর্শনীয় স্থান। ঝিকরগাছা উপজেলা শহরটি কপোতাক্ষ নদের তীরে গড়ে উঠেছে।",True
UPA_176,Upazila,Keshabpur,কেশবপুর,DIST_20,যশোর,keshabpur.jessore.gov.bd,কেশবপুর উপজেলা,https://bn.wikipedia.org/wiki/%E0%A6%95%E0%A7%87%E0%A6%B6%E0%A6%AC%E0%A6%AA%E0%A7%81%E0%A6%B0%20%E0%A6%89%E0%A6%AA%E0%A6%9C%E0%A7%87%E0%A6%B2%E0%A6%BE,https://pub-d8ff02e059814132b7f971370e65283d.r2.dev/places/upazilas/keshabpur_upa_176.jpg,https://thumb.wikimedia.org/wikipedia/commons/thumb/0/05/Keshabpur_in_Khulna_division_%28Bangladesh%29.svg/960px-Keshabpur_in_Khulna_division_%28Bangladesh%29.svg.png?utm_source=bn.wikipedia.org&utm_campaign=api&utm_content=thumbnail,কেশবপুর উপজেলা বাংলাদেশের যশোর জেলার অন্তর্গত একটি প্রশাসনিক এলাকা।,True
UPA_177,Upazila,Jessore Sadar,যশোর সদর,DIST_20,যশোর,sadar.jessore.gov.bd,যশোর সদর উপজেলা,https://bn.wikipedia.org/wiki/%E0%A6%AF%E0%A6%B6%E0%A7%8B%E0%A6%B0%20%E0%A6%B8%E0%A6%A6%E0%A6%B0%20%E0%A6%89%E0%A6%AA%E0%A6%9C%E0%A7%87%E0%A6%B2%E0%A6%BE,https://pub-d8ff02e059814132b7f971370e65283d.r2.dev/places/upazilas/jessore_sadar_upa_177.jpg,https://thumb.wikimedia.org/wikipedia/commons/thumb/f/f6/Jessore_Sadar_in_Khulna_division_%28Bangladesh%29.svg/960px-Jessore_Sadar_in_Khulna_division_%28Bangladesh%29.svg.png?utm_source=bn.wikipedia.org&utm_campaign=api&utm_content=thumbnail,যশোর সদর উপজেলা বাংলাদেশের যশোর জেলার অন্তর্গত একটি উপজেলা।,True
UPA_178,Upazila,Sharsha,শার্শা,DIST_20,যশোর,sharsha.jessore.gov.bd,শার্শা উপজেলা,https://bn.wikipedia.org/wiki/%E0%A6%B6%E0%A6%BE%E0%A6%B0%E0%A7%8D%E0%A6%B6%E0%A6%BE%20%E0%A6%89%E0%A6%AA%E0%A6%9C%E0%A7%87%E0%A6%B2%E0%A6%BE,https://pub-d8ff02e059814132b7f971370e65283d.r2.dev/places/upazilas/sharsha_upa_178.jpg,https://thumb.wikimedia.org/wikipedia/commons/thumb/4/43/Sharsha_in_Khulna_division_%28Bangladesh%29.svg/960px-Sharsha_in_Khulna_division_%28Bangladesh%29.svg.png?utm_source=bn.wikipedia.org&utm_campaign=api&utm_content=thumbnail,"শার্শা উপজেলা বাংলাদেশের যশোর জেলার একটি প্রশাসনিক এলাকা।
শার্শা উপজেলা পরিষদ কার্যালয়,উপজেলা ভুমি অফিস,শিক্ষা অফিস,শার্শা মডেল প্রাইমারি স্কুল,শার্শা পাইলট হাইস্কুল সহ বিভিন্ন সরকারি,আধা-সরকারি ও বেসরকারি অফিস এই উপজেলার প্রাণ কেন্দ্রে অবস্থিত।
এছাড়াও শার্শা উপজেলায় অবস্থিত দেশের সবচেয়ে বড় স্থলবন্দর (বেনাপোল স্থলবন্ধর) এবং দেশের প্রথম শ্রেণির পৌরসভা বেনাপোল পৌরসভা এই উপজেলার অন্তর্গত।
বেসরকারি ভারী শিল্পপ্রতিষ্ঠান  হিসাবে এই উপজেলাতে আফিল জুট উইভিং মিলস লিঃ নামের একটি জুট মিল ও আফিল এগ্রো  লিঃ নামে কৃষিভিত্তিক শিল্পপ্রতিষ্ঠান  রয়েছে।",True
UPA_179,Upazila,Assasuni,আশাশুনি,DIST_21,সাতক্ষীরা,assasuni.satkhira.gov.bd,আশাশুনি উপজেলা,https://bn.wikipedia.org/wiki/%E0%A6%86%E0%A6%B6%E0%A6%BE%E0%A6%B6%E0%A7%81%E0%A6%A8%E0%A6%BF%20%E0%A6%89%E0%A6%AA%E0%A6%9C%E0%A7%87%E0%A6%B2%E0%A6%BE,https://pub-d8ff02e059814132b7f971370e65283d.r2.dev/places/upazilas/assasuni_upa_179.jpg,https://thumb.wikimedia.org/wikipedia/commons/thumb/4/49/Assasuni_in_Khulna_division_%28Bangladesh%29.svg/960px-Assasuni_in_Khulna_division_%28Bangladesh%29.svg.png?utm_source=bn.wikipedia.org&utm_campaign=api&utm_content=thumbnail,আশাশুনি বাংলাদেশের সাতক্ষীরা জেলার অন্তর্গত একটি উপজেলা।,True
UPA_180,Upazila,Debhata,দেবহাটা,DIST_21,সাতক্ষীরা,debhata.satkhira.gov.bd,দেবহাটা উপজেলা,https://bn.wikipedia.org/wiki/%E0%A6%A6%E0%A7%87%E0%A6%AC%E0%A6%B9%E0%A6%BE%E0%A6%9F%E0%A6%BE%20%E0%A6%89%E0%A6%AA%E0%A6%9C%E0%A7%87%E0%A6%B2%E0%A6%BE,https://pub-d8ff02e059814132b7f971370e65283d.r2.dev/places/upazilas/debhata_upa_180.jpg,https://thumb.wikimedia.org/wikipedia/commons/thumb/6/6f/Debhata_in_Khulna_division_%28Bangladesh%29.svg/960px-Debhata_in_Khulna_division_%28Bangladesh%29.svg.png?utm_source=bn.wikipedia.org&utm_campaign=api&utm_content=thumbnail,দেবহাটা উপজেলা বাংলাদেশের সাতক্ষীরা জেলার অন্তর্গত একটি প্রশাসনিক এলাকা।,True
UPA_181,Upazila,Kalaroa,কলারোয়া,DIST_21,সাতক্ষীরা,kalaroa.satkhira.gov.bd,কলারোয়া উপজেলা,https://bn.wikipedia.org/wiki/%E0%A6%95%E0%A6%B2%E0%A6%BE%E0%A6%B0%E0%A7%8B%E0%A6%AF%E0%A6%BC%E0%A6%BE%20%E0%A6%89%E0%A6%AA%E0%A6%9C%E0%A7%87%E0%A6%B2%E0%A6%BE,https://pub-d8ff02e059814132b7f971370e65283d.r2.dev/places/upazilas/kalaroa_upa_181.jpg,https://thumb.wikimedia.org/wikipedia/commons/thumb/e/e2/Kalaroa_in_Khulna_division_%28Bangladesh%29.svg/960px-Kalaroa_in_Khulna_division_%28Bangladesh%29.svg.png?utm_source=bn.wikipedia.org&utm_campaign=api&utm_content=thumbnail,কলারোয়া বাংলাদেশের খুলনা বিভাগের সাতক্ষীরা জেলার অন্তর্গত একটি উপজেলা।,True
UPA_182,Upazila,Satkhira Sadar,সাতক্ষীরা সদর,DIST_21,সাতক্ষীরা,satkhirasadar.satkhira.gov.bd,সাতক্ষীরা সদর উপজেলা,https://bn.wikipedia.org/wiki/%E0%A6%B8%E0%A6%BE%E0%A6%A4%E0%A6%95%E0%A7%8D%E0%A6%B7%E0%A7%80%E0%A6%B0%E0%A6%BE%20%E0%A6%B8%E0%A6%A6%E0%A6%B0%20%E0%A6%89%E0%A6%AA%E0%A6%9C%E0%A7%87%E0%A6%B2%E0%A6%BE,https://pub-d8ff02e059814132b7f971370e65283d.r2.dev/places/upazilas/satkhira_sadar_upa_182.jpg,https://thumb.wikimedia.org/wikipedia/commons/thumb/e/ed/Satkhira_Sadar_in_Khulna_division_%28Bangladesh%29.svg/960px-Satkhira_Sadar_in_Khulna_division_%28Bangladesh%29.svg.png?utm_source=bn.wikipedia.org&utm_campaign=api&utm_content=thumbnail,"সাতক্ষীরা সদর উপজেলা বাংলাদেশের সাতক্ষীরা জেলার অন্তর্গত একটি প্রশাসনিক এলাকা।সাতক্ষীরা সদরের
প্রশাসন সাতক্ষীরা থানাকে উপজেলায় রূপান্তর করে  ১৯৮৪ সালে।১৮৬৯ সালে পৌরসভা গঠন করা হয় । সুলতানপুর বড়বাজার (প্রাচীন নাম প্রাণসায়ের বাজার) উপজেলা শহরের প্রধান বাণিজ্য কেন্দ্র। এছাড়াও সাতক্ষীরা জেলার প্রধান শহরটি এই উপজেলার সাতক্ষীরা পৌরসভাতেই অবস্থিত।",True
UPA_183,Upazila,Shyamnagar,শ্যামনগর,DIST_21,সাতক্ষীরা,shyamnagar.satkhira.gov.bd,শ্যামনগর উপজেলা,https://bn.wikipedia.org/wiki/%E0%A6%B6%E0%A7%8D%E0%A6%AF%E0%A6%BE%E0%A6%AE%E0%A6%A8%E0%A6%97%E0%A6%B0%20%E0%A6%89%E0%A6%AA%E0%A6%9C%E0%A7%87%E0%A6%B2%E0%A6%BE,https://pub-d8ff02e059814132b7f971370e65283d.r2.dev/places/upazilas/shyamnagar_upa_183.jpg,https://thumb.wikimedia.org/wikipedia/commons/thumb/1/17/Shyamnagar_in_Khulna_division_%28Bangladesh%29.svg/960px-Shyamnagar_in_Khulna_division_%28Bangladesh%29.svg.png?utm_source=bn.wikipedia.org&utm_campaign=api&utm_content=thumbnail,"শ্যামনগর হলো বাংলাদেশের খুলনা বিভাগের অন্তর্গত সাতক্ষীরা জেলার একটি উপজেলা। এটি বাংলাদেশের  বৃহত্তম উপজেলা।তবে এর অর্ধেকেরও বেশি (প্রায় ১,০১৮ বর্গকিমি) সুন্দরবনের বনাঞ্চল ও জলাভূমির অন্তর্গত।",True
UPA_184,Upazila,Tala,তালা,DIST_21,সাতক্ষীরা,tala.satkhira.gov.bd,তালা উপজেলা,https://bn.wikipedia.org/wiki/%E0%A6%A4%E0%A6%BE%E0%A6%B2%E0%A6%BE%20%E0%A6%89%E0%A6%AA%E0%A6%9C%E0%A7%87%E0%A6%B2%E0%A6%BE,https://pub-d8ff02e059814132b7f971370e65283d.r2.dev/places/upazilas/tala_upa_184.jpg,https://thumb.wikimedia.org/wikipedia/commons/thumb/2/27/Tala_in_Khulna_division_%28Bangladesh%29.svg/960px-Tala_in_Khulna_division_%28Bangladesh%29.svg.png?utm_source=bn.wikipedia.org&utm_campaign=api&utm_content=thumbnail,তালা উপজেলা বাংলাদেশের খুলনা বিভাগের সাতক্ষীরা জেলার অন্তর্গত একটি উপজেলা। এটি ১৯১৩ সালে প্রতিষ্ঠিত হয় এবং ১৯৮৩ সালে উপজেলা হিসেবে মর্যাদা পায়।,True
UPA_185,Upazila,Kaliganj,কালিগঞ্জ,DIST_21,সাতক্ষীরা,kaliganj.satkhira.gov.bd,,,,,,False
UPA_186,Upazila,Mujibnagar,মুজিবনগর,DIST_22,মেহেরপুর,mujibnagar.meherpur.gov.bd,মুজিবনগর উপজেলা,https://bn.wikipedia.org/wiki/%E0%A6%AE%E0%A7%81%E0%A6%9C%E0%A6%BF%E0%A6%AC%E0%A6%A8%E0%A6%97%E0%A6%B0%20%E0%A6%89%E0%A6%AA%E0%A6%9C%E0%A7%87%E0%A6%B2%E0%A6%BE,https://pub-d8ff02e059814132b7f971370e65283d.r2.dev/places/upazilas/mujibnagar_upa_186.jpg,https://thumb.wikimedia.org/wikipedia/commons/thumb/6/6a/%E0%A6%AE%E0%A7%81%E0%A6%9C%E0%A6%BF%E0%A6%AC%E0%A6%A8%E0%A6%97%E0%A6%B0_2.jpg/960px-%E0%A6%AE%E0%A7%81%E0%A6%9C%E0%A6%BF%E0%A6%AC%E0%A6%A8%E0%A6%97%E0%A6%B0_2.jpg?utm_source=bn.wikipedia.org&utm_campaign=api&utm_content=thumbnail,মুজিবনগর উপজেলা বাংলাদেশের মেহেরপুর জেলার অন্তর্গত একটি প্রশাসনিক এলাকা।,True
UPA_187,Upazila,Meherpur Sadar,মেহেরপুর সদর,DIST_22,মেহেরপুর,meherpursadar.meherpur.gov.bd,মেহেরপুর সদর উপজেলা,https://bn.wikipedia.org/wiki/%E0%A6%AE%E0%A7%87%E0%A6%B9%E0%A7%87%E0%A6%B0%E0%A6%AA%E0%A7%81%E0%A6%B0%20%E0%A6%B8%E0%A6%A6%E0%A6%B0%20%E0%A6%89%E0%A6%AA%E0%A6%9C%E0%A7%87%E0%A6%B2%E0%A6%BE,https://pub-d8ff02e059814132b7f971370e65283d.r2.dev/places/upazilas/meherpur_sadar_upa_187.jpg,https://thumb.wikimedia.org/wikipedia/commons/thumb/e/e3/Meherpur_Sadar_in_Khulna_division_%28Bangladesh%29.svg/960px-Meherpur_Sadar_in_Khulna_division_%28Bangladesh%29.svg.png?utm_source=bn.wikipedia.org&utm_campaign=api&utm_content=thumbnail,মেহেরপুর সদর উপজেলা বাংলাদেশের মেহেরপুর জেলার একটি প্রশাসনিক এলাকা।,True
UPA_188,Upazila,Gangni,গাংনী,DIST_22,মেহেরপুর,gangni.meherpur.gov.bd,গাংনী উপজেলা,https://bn.wikipedia.org/wiki/%E0%A6%97%E0%A6%BE%E0%A6%82%E0%A6%A8%E0%A7%80%20%E0%A6%89%E0%A6%AA%E0%A6%9C%E0%A7%87%E0%A6%B2%E0%A6%BE,https://pub-d8ff02e059814132b7f971370e65283d.r2.dev/places/upazilas/gangni_upa_188.jpg,https://thumb.wikimedia.org/wikipedia/commons/thumb/5/52/Gangni_in_Khulna_division_%28Bangladesh%29.svg/960px-Gangni_in_Khulna_division_%28Bangladesh%29.svg.png?utm_source=bn.wikipedia.org&utm_campaign=api&utm_content=thumbnail,গাংনী বাংলাদেশের মেহেরপুর জেলার অন্তর্গত একটি উপজেলা। আয়তন ও জনসংখ্যার ভিত্তিতে এটি মেহেরপুরের সবচেয়ে বড় উপজেলা। এর উত্তরে কুষ্টিয়া জেলার দৌলতপুর ও মিরপুর উপজেলা; পশ্চিমে চুয়াডাঙ্গা জেলার আলমডাঙ্গা ও চুয়াডাঙ্গা সদর উপজেলা; দক্ষিণে মেহেরপুর জেলার মেহেরপুর সদর উপজেলা এবং পূর্বে ভারতের পশ্চিমবঙ্গের নদিয়া জেলা। ১৯৮৪ সালের ২৪ ফেব্রুয়ারি একে উপজেলা হিসেবে ঘোষণা করা হয়।,True
UPA_189,Upazila,Narail Sadar,নড়াইল সদর,DIST_23,নড়াইল,narailsadar.narail.gov.bd,নড়াইল সদর উপজেলা,https://bn.wikipedia.org/wiki/%E0%A6%A8%E0%A6%A1%E0%A6%BC%E0%A6%BE%E0%A6%87%E0%A6%B2%20%E0%A6%B8%E0%A6%A6%E0%A6%B0%20%E0%A6%89%E0%A6%AA%E0%A6%9C%E0%A7%87%E0%A6%B2%E0%A6%BE,https://pub-d8ff02e059814132b7f971370e65283d.r2.dev/places/upazilas/narail_sadar_upa_189.jpg,https://thumb.wikimedia.org/wikipedia/commons/thumb/4/42/Narail_Sadar_in_Khulna_division_%28Bangladesh%29.svg/960px-Narail_Sadar_in_Khulna_division_%28Bangladesh%29.svg.png?utm_source=bn.wikipedia.org&utm_campaign=api&utm_content=thumbnail,নড়াইল সদর উপজেলা বাংলাদেশের নড়াইল জেলার একটি প্রশাসনিক এলাকা। এই থানাটি ১৮৬১ খ্রীস্টাব্দে প্রতিষ্ঠিত হয় এবং ১৯৮৪ সালে থানা থেকে উপজেলায় রূপান্তরিত করা হয়।,True
UPA_190,Upazila,Lohagara,লোহাগড়া,DIST_23,নড়াইল,lohagara.narail.gov.bd,লোহাগড়া উপজেলা,https://bn.wikipedia.org/wiki/%E0%A6%B2%E0%A7%8B%E0%A6%B9%E0%A6%BE%E0%A6%97%E0%A6%A1%E0%A6%BC%E0%A6%BE%20%E0%A6%89%E0%A6%AA%E0%A6%9C%E0%A7%87%E0%A6%B2%E0%A6%BE,https://pub-d8ff02e059814132b7f971370e65283d.r2.dev/places/upazilas/lohagara_upa_190.jpg,https://thumb.wikimedia.org/wikipedia/commons/thumb/9/9a/Lohagara_in_Khulna_division_%28Bangladesh%29.svg/960px-Lohagara_in_Khulna_division_%28Bangladesh%29.svg.png?utm_source=bn.wikipedia.org&utm_campaign=api&utm_content=thumbnail,লোহাগড়া উপজেলা বাংলাদেশের নড়াইল জেলার একটি প্রশাসনিক এলাকা।,True
UPA_191,Upazila,Kalia,কালিয়া,DIST_23,নড়াইল,kalia.narail.gov.bd,কালিয়া উপজেলা,https://bn.wikipedia.org/wiki/%E0%A6%95%E0%A6%BE%E0%A6%B2%E0%A6%BF%E0%A6%AF%E0%A6%BC%E0%A6%BE%20%E0%A6%89%E0%A6%AA%E0%A6%9C%E0%A7%87%E0%A6%B2%E0%A6%BE,https://pub-d8ff02e059814132b7f971370e65283d.r2.dev/places/upazilas/kalia_upa_191.jpg,https://thumb.wikimedia.org/wikipedia/commons/thumb/2/25/Kalia_in_Khulna_division_%28Bangladesh%29.svg/960px-Kalia_in_Khulna_division_%28Bangladesh%29.svg.png?utm_source=bn.wikipedia.org&utm_campaign=api&utm_content=thumbnail,কালিয়া উপজেলা বাংলাদেশের খুলনা বিভাগের নড়াইল জেলার একটি প্রশাসনিক এলাকা। কালিয়া থানা ১৮৬৬ খ্রিষ্টাব্দে প্রতিষ্ঠিত হয় এবং ১৯৮৪ সালে থানা থেকে উপজেলায় রূপান্তরিত করা হয়।,True
UPA_192,Upazila,Chuadanga Sadar,চুয়াডাঙ্গা সদর,DIST_24,চুয়াডাঙ্গা,chuadangasadar.chuadanga.gov.bd,চুয়াডাঙ্গা সদর উপজেলা,https://bn.wikipedia.org/wiki/%E0%A6%9A%E0%A7%81%E0%A6%AF%E0%A6%BC%E0%A6%BE%E0%A6%A1%E0%A6%BE%E0%A6%99%E0%A7%8D%E0%A6%97%E0%A6%BE%20%E0%A6%B8%E0%A6%A6%E0%A6%B0%20%E0%A6%89%E0%A6%AA%E0%A6%9C%E0%A7%87%E0%A6%B2%E0%A6%BE,https://pub-d8ff02e059814132b7f971370e65283d.r2.dev/places/upazilas/chuadanga_sadar_upa_192.jpg,https://thumb.wikimedia.org/wikipedia/commons/thumb/e/ea/Chuadanga_Sadar_in_Khulna_division_%28Bangladesh%29.svg/960px-Chuadanga_Sadar_in_Khulna_division_%28Bangladesh%29.svg.png?utm_source=bn.wikipedia.org&utm_campaign=api&utm_content=thumbnail,চুয়াডাঙ্গা সদর উপজেলা বাংলাদেশের চুয়াডাঙ্গা জেলার একটি প্রশাসনিক এলাকা।,True
UPA_193,Upazila,Alamdanga,আলমডাঙ্গা,DIST_24,চুয়াডাঙ্গা,alamdanga.chuadanga.gov.bd,আলমডাঙ্গা উপজেলা,https://bn.wikipedia.org/wiki/%E0%A6%86%E0%A6%B2%E0%A6%AE%E0%A6%A1%E0%A6%BE%E0%A6%99%E0%A7%8D%E0%A6%97%E0%A6%BE%20%E0%A6%89%E0%A6%AA%E0%A6%9C%E0%A7%87%E0%A6%B2%E0%A6%BE,https://pub-d8ff02e059814132b7f971370e65283d.r2.dev/places/upazilas/alamdanga_upa_193.jpg,https://thumb.wikimedia.org/wikipedia/commons/thumb/0/0b/Alamdanga_in_Khulna_division_%28Bangladesh%29.svg/960px-Alamdanga_in_Khulna_division_%28Bangladesh%29.svg.png?utm_source=bn.wikipedia.org&utm_campaign=api&utm_content=thumbnail,আলমডাঙ্গা উপজেলা বাংলাদেশের চুয়াডাঙ্গা জেলার একটি প্রশাসনিক এলাকা।,True
UPA_194,Upazila,Damurhuda,দামুড়হুদা,DIST_24,চুয়াডাঙ্গা,damurhuda.chuadanga.gov.bd,দামুড়হুদা উপজেলা,https://bn.wikipedia.org/wiki/%E0%A6%A6%E0%A6%BE%E0%A6%AE%E0%A7%81%E0%A6%A1%E0%A6%BC%E0%A6%B9%E0%A7%81%E0%A6%A6%E0%A6%BE%20%E0%A6%89%E0%A6%AA%E0%A6%9C%E0%A7%87%E0%A6%B2%E0%A6%BE,https://pub-d8ff02e059814132b7f971370e65283d.r2.dev/places/upazilas/damurhuda_upa_194.jpg,https://thumb.wikimedia.org/wikipedia/commons/thumb/4/4b/Damurhuda_in_Khulna_division_%28Bangladesh%29.svg/960px-Damurhuda_in_Khulna_division_%28Bangladesh%29.svg.png?utm_source=bn.wikipedia.org&utm_campaign=api&utm_content=thumbnail,দামুড়হুদা উপজেলা বাংলাদেশের চুয়াডাঙ্গা জেলার একটি প্রশাসনিক এলাকা।,True
UPA_195,Upazila,Jibannagar,জীবননগর,DIST_24,চুয়াডাঙ্গা,jibannagar.chuadanga.gov.bd,জীবননগর উপজেলা,https://bn.wikipedia.org/wiki/%E0%A6%9C%E0%A7%80%E0%A6%AC%E0%A6%A8%E0%A6%A8%E0%A6%97%E0%A6%B0%20%E0%A6%89%E0%A6%AA%E0%A6%9C%E0%A7%87%E0%A6%B2%E0%A6%BE,https://pub-d8ff02e059814132b7f971370e65283d.r2.dev/places/upazilas/jibannagar_upa_195.jpg,https://thumb.wikimedia.org/wikipedia/commons/thumb/1/14/Jibannagar_in_Khulna_division_%28Bangladesh%29.svg/960px-Jibannagar_in_Khulna_division_%28Bangladesh%29.svg.png?utm_source=bn.wikipedia.org&utm_campaign=api&utm_content=thumbnail,জীবননগর উপজেলা বাংলাদেশের চুয়াডাঙ্গা জেলার একটি প্রশাসনিক এলাকা।,True
UPA_196,Upazila,Kushtia Sadar,কুষ্টিয়া সদর,DIST_25,কুষ্টিয়া,kushtiasadar.kushtia.gov.bd,কুষ্টিয়া সদর উপজেলা,https://bn.wikipedia.org/wiki/%E0%A6%95%E0%A7%81%E0%A6%B7%E0%A7%8D%E0%A6%9F%E0%A6%BF%E0%A6%AF%E0%A6%BC%E0%A6%BE%20%E0%A6%B8%E0%A6%A6%E0%A6%B0%20%E0%A6%89%E0%A6%AA%E0%A6%9C%E0%A7%87%E0%A6%B2%E0%A6%BE,https://pub-d8ff02e059814132b7f971370e65283d.r2.dev/places/upazilas/kushtia_sadar_upa_196.jpg,https://thumb.wikimedia.org/wikipedia/commons/thumb/3/36/Kushtia_Sadar_in_Khulna_division_%28Bangladesh%29.svg/960px-Kushtia_Sadar_in_Khulna_division_%28Bangladesh%29.svg.png?utm_source=bn.wikipedia.org&utm_campaign=api&utm_content=thumbnail,"কুষ্টিয়া সদর উপজেলা বাংলাদেশের খুলনা বিভাগের কুষ্টিয়া জেলার একটি উপজেলা। আয়তনের বিচারে এটি কুষ্টিয়া জেলার দ্বিতীয় বৃহত্তম উপজেলা। এই উপজেলার ২টি থানায় ১টি পৌরসভা ও ১৩টি ইউনিয়ন পরিষদ রয়েছে। ২০২২ সালের তথ্যানুযায়ী এর মোট আয়তন ৩১৮.২২ কিমি২ (১২২.৮৭ মা২) এবং ৫,৬০,৯৬৩ জন মানুষ বসবাস করে।",True
UPA_197,Upazila,Kumarkhali,কুমারখালী,DIST_25,কুষ্টিয়া,kumarkhali.kushtia.gov.bd,কুমারখালী উপজেলা,https://bn.wikipedia.org/wiki/%E0%A6%95%E0%A7%81%E0%A6%AE%E0%A6%BE%E0%A6%B0%E0%A6%96%E0%A6%BE%E0%A6%B2%E0%A7%80%20%E0%A6%89%E0%A6%AA%E0%A6%9C%E0%A7%87%E0%A6%B2%E0%A6%BE,https://pub-d8ff02e059814132b7f971370e65283d.r2.dev/places/upazilas/kumarkhali_upa_197.jpg,https://thumb.wikimedia.org/wikipedia/commons/thumb/0/05/Kumarkhali_in_Khulna_division_%28Bangladesh%29.svg/960px-Kumarkhali_in_Khulna_division_%28Bangladesh%29.svg.png?utm_source=bn.wikipedia.org&utm_campaign=api&utm_content=thumbnail,"কুমারখালী উপজেলা বাংলাদেশের কুষ্টিয়া জেলার একটি প্রশাসনিক এলাকা। বিশ্বকবি রবীন্দ্রনাথ ঠাকুর তার জীবনের এক উল্লেখযোগ্য অংশ এই উপজেলার শিলাইদহ অঞ্চলে কাটিয়েছেন এবং এখানেই তিনি গীতাঞ্জলি কাব্যগ্রন্থ রচনা করেছেন। এ কাব্যগ্রন্থের জন্য তিনি ১৯১৩ সালে সাহিত্যে নোবেল পুরস্কার পান। এই উপজেলায় বাংলা সাহিত্যের প্রথম মুসলিম ঔপন্যাসিক মীর মশাররফ হোসেন-এর বাস্তুভিটা রয়েছে।এছাড়াও বাঘা যতিন,কাঙাল হরিনাথ প্রমূখের বসতভিটা এখানে আছে।",True
UPA_198,Upazila,Khoksa,খোকসা,DIST_25,কুষ্টিয়া,khoksa.kushtia.gov.bd,খোকসা উপজেলা,https://bn.wikipedia.org/wiki/%E0%A6%96%E0%A7%8B%E0%A6%95%E0%A6%B8%E0%A6%BE%20%E0%A6%89%E0%A6%AA%E0%A6%9C%E0%A7%87%E0%A6%B2%E0%A6%BE,https://pub-d8ff02e059814132b7f971370e65283d.r2.dev/places/upazilas/khoksa_upa_198.jpg,https://thumb.wikimedia.org/wikipedia/commons/thumb/5/5f/Khoksa_in_Khulna_division_%28Bangladesh%29.svg/960px-Khoksa_in_Khulna_division_%28Bangladesh%29.svg.png?utm_source=bn.wikipedia.org&utm_campaign=api&utm_content=thumbnail,খোকসা উপজেলা বাংলাদেশের কুষ্টিয়া জেলার একটি প্রশাসনিক এলাকা।,True
UPA_199,Upazila,Mirpur,মিরপুর,DIST_25,কুষ্টিয়া,mirpurkushtia.kushtia.gov.bd,মিরপুর উপজেলা,https://bn.wikipedia.org/wiki/%E0%A6%AE%E0%A6%BF%E0%A6%B0%E0%A6%AA%E0%A7%81%E0%A6%B0%20%E0%A6%89%E0%A6%AA%E0%A6%9C%E0%A7%87%E0%A6%B2%E0%A6%BE,https://pub-d8ff02e059814132b7f971370e65283d.r2.dev/places/upazilas/mirpur_upa_199.jpg,https://thumb.wikimedia.org/wikipedia/commons/thumb/7/76/Poradah_junction_railway_station_23.jpg/960px-Poradah_junction_railway_station_23.jpg?utm_source=bn.wikipedia.org&utm_campaign=api&utm_content=thumbnail,মিরপুর উপজেলা বাংলাদেশের কুষ্টিয়া জেলার একটি প্রশাসনিক এলাকা।,True
UPA_200,Upazila,Daulatpur,দৌলতপুর,DIST_25,কুষ্টিয়া,daulatpur.kushtia.gov.bd,দৌলতপুর উপজেলা,https://bn.wikipedia.org/wiki/%E0%A6%A6%E0%A7%8C%E0%A6%B2%E0%A6%A4%E0%A6%AA%E0%A7%81%E0%A6%B0%20%E0%A6%89%E0%A6%AA%E0%A6%9C%E0%A7%87%E0%A6%B2%E0%A6%BE,,,"দৌলতপুর উপজেলা নামে বাংলাদেশে দুইটি উপজেলা রয়েছে। যথা:

দৌলতপুর উপজেলা, কুষ্টিয়া
দৌলতপুর উপজেলা, মানিকগঞ্জ",True
UPA_201,Upazila,Bheramara,ভেড়ামারা,DIST_25,কুষ্টিয়া,bheramara.kushtia.gov.bd,ভেড়ামারা উপজেলা,https://bn.wikipedia.org/wiki/%E0%A6%AD%E0%A7%87%E0%A6%A1%E0%A6%BC%E0%A6%BE%E0%A6%AE%E0%A6%BE%E0%A6%B0%E0%A6%BE%20%E0%A6%89%E0%A6%AA%E0%A6%9C%E0%A7%87%E0%A6%B2%E0%A6%BE,https://pub-d8ff02e059814132b7f971370e65283d.r2.dev/places/upazilas/bheramara_upa_201.jpg,https://thumb.wikimedia.org/wikipedia/commons/thumb/4/4c/Bheramara_in_Khulna_division_%28Bangladesh%29.svg/960px-Bheramara_in_Khulna_division_%28Bangladesh%29.svg.png?utm_source=bn.wikipedia.org&utm_campaign=api&utm_content=thumbnail,ভেড়ামারা উপজেলা কুষ্টিয়া জেলার একটি প্রশাসনিক এলাকা। আয়তনের দিক থেকে এটি কুষ্টিয়া জেলার সবচেয়ে ছোট উপজেলা। এছাড়াও ভেড়ামারায় অনেক উল্লেখযোগ্য শিল্প প্রতিষ্ঠান গড়ে উঠেছে। বাংলাদেশের বৃহৎ সেচ প্রকল্প গঙ্গা-কপোতাক্ষ সেচ প্রকল্প ভেড়ামারা উপজেলায় অবস্থিত।,True
UPA_202,Upazila,Shalikha,শালিখা,DIST_26,মাগুরা,shalikha.magura.gov.bd,শালিখা উপজেলা,https://bn.wikipedia.org/wiki/%E0%A6%B6%E0%A6%BE%E0%A6%B2%E0%A6%BF%E0%A6%96%E0%A6%BE%20%E0%A6%89%E0%A6%AA%E0%A6%9C%E0%A7%87%E0%A6%B2%E0%A6%BE,https://pub-d8ff02e059814132b7f971370e65283d.r2.dev/places/upazilas/shalikha_upa_202.jpg,https://thumb.wikimedia.org/wikipedia/commons/thumb/8/8a/Shalikha_in_Khulna_division_%28Bangladesh%29.svg/960px-Shalikha_in_Khulna_division_%28Bangladesh%29.svg.png?utm_source=bn.wikipedia.org&utm_campaign=api&utm_content=thumbnail,শালিখা বাংলাদেশের মাগুরা জেলার অন্তর্গত একটি উপজেলা।,True
UPA_203,Upazila,Sreepur,শ্রীপুর,DIST_26,মাগুরা,sreepur.magura.gov.bd,শ্রীপুর উপজেলা,https://bn.wikipedia.org/wiki/%E0%A6%B6%E0%A7%8D%E0%A6%B0%E0%A7%80%E0%A6%AA%E0%A7%81%E0%A6%B0%20%E0%A6%89%E0%A6%AA%E0%A6%9C%E0%A7%87%E0%A6%B2%E0%A6%BE,,,"শ্রীপুর উপজেলা নামে বাংলাদেশে দুইটি উপজেলা রয়েছে। যথা:

শ্রীপুর উপজেলা, মাগুরা
শ্রীপুর উপজেলা, গাজীপুর",True
UPA_204,Upazila,Magura Sadar,মাগুরা সদর,DIST_26,মাগুরা,magurasadar.magura.gov.bd,মাগুরা সদর উপজেলা,https://bn.wikipedia.org/wiki/%E0%A6%AE%E0%A6%BE%E0%A6%97%E0%A7%81%E0%A6%B0%E0%A6%BE%20%E0%A6%B8%E0%A6%A6%E0%A6%B0%20%E0%A6%89%E0%A6%AA%E0%A6%9C%E0%A7%87%E0%A6%B2%E0%A6%BE,https://pub-d8ff02e059814132b7f971370e65283d.r2.dev/places/upazilas/magura_sadar_upa_204.jpg,https://thumb.wikimedia.org/wikipedia/commons/thumb/f/fb/Magura_Sadar_in_Khulna_division_%28Bangladesh%29.svg/960px-Magura_Sadar_in_Khulna_division_%28Bangladesh%29.svg.png?utm_source=bn.wikipedia.org&utm_campaign=api&utm_content=thumbnail,মাগুরা সদর উপজেলা বাংলাদেশের খুলনা বিভাগের মাগুরা জেলার অন্তর্গত একটি উপজেলা।,True
UPA_205,Upazila,Mohammadpur,মহম্মদপুর,DIST_26,মাগুরা,mohammadpur.magura.gov.bd,মহম্মদপুর উপজেলা,https://bn.wikipedia.org/wiki/%E0%A6%AE%E0%A6%B9%E0%A6%AE%E0%A7%8D%E0%A6%AE%E0%A6%A6%E0%A6%AA%E0%A7%81%E0%A6%B0%20%E0%A6%89%E0%A6%AA%E0%A6%9C%E0%A7%87%E0%A6%B2%E0%A6%BE,https://pub-d8ff02e059814132b7f971370e65283d.r2.dev/places/upazilas/mohammadpur_upa_205.jpg,https://thumb.wikimedia.org/wikipedia/commons/thumb/6/68/Mohammadpur_in_Khulna_division_%28Bangladesh%29.svg/960px-Mohammadpur_in_Khulna_division_%28Bangladesh%29.svg.png?utm_source=bn.wikipedia.org&utm_campaign=api&utm_content=thumbnail,মোহাম্মদপুর উপজেলা বাংলাদেশের মাগুরা জেলার অন্তর্গত একটি গুরুত্বপূর্ণ উপজেলা।,True
UPA_206,Upazila,Paikgasa,পাইকগাছা,DIST_27,খুলনা,paikgasa.khulna.gov.bd,পাইকগাছা উপজেলা,https://bn.wikipedia.org/wiki/%E0%A6%AA%E0%A6%BE%E0%A6%87%E0%A6%95%E0%A6%97%E0%A6%BE%E0%A6%9B%E0%A6%BE%20%E0%A6%89%E0%A6%AA%E0%A6%9C%E0%A7%87%E0%A6%B2%E0%A6%BE,https://pub-d8ff02e059814132b7f971370e65283d.r2.dev/places/upazilas/paikgasa_upa_206.jpg,https://thumb.wikimedia.org/wikipedia/commons/thumb/5/5d/Paikgacha_technical_institute.jpeg/960px-Paikgacha_technical_institute.jpeg?utm_source=bn.wikipedia.org&utm_campaign=api&utm_content=thumbnail,পাইকগাছা হলো বাংলাদেশের খুলনা জেলার দক্ষিনে অবস্থিত একটি উপজেলা। দক্ষিণ খুলনার প্রাণকেন্দ্র হলো এই উপজেলা। খুলনা জেলার বৃহত্তম পৌরসভা হলো পাইকগাছা পৌরসভা। পৃথিবী বিখ্যাত ম্যানগ্রোভ বন সুন্দরবন এর কোল ঘেষে গড়ে ওঠা এই উপজেলায় রয়েছে নয়নাভিরাম প্রাকৃতিক সৌন্দর্য।এছাড়া এই উপজেলার অর্থনীতির অন্যতম ভিত্তি হলো মৎস্য শিল্প। সাদা সোনা নামে খ্যাত বিভিন্ন জাতের চিংড়ির চাষ হয়ে থাকে এই উপজেলায়।,True
UPA_207,Upazila,Fultola,ফুলতলা,DIST_27,খুলনা,fultola.khulna.gov.bd,ফুলতলা উপজেলা,https://bn.wikipedia.org/wiki/%E0%A6%AB%E0%A7%81%E0%A6%B2%E0%A6%A4%E0%A6%B2%E0%A6%BE%20%E0%A6%89%E0%A6%AA%E0%A6%9C%E0%A7%87%E0%A6%B2%E0%A6%BE,https://pub-d8ff02e059814132b7f971370e65283d.r2.dev/places/upazilas/fultola_upa_207.jpg,https://thumb.wikimedia.org/wikipedia/commons/thumb/6/6b/Phultala_in_Khulna_division_%28Bangladesh%29.svg/960px-Phultala_in_Khulna_division_%28Bangladesh%29.svg.png?utm_source=bn.wikipedia.org&utm_campaign=api&utm_content=thumbnail,ফুলতলা বাংলাদেশের খুলনা জেলার অন্তর্গত একটি উপজেলা। এটি জনসংখ্যা ও আয়তনে খুলনার সবচেয়ে ছোট উপজেলা।,True
UPA_208,Upazila,Digholia,দিঘলিয়া,DIST_27,খুলনা,digholia.khulna.gov.bd,দিঘলিয়া উপজেলা,https://bn.wikipedia.org/wiki/%E0%A6%A6%E0%A6%BF%E0%A6%98%E0%A6%B2%E0%A6%BF%E0%A6%AF%E0%A6%BC%E0%A6%BE%20%E0%A6%89%E0%A6%AA%E0%A6%9C%E0%A7%87%E0%A6%B2%E0%A6%BE,https://pub-d8ff02e059814132b7f971370e65283d.r2.dev/places/upazilas/digholia_upa_208.jpg,https://thumb.wikimedia.org/wikipedia/commons/thumb/a/aa/Dighalia_in_Khulna_division_%28Bangladesh%29.svg/960px-Dighalia_in_Khulna_division_%28Bangladesh%29.svg.png?utm_source=bn.wikipedia.org&utm_campaign=api&utm_content=thumbnail,দিঘলিয়া বাংলাদেশের খুলনা জেলার অন্তর্গত একটি উপজেলা।,True
UPA_209,Upazila,Rupsha,রূপসা,DIST_27,খুলনা,rupsha.khulna.gov.bd,রূপসা উপজেলা,https://bn.wikipedia.org/wiki/%E0%A6%B0%E0%A7%82%E0%A6%AA%E0%A6%B8%E0%A6%BE%20%E0%A6%89%E0%A6%AA%E0%A6%9C%E0%A7%87%E0%A6%B2%E0%A6%BE,https://pub-d8ff02e059814132b7f971370e65283d.r2.dev/places/upazilas/rupsha_upa_209.jpg,https://thumb.wikimedia.org/wikipedia/commons/thumb/8/88/Rupsa_in_Khulna_division_%28Bangladesh%29.svg/960px-Rupsa_in_Khulna_division_%28Bangladesh%29.svg.png?utm_source=bn.wikipedia.org&utm_campaign=api&utm_content=thumbnail,রূপসা বাংলাদেশের খুলনা জেলার অন্তর্গত একটি উপজেলা।,True
UPA_210,Upazila,Terokhada,তেরখাদা,DIST_27,খুলনা,terokhada.khulna.gov.bd,তেরখাদা উপজেলা,https://bn.wikipedia.org/wiki/%E0%A6%A4%E0%A7%87%E0%A6%B0%E0%A6%96%E0%A6%BE%E0%A6%A6%E0%A6%BE%20%E0%A6%89%E0%A6%AA%E0%A6%9C%E0%A7%87%E0%A6%B2%E0%A6%BE,https://pub-d8ff02e059814132b7f971370e65283d.r2.dev/places/upazilas/terokhada_upa_210.jpg,https://thumb.wikimedia.org/wikipedia/commons/thumb/6/66/Terokhada_in_Khulna_division_%28Bangladesh%29.svg/960px-Terokhada_in_Khulna_division_%28Bangladesh%29.svg.png?utm_source=bn.wikipedia.org&utm_campaign=api&utm_content=thumbnail,তেরখাদা বাংলাদেশের খুলনা জেলার অন্তর্গত একটি উপজেলা।,True
UPA_211,Upazila,Dumuria,ডুমুরিয়া,DIST_27,খুলনা,dumuria.khulna.gov.bd,ডুমুরিয়া উপজেলা,https://bn.wikipedia.org/wiki/%E0%A6%A1%E0%A7%81%E0%A6%AE%E0%A7%81%E0%A6%B0%E0%A6%BF%E0%A6%AF%E0%A6%BC%E0%A6%BE%20%E0%A6%89%E0%A6%AA%E0%A6%9C%E0%A7%87%E0%A6%B2%E0%A6%BE,https://pub-d8ff02e059814132b7f971370e65283d.r2.dev/places/upazilas/dumuria_upa_211.jpg,https://thumb.wikimedia.org/wikipedia/commons/thumb/c/c2/Damuria_up.jpg/960px-Damuria_up.jpg?utm_source=bn.wikipedia.org&utm_campaign=api&utm_content=thumbnail,ডুমুরিয়া উপজেলা বাংলাদেশের খুলনা জেলার একটি প্রশাসনিক এলাকা।,True
UPA_212,Upazila,Botiaghata,বটিয়াঘাটা,DIST_27,খুলনা,botiaghata.khulna.gov.bd,বটিয়াঘাটা উপজেলা,https://bn.wikipedia.org/wiki/%E0%A6%AC%E0%A6%9F%E0%A6%BF%E0%A6%AF%E0%A6%BC%E0%A6%BE%E0%A6%98%E0%A6%BE%E0%A6%9F%E0%A6%BE%20%E0%A6%89%E0%A6%AA%E0%A6%9C%E0%A7%87%E0%A6%B2%E0%A6%BE,https://pub-d8ff02e059814132b7f971370e65283d.r2.dev/places/upazilas/botiaghata_upa_212.jpg,https://thumb.wikimedia.org/wikipedia/commons/thumb/8/86/Batiaghata_in_Khulna_division_%28Bangladesh%29.svg/960px-Batiaghata_in_Khulna_division_%28Bangladesh%29.svg.png?utm_source=bn.wikipedia.org&utm_campaign=api&utm_content=thumbnail,বটিয়াঘাটা বাংলাদেশের খুলনা জেলার অন্তর্গত একটি উপজেলা।,True
UPA_213,Upazila,Dakop,দাকোপ,DIST_27,খুলনা,dakop.khulna.gov.bd,দাকোপ উপজেলা,https://bn.wikipedia.org/wiki/%E0%A6%A6%E0%A6%BE%E0%A6%95%E0%A7%8B%E0%A6%AA%20%E0%A6%89%E0%A6%AA%E0%A6%9C%E0%A7%87%E0%A6%B2%E0%A6%BE,https://pub-d8ff02e059814132b7f971370e65283d.r2.dev/places/upazilas/dakop_upa_213.jpg,https://thumb.wikimedia.org/wikipedia/commons/thumb/c/c9/Dacope_in_Khulna_division_%28Bangladesh%29.svg/960px-Dacope_in_Khulna_division_%28Bangladesh%29.svg.png?utm_source=bn.wikipedia.org&utm_campaign=api&utm_content=thumbnail,"দাকোপ উপজেলা পশুর নদীর পাড়ে অবস্থিত বাংলাদেশের খুলনা জেলার একটি প্রশাসনিক এলাকা। দাকোপের প্রশাসনিক অঞ্চল চালনায় অবস্থিত। দাকোপের সাথে খুলনার বটিয়াঘাটা উপজেলা, পাইকগাছা উপজেলা এবং বাগেরহাটের মোংলা উপজেলার সীমানা রয়েছে।",True
UPA_214,Upazila,Koyra,কয়রা,DIST_27,খুলনা,koyra.khulna.gov.bd,কয়রা উপজেলা,https://bn.wikipedia.org/wiki/%E0%A6%95%E0%A6%AF%E0%A6%BC%E0%A6%B0%E0%A6%BE%20%E0%A6%89%E0%A6%AA%E0%A6%9C%E0%A7%87%E0%A6%B2%E0%A6%BE,https://pub-d8ff02e059814132b7f971370e65283d.r2.dev/places/upazilas/koyra_upa_214.jpg,https://thumb.wikimedia.org/wikipedia/commons/thumb/8/83/Koyra_in_Khulna_division_%28Bangladesh%29.svg/960px-Koyra_in_Khulna_division_%28Bangladesh%29.svg.png?utm_source=bn.wikipedia.org&utm_campaign=api&utm_content=thumbnail,কয়রা উপজেলা বাংলাদেশের খুলনা জেলার একটি প্রশাসনিক এলাকা। ১৭৭৫.৪১ বর্গকিলোমিটার আয়তন নিয়ে এটি বাংলাদেশের ২য় বৃহত্তম উপজেলা। খুলনা জেলার দক্ষিণের জনপদটি বর্তমানে এগিয়ে যাচ্ছে বিভিন্ন প্রাকৃতিক দুর্যোগ মোকাবেলা করে। বিশ্বের সর্ববৃহৎ ম্যানগ্রোভ বন সুন্দরবনের কোল ঘেষে গড়ে ওঠেছে এই উপজেলা। উপজেলাটির দক্ষিণে রয়েছে বঙ্গোপসাগরের সমুদ্র সৈকত। শিক্ষার হার বাড়ার সাথে যোগাযোগ ব্যবস্থা নিরবিচ্ছিন্ন থাকায় অর্থনৈতিক সমৃদ্ধিও আসছে কয়রায়। এছাড়া কয়রা উপজেলার অন্যতম অর্থনৈতিক বৈশিষ্ট্য হলো মৎস্য শিল্প বা চিংড়ি চাষ যার কারণে কয়রা উপজেলার বিভিন্ন জায়গায় বড় বড় ঘের কিংবা জলাধার দেখা যায়।,True
UPA_215,Upazila,Fakirhat,ফকিরহাট,DIST_28,বাগেরহাট,fakirhat.bagerhat.gov.bd,ফকিরহাট উপজেলা,https://bn.wikipedia.org/wiki/%E0%A6%AB%E0%A6%95%E0%A6%BF%E0%A6%B0%E0%A6%B9%E0%A6%BE%E0%A6%9F%20%E0%A6%89%E0%A6%AA%E0%A6%9C%E0%A7%87%E0%A6%B2%E0%A6%BE,https://pub-d8ff02e059814132b7f971370e65283d.r2.dev/places/upazilas/fakirhat_upa_215.jpg,https://thumb.wikimedia.org/wikipedia/commons/thumb/d/d8/Fakirhat_in_Khulna_division_%28Bangladesh%29.svg/960px-Fakirhat_in_Khulna_division_%28Bangladesh%29.svg.png?utm_source=bn.wikipedia.org&utm_campaign=api&utm_content=thumbnail,ফকিরহাট উপজেলা বাংলাদেশের বাগেরহাট জেলার একটি প্রশাসনিক এলাকা।,True
UPA_216,Upazila,Bagerhat Sadar,বাগেরহাট সদর,DIST_28,বাগেরহাট,sadar.bagerhat.gov.bd,বাগেরহাট সদর উপজেলা,https://bn.wikipedia.org/wiki/%E0%A6%AC%E0%A6%BE%E0%A6%97%E0%A7%87%E0%A6%B0%E0%A6%B9%E0%A6%BE%E0%A6%9F%20%E0%A6%B8%E0%A6%A6%E0%A6%B0%20%E0%A6%89%E0%A6%AA%E0%A6%9C%E0%A7%87%E0%A6%B2%E0%A6%BE,https://pub-d8ff02e059814132b7f971370e65283d.r2.dev/places/upazilas/bagerhat_sadar_upa_216.jpg,https://thumb.wikimedia.org/wikipedia/commons/thumb/3/38/Bagerhat_Sadar_in_Khulna_division_%28Bangladesh%29.svg/960px-Bagerhat_Sadar_in_Khulna_division_%28Bangladesh%29.svg.png?utm_source=bn.wikipedia.org&utm_campaign=api&utm_content=thumbnail,বাগেরহাট সদর উপজেলা বাংলাদেশের বাগেরহাট জেলার একটি প্রশাসনিক এলাকা।,True
UPA_217,Upazila,Mollahat,মোল্লাহাট,DIST_28,বাগেরহাট,mollahat.bagerhat.gov.bd,মোল্লাহাট উপজেলা,https://bn.wikipedia.org/wiki/%E0%A6%AE%E0%A7%8B%E0%A6%B2%E0%A7%8D%E0%A6%B2%E0%A6%BE%E0%A6%B9%E0%A6%BE%E0%A6%9F%20%E0%A6%89%E0%A6%AA%E0%A6%9C%E0%A7%87%E0%A6%B2%E0%A6%BE,https://pub-d8ff02e059814132b7f971370e65283d.r2.dev/places/upazilas/mollahat_upa_217.jpg,https://thumb.wikimedia.org/wikipedia/commons/thumb/0/0a/Mollahat_in_Khulna_division_%28Bangladesh%29.svg/960px-Mollahat_in_Khulna_division_%28Bangladesh%29.svg.png?utm_source=bn.wikipedia.org&utm_campaign=api&utm_content=thumbnail,মোল্লাহাট উপজেলা বাংলাদেশের বাগেরহাট জেলার একটি প্রশাসনিক এলাকা। নয়টি ইউনিয়ন নিয়ে মোল্লাহাট উপজেলা গঠিত। দুুুইশো বছর আগেও এটি চুনখোলার অন্তর্গত একটি মোকাম ছিল।,True
UPA_218,Upazila,Sarankhola,শরণখোলা,DIST_28,বাগেরহাট,sarankhola.bagerhat.gov.bd,শরণখোলা উপজেলা,https://bn.wikipedia.org/wiki/%E0%A6%B6%E0%A6%B0%E0%A6%A3%E0%A6%96%E0%A7%8B%E0%A6%B2%E0%A6%BE%20%E0%A6%89%E0%A6%AA%E0%A6%9C%E0%A7%87%E0%A6%B2%E0%A6%BE,https://pub-d8ff02e059814132b7f971370e65283d.r2.dev/places/upazilas/sarankhola_upa_218.jpg,https://thumb.wikimedia.org/wikipedia/commons/thumb/1/16/COLLECT_GOLPATA_IN_SUDARBAN%28_www.new7wonders.com%29_-_panoramio_%281%29.jpg/960px-COLLECT_GOLPATA_IN_SUDARBAN%28_www.new7wonders.com%29_-_panoramio_%281%29.jpg?utm_source=bn.wikipedia.org&utm_campaign=api&utm_content=thumbnail,শরণখোলা উপজেলা বাংলাদেশের বাগেরহাট জেলার একটি প্রশাসনিক এলাকা।,True
UPA_219,Upazila,Rampal,রামপাল,DIST_28,বাগেরহাট,rampal.bagerhat.gov.bd,রামপাল উপজেলা,https://bn.wikipedia.org/wiki/%E0%A6%B0%E0%A6%BE%E0%A6%AE%E0%A6%AA%E0%A6%BE%E0%A6%B2%20%E0%A6%89%E0%A6%AA%E0%A6%9C%E0%A7%87%E0%A6%B2%E0%A6%BE,,,রামপাল উপজেলা বাংলাদেশের বাগেরহাট জেলার একটি প্রশাসনিক এলাকা।,True
UPA_220,Upazila,Morrelganj,মোড়েলগঞ্জ,DIST_28,বাগেরহাট,morrelganj.bagerhat.gov.bd,মোড়েলগঞ্জ উপজেলা,https://bn.wikipedia.org/wiki/%E0%A6%AE%E0%A7%8B%E0%A6%A1%E0%A6%BC%E0%A7%87%E0%A6%B2%E0%A6%97%E0%A6%9E%E0%A7%8D%E0%A6%9C%20%E0%A6%89%E0%A6%AA%E0%A6%9C%E0%A7%87%E0%A6%B2%E0%A6%BE,https://pub-d8ff02e059814132b7f971370e65283d.r2.dev/places/upazilas/morrelganj_upa_220.jpg,https://thumb.wikimedia.org/wikipedia/commons/thumb/c/cd/Morrelganj_in_Khulna_division_%28Bangladesh%29.svg/960px-Morrelganj_in_Khulna_division_%28Bangladesh%29.svg.png?utm_source=bn.wikipedia.org&utm_campaign=api&utm_content=thumbnail,মোরেলগঞ্জ উপজেলা  বাংলাদেশের দ্বিতীয় বৃহত্তম উপজেলা। বাগেরহাট জেলার একটি প্রশাসনিক এলাকা।,True
UPA_221,Upazila,Kachua,কচুয়া,DIST_28,বাগেরহাট,kachua.bagerhat.gov.bd,কচুয়া উপজেলা,https://bn.wikipedia.org/wiki/%E0%A6%95%E0%A6%9A%E0%A7%81%E0%A6%AF%E0%A6%BC%E0%A6%BE%20%E0%A6%89%E0%A6%AA%E0%A6%9C%E0%A7%87%E0%A6%B2%E0%A6%BE,,,"কচুয়া উপজেলা নামে বাংলাদেশে দুইটি উপজেলা রয়েছে। যথা:

কচুয়া উপজেলা, চাঁদপুর
কচুয়া উপজেলা, বাগেরহাট",True
UPA_222,Upazila,Mongla,মোংলা,DIST_28,বাগেরহাট,mongla.bagerhat.gov.bd,মোংলা উপজেলা,https://bn.wikipedia.org/wiki/%E0%A6%AE%E0%A7%8B%E0%A6%82%E0%A6%B2%E0%A6%BE%20%E0%A6%89%E0%A6%AA%E0%A6%9C%E0%A7%87%E0%A6%B2%E0%A6%BE,https://pub-d8ff02e059814132b7f971370e65283d.r2.dev/places/upazilas/mongla_upa_222.jpg,https://thumb.wikimedia.org/wikipedia/commons/thumb/6/6d/Mongla_in_Khulna_division_%28Bangladesh%29.svg/960px-Mongla_in_Khulna_division_%28Bangladesh%29.svg.png?utm_source=bn.wikipedia.org&utm_campaign=api&utm_content=thumbnail,মোংলা উপজেলা বাংলাদেশের বাগেরহাট জেলার একটি প্রশাসনিক এলাকা।,True
UPA_223,Upazila,Chitalmari,চিতলমারী,DIST_28,বাগেরহাট,chitalmari.bagerhat.gov.bd,চিতলমারী উপজেলা,https://bn.wikipedia.org/wiki/%E0%A6%9A%E0%A6%BF%E0%A6%A4%E0%A6%B2%E0%A6%AE%E0%A6%BE%E0%A6%B0%E0%A7%80%20%E0%A6%89%E0%A6%AA%E0%A6%9C%E0%A7%87%E0%A6%B2%E0%A6%BE,https://pub-d8ff02e059814132b7f971370e65283d.r2.dev/places/upazilas/chitalmari_upa_223.jpg,https://thumb.wikimedia.org/wikipedia/commons/thumb/2/2f/Chitalmari_in_Khulna_division_%28Bangladesh%29.svg/960px-Chitalmari_in_Khulna_division_%28Bangladesh%29.svg.png?utm_source=bn.wikipedia.org&utm_campaign=api&utm_content=thumbnail,চিতলমারী উপজেলা বাংলাদেশের বাগেরহাট জেলার একটি প্রশাসনিক এলাকা।,True
UPA_224,Upazila,Jhenaidah Sadar,ঝিনাইদহ সদর,DIST_29,ঝিনাইদহ,sadar.jhenaidah.gov.bd,ঝিনাইদহ সদর উপজেলা,https://bn.wikipedia.org/wiki/%E0%A6%9D%E0%A6%BF%E0%A6%A8%E0%A6%BE%E0%A6%87%E0%A6%A6%E0%A6%B9%20%E0%A6%B8%E0%A6%A6%E0%A6%B0%20%E0%A6%89%E0%A6%AA%E0%A6%9C%E0%A7%87%E0%A6%B2%E0%A6%BE,https://pub-d8ff02e059814132b7f971370e65283d.r2.dev/places/upazilas/jhenaidah_sadar_upa_224.jpg,https://thumb.wikimedia.org/wikipedia/commons/thumb/d/d4/Jhenaidah_Sadar_in_Khulna_division_%28Bangladesh%29.svg/960px-Jhenaidah_Sadar_in_Khulna_division_%28Bangladesh%29.svg.png?utm_source=bn.wikipedia.org&utm_campaign=api&utm_content=thumbnail,ঝিনাইদহ সদর উপজেলা বাংলাদেশের ঝিনাইদহ জেলার একটি প্রশাসনিক এলাকা।,True
UPA_225,Upazila,Shailkupa,শৈলকুপা,DIST_29,ঝিনাইদহ,shailkupa.jhenaidah.gov.bd,শৈলকুপা উপজেলা,https://bn.wikipedia.org/wiki/%E0%A6%B6%E0%A7%88%E0%A6%B2%E0%A6%95%E0%A7%81%E0%A6%AA%E0%A6%BE%20%E0%A6%89%E0%A6%AA%E0%A6%9C%E0%A7%87%E0%A6%B2%E0%A6%BE,https://pub-d8ff02e059814132b7f971370e65283d.r2.dev/places/upazilas/shailkupa_upa_225.jpg,https://thumb.wikimedia.org/wikipedia/commons/thumb/e/e2/Shailkupa_Shahi_Mosque.jpg/960px-Shailkupa_Shahi_Mosque.jpg?utm_source=bn.wikipedia.org&utm_campaign=api&utm_content=thumbnail,শৈলকুপা উপজেলা বাংলাদেশের ঝিনাইদহ জেলার একটি প্রশাসনিক এলাকা।,True
UPA_226,Upazila,Harinakundu,হরিণাকুন্ডু,DIST_29,ঝিনাইদহ,harinakundu.jhenaidah.gov.bd,হরিণাকুন্ডু উপজেলা,https://bn.wikipedia.org/wiki/%E0%A6%B9%E0%A6%B0%E0%A6%BF%E0%A6%A3%E0%A6%BE%E0%A6%95%E0%A7%81%E0%A6%A8%E0%A7%8D%E0%A6%A1%E0%A7%81%20%E0%A6%89%E0%A6%AA%E0%A6%9C%E0%A7%87%E0%A6%B2%E0%A6%BE,https://pub-d8ff02e059814132b7f971370e65283d.r2.dev/places/upazilas/harinakundu_upa_226.jpg,https://thumb.wikimedia.org/wikipedia/commons/thumb/8/88/Harinakunda_in_Khulna_division_%28Bangladesh%29.svg/960px-Harinakunda_in_Khulna_division_%28Bangladesh%29.svg.png?utm_source=bn.wikipedia.org&utm_campaign=api&utm_content=thumbnail,হরিণাকুন্ডু উপজেলা বাংলাদেশের ঝিনাইদহ জেলার একটি প্রশাসনিক এলাকা।,True
UPA_227,Upazila,Kaliganj,কালীগঞ্জ,DIST_29,ঝিনাইদহ,kaliganj.jhenaidah.gov.bd,কালীগঞ্জ উপজেলা,https://bn.wikipedia.org/wiki/%E0%A6%95%E0%A6%BE%E0%A6%B2%E0%A7%80%E0%A6%97%E0%A6%9E%E0%A7%8D%E0%A6%9C%20%E0%A6%89%E0%A6%AA%E0%A6%9C%E0%A7%87%E0%A6%B2%E0%A6%BE,,,"কালীগঞ্জ উপজেলা নামে বাংলাদেশে ৪টি উপজেলা রয়েছে। যথা:

কালীগঞ্জ উপজেলা, লালমনিরহাট
কালীগঞ্জ উপজেলা, ঝিনাইদহ
কালীগঞ্জ উপজেলা, সাতক্ষীরা
কালীগঞ্জ উপজেলা, গাজীপুর",True
UPA_228,Upazila,Kotchandpur,কোটচাঁদপুর,DIST_29,ঝিনাইদহ,kotchandpur.jhenaidah.gov.bd,কোটচাঁদপুর উপজেলা,https://bn.wikipedia.org/wiki/%E0%A6%95%E0%A7%8B%E0%A6%9F%E0%A6%9A%E0%A6%BE%E0%A6%81%E0%A6%A6%E0%A6%AA%E0%A7%81%E0%A6%B0%20%E0%A6%89%E0%A6%AA%E0%A6%9C%E0%A7%87%E0%A6%B2%E0%A6%BE,https://pub-d8ff02e059814132b7f971370e65283d.r2.dev/places/upazilas/kotchandpur_upa_228.jpg,https://thumb.wikimedia.org/wikipedia/commons/thumb/4/43/Kotchandpur_in_Khulna_division_%28Bangladesh%29.svg/960px-Kotchandpur_in_Khulna_division_%28Bangladesh%29.svg.png?utm_source=bn.wikipedia.org&utm_campaign=api&utm_content=thumbnail,কোটচাঁদপুর উপজেলা বাংলাদেশের ঝিনাইদহ জেলার একটি প্রশাসনিক এলাকা। উপমহাদেশে ব্রিটিশ শাসনামলে প্রসিদ্ধ একটি মহকুমা ছিল বর্তমানের কোটচাঁদপুর উপজেলাটি যার স্মৃতিচিহ্ন এখনো বহন করছে শহরের অসংখ্য পুরানো আমলের ভবন ও রাস্তাগুলো। রাস্তাগুলো অনেক ভালো,True
UPA_229,Upazila,Moheshpur,মহেশপুর,DIST_29,ঝিনাইদহ,moheshpur.jhenaidah.gov.bd,মহেশপুর উপজেলা,https://bn.wikipedia.org/wiki/%E0%A6%AE%E0%A6%B9%E0%A7%87%E0%A6%B6%E0%A6%AA%E0%A7%81%E0%A6%B0%20%E0%A6%89%E0%A6%AA%E0%A6%9C%E0%A7%87%E0%A6%B2%E0%A6%BE,https://pub-d8ff02e059814132b7f971370e65283d.r2.dev/places/upazilas/moheshpur_upa_229.jpg,https://thumb.wikimedia.org/wikipedia/commons/thumb/d/db/Maheshpur_in_Khulna_division_%28Bangladesh%29.svg/960px-Maheshpur_in_Khulna_division_%28Bangladesh%29.svg.png?utm_source=bn.wikipedia.org&utm_campaign=api&utm_content=thumbnail,"মহেশপুর উপজেলা বাংলাদেশের ঝিনাইদহ জেলার একটি প্রশাসনিক এলাকা। মহেশপুর উপজেলার আয়তন ৪১৯.৫৩ বর্গ কি.মি.। এই উপজেলার উত্তর দিকে কোটচাঁদপুর উপজেলা ও জীবননগর উপজেলা, দক্ষিণ দিকে চৌগাছা উপজেলা ও ভারতের পশ্চিমবঙ্গ, পূর্ব দিকে চৌগাছা উপজেলা এবং পশ্চিম দিকে ভারতের পশ্চিমবঙ্গ।",True
UPA_230,Upazila,Jhalakathi Sadar,ঝালকাঠি সদর,DIST_30,ঝালকাঠি,sadar.jhalakathi.gov.bd,ঝালকাঠি সদর উপজেলা,https://bn.wikipedia.org/wiki/%E0%A6%9D%E0%A6%BE%E0%A6%B2%E0%A6%95%E0%A6%BE%E0%A6%A0%E0%A6%BF%20%E0%A6%B8%E0%A6%A6%E0%A6%B0%20%E0%A6%89%E0%A6%AA%E0%A6%9C%E0%A7%87%E0%A6%B2%E0%A6%BE,https://pub-d8ff02e059814132b7f971370e65283d.r2.dev/places/upazilas/jhalakathi_sadar_upa_230.jpg,https://thumb.wikimedia.org/wikipedia/commons/thumb/6/66/Jhalokati_Sadar_in_Barisal_division_%28Bangladesh%29.svg/960px-Jhalokati_Sadar_in_Barisal_division_%28Bangladesh%29.svg.png?utm_source=bn.wikipedia.org&utm_campaign=api&utm_content=thumbnail,ঝালকাঠি সদর বাংলাদেশের ঝালকাঠি জেলার অন্তর্গত একটি উপজেলা।,True
UPA_231,Upazila,Kathalia,কাঠালিয়া,DIST_30,ঝালকাঠি,kathalia.jhalakathi.gov.bd,কাঠালিয়া উপজেলা,https://bn.wikipedia.org/wiki/%E0%A6%95%E0%A6%BE%E0%A6%A0%E0%A6%BE%E0%A6%B2%E0%A6%BF%E0%A6%AF%E0%A6%BC%E0%A6%BE%20%E0%A6%89%E0%A6%AA%E0%A6%9C%E0%A7%87%E0%A6%B2%E0%A6%BE,https://pub-d8ff02e059814132b7f971370e65283d.r2.dev/places/upazilas/kathalia_upa_231.jpg,https://thumb.wikimedia.org/wikipedia/commons/thumb/e/ea/Kathalia_in_Barisal_division_%28Bangladesh%29.svg/960px-Kathalia_in_Barisal_division_%28Bangladesh%29.svg.png?utm_source=bn.wikipedia.org&utm_campaign=api&utm_content=thumbnail,কাঠালিয়া উপজেলা বাংলাদেশের ঝালকাঠি জেলার অন্তর্গত একটি প্রশাসনিক এলাকা।,True
UPA_232,Upazila,Nalchity,নলছিটি,DIST_30,ঝালকাঠি,nalchity.jhalakathi.gov.bd,নলছিটি উপজেলা,https://bn.wikipedia.org/wiki/%E0%A6%A8%E0%A6%B2%E0%A6%9B%E0%A6%BF%E0%A6%9F%E0%A6%BF%20%E0%A6%89%E0%A6%AA%E0%A6%9C%E0%A7%87%E0%A6%B2%E0%A6%BE,https://pub-d8ff02e059814132b7f971370e65283d.r2.dev/places/upazilas/nalchity_upa_232.jpg,https://thumb.wikimedia.org/wikipedia/commons/thumb/1/1f/Nalchity_in_Barisal_division_%28Bangladesh%29.svg/960px-Nalchity_in_Barisal_division_%28Bangladesh%29.svg.png?utm_source=bn.wikipedia.org&utm_campaign=api&utm_content=thumbnail,নলছিটি বাংলাদেশের ঝালকাঠি জেলার অন্তর্গত একটি প্রশাসনিক এলাকা।,True
UPA_233,Upazila,Rajapur,রাজাপুর,DIST_30,ঝালকাঠি,rajapur.jhalakathi.gov.bd,রাজাপুর উপজেলা,https://bn.wikipedia.org/wiki/%E0%A6%B0%E0%A6%BE%E0%A6%9C%E0%A6%BE%E0%A6%AA%E0%A7%81%E0%A6%B0%20%E0%A6%89%E0%A6%AA%E0%A6%9C%E0%A7%87%E0%A6%B2%E0%A6%BE,https://pub-d8ff02e059814132b7f971370e65283d.r2.dev/places/upazilas/rajapur_upa_233.jpg,https://thumb.wikimedia.org/wikipedia/commons/thumb/9/9d/Rajapur_in_Barisal_division_%28Bangladesh%29.svg/960px-Rajapur_in_Barisal_division_%28Bangladesh%29.svg.png?utm_source=bn.wikipedia.org&utm_campaign=api&utm_content=thumbnail,রাজাপুর বাংলাদেশের ঝালকাঠি জেলার অন্তর্গত একটি উপজেলা।,True
UPA_234,Upazila,Bauphal,বাউফল,DIST_31,পটুয়াখালী,bauphal.patuakhali.gov.bd,বাউফল উপজেলা,https://bn.wikipedia.org/wiki/%E0%A6%AC%E0%A6%BE%E0%A6%89%E0%A6%AB%E0%A6%B2%20%E0%A6%89%E0%A6%AA%E0%A6%9C%E0%A7%87%E0%A6%B2%E0%A6%BE,https://pub-d8ff02e059814132b7f971370e65283d.r2.dev/places/upazilas/bauphal_upa_234.jpg,https://thumb.wikimedia.org/wikipedia/commons/thumb/d/da/Bauphal_in_Barisal_division_%28Bangladesh%29.svg/960px-Bauphal_in_Barisal_division_%28Bangladesh%29.svg.png?utm_source=bn.wikipedia.org&utm_campaign=api&utm_content=thumbnail,বাউফল বাংলাদেশের পটুয়াখালী জেলার অন্তর্গত একটি উপজেলা।,True
UPA_235,Upazila,Patuakhali Sadar,পটুয়াখালী সদর,DIST_31,পটুয়াখালী,sadar.patuakhali.gov.bd,পটুয়াখালী সদর উপজেলা,https://bn.wikipedia.org/wiki/%E0%A6%AA%E0%A6%9F%E0%A7%81%E0%A6%AF%E0%A6%BC%E0%A6%BE%E0%A6%96%E0%A6%BE%E0%A6%B2%E0%A7%80%20%E0%A6%B8%E0%A6%A6%E0%A6%B0%20%E0%A6%89%E0%A6%AA%E0%A6%9C%E0%A7%87%E0%A6%B2%E0%A6%BE,https://pub-d8ff02e059814132b7f971370e65283d.r2.dev/places/upazilas/patuakhali_sadar_upa_235.jpg,https://thumb.wikimedia.org/wikipedia/commons/thumb/a/af/Patuakhali_Sadar_in_Barisal_division_%28Bangladesh%29.svg/960px-Patuakhali_Sadar_in_Barisal_division_%28Bangladesh%29.svg.png?utm_source=bn.wikipedia.org&utm_campaign=api&utm_content=thumbnail,পটুয়াখালী সদর বাংলাদেশের পটুয়াখালী জেলার অন্তর্গত একটি প্রশাসনিক এলাকা এবং পটুয়াখালী জেলার সদর দপ্তর। পটুয়াখালী বাংলাদেশের অন্যতম প্রাচীন শহর ও পৌর এলাকা। পটুয়াখালী বাংলাদেশের দক্ষিণাঞ্চলের একটি সম্ভবনাময় জেলা ও দেশের অন্যতম গুরুত্বপূর্ণ নদীবন্দর। ১৯৬৯ সালে পটুয়াখালী মহকুমাকে  জেলায় উন্নিত হয়।,True
UPA_236,Upazila,Dumki,দুমকি,DIST_31,পটুয়াখালী,dumki.patuakhali.gov.bd,দুমকি উপজেলা,https://bn.wikipedia.org/wiki/%E0%A6%A6%E0%A7%81%E0%A6%AE%E0%A6%95%E0%A6%BF%20%E0%A6%89%E0%A6%AA%E0%A6%9C%E0%A7%87%E0%A6%B2%E0%A6%BE,https://pub-d8ff02e059814132b7f971370e65283d.r2.dev/places/upazilas/dumki_upa_236.jpg,https://thumb.wikimedia.org/wikipedia/commons/thumb/1/1e/Dumki_in_Barisal_division_%28Bangladesh%29.svg/960px-Dumki_in_Barisal_division_%28Bangladesh%29.svg.png?utm_source=bn.wikipedia.org&utm_campaign=api&utm_content=thumbnail,দুমকি উপজেলা বাংলাদেশের পটুয়াখালী জেলার অন্তর্গত একটি প্রশাসনিক এলাকা।,True
UPA_237,Upazila,Dashmina,দশমিনা,DIST_31,পটুয়াখালী,dashmina.patuakhali.gov.bd,দশমিনা উপজেলা,https://bn.wikipedia.org/wiki/%E0%A6%A6%E0%A6%B6%E0%A6%AE%E0%A6%BF%E0%A6%A8%E0%A6%BE%20%E0%A6%89%E0%A6%AA%E0%A6%9C%E0%A7%87%E0%A6%B2%E0%A6%BE,https://pub-d8ff02e059814132b7f971370e65283d.r2.dev/places/upazilas/dashmina_upa_237.jpg,https://thumb.wikimedia.org/wikipedia/commons/thumb/a/ae/Dashmina_in_Barisal_division_%28Bangladesh%29.svg/960px-Dashmina_in_Barisal_division_%28Bangladesh%29.svg.png?utm_source=bn.wikipedia.org&utm_campaign=api&utm_content=thumbnail,দশমিনা বাংলাদেশের বরিশাল বিভাগের পটুয়াখালী জেলার অন্তর্গত একটি উপজেলা।,True
UPA_238,Upazila,Kalapara,কলাপাড়া,DIST_31,পটুয়াখালী,kalapara.patuakhali.gov.bd,কলাপাড়া উপজেলা,https://bn.wikipedia.org/wiki/%E0%A6%95%E0%A6%B2%E0%A6%BE%E0%A6%AA%E0%A6%BE%E0%A6%A1%E0%A6%BC%E0%A6%BE%20%E0%A6%89%E0%A6%AA%E0%A6%9C%E0%A7%87%E0%A6%B2%E0%A6%BE,https://pub-d8ff02e059814132b7f971370e65283d.r2.dev/places/upazilas/kalapara_upa_238.jpg,https://thumb.wikimedia.org/wikipedia/commons/thumb/b/b7/Kalapara_in_Barisal_division_%28Bangladesh%29.svg/960px-Kalapara_in_Barisal_division_%28Bangladesh%29.svg.png?utm_source=bn.wikipedia.org&utm_campaign=api&utm_content=thumbnail,"কলাপাড়া বা খেপুপাড়া বাংলাদেশের পটুয়াখালী জেলার অন্তর্গত একটি উপজেলা। অনেকে একে খেপুপাড়া নামেও চেনেন। বাংলাদেশের দ্বিতীয় সমুদ্র সৈকত কুয়াকাটা এই উপজেলায় অবস্থিত।
খেপুপাড়ার একটি সমৃদ্ধ ইতিহাস আছে। বাংলাদেশের সমবায় আন্দোলনের শুরুর দিককার উপজেলা খেপুপাড়া। সমবায়ের মাধ্যমে খেপুপাড়ায় ব্রিটিশ আমলে প্রতিষ্ঠিত হয়েছে এশিয়ার বৃহত্তম বায়ুচালিত ধান ভাঙ্গানো কল। খেপুপাড়ার সমবায়ীরা সেখানে আরও গড়ে তুলেছেন তেল কল, ম্যাচ ফ্যাক্টরি, ছাপাখানা, সিনেমা হল এবং আরও অনেক কিছু। খেপুপাড়ার সমবায় আন্দোলন এখন ঝিমিয়ে পড়েছে।
খেপুপাড়ায় দেশের চারটি রাডার স্টেশনের একটি অবস্থিত।",True
UPA_239,Upazila,Mirzaganj,মির্জাগঞ্জ,DIST_31,পটুয়াখালী,mirzaganj.patuakhali.gov.bd,মির্জাগঞ্জ উপজেলা,https://bn.wikipedia.org/wiki/%E0%A6%AE%E0%A6%BF%E0%A6%B0%E0%A7%8D%E0%A6%9C%E0%A6%BE%E0%A6%97%E0%A6%9E%E0%A7%8D%E0%A6%9C%20%E0%A6%89%E0%A6%AA%E0%A6%9C%E0%A7%87%E0%A6%B2%E0%A6%BE,https://pub-d8ff02e059814132b7f971370e65283d.r2.dev/places/upazilas/mirzaganj_upa_239.jpg,https://thumb.wikimedia.org/wikipedia/commons/thumb/e/ea/Mirzaganj_in_Barisal_division_%28Bangladesh%29.svg/960px-Mirzaganj_in_Barisal_division_%28Bangladesh%29.svg.png?utm_source=bn.wikipedia.org&utm_campaign=api&utm_content=thumbnail,"মির্জাগঞ্জ বাংলাদেশের পটুয়াখালী জেলার অন্তর্গত একটি প্রশাসনিক এলাকা। 
মির্জাগঞ্জ উপজেলা সৃষ্টির ইতিহাস বহু পুরনো। জনশ্রুতি আছে যে, এখানে মির্জাদের জমিদারী এস্টেট ছিল। তারাই এই এলাকার মানুষের সুখ-দুঃখের সাথি ছিল। তাদের জমি-জমা চাষাবাদ করতো এতদ অঞ্চলের মানুষ। শিক্ষা ও ধর্মীয় শিক্ষা বিস্তারে তাদের অনেক অবদান ছিল। মির্জারাই এ এলাকার মানুষের হ্রদয় স্থান পেয়েছিল। মির্জা আহমেদ জান  বা মির্জাদের নাম অনুসারেই ধারণা করা হয় যে, মির্জাগঞ্জ নামকরণ করা হয়েছে। ১৮১২ সালে  থানা হিসেবে পরিচিতি লাভ করে। এর পর আর পিছনে তাকাতে হয়নি। ১৯৮৪ সালে উপজেলায় রুপান্তরিত হয়।",True
UPA_240,Upazila,Galachipa,গলাচিপা,DIST_31,পটুয়াখালী,galachipa.patuakhali.gov.bd,গলাচিপা উপজেলা,https://bn.wikipedia.org/wiki/%E0%A6%97%E0%A6%B2%E0%A6%BE%E0%A6%9A%E0%A6%BF%E0%A6%AA%E0%A6%BE%20%E0%A6%89%E0%A6%AA%E0%A6%9C%E0%A7%87%E0%A6%B2%E0%A6%BE,https://pub-d8ff02e059814132b7f971370e65283d.r2.dev/places/upazilas/galachipa_upa_240.jpg,https://thumb.wikimedia.org/wikipedia/commons/thumb/a/ab/Galachipa_in_Barisal_division_%28Bangladesh%29.svg/960px-Galachipa_in_Barisal_division_%28Bangladesh%29.svg.png?utm_source=bn.wikipedia.org&utm_campaign=api&utm_content=thumbnail,গলাচিপা বাংলাদেশের পটুয়াখালী জেলার অন্তর্গত একটি উপজেলা।,True
UPA_241,Upazila,Rangabali,রাঙ্গাবালী,DIST_31,পটুয়াখালী,rangabali.patuakhali.gov.bd,রাঙ্গাবালী উপজেলা,https://bn.wikipedia.org/wiki/%E0%A6%B0%E0%A6%BE%E0%A6%99%E0%A7%8D%E0%A6%97%E0%A6%BE%E0%A6%AC%E0%A6%BE%E0%A6%B2%E0%A7%80%20%E0%A6%89%E0%A6%AA%E0%A6%9C%E0%A7%87%E0%A6%B2%E0%A6%BE,https://pub-d8ff02e059814132b7f971370e65283d.r2.dev/places/upazilas/rangabali_upa_241.jpg,https://thumb.wikimedia.org/wikipedia/commons/thumb/3/36/Rangabali_in_Barisal_division_%28Bangladesh%29.svg/960px-Rangabali_in_Barisal_division_%28Bangladesh%29.svg.png?utm_source=bn.wikipedia.org&utm_campaign=api&utm_content=thumbnail,রাঙ্গাবালী উপজেলা বাংলাদেশের পটুয়াখালী জেলার অন্তর্গত একটি প্রশাসনিক এলাকা।,True
UPA_242,Upazila,Pirojpur Sadar,পিরোজপুর সদর,DIST_32,পিরোজপুর,sadar.pirojpur.gov.bd,পিরোজপুর সদর উপজেলা,https://bn.wikipedia.org/wiki/%E0%A6%AA%E0%A6%BF%E0%A6%B0%E0%A7%8B%E0%A6%9C%E0%A6%AA%E0%A7%81%E0%A6%B0%20%E0%A6%B8%E0%A6%A6%E0%A6%B0%20%E0%A6%89%E0%A6%AA%E0%A6%9C%E0%A7%87%E0%A6%B2%E0%A6%BE,https://pub-d8ff02e059814132b7f971370e65283d.r2.dev/places/upazilas/pirojpur_sadar_upa_242.jpg,https://thumb.wikimedia.org/wikipedia/commons/thumb/3/38/Pirojpur_Sadar_in_Barisal_division_%28Bangladesh%29.svg/960px-Pirojpur_Sadar_in_Barisal_division_%28Bangladesh%29.svg.png?utm_source=bn.wikipedia.org&utm_campaign=api&utm_content=thumbnail,পিরোজপুর সদর উপজেলা বাংলাদেশের পিরোজপুর জেলার অন্তর্গত একটি প্রশাসনিক এলাকা।,True
UPA_243,Upazila,Nazirpur,নাজিরপুর,DIST_32,পিরোজপুর,nazirpur.pirojpur.gov.bd,নাজিরপুর উপজেলা,https://bn.wikipedia.org/wiki/%E0%A6%A8%E0%A6%BE%E0%A6%9C%E0%A6%BF%E0%A6%B0%E0%A6%AA%E0%A7%81%E0%A6%B0%20%E0%A6%89%E0%A6%AA%E0%A6%9C%E0%A7%87%E0%A6%B2%E0%A6%BE,https://pub-d8ff02e059814132b7f971370e65283d.r2.dev/places/upazilas/nazirpur_upa_243.jpg,https://thumb.wikimedia.org/wikipedia/commons/thumb/4/4d/Nazirpur_in_Barisal_division_%28Bangladesh%29.svg/960px-Nazirpur_in_Barisal_division_%28Bangladesh%29.svg.png?utm_source=bn.wikipedia.org&utm_campaign=api&utm_content=thumbnail,নাজিরপুর উপজেলা বাংলাদেশের পিরোজপুর জেলার অন্তর্গত একটি প্রশাসনিক এলাকা।,True
UPA_244,Upazila,Kawkhali,কাউখালী,DIST_32,পিরোজপুর,kawkhali.pirojpur.gov.bd,কাউখালী উপজেলা,https://bn.wikipedia.org/wiki/%E0%A6%95%E0%A6%BE%E0%A6%89%E0%A6%96%E0%A6%BE%E0%A6%B2%E0%A7%80%20%E0%A6%89%E0%A6%AA%E0%A6%9C%E0%A7%87%E0%A6%B2%E0%A6%BE,,,"কাউখালী উপজেলা নামে বাংলাদেশে দুইটি উপজেলা রয়েছে। যথা:

কাউখালী উপজেলা, পিরোজপুর
কাউখালী উপজেলা, রাঙ্গামাটি",True
UPA_245,Upazila,Zianagar,জিয়ানগর,DIST_32,পিরোজপুর,zianagar.pirojpur.gov.bd,জিয়ানগর উপজেলা,https://bn.wikipedia.org/wiki/%E0%A6%9C%E0%A6%BF%E0%A6%AF%E0%A6%BC%E0%A6%BE%E0%A6%A8%E0%A6%97%E0%A6%B0%20%E0%A6%89%E0%A6%AA%E0%A6%9C%E0%A7%87%E0%A6%B2%E0%A6%BE,https://pub-d8ff02e059814132b7f971370e65283d.r2.dev/places/upazilas/zianagar_upa_245.jpg,https://thumb.wikimedia.org/wikipedia/commons/thumb/4/44/Indurkani_in_Barisal_division_%28Bangladesh%29.svg/960px-Indurkani_in_Barisal_division_%28Bangladesh%29.svg.png?utm_source=bn.wikipedia.org&utm_campaign=api&utm_content=thumbnail,জিয়ানগর উপজেলা বাংলাদেশের বরিশাল বিভাগের পিরোজপুর জেলার একটি উপজেলা।,True
UPA_246,Upazila,Bhandaria,ভান্ডারিয়া,DIST_32,পিরোজপুর,bhandaria.pirojpur.gov.bd,ভান্ডারিয়া উপজেলা,https://bn.wikipedia.org/wiki/%E0%A6%AD%E0%A6%BE%E0%A6%A8%E0%A7%8D%E0%A6%A1%E0%A6%BE%E0%A6%B0%E0%A6%BF%E0%A6%AF%E0%A6%BC%E0%A6%BE%20%E0%A6%89%E0%A6%AA%E0%A6%9C%E0%A7%87%E0%A6%B2%E0%A6%BE,https://pub-d8ff02e059814132b7f971370e65283d.r2.dev/places/upazilas/bhandaria_upa_246.jpg,https://thumb.wikimedia.org/wikipedia/commons/thumb/2/2f/Bhandaria_in_Barisal_division_%28Bangladesh%29.svg/960px-Bhandaria_in_Barisal_division_%28Bangladesh%29.svg.png?utm_source=bn.wikipedia.org&utm_campaign=api&utm_content=thumbnail,"ভান্ডারিয়া উপজেলা বাংলাদেশের পিরোজপুর জেলার একটি প্রশাসনিক এলাকা। ভান্ডারিয়া থানা গঠিত হয়েছিল ১৯১২ সালে এবং এটিকে উপজেলায় রূপান্তর করা হয় ১৯৮৩ সালের ১৫ এপ্রিল। প্রাচীনকালে ভান্ডারিয়া উপজেলায় প্রচুর পরিমাণে ধানসহ অন্যান্য ফসল উৎপন্ন হতো। তাই ভান্ডারিয়াকে শস্যের ভান্ডার বলা হতো। কালক্রমে শস্যের ভান্ডার বিবর্তন হতে হতে ভান্ডারিয়া নামে রূপামত্মরিত হয়েছে। এছাড়া জনশ্রম্নতি আছে যে, জনৈক ভান্ডারি নামে এক দরবেশ অত্র এলাকায় এসেছিলেন ধর্ম প্রচারের জন্য তাঁর নাম অনুসারে ভান্ডারিয়া নামে রূপামত্মরিত হয়েছে।",True
UPA_247,Upazila,Mathbaria,মঠবাড়ীয়া,DIST_32,পিরোজপুর,mathbaria.pirojpur.gov.bd,,,,,,False
UPA_248,Upazila,Nesarabad,নেছারাবাদ,DIST_32,পিরোজপুর,nesarabad.pirojpur.gov.bd,নেছারাবাদ উপজেলা,https://bn.wikipedia.org/wiki/%E0%A6%A8%E0%A7%87%E0%A6%9B%E0%A6%BE%E0%A6%B0%E0%A6%BE%E0%A6%AC%E0%A6%BE%E0%A6%A6%20%E0%A6%89%E0%A6%AA%E0%A6%9C%E0%A7%87%E0%A6%B2%E0%A6%BE,https://pub-d8ff02e059814132b7f971370e65283d.r2.dev/places/upazilas/nesarabad_upa_248.jpg,https://thumb.wikimedia.org/wikipedia/commons/thumb/6/69/Nesarabad_in_Barisal_division_%28Bangladesh%29.svg/960px-Nesarabad_in_Barisal_division_%28Bangladesh%29.svg.png?utm_source=bn.wikipedia.org&utm_campaign=api&utm_content=thumbnail,নেছারাবাদ বাংলাদেশের পিরোজপুর জেলার অন্তর্গত একটি উপজেলা।,True
UPA_249,Upazila,Barisal Sadar,বরিশাল সদর,DIST_33,বরিশাল,barisalsadar.barisal.gov.bd,বরিশাল সদর উপজেলা,https://bn.wikipedia.org/wiki/%E0%A6%AC%E0%A6%B0%E0%A6%BF%E0%A6%B6%E0%A6%BE%E0%A6%B2%20%E0%A6%B8%E0%A6%A6%E0%A6%B0%20%E0%A6%89%E0%A6%AA%E0%A6%9C%E0%A7%87%E0%A6%B2%E0%A6%BE,https://pub-d8ff02e059814132b7f971370e65283d.r2.dev/places/upazilas/barisal_sadar_upa_249.jpg,https://thumb.wikimedia.org/wikipedia/commons/thumb/d/d6/Barisal_Sadar_in_Barisal_division_%28Bangladesh%29.svg/960px-Barisal_Sadar_in_Barisal_division_%28Bangladesh%29.svg.png?utm_source=bn.wikipedia.org&utm_campaign=api&utm_content=thumbnail,বরিশাল সদর বাংলাদেশের বরিশাল জেলার অন্তর্গত একটি উপজেলা।,True
UPA_250,Upazila,Bakerganj,বাকেরগঞ্জ,DIST_33,বরিশাল,bakerganj.barisal.gov.bd,বাকেরগঞ্জ উপজেলা,https://bn.wikipedia.org/wiki/%E0%A6%AC%E0%A6%BE%E0%A6%95%E0%A7%87%E0%A6%B0%E0%A6%97%E0%A6%9E%E0%A7%8D%E0%A6%9C%20%E0%A6%89%E0%A6%AA%E0%A6%9C%E0%A7%87%E0%A6%B2%E0%A6%BE,https://pub-d8ff02e059814132b7f971370e65283d.r2.dev/places/upazilas/bakerganj_upa_250.jpg,https://thumb.wikimedia.org/wikipedia/commons/thumb/0/0f/%E0%A6%A8%E0%A6%B8%E0%A6%B0%E0%A6%A4_%E0%A6%97%E0%A6%BE%E0%A6%9C%E0%A7%80%E0%A6%B0_%E0%A6%AE%E0%A6%B8%E0%A6%9C%E0%A6%BF%E0%A6%A6_%E0%A6%AD%E0%A6%AC%E0%A6%A8.jpg/960px-%E0%A6%A8%E0%A6%B8%E0%A6%B0%E0%A6%A4_%E0%A6%97%E0%A6%BE%E0%A6%9C%E0%A7%80%E0%A6%B0_%E0%A6%AE%E0%A6%B8%E0%A6%9C%E0%A6%BF%E0%A6%A6_%E0%A6%AD%E0%A6%AC%E0%A6%A8.jpg?utm_source=bn.wikipedia.org&utm_campaign=api&utm_content=thumbnail,বাকেরগঞ্জ বাংলাদেশের বরিশাল জেলার অন্তর্গত একটি উপজেলা।,True
UPA_251,Upazila,Babuganj,বাবুগঞ্জ,DIST_33,বরিশাল,babuganj.barisal.gov.bd,বাবুগঞ্জ উপজেলা,https://bn.wikipedia.org/wiki/%E0%A6%AC%E0%A6%BE%E0%A6%AC%E0%A7%81%E0%A6%97%E0%A6%9E%E0%A7%8D%E0%A6%9C%20%E0%A6%89%E0%A6%AA%E0%A6%9C%E0%A7%87%E0%A6%B2%E0%A6%BE,https://pub-d8ff02e059814132b7f971370e65283d.r2.dev/places/upazilas/babuganj_upa_251.jpg,https://thumb.wikimedia.org/wikipedia/commons/thumb/c/cb/Babuganj_in_Barisal_division_%28Bangladesh%29.svg/960px-Babuganj_in_Barisal_division_%28Bangladesh%29.svg.png?utm_source=bn.wikipedia.org&utm_campaign=api&utm_content=thumbnail,বাবুগঞ্জ বাংলাদেশের বরিশাল জেলার অন্তর্গত একটি উপজেলা।,True
UPA_252,Upazila,Wazirpur,উজিরপুর,DIST_33,বরিশাল,wazirpur.barisal.gov.bd,উজিরপুর উপজেলা,https://bn.wikipedia.org/wiki/%E0%A6%89%E0%A6%9C%E0%A6%BF%E0%A6%B0%E0%A6%AA%E0%A7%81%E0%A6%B0%20%E0%A6%89%E0%A6%AA%E0%A6%9C%E0%A7%87%E0%A6%B2%E0%A6%BE,https://pub-d8ff02e059814132b7f971370e65283d.r2.dev/places/upazilas/wazirpur_upa_252.jpg,https://thumb.wikimedia.org/wikipedia/commons/thumb/c/c0/Wazirpur_in_Barisal_division_%28Bangladesh%29.svg/960px-Wazirpur_in_Barisal_division_%28Bangladesh%29.svg.png?utm_source=bn.wikipedia.org&utm_campaign=api&utm_content=thumbnail,উজিরপুর উপজেলা বাংলাদেশের বরিশাল জেলার একটি প্রশাসনিক এলাকা।,True
UPA_253,Upazila,Banaripara,বানারীপাড়া,DIST_33,বরিশাল,banaripara.barisal.gov.bd,বানারীপাড়া উপজেলা,https://bn.wikipedia.org/wiki/%E0%A6%AC%E0%A6%BE%E0%A6%A8%E0%A6%BE%E0%A6%B0%E0%A7%80%E0%A6%AA%E0%A6%BE%E0%A6%A1%E0%A6%BC%E0%A6%BE%20%E0%A6%89%E0%A6%AA%E0%A6%9C%E0%A7%87%E0%A6%B2%E0%A6%BE,https://pub-d8ff02e059814132b7f971370e65283d.r2.dev/places/upazilas/banaripara_upa_253.jpg,https://thumb.wikimedia.org/wikipedia/commons/thumb/8/86/Banaripara_in_Barisal_division_%28Bangladesh%29.svg/960px-Banaripara_in_Barisal_division_%28Bangladesh%29.svg.png?utm_source=bn.wikipedia.org&utm_campaign=api&utm_content=thumbnail,"বানারিপাড়া বাংলাদেশের বরিশাল জেলার অন্তর্গত একটি উপজেলা যা ৮টি ইউনিয়ন নিয়ে গঠিত। এটি বরিশাল বিভাগের অন্তর্গত ১০টি উপজেলার একটি। বানারীপাড়ার উত্তরে উজিরপুর উপজেলা, দক্ষিণে পিরোজপুর জেলার নেছারাবাদ উপজেলা, পূর্বে উজিরপুর উপজেলা ও ঝালকাঠি সদর উপজেলা, পশ্চিমে পিরোজপুর জেলার নাজিরপুর উপজেলা ও নেছারাবাদ উপজেলা। বানারীপাড়ার মধ্য দিয়ে সন্ধ্যা নদী প্রবাহিত হয়েছে।
ব্রিটিশ শাসনামলে প্রশাসন বানারীপাড়া থানা গঠিত হয় ১৯১৩ সালে এবং স্বাধীনতার পর ১৯৮৩ সালে থানাকে উপজেলায় রূপান্তর করা হয়। বানারীপাড়া ও উজিরপুর উপজেলা নিয়ে গঠিত এ আসনটি জাতীয় সংসদে বরিশাল-২ নং আসন হিসেবে চিহ্নিত।",True
UPA_254,Upazila,Gournadi,গৌরনদী,DIST_33,বরিশাল,gournadi.barisal.gov.bd,গৌরনদী উপজেলা,https://bn.wikipedia.org/wiki/%E0%A6%97%E0%A7%8C%E0%A6%B0%E0%A6%A8%E0%A6%A6%E0%A7%80%20%E0%A6%89%E0%A6%AA%E0%A6%9C%E0%A7%87%E0%A6%B2%E0%A6%BE,https://pub-d8ff02e059814132b7f971370e65283d.r2.dev/places/upazilas/gournadi_upa_254.jpg,https://thumb.wikimedia.org/wikipedia/commons/thumb/d/d1/Kamalapur_Mosque%2C_July_2018_02.jpg/960px-Kamalapur_Mosque%2C_July_2018_02.jpg?utm_source=bn.wikipedia.org&utm_campaign=api&utm_content=thumbnail,গৌরনদী বাংলাদেশের বরিশাল জেলার অন্তর্গত একটি উপজেলা।,True
UPA_255,Upazila,Agailjhara,আগৈলঝাড়া,DIST_33,বরিশাল,agailjhara.barisal.gov.bd,আগৈলঝাড়া উপজেলা,https://bn.wikipedia.org/wiki/%E0%A6%86%E0%A6%97%E0%A7%88%E0%A6%B2%E0%A6%9D%E0%A6%BE%E0%A6%A1%E0%A6%BC%E0%A6%BE%20%E0%A6%89%E0%A6%AA%E0%A6%9C%E0%A7%87%E0%A6%B2%E0%A6%BE,https://pub-d8ff02e059814132b7f971370e65283d.r2.dev/places/upazilas/agailjhara_upa_255.jpg,https://thumb.wikimedia.org/wikipedia/commons/thumb/4/40/Agailjhara_in_Barisal_division_%28Bangladesh%29.svg/960px-Agailjhara_in_Barisal_division_%28Bangladesh%29.svg.png?utm_source=bn.wikipedia.org&utm_campaign=api&utm_content=thumbnail,আগৈলঝাড়া বাংলাদেশের বরিশাল জেলার অন্তর্গত একটি উপজেলা।,True
UPA_256,Upazila,Mehendiganj,মেহেন্দিগঞ্জ,DIST_33,বরিশাল,mehendiganj.barisal.gov.bd,মেহেন্দিগঞ্জ উপজেলা,https://bn.wikipedia.org/wiki/%E0%A6%AE%E0%A7%87%E0%A6%B9%E0%A7%87%E0%A6%A8%E0%A7%8D%E0%A6%A6%E0%A6%BF%E0%A6%97%E0%A6%9E%E0%A7%8D%E0%A6%9C%20%E0%A6%89%E0%A6%AA%E0%A6%9C%E0%A7%87%E0%A6%B2%E0%A6%BE,https://pub-d8ff02e059814132b7f971370e65283d.r2.dev/places/upazilas/mehendiganj_upa_256.jpg,https://thumb.wikimedia.org/wikipedia/commons/thumb/6/6b/Mehendiganj_in_Barisal_division_%28Bangladesh%29.svg/960px-Mehendiganj_in_Barisal_division_%28Bangladesh%29.svg.png?utm_source=bn.wikipedia.org&utm_campaign=api&utm_content=thumbnail,মেহেন্দিগঞ্জ উপজেলা বাংলাদেশের বরিশাল জেলার অন্তর্গত একটি দ্বীপ উপজেলা। ১৫ অক্টোবর ১৯৮৩ খ্রীঃ তারিখে মেহেন্দিগঞ্জ থানা উপজেলায় রূপান্তরিত করা হয়।,True
UPA_257,Upazila,Muladi,মুলাদী,DIST_33,বরিশাল,muladi.barisal.gov.bd,মুলাদী উপজেলা,https://bn.wikipedia.org/wiki/%E0%A6%AE%E0%A7%81%E0%A6%B2%E0%A6%BE%E0%A6%A6%E0%A7%80%20%E0%A6%89%E0%A6%AA%E0%A6%9C%E0%A7%87%E0%A6%B2%E0%A6%BE,https://pub-d8ff02e059814132b7f971370e65283d.r2.dev/places/upazilas/muladi_upa_257.jpg,https://thumb.wikimedia.org/wikipedia/commons/thumb/0/0a/Muladi_in_Barisal_division_%28Bangladesh%29.svg/960px-Muladi_in_Barisal_division_%28Bangladesh%29.svg.png?utm_source=bn.wikipedia.org&utm_campaign=api&utm_content=thumbnail,মুলাদী বাংলাদেশের বরিশাল জেলার অন্তর্গত একটি উপজেলা।,True
UPA_258,Upazila,Hizla,হিজলা,DIST_33,বরিশাল,hizla.barisal.gov.bd,হিজলা উপজেলা,https://bn.wikipedia.org/wiki/%E0%A6%B9%E0%A6%BF%E0%A6%9C%E0%A6%B2%E0%A6%BE%20%E0%A6%89%E0%A6%AA%E0%A6%9C%E0%A7%87%E0%A6%B2%E0%A6%BE,https://pub-d8ff02e059814132b7f971370e65283d.r2.dev/places/upazilas/hizla_upa_258.jpg,https://thumb.wikimedia.org/wikipedia/commons/thumb/0/00/Hizla_in_Barisal_division_%28Bangladesh%29.svg/960px-Hizla_in_Barisal_division_%28Bangladesh%29.svg.png?utm_source=bn.wikipedia.org&utm_campaign=api&utm_content=thumbnail,"হিজলা বাংলাদেশের বরিশাল জেলার অন্তর্গত একটি উপজেলা। বরিশাল জেলার হিজলা উপজেলা ৬ টি ইউনিয়ন নিয়ে ১৯১৭ সালের ১৫ জুলাই প্রতিষ্ঠা হয়। ঐ সালের ২১ সেপ্টেম্বর গেজেট বিজ্ঞপ্তি প্রকাশিত হওয়ার পর ১৯১৮ সালের ১ জানুয়ারি থেকে আনুষ্ঠানিকভাবে হিজলা থানার কার্যক্রম চালু হয়।
এই উপজেলার দর্শনীয়স্থানগুলোর মধ্য ""বাবুর বাড়ির মঠ"" অন্যতম। হিজলা উপজেলাধীন 
গুয়াবাড়িয়া ইউনিয়নের কাউরিয়া বাজারের উত্তর পাশে অবস্থিত। মঠ টি শত বছরের পুরাতন স্থাপনা।",True
UPA_259,Upazila,Bhola Sadar,ভোলা সদর,DIST_34,ভোলা,sadar.bhola.gov.bd,ভোলা সদর উপজেলা,https://bn.wikipedia.org/wiki/%E0%A6%AD%E0%A7%8B%E0%A6%B2%E0%A6%BE%20%E0%A6%B8%E0%A6%A6%E0%A6%B0%20%E0%A6%89%E0%A6%AA%E0%A6%9C%E0%A7%87%E0%A6%B2%E0%A6%BE,https://pub-d8ff02e059814132b7f971370e65283d.r2.dev/places/upazilas/bhola_sadar_upa_259.jpg,https://thumb.wikimedia.org/wikipedia/commons/thumb/4/41/Bhola_Sadar_in_Barisal_division_%28Bangladesh%29.svg/960px-Bhola_Sadar_in_Barisal_division_%28Bangladesh%29.svg.png?utm_source=bn.wikipedia.org&utm_campaign=api&utm_content=thumbnail,ভোলা সদর উপজেলা বাংলাদেশের ভোলা জেলার একটি প্রশাসনিক এলাকা। বাংলাদেশ জাতীয় সংসদের ১১৫নং নির্বাচনী এলাকা ভোলা-১ (ভোলা সদর উপজেলা)।,True
UPA_260,Upazila,Borhan Sddin,বোরহান উদ্দিন,DIST_34,ভোলা,borhanuddin.bhola.gov.bd,বোরহান উদ্দিন,https://bn.wikipedia.org/wiki/%E0%A6%AC%E0%A7%8B%E0%A6%B0%E0%A6%B9%E0%A6%BE%E0%A6%A8%20%E0%A6%89%E0%A6%A6%E0%A7%8D%E0%A6%A6%E0%A6%BF%E0%A6%A8,,,বোরহান উদ্দিন বাংলাদেশের নোয়াখালী জেলার রাজনীতিবিদ ও নোয়াখালী-৬ আসনের সাবেক সংসদ সদস্য।,True
UPA_261,Upazila,Charfesson,চরফ্যাশন,DIST_34,ভোলা,charfesson.bhola.gov.bd,চরফ্যাশন উপজেলা,https://bn.wikipedia.org/wiki/%E0%A6%9A%E0%A6%B0%E0%A6%AB%E0%A7%8D%E0%A6%AF%E0%A6%BE%E0%A6%B6%E0%A6%A8%20%E0%A6%89%E0%A6%AA%E0%A6%9C%E0%A7%87%E0%A6%B2%E0%A6%BE,https://pub-d8ff02e059814132b7f971370e65283d.r2.dev/places/upazilas/charfesson_upa_261.jpg,https://thumb.wikimedia.org/wikipedia/commons/thumb/1/10/Char_Fasson_in_Barisal_division_%28Bangladesh%29.svg/960px-Char_Fasson_in_Barisal_division_%28Bangladesh%29.svg.png?utm_source=bn.wikipedia.org&utm_campaign=api&utm_content=thumbnail,"চরফ্যাশন বাংলাদেশের ভোলা জেলার অন্তর্গত একটি উপজেলা, যা ৪টি থানার অধীনে ১টি পৌরসভা ও ২১টি ইউনিয়ন নিয়ে গঠিত। এটি বরিশাল বিভাগ এর অধীনে ভোলা জেলার দক্ষিণাংশে অবস্থিত। এটি কৃষি ও জেলে ভিত্তিক অঞ্চল। কৃষি কাজের মধ্যে প্রধানত ধান, ডাল, আলু, সুপারি, নারকেল ইত্যাদির চাষ করা হয়ে থাকে।
এই উপজেলায় মেঘনা নদী ও তেতুলিয়া নদীর মোহনায় কয়েকশ বছর আগে জেগে ওঠা চর কুকরী মুকরীতে চর কুকরি-মুকরি বন্যপ্রাণ অভয়ারণ্য গড়ে তোলা হয়েছে, যেখানে রয়েছে হরিণ। এ ছাড়া রয়েছে অতিথি পাখি, লাল কাঁকড়া, বন মহিষ, বানর, বনবিড়াল, উদবিড়াল, শেয়াল, বনমোরগ সহ নানা প্রজাতির বন্য প্রাণী।",True
UPA_262,Upazila,Doulatkhan,দৌলতখান,DIST_34,ভোলা,doulatkhan.bhola.gov.bd,দৌলতখান উপজেলা,https://bn.wikipedia.org/wiki/%E0%A6%A6%E0%A7%8C%E0%A6%B2%E0%A6%A4%E0%A6%96%E0%A6%BE%E0%A6%A8%20%E0%A6%89%E0%A6%AA%E0%A6%9C%E0%A7%87%E0%A6%B2%E0%A6%BE,https://pub-d8ff02e059814132b7f971370e65283d.r2.dev/places/upazilas/doulatkhan_upa_262.jpg,https://thumb.wikimedia.org/wikipedia/commons/thumb/8/8a/Daulatkhan_in_Barisal_division_%28Bangladesh%29.svg/960px-Daulatkhan_in_Barisal_division_%28Bangladesh%29.svg.png?utm_source=bn.wikipedia.org&utm_campaign=api&utm_content=thumbnail,দৌলতখান উপজেলা বাংলাদেশের ভোলা জেলার একটি প্রশাসনিক এলাকা।,True
UPA_263,Upazila,Monpura,মনপুরা,DIST_34,ভোলা,monpura.bhola.gov.bd,মনপুরা উপজেলা,https://bn.wikipedia.org/wiki/%E0%A6%AE%E0%A6%A8%E0%A6%AA%E0%A7%81%E0%A6%B0%E0%A6%BE%20%E0%A6%89%E0%A6%AA%E0%A6%9C%E0%A7%87%E0%A6%B2%E0%A6%BE,https://pub-d8ff02e059814132b7f971370e65283d.r2.dev/places/upazilas/monpura_upa_263.jpg,https://thumb.wikimedia.org/wikipedia/commons/thumb/2/20/Manpura_in_Barisal_division_%28Bangladesh%29.svg/960px-Manpura_in_Barisal_division_%28Bangladesh%29.svg.png?utm_source=bn.wikipedia.org&utm_campaign=api&utm_content=thumbnail,"মনপুরা উপজেলা বাংলাদেশের বরিশাল বিভাগের ভোলা জেলার অন্তর্গত একটি উপজেলা। এটি মনপুরা থানার ৫ টি ইউনিয়ন, ২২ টি মৌজা ও ৩৩ টি গ্রাম নিয়ে গঠিত। মনপুরা উপজেলার মোট জনসংখ্যা ৭৬,৫৮২ জন এবং সাক্ষরতার হার ৪১%। এখানকার মানুষ কৃষি ভিত্তিক পেশা পরিচালনা করে। জাতীয় সংসদ নির্বাচন এ মনপুরা এর সংসদীয় আসন ভোলা-৪। মনপুরা ও চরফ্যাশন উপজেলা নিয়ে গঠিত এ আসনটি জাতীয় সংসদ এ ১১৮ নং আসন হিসেবে চিহ্নিত।",True
UPA_264,Upazila,Tazumuddin,তজুমদ্দিন,DIST_34,ভোলা,tazumuddin.bhola.gov.bd,তজুমদ্দিন উপজেলা,https://bn.wikipedia.org/wiki/%E0%A6%A4%E0%A6%9C%E0%A7%81%E0%A6%AE%E0%A6%A6%E0%A7%8D%E0%A6%A6%E0%A6%BF%E0%A6%A8%20%E0%A6%89%E0%A6%AA%E0%A6%9C%E0%A7%87%E0%A6%B2%E0%A6%BE,https://pub-d8ff02e059814132b7f971370e65283d.r2.dev/places/upazilas/tazumuddin_upa_264.jpg,https://thumb.wikimedia.org/wikipedia/commons/thumb/9/97/Tazumuddin_in_Barisal_division_%28Bangladesh%29.svg/960px-Tazumuddin_in_Barisal_division_%28Bangladesh%29.svg.png?utm_source=bn.wikipedia.org&utm_campaign=api&utm_content=thumbnail,তজুমদ্দিন উপজেলা বাংলাদেশের ভোলা জেলার একটি প্রশাসনিক এলাকা।,True
UPA_265,Upazila,Lalmohan,লালমোহন,DIST_34,ভোলা,lalmohan.bhola.gov.bd,লালমোহন উপজেলা,https://bn.wikipedia.org/wiki/%E0%A6%B2%E0%A6%BE%E0%A6%B2%E0%A6%AE%E0%A7%8B%E0%A6%B9%E0%A6%A8%20%E0%A6%89%E0%A6%AA%E0%A6%9C%E0%A7%87%E0%A6%B2%E0%A6%BE,https://pub-d8ff02e059814132b7f971370e65283d.r2.dev/places/upazilas/lalmohan_upa_265.jpg,https://thumb.wikimedia.org/wikipedia/commons/thumb/3/3a/Lalmohan_in_Barisal_division_%28Bangladesh%29.svg/960px-Lalmohan_in_Barisal_division_%28Bangladesh%29.svg.png?utm_source=bn.wikipedia.org&utm_campaign=api&utm_content=thumbnail,"লালমোহন উপজেলা বাংলাদেশ এর বরিশাল বিভাগ ভোলা জেলার একটি উপজেলা এটির আদি নাম মেহেরগঞ্জ ছিলো। ১টি পৌরসভা ও ৯টি ইউনিয়ন রয়েছে। সম্পূর্ণ উপজেলার প্রশাসনিক কার্যক্রম চলে লালমোহন থানার আওতাধীন। ২০১১ সালের আদমশুমারি অনুযায়ী লালমোহন উপজেলার মোট জনসংখ্যা ২,৮৩,৮৮৯ জন। ৬৩.৯১%, কৃষি কাজ করে। ২০১১ সালের আদমশুমারি অনুযায়ী লালমোহন উপজেলার সাক্ষরতার হার ৫০%। ভোলা-৩ আসনটি ভোলা জেলার লালমোহন উপজেলা ও তজমুদ্দিন উপজেলা নিয়ে গঠিত, এটির আসন নং ১১৭। শাহবাজপুর সরকারি কলেজের পাশেই সজীব ওয়াজেদ জয় ডিজিটাল পার্ক অবস্থিত।",True
UPA_266,Upazila,Amtali,আমতলী,DIST_35,বরগুনা,amtali.barguna.gov.bd,আমতলী উপজেলা,https://bn.wikipedia.org/wiki/%E0%A6%86%E0%A6%AE%E0%A6%A4%E0%A6%B2%E0%A7%80%20%E0%A6%89%E0%A6%AA%E0%A6%9C%E0%A7%87%E0%A6%B2%E0%A6%BE,https://pub-d8ff02e059814132b7f971370e65283d.r2.dev/places/upazilas/amtali_upa_266.jpg,https://thumb.wikimedia.org/wikipedia/commons/thumb/3/32/Amtali_in_Barisal_division_%28Bangladesh%29.svg/960px-Amtali_in_Barisal_division_%28Bangladesh%29.svg.png?utm_source=bn.wikipedia.org&utm_campaign=api&utm_content=thumbnail,আমতলী বাংলাদেশের বরগুনা জেলার অন্তর্গত একটি উপজেলা। এটি জেলার বৃহত্তম উপজেলা।,True
UPA_267,Upazila,Barguna Sadar,বরগুনা সদর,DIST_35,বরগুনা,sadar.barguna.gov.bd,বরগুনা সদর উপজেলা,https://bn.wikipedia.org/wiki/%E0%A6%AC%E0%A6%B0%E0%A6%97%E0%A7%81%E0%A6%A8%E0%A6%BE%20%E0%A6%B8%E0%A6%A6%E0%A6%B0%20%E0%A6%89%E0%A6%AA%E0%A6%9C%E0%A7%87%E0%A6%B2%E0%A6%BE,https://pub-d8ff02e059814132b7f971370e65283d.r2.dev/places/upazilas/barguna_sadar_upa_267.jpg,https://thumb.wikimedia.org/wikipedia/commons/thumb/e/e6/Barguna_Sadar_in_Barisal_division_%28Bangladesh%29.svg/960px-Barguna_Sadar_in_Barisal_division_%28Bangladesh%29.svg.png?utm_source=bn.wikipedia.org&utm_campaign=api&utm_content=thumbnail,বরগুনা সদর বাংলাদেশের বরগুনা জেলার একটি প্রশাসনিক এলাকা।,True
UPA_268,Upazila,Betagi,বেতাগী,DIST_35,বরগুনা,betagi.barguna.gov.bd,বেতাগী উপজেলা,https://bn.wikipedia.org/wiki/%E0%A6%AC%E0%A7%87%E0%A6%A4%E0%A6%BE%E0%A6%97%E0%A7%80%20%E0%A6%89%E0%A6%AA%E0%A6%9C%E0%A7%87%E0%A6%B2%E0%A6%BE,https://pub-d8ff02e059814132b7f971370e65283d.r2.dev/places/upazilas/betagi_upa_268.jpg,https://thumb.wikimedia.org/wikipedia/commons/thumb/7/78/%E0%A6%AC%E0%A6%BF%E0%A6%AC%E0%A6%BF_%E0%A6%9A%E0%A6%BF%E0%A6%A8%E0%A6%BF_%E0%A6%B6%E0%A6%BE%E0%A6%B9%E0%A7%80_%E0%A6%AE%E0%A6%B8%E0%A6%9C%E0%A6%BF%E0%A6%A6.jpg/960px-%E0%A6%AC%E0%A6%BF%E0%A6%AC%E0%A6%BF_%E0%A6%9A%E0%A6%BF%E0%A6%A8%E0%A6%BF_%E0%A6%B6%E0%A6%BE%E0%A6%B9%E0%A7%80_%E0%A6%AE%E0%A6%B8%E0%A6%9C%E0%A6%BF%E0%A6%A6.jpg?utm_source=bn.wikipedia.org&utm_campaign=api&utm_content=thumbnail,বেতাগী উপজেলা বাংলাদেশের বরগুনা জেলার একটি প্রশাসনিক এলাকা।,True
UPA_269,Upazila,Bamna,বামনা,DIST_35,বরগুনা,bamna.barguna.gov.bd,বামনা উপজেলা,https://bn.wikipedia.org/wiki/%E0%A6%AC%E0%A6%BE%E0%A6%AE%E0%A6%A8%E0%A6%BE%20%E0%A6%89%E0%A6%AA%E0%A6%9C%E0%A7%87%E0%A6%B2%E0%A6%BE,https://pub-d8ff02e059814132b7f971370e65283d.r2.dev/places/upazilas/bamna_upa_269.jpg,https://thumb.wikimedia.org/wikipedia/commons/thumb/8/83/Bamna_in_Barisal_division_%28Bangladesh%29.svg/960px-Bamna_in_Barisal_division_%28Bangladesh%29.svg.png?utm_source=bn.wikipedia.org&utm_campaign=api&utm_content=thumbnail,বামনা উপজেলা বাংলাদেশের বরগুনা জেলার অন্তর্গত একটি প্রশাসনিক  এলাকা।,True
UPA_270,Upazila,Pathorghata,পাথরঘাটা,DIST_35,বরগুনা,pathorghata.barguna.gov.bd,পাথরঘাটা উপজেলা,https://bn.wikipedia.org/wiki/%E0%A6%AA%E0%A6%BE%E0%A6%A5%E0%A6%B0%E0%A6%98%E0%A6%BE%E0%A6%9F%E0%A6%BE%20%E0%A6%89%E0%A6%AA%E0%A6%9C%E0%A7%87%E0%A6%B2%E0%A6%BE,https://pub-d8ff02e059814132b7f971370e65283d.r2.dev/places/upazilas/pathorghata_upa_270.jpg,https://thumb.wikimedia.org/wikipedia/commons/thumb/7/70/%E0%A6%AA%E0%A6%BE%E0%A6%A5%E0%A6%B0%E0%A6%98%E0%A6%BE%E0%A6%9F%E0%A6%BE%E0%A6%B0_%E0%A6%AA%E0%A7%8D%E0%A6%B0%E0%A6%95%E0%A7%83%E0%A6%A4%E0%A6%BF.jpg/960px-%E0%A6%AA%E0%A6%BE%E0%A6%A5%E0%A6%B0%E0%A6%98%E0%A6%BE%E0%A6%9F%E0%A6%BE%E0%A6%B0_%E0%A6%AA%E0%A7%8D%E0%A6%B0%E0%A6%95%E0%A7%83%E0%A6%A4%E0%A6%BF.jpg?utm_source=bn.wikipedia.org&utm_campaign=api&utm_content=thumbnail,"পাথরঘাটা উপজেলা বাংলাদেশের বরগুনা জেলার অন্তর্গত একটি উপকূলীয় উপজেলা যা ৭টি ইউনিয়ন নিয়ে গঠিত। এটি বরিশাল বিভাগের অধীন বরগুনা জেলার ৬টি উপজেলার মধ্যে একটি এবং বরগুনা জেলার সর্ব দক্ষিণে অবস্থিত। পাথরঘাটা উপজেলার উত্তরে বামনা উপজেলা ও পিরোজপুর জেলার মঠবাড়িয়া উপজেলা, দক্ষিণে বঙ্গোপসাগর, পূর্বে বরগুনা সদর উপজেলা ও বিষখালী নদী, পশ্চিমে বাগেরহাট জেলার শরণখোলা উপজেলা ও হরিণঘাটা নদী। ইতোমধ্যে উপজেলা টিকে বাংলাদেশ সরকার চর, দুর্গম ও উপকূলীয় অঞ্চল হিসেবে সরকারি রাজস্ব খাতে যুক্ত করেছেন। 
সুন্দরবন উচ্ছেদ করে গড়ে ওঠা এ উপজেলার আয়তন ৩৮৭.৩৬ বর্গকিলোমিটার।",True
UPA_271,Upazila,Taltali,তালতলি,DIST_35,বরগুনা,taltali.barguna.gov.bd,,,,,,False
UPA_272,Upazila,Balaganj,বালাগঞ্জ,DIST_36,সিলেট,balaganj.sylhet.gov.bd,বালাগঞ্জ উপজেলা,https://bn.wikipedia.org/wiki/%E0%A6%AC%E0%A6%BE%E0%A6%B2%E0%A6%BE%E0%A6%97%E0%A6%9E%E0%A7%8D%E0%A6%9C%20%E0%A6%89%E0%A6%AA%E0%A6%9C%E0%A7%87%E0%A6%B2%E0%A6%BE,https://pub-d8ff02e059814132b7f971370e65283d.r2.dev/places/upazilas/balaganj_upa_272.jpg,https://thumb.wikimedia.org/wikipedia/commons/thumb/5/5e/Balaganj_in_Sylhet_division_%28Bangladesh%29.svg/960px-Balaganj_in_Sylhet_division_%28Bangladesh%29.svg.png?utm_source=bn.wikipedia.org&utm_campaign=api&utm_content=thumbnail,বালাগঞ্জ বাংলাদেশের সিলেট জেলার অন্তর্গত একটি উপজেলা। বাংলাদেশের মুক্তিযুদ্ধের প্রধান সেনাপতি আতাউল গনি ওসমানীর পৈতৃক নিবাস বালাগঞ্জ উপজেলার দয়ামীর গ্রামে। তার পূর্বপুরুষরা কলকাতা থেকে এখানে এসেছিল,True
UPA_273,Upazila,Beanibazar,বিয়ানীবাজার,DIST_36,সিলেট,beanibazar.sylhet.gov.bd,বিয়ানীবাজার উপজেলা,https://bn.wikipedia.org/wiki/%E0%A6%AC%E0%A6%BF%E0%A6%AF%E0%A6%BC%E0%A6%BE%E0%A6%A8%E0%A7%80%E0%A6%AC%E0%A6%BE%E0%A6%9C%E0%A6%BE%E0%A6%B0%20%E0%A6%89%E0%A6%AA%E0%A6%9C%E0%A7%87%E0%A6%B2%E0%A6%BE,https://pub-d8ff02e059814132b7f971370e65283d.r2.dev/places/upazilas/beanibazar_upa_273.jpg,https://thumb.wikimedia.org/wikipedia/commons/thumb/7/7e/Beanibazar_in_Sylhet_division_%28Bangladesh%29.svg/960px-Beanibazar_in_Sylhet_division_%28Bangladesh%29.svg.png?utm_source=bn.wikipedia.org&utm_campaign=api&utm_content=thumbnail,বিয়ানীবাজার বাংলাদেশের সিলেট জেলার অন্তর্গত একটি উপজেলা। এটি একটি সীমান্তবর্তী উপজেলা।,True
UPA_274,Upazila,Bishwanath,বিশ্বনাথ,DIST_36,সিলেট,bishwanath.sylhet.gov.bd,বিশ্বনাথ উপজেলা,https://bn.wikipedia.org/wiki/%E0%A6%AC%E0%A6%BF%E0%A6%B6%E0%A7%8D%E0%A6%AC%E0%A6%A8%E0%A6%BE%E0%A6%A5%20%E0%A6%89%E0%A6%AA%E0%A6%9C%E0%A7%87%E0%A6%B2%E0%A6%BE,https://pub-d8ff02e059814132b7f971370e65283d.r2.dev/places/upazilas/bishwanath_upa_274.jpg,https://thumb.wikimedia.org/wikipedia/commons/thumb/6/6d/Bishwanath_in_Sylhet_division_%28Bangladesh%29.svg/960px-Bishwanath_in_Sylhet_division_%28Bangladesh%29.svg.png?utm_source=bn.wikipedia.org&utm_campaign=api&utm_content=thumbnail,বিশ্বনাথ বাংলাদেশের সিলেট জেলার অন্তর্গত একটি উপজেলা।,True
UPA_275,Upazila,Companiganj,কোম্পানীগঞ্জ,DIST_36,সিলেট,companiganj.sylhet.gov.bd,কোম্পানীগঞ্জ উপজেলা,https://bn.wikipedia.org/wiki/%E0%A6%95%E0%A7%8B%E0%A6%AE%E0%A7%8D%E0%A6%AA%E0%A6%BE%E0%A6%A8%E0%A7%80%E0%A6%97%E0%A6%9E%E0%A7%8D%E0%A6%9C%20%E0%A6%89%E0%A6%AA%E0%A6%9C%E0%A7%87%E0%A6%B2%E0%A6%BE,,,"কোম্পানীগঞ্জ উপজেলা নামে বাংলাদেশে দুইটি উপজেলা রয়েছে। যথা:

কোম্পানীগঞ্জ উপজেলা, সিলেট
কোম্পানীগঞ্জ উপজেলা, নোয়াখালী",True
UPA_276,Upazila,Fenchuganj,ফেঞ্চুগঞ্জ,DIST_36,সিলেট,fenchuganj.sylhet.gov.bd,ফেঞ্চুগঞ্জ উপজেলা,https://bn.wikipedia.org/wiki/%E0%A6%AB%E0%A7%87%E0%A6%9E%E0%A7%8D%E0%A6%9A%E0%A7%81%E0%A6%97%E0%A6%9E%E0%A7%8D%E0%A6%9C%20%E0%A6%89%E0%A6%AA%E0%A6%9C%E0%A7%87%E0%A6%B2%E0%A6%BE,https://pub-d8ff02e059814132b7f971370e65283d.r2.dev/places/upazilas/fenchuganj_upa_276.jpg,https://thumb.wikimedia.org/wikipedia/commons/thumb/d/de/Fenchuganj_in_Sylhet_division_%28Bangladesh%29.svg/960px-Fenchuganj_in_Sylhet_division_%28Bangladesh%29.svg.png?utm_source=bn.wikipedia.org&utm_campaign=api&utm_content=thumbnail,"ফেঞ্চুগঞ্জ  বাংলাদেশের সিলেট জেলার অন্তর্গত একটি উপজেলা। ফেঞ্চুগঞ্জ বাংলাদেশের সর্ববৃহৎ হাওর হাকালুকি ও কুশিয়ারা নদীর তীরে অবস্থিত। এই উপজেলার উত্তরে দক্ষিণ সুরমা উপজেলা ও গোলাপগঞ্জ উপজেলা, দক্ষিণে  মৌলভীবাজার জেলার রাজনগর উপজেলা ও কুলাউড়া উপজেলা, পূর্বে গোলাপগঞ্জ উপজেলা ও মৌলভীবাজার জেলার বড়লেখা উপজেলা, পশ্চিমে বালাগঞ্জ উপজেলা।",True
UPA_277,Upazila,Golapganj,গোলাপগঞ্জ,DIST_36,সিলেট,golapganj.sylhet.gov.bd,গোলাপগঞ্জ উপজেলা,https://bn.wikipedia.org/wiki/%E0%A6%97%E0%A7%8B%E0%A6%B2%E0%A6%BE%E0%A6%AA%E0%A6%97%E0%A6%9E%E0%A7%8D%E0%A6%9C%20%E0%A6%89%E0%A6%AA%E0%A6%9C%E0%A7%87%E0%A6%B2%E0%A6%BE,https://pub-d8ff02e059814132b7f971370e65283d.r2.dev/places/upazilas/golapganj_upa_277.jpg,https://thumb.wikimedia.org/wikipedia/commons/thumb/e/e7/Golapganj_in_Sylhet_division_%28Bangladesh%29.svg/960px-Golapganj_in_Sylhet_division_%28Bangladesh%29.svg.png?utm_source=bn.wikipedia.org&utm_campaign=api&utm_content=thumbnail,গোলাপগঞ্জ উপজেলা বাংলাদেশের সিলেট বিভাগের অধীনস্থ সিলেট জেলার অন্তর্গত একটি উপজেলা।,True
UPA_278,Upazila,Gowainghat,গোয়াইনঘাট,DIST_36,সিলেট,gowainghat.sylhet.gov.bd,গোয়াইনঘাট উপজেলা,https://bn.wikipedia.org/wiki/%E0%A6%97%E0%A7%8B%E0%A6%AF%E0%A6%BC%E0%A6%BE%E0%A6%87%E0%A6%A8%E0%A6%98%E0%A6%BE%E0%A6%9F%20%E0%A6%89%E0%A6%AA%E0%A6%9C%E0%A7%87%E0%A6%B2%E0%A6%BE,https://pub-d8ff02e059814132b7f971370e65283d.r2.dev/places/upazilas/gowainghat_upa_278.jpg,https://thumb.wikimedia.org/wikipedia/commons/thumb/7/7d/Gowainghat_in_Sylhet_division_%28Bangladesh%29.svg/960px-Gowainghat_in_Sylhet_division_%28Bangladesh%29.svg.png?utm_source=bn.wikipedia.org&utm_campaign=api&utm_content=thumbnail,গোয়াইনঘাট বাংলাদেশের সিলেট জেলার অন্তর্গত একটি উপজেলা।,True
UPA_279,Upazila,Jaintiapur,জৈন্তাপুর,DIST_36,সিলেট,jaintiapur.sylhet.gov.bd,জৈন্তাপুর উপজেলা,https://bn.wikipedia.org/wiki/%E0%A6%9C%E0%A7%88%E0%A6%A8%E0%A7%8D%E0%A6%A4%E0%A6%BE%E0%A6%AA%E0%A7%81%E0%A6%B0%20%E0%A6%89%E0%A6%AA%E0%A6%9C%E0%A7%87%E0%A6%B2%E0%A6%BE,https://pub-d8ff02e059814132b7f971370e65283d.r2.dev/places/upazilas/jaintiapur_upa_279.jpg,https://thumb.wikimedia.org/wikipedia/commons/thumb/e/e2/Jaintiapur_in_Sylhet_division_%28Bangladesh%29.svg/960px-Jaintiapur_in_Sylhet_division_%28Bangladesh%29.svg.png?utm_source=bn.wikipedia.org&utm_campaign=api&utm_content=thumbnail,জৈন্তাপুর উপজেলা বাংলাদেশের সিলেট জেলার একটি প্রশাসনিক এলাকা।,True
UPA_280,Upazila,Kanaighat,কানাইঘাট,DIST_36,সিলেট,kanaighat.sylhet.gov.bd,কানাইঘাট উপজেলা,https://bn.wikipedia.org/wiki/%E0%A6%95%E0%A6%BE%E0%A6%A8%E0%A6%BE%E0%A6%87%E0%A6%98%E0%A6%BE%E0%A6%9F%20%E0%A6%89%E0%A6%AA%E0%A6%9C%E0%A7%87%E0%A6%B2%E0%A6%BE,https://pub-d8ff02e059814132b7f971370e65283d.r2.dev/places/upazilas/kanaighat_upa_280.jpg,https://thumb.wikimedia.org/wikipedia/commons/thumb/3/32/Kanaighat_in_Sylhet_division_%28Bangladesh%29.svg/960px-Kanaighat_in_Sylhet_division_%28Bangladesh%29.svg.png?utm_source=bn.wikipedia.org&utm_campaign=api&utm_content=thumbnail,কানাইঘাট উপজেলা বাংলাদেশের সিলেট বিভাগের অধীনে সিলেট জেলার অন্তর্গত একটি উপজেলা।,True
UPA_281,Upazila,Sylhet Sadar,সিলেট সদর,DIST_36,সিলেট,sylhetsadar.sylhet.gov.bd,সিলেট সদর উপজেলা,https://bn.wikipedia.org/wiki/%E0%A6%B8%E0%A6%BF%E0%A6%B2%E0%A7%87%E0%A6%9F%20%E0%A6%B8%E0%A6%A6%E0%A6%B0%20%E0%A6%89%E0%A6%AA%E0%A6%9C%E0%A7%87%E0%A6%B2%E0%A6%BE,https://pub-d8ff02e059814132b7f971370e65283d.r2.dev/places/upazilas/sylhet_sadar_upa_281.jpg,https://thumb.wikimedia.org/wikipedia/commons/thumb/6/6a/Sylhet_Sadar_in_Sylhet_division_%28Bangladesh%29.svg/960px-Sylhet_Sadar_in_Sylhet_division_%28Bangladesh%29.svg.png?utm_source=bn.wikipedia.org&utm_campaign=api&utm_content=thumbnail,সিলেট সদর বাংলাদেশের সিলেট জেলার অন্তর্গত একটি উপজেলা।,True
UPA_282,Upazila,Zakiganj,জকিগঞ্জ,DIST_36,সিলেট,zakiganj.sylhet.gov.bd,জকিগঞ্জ উপজেলা,https://bn.wikipedia.org/wiki/%E0%A6%9C%E0%A6%95%E0%A6%BF%E0%A6%97%E0%A6%9E%E0%A7%8D%E0%A6%9C%20%E0%A6%89%E0%A6%AA%E0%A6%9C%E0%A7%87%E0%A6%B2%E0%A6%BE,https://pub-d8ff02e059814132b7f971370e65283d.r2.dev/places/upazilas/zakiganj_upa_282.jpg,https://thumb.wikimedia.org/wikipedia/commons/thumb/3/37/Zakiganj_in_Sylhet_division_%28Bangladesh%29.svg/960px-Zakiganj_in_Sylhet_division_%28Bangladesh%29.svg.png?utm_source=bn.wikipedia.org&utm_campaign=api&utm_content=thumbnail,জকিগঞ্জ বাংলাদেশের সিলেট জেলার অন্তর্গত একটি উপজেলা। এটি বাংলাদেশের উত্তর-পূর্ব কোনের সর্বশেষ উপজেলা।,True
UPA_283,Upazila,Dakshinsurma,দক্ষিণ সুরমা,DIST_36,সিলেট,dakshinsurma.sylhet.gov.bd,দক্ষিণ সুরমা উপজেলা,https://bn.wikipedia.org/wiki/%E0%A6%A6%E0%A6%95%E0%A7%8D%E0%A6%B7%E0%A6%BF%E0%A6%A3%20%E0%A6%B8%E0%A7%81%E0%A6%B0%E0%A6%AE%E0%A6%BE%20%E0%A6%89%E0%A6%AA%E0%A6%9C%E0%A7%87%E0%A6%B2%E0%A6%BE,https://pub-d8ff02e059814132b7f971370e65283d.r2.dev/places/upazilas/dakshinsurma_upa_283.jpg,https://thumb.wikimedia.org/wikipedia/commons/thumb/7/73/Dakshin_Surma_in_Sylhet_division_%28Bangladesh%29.svg/960px-Dakshin_Surma_in_Sylhet_division_%28Bangladesh%29.svg.png?utm_source=bn.wikipedia.org&utm_campaign=api&utm_content=thumbnail,"দক্ষিণ সুরমা উপজেলা বাংলাদেশের সিলেট জেলার একটি প্রশাসনিক এলাকা। এটি সিলেট জেলার নবীন উপজেলা; যা ২০০৫ সালের ২৯ জানুয়ারি তে অনুষ্ঠিত নিকার-এর ৯১ তম বৈঠকের নতুন প্রশাসনিক উপজেলা গঠনের সিদ্ধান্তের প্রেক্ষিতে গঠিত হয়। এখানে সিলেট বিভাগীয় কমিশনারের কার্যালয়, ডিআইজি সিলেট রেঞ্জ এর কার্যালয়, সিলেট শিক্ষা বোর্ড ভবন, কারিগরি মহিলা প্রশিক্ষণ কেন্দ্র সহ বিভাগীয় পর্যায়ের সরকারি সকল প্রতিষ্ঠানের দপ্তর অবস্থিত।",True
UPA_284,Upazila,Osmaninagar,ওসমানী নগর,DIST_36,সিলেট,osmaninagar.sylhet.gov.bd,ওসমানীনগর উপজেলা,https://bn.wikipedia.org/wiki/%E0%A6%93%E0%A6%B8%E0%A6%AE%E0%A6%BE%E0%A6%A8%E0%A7%80%E0%A6%A8%E0%A6%97%E0%A6%B0%20%E0%A6%89%E0%A6%AA%E0%A6%9C%E0%A7%87%E0%A6%B2%E0%A6%BE,https://pub-d8ff02e059814132b7f971370e65283d.r2.dev/places/upazilas/osmaninagar_upa_284.jpg,https://thumb.wikimedia.org/wikipedia/commons/thumb/0/0e/Osmani_Nagar_in_Sylhet_division_%28Bangladesh%29.svg/960px-Osmani_Nagar_in_Sylhet_division_%28Bangladesh%29.svg.png?utm_source=bn.wikipedia.org&utm_campaign=api&utm_content=thumbnail,"ওসমানী নগর উপজেলা, বাংলাদেশের সিলেট জেলার অন্তর্গত একটি উপজেলা। ২০১৪ সালের ২ জুন তারিখ প্রশাসনিক পুনর্বিন্যাস সংক্রান্ত জাতীয় বাস্তবায়ন কমিটি (নিকার) ১০৯তম সভায় এই উপজেলা গঠনের অনুমোদন দেয়া হয়।",True
UPA_285,Upazila,Barlekha,বড়লেখা,DIST_37,মৌলভীবাজার,barlekha.moulvibazar.gov.bd,বড়লেখা উপজেলা,https://bn.wikipedia.org/wiki/%E0%A6%AC%E0%A6%A1%E0%A6%BC%E0%A6%B2%E0%A7%87%E0%A6%96%E0%A6%BE%20%E0%A6%89%E0%A6%AA%E0%A6%9C%E0%A7%87%E0%A6%B2%E0%A6%BE,https://pub-d8ff02e059814132b7f971370e65283d.r2.dev/places/upazilas/barlekha_upa_285.jpg,https://thumb.wikimedia.org/wikipedia/commons/thumb/6/67/Barlekha_in_Sylhet_division_%28Bangladesh%29.svg/960px-Barlekha_in_Sylhet_division_%28Bangladesh%29.svg.png?utm_source=bn.wikipedia.org&utm_campaign=api&utm_content=thumbnail,"বড়লেখা উপজেলা বাংলাদেশের সিলেট বিভাগের অন্তর্ভুক্ত মৌলভীবাজার জেলার একটি প্রশাসনিক এলাকা। ১৯৪০ খ্রিষ্টাব্দে বড়লেখাকে একটি থানা হিসেবে ঘোষণা করা হয়, পরবর্তীতে তা উপজেলা হিসেবে পরিগণিত হয়।",True
UPA_286,Upazila,Kamolganj,কমলগঞ্জ,DIST_37,মৌলভীবাজার,kamolganj.moulvibazar.gov.bd,কমলগঞ্জ উপজেলা,https://bn.wikipedia.org/wiki/%E0%A6%95%E0%A6%AE%E0%A6%B2%E0%A6%97%E0%A6%9E%E0%A7%8D%E0%A6%9C%20%E0%A6%89%E0%A6%AA%E0%A6%9C%E0%A7%87%E0%A6%B2%E0%A6%BE,https://pub-d8ff02e059814132b7f971370e65283d.r2.dev/places/upazilas/kamolganj_upa_286.jpg,https://thumb.wikimedia.org/wikipedia/commons/thumb/3/37/Kamalganj_in_Sylhet_division_%28Bangladesh%29.svg/960px-Kamalganj_in_Sylhet_division_%28Bangladesh%29.svg.png?utm_source=bn.wikipedia.org&utm_campaign=api&utm_content=thumbnail,"কমলগঞ্জ উপজেলা বাংলাদেশের মৌলভীবাজার জেলার একটি প্রশাসনিক এলাকা। রাজধানী ঢাকা থেকে এর দূরত্ব প্রায় ২০০ কিলোমিটার। কমলগঞ্জ প্রাকৃতিক সৌন্দর্যের এক অপার লীলাভূমি। এখানে রয়েছে লাউয়াছড়া জাতীয় উদ্যান, হাম হাম জলপ্রপাত, মাধবপুর লেক, সিপাহী বীর শ্রেষ্ঠ হামিদুর রহমান এর স্মৃতিসৌধ, মণিপুরি গ্রাম, ক্যামেলিয়া চা বাগান, মো. কেরামত আলী জামে মসজিদ ও নয়নাভিরাম চা বাগান। প্রকৃতিপ্রেমীদের জন্য কমলগঞ্জ একটি চমৎকার জায়গা।",True
UPA_287,Upazila,Kulaura,কুলাউড়া,DIST_37,মৌলভীবাজার,kulaura.moulvibazar.gov.bd,কুলাউড়া উপজেলা,https://bn.wikipedia.org/wiki/%E0%A6%95%E0%A7%81%E0%A6%B2%E0%A6%BE%E0%A6%89%E0%A6%A1%E0%A6%BC%E0%A6%BE%20%E0%A6%89%E0%A6%AA%E0%A6%9C%E0%A7%87%E0%A6%B2%E0%A6%BE,https://pub-d8ff02e059814132b7f971370e65283d.r2.dev/places/upazilas/kulaura_upa_287.jpg,https://thumb.wikimedia.org/wikipedia/commons/thumb/9/9f/Kulaura_in_Sylhet_division_%28Bangladesh%29.svg/960px-Kulaura_in_Sylhet_division_%28Bangladesh%29.svg.png?utm_source=bn.wikipedia.org&utm_campaign=api&utm_content=thumbnail,কুলাউড়া উপজেলা বাংলাদেশের মৌলভীবাজার জেলার সবচেয়ে বড় উপজেলা এবং একটি প্রশাসনিক এলাকা। ১৯৮২ সালে কুলাউড়া উপজেলায় উন্নীত হয়।,True
UPA_288,Upazila,Moulvibazar Sadar,মৌলভীবাজার সদর,DIST_37,মৌলভীবাজার,moulvibazarsadar.moulvibazar.gov.bd,মৌলভীবাজার সদর উপজেলা,https://bn.wikipedia.org/wiki/%E0%A6%AE%E0%A7%8C%E0%A6%B2%E0%A6%AD%E0%A7%80%E0%A6%AC%E0%A6%BE%E0%A6%9C%E0%A6%BE%E0%A6%B0%20%E0%A6%B8%E0%A6%A6%E0%A6%B0%20%E0%A6%89%E0%A6%AA%E0%A6%9C%E0%A7%87%E0%A6%B2%E0%A6%BE,https://pub-d8ff02e059814132b7f971370e65283d.r2.dev/places/upazilas/moulvibazar_sadar_upa_288.jpg,https://thumb.wikimedia.org/wikipedia/commons/thumb/f/fd/Maulvibazar_Sadar_in_Sylhet_division_%28Bangladesh%29.svg/960px-Maulvibazar_Sadar_in_Sylhet_division_%28Bangladesh%29.svg.png?utm_source=bn.wikipedia.org&utm_campaign=api&utm_content=thumbnail,মৌলভীবাজার সদর উপজেলা বাংলাদেশের মৌলভীবাজার জেলার একটি প্রশাসনিক এলাকা।,True
UPA_289,Upazila,Rajnagar,রাজনগর,DIST_37,মৌলভীবাজার,rajnagar.moulvibazar.gov.bd,রাজনগর উপজেলা,https://bn.wikipedia.org/wiki/%E0%A6%B0%E0%A6%BE%E0%A6%9C%E0%A6%A8%E0%A6%97%E0%A6%B0%20%E0%A6%89%E0%A6%AA%E0%A6%9C%E0%A7%87%E0%A6%B2%E0%A6%BE,https://pub-d8ff02e059814132b7f971370e65283d.r2.dev/places/upazilas/rajnagar_upa_289.jpg,https://thumb.wikimedia.org/wikipedia/commons/thumb/3/3f/Rajnagar_in_Sylhet_division_%28Bangladesh%29.svg/960px-Rajnagar_in_Sylhet_division_%28Bangladesh%29.svg.png?utm_source=bn.wikipedia.org&utm_campaign=api&utm_content=thumbnail,"রাজনগর উপজেলা বাংলাদেশের মৌলভীবাজার জেলার একটি প্রশাসনিক এলাকা। রাজনগর সদর ইউনিয়ন হলো রাজনগর উপজেলার প্রাণকেন্দ্র। রাজনগরকে রাজার ভূমিও বলা হয়ে থাকে। একটি কথা এলাকায় বহুল প্রচলিত রাজার ভূমি রাজনগর, রাণী মোদের কমলা।",True
UPA_290,Upazila,Sreemangal,শ্রীমঙ্গল,DIST_37,মৌলভীবাজার,sreemangal.moulvibazar.gov.bd,শ্রীমঙ্গল উপজেলা,https://bn.wikipedia.org/wiki/%E0%A6%B6%E0%A7%8D%E0%A6%B0%E0%A7%80%E0%A6%AE%E0%A6%99%E0%A7%8D%E0%A6%97%E0%A6%B2%20%E0%A6%89%E0%A6%AA%E0%A6%9C%E0%A7%87%E0%A6%B2%E0%A6%BE,https://pub-d8ff02e059814132b7f971370e65283d.r2.dev/places/upazilas/sreemangal_upa_290.jpg,https://thumb.wikimedia.org/wikipedia/commons/thumb/1/1e/Sreemangal_tea_garden_2017-08-20.jpg/960px-Sreemangal_tea_garden_2017-08-20.jpg?utm_source=bn.wikipedia.org&utm_campaign=api&utm_content=thumbnail,"শ্রীমঙ্গল চায়ের রাজধানী নামে খ্যাত। এটি বাংলাদেশের উত্তর-পূর্ব প্রান্তে অবস্থিত একটি উপজেলা যা সিলেট বিভাগের মৌলভীবাজার জেলার দক্ষিণ-পশ্চিম প্রান্তের অন্তর্গত হাইল-হাওরের পাশে ৪২৫.১৫ বর্গকিলোমিটার এলাকাজুড়ে অবস্থান করছে। শ্রীমঙ্গল উপজেলার ৪৩.৩৪% জায়গা জুড়ে রয়েছে চা বাগান। ১৯৮১ সালের ১৮ জুলাই ৫২০ মিলিমিটার বৃষ্টিপাত রেকর্ড করা হয়েছিল শ্রীমঙ্গলে, যা দেশের সর্বোচ্চ বৃষ্টিপাতের রেকর্ড।
শ্রীমঙ্গলের ১৮৪.২৯ বর্গকিলোমিটার (৭১.১৫ বর্গমাইল) অঞ্চল অর্থাৎ ৪৩.৩৪% ই চা-বাগান অধ্যুষিত অঞ্চল। পাহাড়, রেইন ফরেস্ট, হাওর আর সবুজ চা বাগান রয়েছে এ অঞ্চলে।",True
UPA_291,Upazila,Juri,জুড়ী,DIST_37,মৌলভীবাজার,juri.moulvibazar.gov.bd,জুড়ী উপজেলা,https://bn.wikipedia.org/wiki/%E0%A6%9C%E0%A7%81%E0%A6%A1%E0%A6%BC%E0%A7%80%20%E0%A6%89%E0%A6%AA%E0%A6%9C%E0%A7%87%E0%A6%B2%E0%A6%BE,https://pub-d8ff02e059814132b7f971370e65283d.r2.dev/places/upazilas/juri_upa_291.jpg,https://thumb.wikimedia.org/wikipedia/commons/thumb/2/27/Juri_in_Sylhet_division_%28Bangladesh%29.svg/960px-Juri_in_Sylhet_division_%28Bangladesh%29.svg.png?utm_source=bn.wikipedia.org&utm_campaign=api&utm_content=thumbnail,জুড়ী উপজেলা বাংলাদেশের মৌলভীবাজার জেলার একটি প্রশাসনিক এলাকা। বাংলাদেশ সরকারের প্রশাসনিক পুনর্বিন্যাস সংক্রান্ত জাতীয় বাস্তবায়ন কমিটি (নিকা)-র ৯০তম বৈঠকের মাধ্যমে বাংলাদেশের ৪৭১তম প্রশাসনিক উপজেলা হিসেবে জুড়ীর আত্মপ্রকাশ ঘটে ২৬ আগস্ট ২০০৪ খ্রিঃ। এটি বিভাগীয় শহর সিলেট হতে ৪৮ কিলোমিটার দূরে অবস্থিত।,True
UPA_292,Upazila,Nabiganj,নবীগঞ্জ,DIST_38,হবিগঞ্জ,nabiganj.habiganj.gov.bd,নবীগঞ্জ উপজেলা,https://bn.wikipedia.org/wiki/%E0%A6%A8%E0%A6%AC%E0%A7%80%E0%A6%97%E0%A6%9E%E0%A7%8D%E0%A6%9C%20%E0%A6%89%E0%A6%AA%E0%A6%9C%E0%A7%87%E0%A6%B2%E0%A6%BE,https://pub-d8ff02e059814132b7f971370e65283d.r2.dev/places/upazilas/nabiganj_upa_292.jpg,https://thumb.wikimedia.org/wikipedia/commons/thumb/2/23/Nabiganj_in_Sylhet_division_%28Bangladesh%29.svg/960px-Nabiganj_in_Sylhet_division_%28Bangladesh%29.svg.png?utm_source=bn.wikipedia.org&utm_campaign=api&utm_content=thumbnail,নবীগঞ্জ উপজেলা বাংলাদেশের হবিগঞ্জ জেলার একটি প্রশাসনিক এলাকা।,True
UPA_293,Upazila,Bahubal,বাহুবল,DIST_38,হবিগঞ্জ,bahubal.habiganj.gov.bd,বাহুবল উপজেলা,https://bn.wikipedia.org/wiki/%E0%A6%AC%E0%A6%BE%E0%A6%B9%E0%A7%81%E0%A6%AC%E0%A6%B2%20%E0%A6%89%E0%A6%AA%E0%A6%9C%E0%A7%87%E0%A6%B2%E0%A6%BE,https://pub-d8ff02e059814132b7f971370e65283d.r2.dev/places/upazilas/bahubal_upa_293.jpg,https://thumb.wikimedia.org/wikipedia/commons/thumb/e/e2/Bahubal_in_Sylhet_division_%28Bangladesh%29.svg/960px-Bahubal_in_Sylhet_division_%28Bangladesh%29.svg.png?utm_source=bn.wikipedia.org&utm_campaign=api&utm_content=thumbnail,বাহুবল উপজেলা বাংলাদেশের হবিগঞ্জ জেলার একটি প্রশাসনিক এলাকা।,True
UPA_294,Upazila,Ajmiriganj,আজমিরীগঞ্জ,DIST_38,হবিগঞ্জ,ajmiriganj.habiganj.gov.bd,আজমিরীগঞ্জ উপজেলা,https://bn.wikipedia.org/wiki/%E0%A6%86%E0%A6%9C%E0%A6%AE%E0%A6%BF%E0%A6%B0%E0%A7%80%E0%A6%97%E0%A6%9E%E0%A7%8D%E0%A6%9C%20%E0%A6%89%E0%A6%AA%E0%A6%9C%E0%A7%87%E0%A6%B2%E0%A6%BE,https://pub-d8ff02e059814132b7f971370e65283d.r2.dev/places/upazilas/ajmiriganj_upa_294.jpg,https://thumb.wikimedia.org/wikipedia/commons/thumb/7/7d/Ajmiriganj_in_Sylhet_division_%28Bangladesh%29.svg/960px-Ajmiriganj_in_Sylhet_division_%28Bangladesh%29.svg.png?utm_source=bn.wikipedia.org&utm_campaign=api&utm_content=thumbnail,আজমিরীগঞ্জ উপজেলা বাংলাদেশের সিলেট বিভাগের হবিগঞ্জ জেলার একটি প্রশাসনিক এলাকা। এই উপজেলা হবিগঞ্জ জেলার উত্তর-পশ্চিমাঞ্চলে অবস্থিত।,True
UPA_295,Upazila,Baniachong,বানিয়াচং,DIST_38,হবিগঞ্জ,baniachong.habiganj.gov.bd,বানিয়াচং উপজেলা,https://bn.wikipedia.org/wiki/%E0%A6%AC%E0%A6%BE%E0%A6%A8%E0%A6%BF%E0%A6%AF%E0%A6%BC%E0%A6%BE%E0%A6%9A%E0%A6%82%20%E0%A6%89%E0%A6%AA%E0%A6%9C%E0%A7%87%E0%A6%B2%E0%A6%BE,https://pub-d8ff02e059814132b7f971370e65283d.r2.dev/places/upazilas/baniachong_upa_295.jpg,https://thumb.wikimedia.org/wikipedia/commons/thumb/1/1e/Baniachong_in_Sylhet_division_%28Bangladesh%29.svg/960px-Baniachong_in_Sylhet_division_%28Bangladesh%29.svg.png?utm_source=bn.wikipedia.org&utm_campaign=api&utm_content=thumbnail,বানিয়াচং উপজেলা বাংলাদেশের হবিগঞ্জ জেলার একটি উপজেলা। এই উপজেলার নামকরণ করা হয়েছে বানিয়াচং গ্রামের নামে যা বিশ্বের সবচেয়ে বৃহত্তম ও জনবহুল গ্রাম। এ উপজেলায় ১৫ টি ইউনিয়ন রয়েছে যার ভেতর ৪ টি ইউনিয়নই গঠিত বানিয়াচং গ্রামের বিভিন্ন অংশ নিয়ে। সাধারণত কয়েকটি গ্রাম নিয়ে একটি ইউনিয়ন গঠিত হলেও বানিয়াচং এর ক্ষত্রে ভিন্নতা দেখা যায়। এই গ্রামটি এতোটাই বড়ো যে এক গ্রামেই ৪ টি ইউনিয়ন গঠিত হয়েছে। এটি বাংলাদেশের হবিগঞ্জ জেলার একটি প্রশাসনিক এলাকা।,True
UPA_296,Upazila,Lakhai,লাখাই,DIST_38,হবিগঞ্জ,lakhai.habiganj.gov.bd,লাখাই উপজেলা,https://bn.wikipedia.org/wiki/%E0%A6%B2%E0%A6%BE%E0%A6%96%E0%A6%BE%E0%A6%87%20%E0%A6%89%E0%A6%AA%E0%A6%9C%E0%A7%87%E0%A6%B2%E0%A6%BE,https://pub-d8ff02e059814132b7f971370e65283d.r2.dev/places/upazilas/lakhai_upa_296.jpg,https://thumb.wikimedia.org/wikipedia/commons/thumb/d/dd/%E0%A6%B2%E0%A6%BE%E0%A6%96%E0%A6%BE%E0%A6%87_%E0%A6%89%E0%A6%AA%E0%A6%9C%E0%A7%87%E0%A6%B2%E0%A6%BE%E0%A6%B0_%E0%A6%AE%E0%A6%BE%E0%A6%A8%E0%A6%9A%E0%A6%BF%E0%A6%A4%E0%A7%8D%E0%A6%B0.svg/960px-%E0%A6%B2%E0%A6%BE%E0%A6%96%E0%A6%BE%E0%A6%87_%E0%A6%89%E0%A6%AA%E0%A6%9C%E0%A7%87%E0%A6%B2%E0%A6%BE%E0%A6%B0_%E0%A6%AE%E0%A6%BE%E0%A6%A8%E0%A6%9A%E0%A6%BF%E0%A6%A4%E0%A7%8D%E0%A6%B0.svg.png?utm_source=bn.wikipedia.org&utm_campaign=api&utm_content=thumbnail,লাখাই উপজেলা বাংলাদেশের হবিগঞ্জ জেলার একটি প্রশাসনিক এলাকা।,True
UPA_297,Upazila,Chunarughat,চুনারুঘাট,DIST_38,হবিগঞ্জ,chunarughat.habiganj.gov.bd,চুনারুঘাট উপজেলা,https://bn.wikipedia.org/wiki/%E0%A6%9A%E0%A7%81%E0%A6%A8%E0%A6%BE%E0%A6%B0%E0%A7%81%E0%A6%98%E0%A6%BE%E0%A6%9F%20%E0%A6%89%E0%A6%AA%E0%A6%9C%E0%A7%87%E0%A6%B2%E0%A6%BE,https://pub-d8ff02e059814132b7f971370e65283d.r2.dev/places/upazilas/chunarughat_upa_297.jpg,https://thumb.wikimedia.org/wikipedia/commons/thumb/7/77/Chunarughat_in_Sylhet_division_%28Bangladesh%29.svg/960px-Chunarughat_in_Sylhet_division_%28Bangladesh%29.svg.png?utm_source=bn.wikipedia.org&utm_campaign=api&utm_content=thumbnail,"চুনারুঘাট উপজেলা বাংলাদেশের হবিগঞ্জ জেলার একটি প্রশাসনিক এলাকা। চুনারুঘাটের প্রাচীন নাম ছিল 'তরফ'। তরফ রাজ্য নামেই বহুকাল আগে ডাকা হতো চুনারুঘাটকে। ধীরে ধীরে নাম পরিবর্তন হয়ে এখন চুনারুঘাট নামেই পরিচিত। ব্যবসায়িক কারণে  ত্রিপুরা রাজ্যের বণিকরা তরফ রাজ্যে চুনাপাথর নিয়ে আসতেন (খোয়াই) নদীপথে। প্রচুর চুনাপাথর এই অঞ্চলে আসত। ব্যবসায়ীগণ এখানে এসে চুনাপাথর ক্রয়-বিক্রয় করতেন।  যারা চুন তৈরী করেন তাদের ডাকা হয় চুনারু । প্রথমে লোকে বলত চুনারু-আট বা চুনারুহাট, বর্তমানে বই বা পত্রিকাতে চুনারুঘাট লিখলেও গ্রামীণ জনগণ চুনাআট বা চুনারঘাট নামেই ডাকেন। কালক্রমে এটি হয়ে ওঠে ঐতিহ্যবাহী জনপদ চুনারুঘাট।",True
UPA_298,Upazila,Habiganj Sadar,হবিগঞ্জ সদর,DIST_38,হবিগঞ্জ,habiganjsadar.habiganj.gov.bd,হবিগঞ্জ সদর উপজেলা,https://bn.wikipedia.org/wiki/%E0%A6%B9%E0%A6%AC%E0%A6%BF%E0%A6%97%E0%A6%9E%E0%A7%8D%E0%A6%9C%20%E0%A6%B8%E0%A6%A6%E0%A6%B0%20%E0%A6%89%E0%A6%AA%E0%A6%9C%E0%A7%87%E0%A6%B2%E0%A6%BE,https://pub-d8ff02e059814132b7f971370e65283d.r2.dev/places/upazilas/habiganj_sadar_upa_298.jpg,https://thumb.wikimedia.org/wikipedia/commons/thumb/e/e3/Habiganj_Sadar_in_Sylhet_division_%28Bangladesh%29.svg/960px-Habiganj_Sadar_in_Sylhet_division_%28Bangladesh%29.svg.png?utm_source=bn.wikipedia.org&utm_campaign=api&utm_content=thumbnail,হবিগঞ্জ সদর উপজেলা বাংলাদেশের হবিগঞ্জ জেলার একটি প্রশাসনিক এলাকা।,True
UPA_299,Upazila,Madhabpur,মাধবপুর,DIST_38,হবিগঞ্জ,madhabpur.habiganj.gov.bd,মাধবপুর উপজেলা,https://bn.wikipedia.org/wiki/%E0%A6%AE%E0%A6%BE%E0%A6%A7%E0%A6%AC%E0%A6%AA%E0%A7%81%E0%A6%B0%20%E0%A6%89%E0%A6%AA%E0%A6%9C%E0%A7%87%E0%A6%B2%E0%A6%BE,https://pub-d8ff02e059814132b7f971370e65283d.r2.dev/places/upazilas/madhabpur_upa_299.jpg,https://thumb.wikimedia.org/wikipedia/commons/thumb/3/34/Madhabpur_in_Sylhet_division_%28Bangladesh%29.svg/960px-Madhabpur_in_Sylhet_division_%28Bangladesh%29.svg.png?utm_source=bn.wikipedia.org&utm_campaign=api&utm_content=thumbnail,মাধবপুর উপজেলা বাংলাদেশের হবিগঞ্জ জেলার একটি প্রশাসনিক এলাকা। সোনাই নদীর তীরে অবস্থিত মাধবপুর উপজেলাটি মুক্তিযুদ্ধের অন্যতম পীঠস্থান; এখানেই স্বাধীনতা যুদ্ধের সাংগঠনিক কাঠামো সম্পর্কিত প্রথম বৈঠকটি অনুষ্ঠিত হয় এবং এর ফলশ্রুতিতে সমগ্র বাংলাদেশকে ১১টি সেক্টর ও ৩টি ব্রিগেড ফোর্সে বিভক্ত করে সূচিত হয় আনুষ্ঠানিক প্রতিরোধ যুদ্ধের।,True
UPA_300,Upazila,Sunamganj Sadar,সুনামগঞ্জ সদর,DIST_39,সুনামগঞ্জ,sadar.sunamganj.gov.bd,সুনামগঞ্জ সদর উপজেলা,https://bn.wikipedia.org/wiki/%E0%A6%B8%E0%A7%81%E0%A6%A8%E0%A6%BE%E0%A6%AE%E0%A6%97%E0%A6%9E%E0%A7%8D%E0%A6%9C%20%E0%A6%B8%E0%A6%A6%E0%A6%B0%20%E0%A6%89%E0%A6%AA%E0%A6%9C%E0%A7%87%E0%A6%B2%E0%A6%BE,https://pub-d8ff02e059814132b7f971370e65283d.r2.dev/places/upazilas/sunamganj_sadar_upa_300.jpg,https://thumb.wikimedia.org/wikipedia/commons/thumb/2/27/Sunamganj_Sadar_in_Sylhet_division_%28Bangladesh%29.svg/960px-Sunamganj_Sadar_in_Sylhet_division_%28Bangladesh%29.svg.png?utm_source=bn.wikipedia.org&utm_campaign=api&utm_content=thumbnail,সুনামগঞ্জ সদর বাংলাদেশ এর সুনামগঞ্জ জেলার অন্তর্গত একটি উপজেলা।,True
UPA_301,Upazila,South Sunamganj,দক্ষিণ সুনামগঞ্জ,DIST_39,সুনামগঞ্জ,southsunamganj.sunamganj.gov.bd,শান্তিগঞ্জ উপজেলা,https://bn.wikipedia.org/wiki/%E0%A6%B6%E0%A6%BE%E0%A6%A8%E0%A7%8D%E0%A6%A4%E0%A6%BF%E0%A6%97%E0%A6%9E%E0%A7%8D%E0%A6%9C%20%E0%A6%89%E0%A6%AA%E0%A6%9C%E0%A7%87%E0%A6%B2%E0%A6%BE,https://pub-d8ff02e059814132b7f971370e65283d.r2.dev/places/upazilas/south_sunamganj_upa_301.jpg,https://thumb.wikimedia.org/wikipedia/commons/thumb/e/e2/Shantiganj_in_Sylhet_division_%28Bangladesh%29.svg/960px-Shantiganj_in_Sylhet_division_%28Bangladesh%29.svg.png?utm_source=bn.wikipedia.org&utm_campaign=api&utm_content=thumbnail,"শান্তিগঞ্জ উপজেলা বাংলাদেশের সুনামগঞ্জ জেলার অন্তর্গত একটি উপজেলা। বাংলাদেশ সরকার কর্তৃক ২৭ জুলাই ২০০৬ তারিখে প্রকাশিত বাংলাদেশ গেজেটে সুনামগঞ্জ সদর উপজেলার ৮টি ইউনিয়ন নিয়ে “দক্ষিণ সুনামগঞ্জ উপজেলা” নামক উপজেলা ঘোষণা করা হয়, এর ফলে ১৮ মে ২০০৮ তারিখ থেকে এ উপজেলাটি নবসৃষ্ট উপজেলা হিসেবে কার্যক্রম শুরু করে। ২০২১ সালের ২৬ জুলাই এ উপজেলার নাম পরিবর্তন করে “শান্তিগঞ্জ উপজেলা” রাখা হয়।",True
UPA_302,Upazila,Bishwambarpur,বিশ্বম্ভরপুর,DIST_39,সুনামগঞ্জ,bishwambarpur.sunamganj.gov.bd,বিশ্বম্ভরপুর উপজেলা,https://bn.wikipedia.org/wiki/%E0%A6%AC%E0%A6%BF%E0%A6%B6%E0%A7%8D%E0%A6%AC%E0%A6%AE%E0%A7%8D%E0%A6%AD%E0%A6%B0%E0%A6%AA%E0%A7%81%E0%A6%B0%20%E0%A6%89%E0%A6%AA%E0%A6%9C%E0%A7%87%E0%A6%B2%E0%A6%BE,https://pub-d8ff02e059814132b7f971370e65283d.r2.dev/places/upazilas/bishwambarpur_upa_302.jpg,https://thumb.wikimedia.org/wikipedia/commons/thumb/a/ac/Bishwamvarpur_in_Sylhet_division_%28Bangladesh%29.svg/960px-Bishwamvarpur_in_Sylhet_division_%28Bangladesh%29.svg.png?utm_source=bn.wikipedia.org&utm_campaign=api&utm_content=thumbnail,বিশ্বম্ভরপুর বাংলাদেশের সুনামগঞ্জ জেলার অন্তর্গত একটি উপজেলা। ১৯৭৯ সালে বিশ্বম্ভরপুর থানা গঠিত হয় এবং পরবর্তীতে ১৯৮৩ সালে এটিকে উপজেলায় রূপান্তর করা হয়।,True
UPA_303,Upazila,Chhatak,ছাতক,DIST_39,সুনামগঞ্জ,chhatak.sunamganj.gov.bd,ছাতক উপজেলা,https://bn.wikipedia.org/wiki/%E0%A6%9B%E0%A6%BE%E0%A6%A4%E0%A6%95%20%E0%A6%89%E0%A6%AA%E0%A6%9C%E0%A7%87%E0%A6%B2%E0%A6%BE,https://pub-d8ff02e059814132b7f971370e65283d.r2.dev/places/upazilas/chhatak_upa_303.jpg,https://thumb.wikimedia.org/wikipedia/commons/thumb/1/19/Chhatak_in_Sylhet_division_%28Bangladesh%29.svg/960px-Chhatak_in_Sylhet_division_%28Bangladesh%29.svg.png?utm_source=bn.wikipedia.org&utm_campaign=api&utm_content=thumbnail,ছাতক বাংলাদেশের সিলেট বিভাগের সুনামগঞ্জ জেলার অন্তর্গত একটি উপজেলা। এটি সুনামগঞ্জের শিল্পনগরী হিসাবে পরিচিত। ব্রিটিশ আমল থেকে এখানে ব্যাবসা বাণিজ্যের প্রসার ঘটে। যোগাযোগের দিক থেকে ছাতক উপজেলা সিলেট ও সুনামগঞ্জ শহরের কাছাকাছি।,True
UPA_304,Upazila,Jagannathpur,জগন্নাথপুর,DIST_39,সুনামগঞ্জ,jagannathpur.sunamganj.gov.bd,জগন্নাথপুর উপজেলা,https://bn.wikipedia.org/wiki/%E0%A6%9C%E0%A6%97%E0%A6%A8%E0%A7%8D%E0%A6%A8%E0%A6%BE%E0%A6%A5%E0%A6%AA%E0%A7%81%E0%A6%B0%20%E0%A6%89%E0%A6%AA%E0%A6%9C%E0%A7%87%E0%A6%B2%E0%A6%BE,https://pub-d8ff02e059814132b7f971370e65283d.r2.dev/places/upazilas/jagannathpur_upa_304.jpg,https://thumb.wikimedia.org/wikipedia/commons/thumb/f/f5/Jagannathpur_in_Sylhet_division_%28Bangladesh%29.svg/960px-Jagannathpur_in_Sylhet_division_%28Bangladesh%29.svg.png?utm_source=bn.wikipedia.org&utm_campaign=api&utm_content=thumbnail,"জগন্নাথপুর বাংলাদেশের সিলেট বিভাগের সুনামগঞ্জ জেলার অন্তর্গত একটি উপজেলা। এর উত্তরে ছাতক ও শান্তিগঞ্জ, পূর্বে বিশ্বনাথ ও ওসমানীনগর, পশ্চিমে দিরাই এবং দক্ষিণে নবীগঞ্জ অবস্থিত ।এটি সিলেট বিভাগের মধ্যে অন্যতম একটি প্রবাসী অধ্যুষিত উপজেলা। এই উপজেলার সিংহভাগ মানুষ যুক্তরাজ্য প্রবাসী।",True
UPA_305,Upazila,Dowarabazar,দোয়ারাবাজার,DIST_39,সুনামগঞ্জ,dowarabazar.sunamganj.gov.bd,দোয়ারাবাজার উপজেলা,https://bn.wikipedia.org/wiki/%E0%A6%A6%E0%A7%8B%E0%A6%AF%E0%A6%BC%E0%A6%BE%E0%A6%B0%E0%A6%BE%E0%A6%AC%E0%A6%BE%E0%A6%9C%E0%A6%BE%E0%A6%B0%20%E0%A6%89%E0%A6%AA%E0%A6%9C%E0%A7%87%E0%A6%B2%E0%A6%BE,https://pub-d8ff02e059814132b7f971370e65283d.r2.dev/places/upazilas/dowarabazar_upa_305.jpg,https://thumb.wikimedia.org/wikipedia/commons/thumb/8/84/Dowarabazar_in_Sylhet_division_%28Bangladesh%29.svg/960px-Dowarabazar_in_Sylhet_division_%28Bangladesh%29.svg.png?utm_source=bn.wikipedia.org&utm_campaign=api&utm_content=thumbnail,দোয়ারাবাজার বাংলাদেশের সুনামগঞ্জ জেলার অন্তর্গত একটি উপজেলা।,True
UPA_306,Upazila,Tahirpur,তাহিরপুর,DIST_39,সুনামগঞ্জ,tahirpur.sunamganj.gov.bd,তাহিরপুর উপজেলা,https://bn.wikipedia.org/wiki/%E0%A6%A4%E0%A6%BE%E0%A6%B9%E0%A6%BF%E0%A6%B0%E0%A6%AA%E0%A7%81%E0%A6%B0%20%E0%A6%89%E0%A6%AA%E0%A6%9C%E0%A7%87%E0%A6%B2%E0%A6%BE,https://pub-d8ff02e059814132b7f971370e65283d.r2.dev/places/upazilas/tahirpur_upa_306.jpg,https://thumb.wikimedia.org/wikipedia/commons/thumb/c/c7/Tahirpur_in_Sylhet_division_%28Bangladesh%29.svg/960px-Tahirpur_in_Sylhet_division_%28Bangladesh%29.svg.png?utm_source=bn.wikipedia.org&utm_campaign=api&utm_content=thumbnail,তাহিরপুর বাংলাদেশের সুনামগঞ্জ জেলার অন্তর্গত একটি উপজেলা। খাসিয়া জৈন্তা পাহাড়ের পাদদেশে অবস্থিত লাউড়ের পাহাড়ের নামানুসারে পৌরাণিক যুগের লাউড় রাজ্যের কালের সাক্ষি এই তাহিরপুর উপজেলা । তাহির পুর উপজেলায় অবস্থিত শনির হাওর ও মাটিয়ানি হাওর যা টাঙ্গুয়ার হাওর সংলগ্ন। যাহা বাংলাদেশের নির্বাচনী এলাকাঃ ২২৪ সুনামগঞ্জ -০১ এ অবস্থিত ।,True
UPA_307,Upazila,Dharmapasha,ধর্মপাশা,DIST_39,সুনামগঞ্জ,dharmapasha.sunamganj.gov.bd,ধর্মপাশা উপজেলা,https://bn.wikipedia.org/wiki/%E0%A6%A7%E0%A6%B0%E0%A7%8D%E0%A6%AE%E0%A6%AA%E0%A6%BE%E0%A6%B6%E0%A6%BE%20%E0%A6%89%E0%A6%AA%E0%A6%9C%E0%A7%87%E0%A6%B2%E0%A6%BE,https://pub-d8ff02e059814132b7f971370e65283d.r2.dev/places/upazilas/dharmapasha_upa_307.jpg,https://thumb.wikimedia.org/wikipedia/commons/thumb/0/01/Baulai_River.jpg/960px-Baulai_River.jpg?utm_source=bn.wikipedia.org&utm_campaign=api&utm_content=thumbnail,ধর্মপাশা বাংলাদেশের সুনামগঞ্জ জেলার অন্তর্গত একটি উপজেলা।,True
UPA_308,Upazila,Jamalganj,জামালগঞ্জ,DIST_39,সুনামগঞ্জ,jamalganj.sunamganj.gov.bd,জামালগঞ্জ উপজেলা,https://bn.wikipedia.org/wiki/%E0%A6%9C%E0%A6%BE%E0%A6%AE%E0%A6%BE%E0%A6%B2%E0%A6%97%E0%A6%9E%E0%A7%8D%E0%A6%9C%20%E0%A6%89%E0%A6%AA%E0%A6%9C%E0%A7%87%E0%A6%B2%E0%A6%BE,https://pub-d8ff02e059814132b7f971370e65283d.r2.dev/places/upazilas/jamalganj_upa_308.jpg,https://thumb.wikimedia.org/wikipedia/commons/thumb/7/72/BD_Surma_6.jpg/960px-BD_Surma_6.jpg?utm_source=bn.wikipedia.org&utm_campaign=api&utm_content=thumbnail,জামালগঞ্জ উপজেলা বাংলাদেশের সুনামগঞ্জ জেলার অন্তর্গত একটি উপজেলা। ১৮ ই এপ্রিল ১৯৮৩ খ্রি. তারিখে জামালগঞ্জ থানা থেকে উপজেলাতে উন্নীত হয়।,True
UPA_309,Upazila,Shalla,শাল্লা,DIST_39,সুনামগঞ্জ,shalla.sunamganj.gov.bd,শাল্লা উপজেলা,https://bn.wikipedia.org/wiki/%E0%A6%B6%E0%A6%BE%E0%A6%B2%E0%A7%8D%E0%A6%B2%E0%A6%BE%20%E0%A6%89%E0%A6%AA%E0%A6%9C%E0%A7%87%E0%A6%B2%E0%A6%BE,https://pub-d8ff02e059814132b7f971370e65283d.r2.dev/places/upazilas/shalla_upa_309.jpg,https://thumb.wikimedia.org/wikipedia/commons/thumb/f/fc/Sulla_in_Sylhet_division_%28Bangladesh%29.svg/960px-Sulla_in_Sylhet_division_%28Bangladesh%29.svg.png?utm_source=bn.wikipedia.org&utm_campaign=api&utm_content=thumbnail,শাল্লা বাংলাদেশের সুনামগঞ্জ জেলার অন্তর্গত একটি উপজেলা।,True
UPA_310,Upazila,Derai,দিরাই,DIST_39,সুনামগঞ্জ,derai.sunamganj.gov.bd,দিরাই উপজেলা,https://bn.wikipedia.org/wiki/%E0%A6%A6%E0%A6%BF%E0%A6%B0%E0%A6%BE%E0%A6%87%20%E0%A6%89%E0%A6%AA%E0%A6%9C%E0%A7%87%E0%A6%B2%E0%A6%BE,https://pub-d8ff02e059814132b7f971370e65283d.r2.dev/places/upazilas/derai_upa_310.jpg,https://thumb.wikimedia.org/wikipedia/commons/thumb/5/5a/Derai_in_Sylhet_division_%28Bangladesh%29.svg/960px-Derai_in_Sylhet_division_%28Bangladesh%29.svg.png?utm_source=bn.wikipedia.org&utm_campaign=api&utm_content=thumbnail,"দিরাই বাংলাদেশের সিলেট বিভাগের সুনামগঞ্জ জেলার অন্তর্গত একটি উপজেলা। দিরাই অঞ্চলে বয়ে গেছে কালনী নদী ও সুরমা নদী। এই অঞ্চলটি সুনামগঞ্জের ভাটি অঞ্চল নামেও পরিচিত।
দিরাই উপজেলা ২৪°৩৯' থেকে ২৪°৫৩' উত্তর অক্ষাংশ এবং  ৯১°১০' থেকে ৯১°২৮'পূর্ব দ্রাঘিমাংশের মধ্যে অবস্থিত। এর আয়তন ৪২০.৯৩ বর্গ কিলোমিটার। সুনামগঞ্জ জেলার দক্ষিণ-পশ্চিম অংশে প্রায় ৪২০.৯৩ বর্গ কি.মি. এলাকা জুড়ে উপজেলাটি বিস্তৃত।",True
UPA_311,Upazila,Belabo,বেলাবো,DIST_40,নরসিংদী,belabo.narsingdi.gov.bd,বেলাবো উপজেলা,https://bn.wikipedia.org/wiki/%E0%A6%AC%E0%A7%87%E0%A6%B2%E0%A6%BE%E0%A6%AC%E0%A7%8B%20%E0%A6%89%E0%A6%AA%E0%A6%9C%E0%A7%87%E0%A6%B2%E0%A6%BE,https://pub-d8ff02e059814132b7f971370e65283d.r2.dev/places/upazilas/belabo_upa_311.jpg,https://thumb.wikimedia.org/wikipedia/commons/thumb/3/3f/Belabo_in_Dhaka_division_%28Bangladesh%29.svg/960px-Belabo_in_Dhaka_division_%28Bangladesh%29.svg.png?utm_source=bn.wikipedia.org&utm_campaign=api&utm_content=thumbnail,বেলাবো বাংলাদেশের নরসিংদী জেলার অন্তর্গত একটি উপজেলা।,True
UPA_312,Upazila,Monohardi,মনোহরদী,DIST_40,নরসিংদী,monohardi.narsingdi.gov.bd,মনোহরদী উপজেলা,https://bn.wikipedia.org/wiki/%E0%A6%AE%E0%A6%A8%E0%A7%8B%E0%A6%B9%E0%A6%B0%E0%A6%A6%E0%A7%80%20%E0%A6%89%E0%A6%AA%E0%A6%9C%E0%A7%87%E0%A6%B2%E0%A6%BE,https://pub-d8ff02e059814132b7f971370e65283d.r2.dev/places/upazilas/monohardi_upa_312.jpg,https://thumb.wikimedia.org/wikipedia/commons/thumb/a/a3/Monohardi_in_Dhaka_division_%28Bangladesh%29.svg/960px-Monohardi_in_Dhaka_division_%28Bangladesh%29.svg.png?utm_source=bn.wikipedia.org&utm_campaign=api&utm_content=thumbnail,মনোহরদী উপজেলা বাংলাদেশের নরসিংদী জেলার একটি প্রশাসনিক এলাকা।,True
UPA_313,Upazila,Narsingdi Sadar,নরসিংদী সদর,DIST_40,নরসিংদী,narsingdisadar.narsingdi.gov.bd,নরসিংদী সদর উপজেলা,https://bn.wikipedia.org/wiki/%E0%A6%A8%E0%A6%B0%E0%A6%B8%E0%A6%BF%E0%A6%82%E0%A6%A6%E0%A7%80%20%E0%A6%B8%E0%A6%A6%E0%A6%B0%20%E0%A6%89%E0%A6%AA%E0%A6%9C%E0%A7%87%E0%A6%B2%E0%A6%BE,https://pub-d8ff02e059814132b7f971370e65283d.r2.dev/places/upazilas/narsingdi_sadar_upa_313.jpg,https://thumb.wikimedia.org/wikipedia/commons/thumb/4/42/Narsingdi_Sadar_in_Dhaka_division_%28Bangladesh%29.svg/960px-Narsingdi_Sadar_in_Dhaka_division_%28Bangladesh%29.svg.png?utm_source=bn.wikipedia.org&utm_campaign=api&utm_content=thumbnail,নরসিংদী সদর বাংলাদেশের নরসিংদী জেলার অন্তর্গত একটি উপজেলা। এই এলাকাটি ১৪টি ইউনিয়ন ও ২টি পৌরসভা নিয়ে গঠিত।,True
UPA_314,Upazila,Palash,পলাশ,DIST_40,নরসিংদী,palash.narsingdi.gov.bd,পলাশ উপজেলা,https://bn.wikipedia.org/wiki/%E0%A6%AA%E0%A6%B2%E0%A6%BE%E0%A6%B6%20%E0%A6%89%E0%A6%AA%E0%A6%9C%E0%A7%87%E0%A6%B2%E0%A6%BE,https://pub-d8ff02e059814132b7f971370e65283d.r2.dev/places/upazilas/palash_upa_314.jpg,https://thumb.wikimedia.org/wikipedia/commons/thumb/8/88/Palash_in_Dhaka_division_%28Bangladesh%29.svg/960px-Palash_in_Dhaka_division_%28Bangladesh%29.svg.png?utm_source=bn.wikipedia.org&utm_campaign=api&utm_content=thumbnail,পলাশ বাংলাদেশের নরসিংদী জেলার অন্তর্গত একটি উপজেলা।,True
UPA_315,Upazila,Raipura,রায়পুরা,DIST_40,নরসিংদী,raipura.narsingdi.gov.bd,রায়পুরা উপজেলা,https://bn.wikipedia.org/wiki/%E0%A6%B0%E0%A6%BE%E0%A6%AF%E0%A6%BC%E0%A6%AA%E0%A7%81%E0%A6%B0%E0%A6%BE%20%E0%A6%89%E0%A6%AA%E0%A6%9C%E0%A7%87%E0%A6%B2%E0%A6%BE,https://pub-d8ff02e059814132b7f971370e65283d.r2.dev/places/upazilas/raipura_upa_315.jpg,https://thumb.wikimedia.org/wikipedia/commons/thumb/1/1b/Raipura_in_Dhaka_division_%28Bangladesh%29.svg/960px-Raipura_in_Dhaka_division_%28Bangladesh%29.svg.png?utm_source=bn.wikipedia.org&utm_campaign=api&utm_content=thumbnail,"রায়পুরা উপজেলা বাংলাদেশের নরসিংদী জেলার অন্তর্গত একটি উপজেলা যা ২৪টি ইউনিয়ন ও ১টি পৌরসভা নিয়ে গঠিত। এটি ঢাকা বিভাগের অধীন নরসিংদী জেলার ৬টি উপজেলার মধ্যে একটি এবং নরসিংদী জেলার পূর্বে অবস্থিত। প্রশাসনিক, অর্থনৈতিক ও ঐতিহাসিকভাবে রায়পুরা উপজেলা নরসিংদী তথা দেশের একটি গুরুত্বপূর্ণ উপজেলা। আরও তথ্য ও স্থানীয় আপডেট পেতে ভিজিট করুন amarraipura.com",True
UPA_316,Upazila,Shibpur,শিবপুর,DIST_40,নরসিংদী,shibpur.narsingdi.gov.bd,শিবপুর উপজেলা,https://bn.wikipedia.org/wiki/%E0%A6%B6%E0%A6%BF%E0%A6%AC%E0%A6%AA%E0%A7%81%E0%A6%B0%20%E0%A6%89%E0%A6%AA%E0%A6%9C%E0%A7%87%E0%A6%B2%E0%A6%BE,https://pub-d8ff02e059814132b7f971370e65283d.r2.dev/places/upazilas/shibpur_upa_316.jpg,https://thumb.wikimedia.org/wikipedia/commons/thumb/c/c3/Shibpur_in_Dhaka_division_%28Bangladesh%29.svg/960px-Shibpur_in_Dhaka_division_%28Bangladesh%29.svg.png?utm_source=bn.wikipedia.org&utm_campaign=api&utm_content=thumbnail,শিবপুর উপজেলা নরসিংদী জেলার অন্তর্গত একটি উপজেলা।,True
UPA_317,Upazila,Kaliganj,কালীগঞ্জ,DIST_41,গাজীপুর,kaliganj.gazipur.gov.bd,কালীগঞ্জ উপজেলা,https://bn.wikipedia.org/wiki/%E0%A6%95%E0%A6%BE%E0%A6%B2%E0%A7%80%E0%A6%97%E0%A6%9E%E0%A7%8D%E0%A6%9C%20%E0%A6%89%E0%A6%AA%E0%A6%9C%E0%A7%87%E0%A6%B2%E0%A6%BE,,,"কালীগঞ্জ উপজেলা নামে বাংলাদেশে ৪টি উপজেলা রয়েছে। যথা:

কালীগঞ্জ উপজেলা, লালমনিরহাট
কালীগঞ্জ উপজেলা, ঝিনাইদহ
কালীগঞ্জ উপজেলা, সাতক্ষীরা
কালীগঞ্জ উপজেলা, গাজীপুর",True
UPA_318,Upazila,Kaliakair,কালিয়াকৈর,DIST_41,গাজীপুর,kaliakair.gazipur.gov.bd,কালিয়াকৈর উপজেলা,https://bn.wikipedia.org/wiki/%E0%A6%95%E0%A6%BE%E0%A6%B2%E0%A6%BF%E0%A6%AF%E0%A6%BC%E0%A6%BE%E0%A6%95%E0%A7%88%E0%A6%B0%20%E0%A6%89%E0%A6%AA%E0%A6%9C%E0%A7%87%E0%A6%B2%E0%A6%BE,https://pub-d8ff02e059814132b7f971370e65283d.r2.dev/places/upazilas/kaliakair_upa_318.jpg,https://thumb.wikimedia.org/wikipedia/commons/thumb/5/5a/Kaliakair_in_Dhaka_division_%28Bangladesh%29.svg/960px-Kaliakair_in_Dhaka_division_%28Bangladesh%29.svg.png?utm_source=bn.wikipedia.org&utm_campaign=api&utm_content=thumbnail,কালিয়াকৈর উপজেলা বাংলাদেশের গাজীপুর জেলার একটি প্রশাসনিক এলাকা।,True
UPA_319,Upazila,Kapasia,কাপাসিয়া,DIST_41,গাজীপুর,kapasia.gazipur.gov.bd,কাপাসিয়া উপজেলা,https://bn.wikipedia.org/wiki/%E0%A6%95%E0%A6%BE%E0%A6%AA%E0%A6%BE%E0%A6%B8%E0%A6%BF%E0%A6%AF%E0%A6%BC%E0%A6%BE%20%E0%A6%89%E0%A6%AA%E0%A6%9C%E0%A7%87%E0%A6%B2%E0%A6%BE,https://pub-d8ff02e059814132b7f971370e65283d.r2.dev/places/upazilas/kapasia_upa_319.jpg,https://thumb.wikimedia.org/wikipedia/commons/thumb/3/31/Kapasia_in_Dhaka_division_%28Bangladesh%29.svg/960px-Kapasia_in_Dhaka_division_%28Bangladesh%29.svg.png?utm_source=bn.wikipedia.org&utm_campaign=api&utm_content=thumbnail,কাপাসিয়া বাংলাদেশের গাজীপুর জেলার অন্তর্গত একটি উপজেলা।,True
UPA_320,Upazila,Gazipur Sadar,গাজীপুর সদর,DIST_41,গাজীপুর,sadar.gazipur.gov.bd,গাজীপুর সদর উপজেলা,https://bn.wikipedia.org/wiki/%E0%A6%97%E0%A6%BE%E0%A6%9C%E0%A7%80%E0%A6%AA%E0%A7%81%E0%A6%B0%20%E0%A6%B8%E0%A6%A6%E0%A6%B0%20%E0%A6%89%E0%A6%AA%E0%A6%9C%E0%A7%87%E0%A6%B2%E0%A6%BE,https://pub-d8ff02e059814132b7f971370e65283d.r2.dev/places/upazilas/gazipur_sadar_upa_320.jpg,https://thumb.wikimedia.org/wikipedia/commons/thumb/d/d2/Gazipur_Sadar_in_Dhaka_division_%28Bangladesh%29.svg/960px-Gazipur_Sadar_in_Dhaka_division_%28Bangladesh%29.svg.png?utm_source=bn.wikipedia.org&utm_campaign=api&utm_content=thumbnail,গাজীপুর সদর উপজেলা বাংলাদেশের গাজীপুর জেলার একটি প্রশাসনিক এলাকা।,True
UPA_321,Upazila,Sreepur,শ্রীপুর,DIST_41,গাজীপুর,sreepur.gazipur.gov.bd,শ্রীপুর উপজেলা,https://bn.wikipedia.org/wiki/%E0%A6%B6%E0%A7%8D%E0%A6%B0%E0%A7%80%E0%A6%AA%E0%A7%81%E0%A6%B0%20%E0%A6%89%E0%A6%AA%E0%A6%9C%E0%A7%87%E0%A6%B2%E0%A6%BE,,,"শ্রীপুর উপজেলা নামে বাংলাদেশে দুইটি উপজেলা রয়েছে। যথা:

শ্রীপুর উপজেলা, মাগুরা
শ্রীপুর উপজেলা, গাজীপুর",True
UPA_322,Upazila,Shariatpur Sadar,শরিয়তপুর সদর,DIST_42,শরীয়তপুর,sadar.shariatpur.gov.bd,শরীয়তপুর সদর উপজেলা,https://bn.wikipedia.org/wiki/%E0%A6%B6%E0%A6%B0%E0%A7%80%E0%A6%AF%E0%A6%BC%E0%A6%A4%E0%A6%AA%E0%A7%81%E0%A6%B0%20%E0%A6%B8%E0%A6%A6%E0%A6%B0%20%E0%A6%89%E0%A6%AA%E0%A6%9C%E0%A7%87%E0%A6%B2%E0%A6%BE,https://pub-d8ff02e059814132b7f971370e65283d.r2.dev/places/upazilas/shariatpur_sadar_upa_322.jpg,https://thumb.wikimedia.org/wikipedia/commons/thumb/6/62/Shariatpur_Sadar_in_Dhaka_division_%28Bangladesh%29.svg/960px-Shariatpur_Sadar_in_Dhaka_division_%28Bangladesh%29.svg.png?utm_source=bn.wikipedia.org&utm_campaign=api&utm_content=thumbnail,শরীয়তপুর সদর বাংলাদেশের শরীয়তপুর জেলার অন্তর্গত একটি উপজেলা।,True
UPA_323,Upazila,Naria,নড়িয়া,DIST_42,শরীয়তপুর,naria.shariatpur.gov.bd,নড়িয়া উপজেলা,https://bn.wikipedia.org/wiki/%E0%A6%A8%E0%A6%A1%E0%A6%BC%E0%A6%BF%E0%A6%AF%E0%A6%BC%E0%A6%BE%20%E0%A6%89%E0%A6%AA%E0%A6%9C%E0%A7%87%E0%A6%B2%E0%A6%BE,https://pub-d8ff02e059814132b7f971370e65283d.r2.dev/places/upazilas/naria_upa_323.jpg,https://thumb.wikimedia.org/wikipedia/commons/thumb/b/b6/Naria_in_Dhaka_division_%28Bangladesh%29.svg/960px-Naria_in_Dhaka_division_%28Bangladesh%29.svg.png?utm_source=bn.wikipedia.org&utm_campaign=api&utm_content=thumbnail,নড়িয়া বাংলাদেশের শরীয়তপুর জেলার অন্তর্গত একটি উপজেলা।,True
UPA_324,Upazila,Zajira,জাজিরা,DIST_42,শরীয়তপুর,zajira.shariatpur.gov.bd,জাজিরা উপজেলা,https://bn.wikipedia.org/wiki/%E0%A6%9C%E0%A6%BE%E0%A6%9C%E0%A6%BF%E0%A6%B0%E0%A6%BE%20%E0%A6%89%E0%A6%AA%E0%A6%9C%E0%A7%87%E0%A6%B2%E0%A6%BE,https://pub-d8ff02e059814132b7f971370e65283d.r2.dev/places/upazilas/zajira_upa_324.jpg,https://thumb.wikimedia.org/wikipedia/commons/thumb/f/f0/%E0%A6%AA%E0%A6%A6%E0%A7%8D%E0%A6%AE%E0%A6%BE_%E0%A6%B8%E0%A7%87%E0%A6%A4%E0%A7%81_%E0%A6%9B%E0%A6%AC%E0%A6%BF_%E0%A6%A8%E0%A6%82_%E0%A7%A7%E0%A7%AF.jpg/960px-%E0%A6%AA%E0%A6%A6%E0%A7%8D%E0%A6%AE%E0%A6%BE_%E0%A6%B8%E0%A7%87%E0%A6%A4%E0%A7%81_%E0%A6%9B%E0%A6%AC%E0%A6%BF_%E0%A6%A8%E0%A6%82_%E0%A7%A7%E0%A7%AF.jpg?utm_source=bn.wikipedia.org&utm_campaign=api&utm_content=thumbnail,জাজিরা উপজেলা বাংলাদেশের শরীয়তপুর জেলার একটি প্রশাসনিক এলাকা।,True
UPA_325,Upazila,Gosairhat,গোসাইরহাট,DIST_42,শরীয়তপুর,gosairhat.shariatpur.gov.bd,গোসাইরহাট উপজেলা,https://bn.wikipedia.org/wiki/%E0%A6%97%E0%A7%8B%E0%A6%B8%E0%A6%BE%E0%A6%87%E0%A6%B0%E0%A6%B9%E0%A6%BE%E0%A6%9F%20%E0%A6%89%E0%A6%AA%E0%A6%9C%E0%A7%87%E0%A6%B2%E0%A6%BE,https://pub-d8ff02e059814132b7f971370e65283d.r2.dev/places/upazilas/gosairhat_upa_325.jpg,https://thumb.wikimedia.org/wikipedia/commons/thumb/8/89/Gosairhat_in_Dhaka_division_%28Bangladesh%29.svg/960px-Gosairhat_in_Dhaka_division_%28Bangladesh%29.svg.png?utm_source=bn.wikipedia.org&utm_campaign=api&utm_content=thumbnail,গোসাইরহাট বাংলাদেশের শরীয়তপুর জেলার অন্তর্গত একটি উপজেলা।,True
UPA_326,Upazila,Bhedarganj,ভেদরগঞ্জ,DIST_42,শরীয়তপুর,bhedarganj.shariatpur.gov.bd,ভেদরগঞ্জ উপজেলা,https://bn.wikipedia.org/wiki/%E0%A6%AD%E0%A7%87%E0%A6%A6%E0%A6%B0%E0%A6%97%E0%A6%9E%E0%A7%8D%E0%A6%9C%20%E0%A6%89%E0%A6%AA%E0%A6%9C%E0%A7%87%E0%A6%B2%E0%A6%BE,https://pub-d8ff02e059814132b7f971370e65283d.r2.dev/places/upazilas/bhedarganj_upa_326.jpg,https://thumb.wikimedia.org/wikipedia/commons/thumb/c/cc/Bhedarganj_in_Dhaka_division_%28Bangladesh%29.svg/960px-Bhedarganj_in_Dhaka_division_%28Bangladesh%29.svg.png?utm_source=bn.wikipedia.org&utm_campaign=api&utm_content=thumbnail,ভেদরগঞ্জ বাংলাদেশের শরীয়তপুর জেলার অন্তর্গত একটি উপজেলা।,True
UPA_327,Upazila,Damudya,ডামুড্যা,DIST_42,শরীয়তপুর,damudya.shariatpur.gov.bd,ডামুড্যা উপজেলা,https://bn.wikipedia.org/wiki/%E0%A6%A1%E0%A6%BE%E0%A6%AE%E0%A7%81%E0%A6%A1%E0%A7%8D%E0%A6%AF%E0%A6%BE%20%E0%A6%89%E0%A6%AA%E0%A6%9C%E0%A7%87%E0%A6%B2%E0%A6%BE,https://pub-d8ff02e059814132b7f971370e65283d.r2.dev/places/upazilas/damudya_upa_327.jpg,https://thumb.wikimedia.org/wikipedia/commons/thumb/d/d9/Damudya_in_Dhaka_division_%28Bangladesh%29.svg/960px-Damudya_in_Dhaka_division_%28Bangladesh%29.svg.png?utm_source=bn.wikipedia.org&utm_campaign=api&utm_content=thumbnail,ডামুড্যা বাংলাদেশের শরীয়তপুর জেলার অন্তর্গত একটি উপজেলা।,True
UPA_328,Upazila,Araihazar,আড়াইহাজার,DIST_43,নারায়ণগঞ্জ,araihazar.narayanganj.gov.bd,আড়াইহাজার উপজেলা,https://bn.wikipedia.org/wiki/%E0%A6%86%E0%A6%A1%E0%A6%BC%E0%A6%BE%E0%A6%87%E0%A6%B9%E0%A6%BE%E0%A6%9C%E0%A6%BE%E0%A6%B0%20%E0%A6%89%E0%A6%AA%E0%A6%9C%E0%A7%87%E0%A6%B2%E0%A6%BE,https://pub-d8ff02e059814132b7f971370e65283d.r2.dev/places/upazilas/araihazar_upa_328.jpg,https://thumb.wikimedia.org/wikipedia/commons/thumb/b/b6/Araihazar_in_Dhaka_division_%28Bangladesh%29.svg/960px-Araihazar_in_Dhaka_division_%28Bangladesh%29.svg.png?utm_source=bn.wikipedia.org&utm_campaign=api&utm_content=thumbnail,আড়াইহাজার বাংলাদেশের নারায়ণগঞ্জ জেলার অন্তর্গত একটি উপজেলা।,True
UPA_329,Upazila,Bandar,বন্দর,DIST_43,নারায়ণগঞ্জ,bandar.narayanganj.gov.bd,বন্দর উপজেলা,https://bn.wikipedia.org/wiki/%E0%A6%AC%E0%A6%A8%E0%A7%8D%E0%A6%A6%E0%A6%B0%20%E0%A6%89%E0%A6%AA%E0%A6%9C%E0%A7%87%E0%A6%B2%E0%A6%BE,https://pub-d8ff02e059814132b7f971370e65283d.r2.dev/places/upazilas/bandar_upa_329.jpg,https://thumb.wikimedia.org/wikipedia/commons/thumb/4/47/Bandar_in_Dhaka_division_%28Bangladesh%29.svg/960px-Bandar_in_Dhaka_division_%28Bangladesh%29.svg.png?utm_source=bn.wikipedia.org&utm_campaign=api&utm_content=thumbnail,বন্দর বাংলাদেশের নারায়ণগঞ্জ জেলার অন্তর্গত একটি উপজেলা।,True
UPA_330,Upazila,Narayanganj Sadar,নারায়নগঞ্জ সদর,DIST_43,নারায়ণগঞ্জ,narayanganjsadar.narayanganj.gov.bd,,,,,,False
UPA_331,Upazila,Rupganj,রূপগঞ্জ,DIST_43,নারায়ণগঞ্জ,rupganj.narayanganj.gov.bd,রূপগঞ্জ উপজেলা,https://bn.wikipedia.org/wiki/%E0%A6%B0%E0%A7%82%E0%A6%AA%E0%A6%97%E0%A6%9E%E0%A7%8D%E0%A6%9C%20%E0%A6%89%E0%A6%AA%E0%A6%9C%E0%A7%87%E0%A6%B2%E0%A6%BE,https://pub-d8ff02e059814132b7f971370e65283d.r2.dev/places/upazilas/rupganj_upa_331.jpg,https://thumb.wikimedia.org/wikipedia/commons/thumb/6/63/Rupganj_in_Dhaka_division_%28Bangladesh%29.svg/960px-Rupganj_in_Dhaka_division_%28Bangladesh%29.svg.png?utm_source=bn.wikipedia.org&utm_campaign=api&utm_content=thumbnail,রূপগঞ্জ উপজেলা বাংলাদেশের ঢাকা বিভাগের নারায়ণগঞ্জ জেলার অন্তর্গত একটি উপজেলা।,True
UPA_332,Upazila,Sonargaon,সোনারগাঁ,DIST_43,নারায়ণগঞ্জ,sonargaon.narayanganj.gov.bd,সোনারগাঁও উপজেলা,https://bn.wikipedia.org/wiki/%E0%A6%B8%E0%A7%8B%E0%A6%A8%E0%A6%BE%E0%A6%B0%E0%A6%97%E0%A6%BE%E0%A6%81%E0%A6%93%20%E0%A6%89%E0%A6%AA%E0%A6%9C%E0%A7%87%E0%A6%B2%E0%A6%BE,https://pub-d8ff02e059814132b7f971370e65283d.r2.dev/places/upazilas/sonargaon_upa_332.jpg,https://thumb.wikimedia.org/wikipedia/commons/thumb/4/47/Sonargaon_in_Dhaka_division_%28Bangladesh%29.svg/960px-Sonargaon_in_Dhaka_division_%28Bangladesh%29.svg.png?utm_source=bn.wikipedia.org&utm_campaign=api&utm_content=thumbnail,সোনারগাঁও বাংলাদেশের নারায়ণগঞ্জ জেলার অন্তর্গত একটি উপজেলা।,True
UPA_333,Upazila,Basail,বাসাইল,DIST_44,টাঙ্গাইল,basail.tangail.gov.bd,বাসাইল উপজেলা,https://bn.wikipedia.org/wiki/%E0%A6%AC%E0%A6%BE%E0%A6%B8%E0%A6%BE%E0%A6%87%E0%A6%B2%20%E0%A6%89%E0%A6%AA%E0%A6%9C%E0%A7%87%E0%A6%B2%E0%A6%BE,https://pub-d8ff02e059814132b7f971370e65283d.r2.dev/places/upazilas/basail_upa_333.jpg,https://thumb.wikimedia.org/wikipedia/commons/thumb/b/bc/Basail_in_Dhaka_division_%28Bangladesh%29.svg/960px-Basail_in_Dhaka_division_%28Bangladesh%29.svg.png?utm_source=bn.wikipedia.org&utm_campaign=api&utm_content=thumbnail,বাসাইল উপজেলা বাংলাদেশের ঢাকা বিভাগের টাঙ্গাইল জেলার অন্তর্গত একটি উপজেলা।,True
UPA_334,Upazila,Bhuapur,ভুয়াপুর,DIST_44,টাঙ্গাইল,bhuapur.tangail.gov.bd,ভূঞাপুর উপজেলা,https://bn.wikipedia.org/wiki/%E0%A6%AD%E0%A7%82%E0%A6%9E%E0%A6%BE%E0%A6%AA%E0%A7%81%E0%A6%B0%20%E0%A6%89%E0%A6%AA%E0%A6%9C%E0%A7%87%E0%A6%B2%E0%A6%BE,https://pub-d8ff02e059814132b7f971370e65283d.r2.dev/places/upazilas/bhuapur_upa_334.jpg,https://thumb.wikimedia.org/wikipedia/commons/thumb/9/9d/Jamuna_bridge_by_train.jpg/960px-Jamuna_bridge_by_train.jpg?utm_source=bn.wikipedia.org&utm_campaign=api&utm_content=thumbnail,"ভূয়াপুর উপজেলা, বা ভুঞাপুর উপজেলা বাংলাদেশের টাঙ্গাইল জেলার অন্তর্গত একটি উপজেলা।",True
UPA_335,Upazila,Delduar,দেলদুয়ার,DIST_44,টাঙ্গাইল,delduar.tangail.gov.bd,দেলদুয়ার উপজেলা,https://bn.wikipedia.org/wiki/%E0%A6%A6%E0%A7%87%E0%A6%B2%E0%A6%A6%E0%A7%81%E0%A6%AF%E0%A6%BC%E0%A6%BE%E0%A6%B0%20%E0%A6%89%E0%A6%AA%E0%A6%9C%E0%A7%87%E0%A6%B2%E0%A6%BE,https://pub-d8ff02e059814132b7f971370e65283d.r2.dev/places/upazilas/delduar_upa_335.jpg,https://thumb.wikimedia.org/wikipedia/commons/thumb/f/fc/Delduar_in_Dhaka_division_%28Bangladesh%29.svg/960px-Delduar_in_Dhaka_division_%28Bangladesh%29.svg.png?utm_source=bn.wikipedia.org&utm_campaign=api&utm_content=thumbnail,দেলদুয়ার বাংলাদেশের টাঙ্গাইল জেলার অন্তর্গত একটি উপজেলা।,True
UPA_336,Upazila,Ghatail,ঘাটাইল,DIST_44,টাঙ্গাইল,ghatail.tangail.gov.bd,ঘাটাইল উপজেলা,https://bn.wikipedia.org/wiki/%E0%A6%98%E0%A6%BE%E0%A6%9F%E0%A6%BE%E0%A6%87%E0%A6%B2%20%E0%A6%89%E0%A6%AA%E0%A6%9C%E0%A7%87%E0%A6%B2%E0%A6%BE,https://pub-d8ff02e059814132b7f971370e65283d.r2.dev/places/upazilas/ghatail_upa_336.jpg,https://thumb.wikimedia.org/wikipedia/commons/thumb/5/58/Ghatail_in_Dhaka_division_%28Bangladesh%29.svg/960px-Ghatail_in_Dhaka_division_%28Bangladesh%29.svg.png?utm_source=bn.wikipedia.org&utm_campaign=api&utm_content=thumbnail,"ঘাটাইল উপজেলা বাংলাদেশের টাঙ্গাইল জেলার অন্তর্গত একটি উপজেলা যা ১৪টি ইউনিয়ন নিয়ে গঠিত। এটি ঢাকা বিভাগের অধীন টাঙ্গাইল জেলার ১২টি উপজেলার মধ্যে সবচেয়ে বড় এবং টাঙ্গাইল জেলার উত্তরে অবস্থিত। ঘাটাইল উপজেলার উত্তরে গোপালপুর উপজেলা ও মধুপুর উপজেলা, দক্ষিণে কালিহাতি উপজেলা ও সখিপুর উপজেলা, পূর্বে ময়মনসিংহ জেলার ফুলবাড়ীয়া উপজেলা ও ভালুকা উপজেলা, পশ্চিমে ভুঞাপুর উপজেলা ও গোপালপুর উপজেলা। ঘাটাইলের উপর দিয়ে বংশী, ঝিনাই ও লৌহজং নদী নামে তিনটি নদী প্রবাহিত হয়েছে।
এ উপজেলার অবস্থান টাঙ্গাইল জেলা সদর থেকে ৩০ কিলোমিটার উত্তরে টাঙ্গাইল ময়মনসিংহ মহাসড়কের উভয় পাশে বিস্তৃত।",True
UPA_337,Upazila,Gopalpur,গোপালপুর,DIST_44,টাঙ্গাইল,gopalpur.tangail.gov.bd,গোপালপুর উপজেলা,https://bn.wikipedia.org/wiki/%E0%A6%97%E0%A7%8B%E0%A6%AA%E0%A6%BE%E0%A6%B2%E0%A6%AA%E0%A7%81%E0%A6%B0%20%E0%A6%89%E0%A6%AA%E0%A6%9C%E0%A7%87%E0%A6%B2%E0%A6%BE,https://pub-d8ff02e059814132b7f971370e65283d.r2.dev/places/upazilas/gopalpur_upa_337.jpg,https://thumb.wikimedia.org/wikipedia/commons/thumb/1/18/Gopalpur_in_Dhaka_division_%28Bangladesh%29.svg/960px-Gopalpur_in_Dhaka_division_%28Bangladesh%29.svg.png?utm_source=bn.wikipedia.org&utm_campaign=api&utm_content=thumbnail,"গোপালপুর বাংলাদেশের টাঙ্গাইল জেলার অন্তর্গত একটি উপজেলা। এটি ঢাকা বিভাগের অধীন টাঙ্গাইল জেলার ১২টি উপজেলার মধ্যে একটি এবং টাঙ্গাইল জেলার উত্তরে অবস্থিত। গোপালপুর উপজেলার উত্তরে ধনবাড়ী উপজেলা, মধুপুর উপজেলা পূর্বে মধুপুর ও ঘাটাইল উপজেলা, দক্ষিণে ঘাটাইল উপজেলা এবং ভূঞাপুর উপজেলা, পশ্চিমে যমুনা নদী ও জামালপুর জেলার সরিষাবাড়ী উপজেলা অবস্থিত। এ উপজেলার উপর দিয়ে বয়ে গেছে দুইটি নদী। একটির নাম ঝিনাই নদী অন্যটি বৈরাণ নদী, গোপালপুর শহরের উপর দিয়ে প্রবাহিত।
গোপালপুর থানা গঠিত হয় ১৯২০ সালে, থানাকে উপজেলায় রূপান্তর করা হয় ১৯৮৩ সালে এবং গোপালপুর পৌরসভা গঠিত হয় ১৯৭৪ সালে।
এটি একটি কৃষিপ্রধান অঞ্চল।",True
UPA_338,Upazila,Madhupur,মধুপুর,DIST_44,টাঙ্গাইল,madhupur.tangail.gov.bd,মধুপুর উপজেলা,https://bn.wikipedia.org/wiki/%E0%A6%AE%E0%A6%A7%E0%A7%81%E0%A6%AA%E0%A7%81%E0%A6%B0%20%E0%A6%89%E0%A6%AA%E0%A6%9C%E0%A7%87%E0%A6%B2%E0%A6%BE,https://pub-d8ff02e059814132b7f971370e65283d.r2.dev/places/upazilas/madhupur_upa_338.jpg,https://thumb.wikimedia.org/wikipedia/commons/thumb/1/12/Madhupur_in_Dhaka_division_%28Bangladesh%29.svg/960px-Madhupur_in_Dhaka_division_%28Bangladesh%29.svg.png?utm_source=bn.wikipedia.org&utm_campaign=api&utm_content=thumbnail,"মধুপুর উপজেলা বাংলাদেশের টাঙ্গাইল জেলার অন্তর্গত একটি উপজেলা যা ১১টি ইউনিয়ন নিয়ে গঠিত। এটি ঢাকা বিভাগের অধীন টাঙ্গাইল জেলার ১২টি উপজেলার মধ্যে একটি এবং টাঙ্গাইল জেলার সর্ব উত্তরে অবস্থিত। মধুপুর উপজেলার উত্তরে ময়মনসিংহ জেলার মুক্তাগাছা উপজেলা ও জামালপুর জেলার জামালপুর সদর উপজেলা, দক্ষিণে গোপালপুর উপজেলা ও ঘাটাইল উপজেলা, পূর্বে ময়মনসিংহ জেলার ফুলবাড়ীয়া উপজেলা, পশ্চিমে গোপালপুর উপজেলা ও ধনবাড়ী উপজেলা। মধুপুরের উপর দিয়ে বংশী নদী প্রবাহিত হয়েছে।
মধুপুর কর্দম নামক অতিমাত্রায় বিচূর্ণিত ও জারিত লালচে বাদামি অবক্ষেপ দ্বারা গঠিত মধুপুর অঞ্চলটি ০.৯৭ থেকে ০.৯০ মিলিয়ন বছর পূর্বে গঠিত হয়েছে।",True
UPA_339,Upazila,Mirzapur,মির্জাপুর,DIST_44,টাঙ্গাইল,mirzapur.tangail.gov.bd,মির্জাপুর উপজেলা,https://bn.wikipedia.org/wiki/%E0%A6%AE%E0%A6%BF%E0%A6%B0%E0%A7%8D%E0%A6%9C%E0%A6%BE%E0%A6%AA%E0%A7%81%E0%A6%B0%20%E0%A6%89%E0%A6%AA%E0%A6%9C%E0%A7%87%E0%A6%B2%E0%A6%BE,https://pub-d8ff02e059814132b7f971370e65283d.r2.dev/places/upazilas/mirzapur_upa_339.jpg,https://thumb.wikimedia.org/wikipedia/commons/thumb/1/15/Mirzapur_in_Dhaka_division_%28Bangladesh%29.svg/960px-Mirzapur_in_Dhaka_division_%28Bangladesh%29.svg.png?utm_source=bn.wikipedia.org&utm_campaign=api&utm_content=thumbnail,মির্জাপুর বাংলাদেশের ঢাকা বিভাগের টাঙ্গাইল জেলার অন্তর্গত একটি উপজেলা।,True
UPA_340,Upazila,Nagarpur,নাগরপুর,DIST_44,টাঙ্গাইল,nagarpur.tangail.gov.bd,নাগরপুর উপজেলা,https://bn.wikipedia.org/wiki/%E0%A6%A8%E0%A6%BE%E0%A6%97%E0%A6%B0%E0%A6%AA%E0%A7%81%E0%A6%B0%20%E0%A6%89%E0%A6%AA%E0%A6%9C%E0%A7%87%E0%A6%B2%E0%A6%BE,https://pub-d8ff02e059814132b7f971370e65283d.r2.dev/places/upazilas/nagarpur_upa_340.jpg,https://thumb.wikimedia.org/wikipedia/commons/thumb/e/ee/Nagarpur.jpg/960px-Nagarpur.jpg?utm_source=bn.wikipedia.org&utm_campaign=api&utm_content=thumbnail,নাগরপুর উপজেলা বাংলাদেশের টাঙ্গাইল জেলার অন্তর্গত একটি উপজেলা,True
UPA_341,Upazila,Sakhipur,সখিপুর,DIST_44,টাঙ্গাইল,sakhipur.tangail.gov.bd,সখিপুর উপজেলা,https://bn.wikipedia.org/wiki/%E0%A6%B8%E0%A6%96%E0%A6%BF%E0%A6%AA%E0%A7%81%E0%A6%B0%20%E0%A6%89%E0%A6%AA%E0%A6%9C%E0%A7%87%E0%A6%B2%E0%A6%BE,https://pub-d8ff02e059814132b7f971370e65283d.r2.dev/places/upazilas/sakhipur_upa_341.jpg,https://thumb.wikimedia.org/wikipedia/commons/thumb/5/5a/Sakhipur_in_Dhaka_division_%28Bangladesh%29.svg/960px-Sakhipur_in_Dhaka_division_%28Bangladesh%29.svg.png?utm_source=bn.wikipedia.org&utm_campaign=api&utm_content=thumbnail,সখিপুর উপজেলা বাংলাদেশের টাঙ্গাইল জেলার একটি প্রশাসনিক এলাকা।,True
UPA_342,Upazila,Tangail Sadar,টাঙ্গাইল সদর,DIST_44,টাঙ্গাইল,tangailsadar.tangail.gov.bd,টাঙ্গাইল সদর উপজেলা,https://bn.wikipedia.org/wiki/%E0%A6%9F%E0%A6%BE%E0%A6%99%E0%A7%8D%E0%A6%97%E0%A6%BE%E0%A6%87%E0%A6%B2%20%E0%A6%B8%E0%A6%A6%E0%A6%B0%20%E0%A6%89%E0%A6%AA%E0%A6%9C%E0%A7%87%E0%A6%B2%E0%A6%BE,https://pub-d8ff02e059814132b7f971370e65283d.r2.dev/places/upazilas/tangail_sadar_upa_342.jpg,https://thumb.wikimedia.org/wikipedia/commons/thumb/a/a4/Entrance_of_Tangail.jpg/960px-Entrance_of_Tangail.jpg?utm_source=bn.wikipedia.org&utm_campaign=api&utm_content=thumbnail,টাঙ্গাইল সদর উপজেলা বাংলাদেশের টাঙ্গাইল জেলার অন্তর্গত একটি প্রশাসনিক এলাকা।,True
UPA_343,Upazila,Kalihati,কালিহাতী,DIST_44,টাঙ্গাইল,kalihati.tangail.gov.bd,কালিহাতী উপজেলা,https://bn.wikipedia.org/wiki/%E0%A6%95%E0%A6%BE%E0%A6%B2%E0%A6%BF%E0%A6%B9%E0%A6%BE%E0%A6%A4%E0%A7%80%20%E0%A6%89%E0%A6%AA%E0%A6%9C%E0%A7%87%E0%A6%B2%E0%A6%BE,https://pub-d8ff02e059814132b7f971370e65283d.r2.dev/places/upazilas/kalihati_upa_343.jpg,https://thumb.wikimedia.org/wikipedia/commons/thumb/2/21/Kalihati_in_Dhaka_division_%28Bangladesh%29.svg/960px-Kalihati_in_Dhaka_division_%28Bangladesh%29.svg.png?utm_source=bn.wikipedia.org&utm_campaign=api&utm_content=thumbnail,কালিহাতী উপজেলা বাংলাদেশের টাঙ্গাইল জেলার একটি প্রশাসনিক এলাকা। টাঙ্গাইল জেলা সদরের নিকটবর্তী এই উপজেলাটি পোড়াবাড়ীর চমচম ও তাঁতের শাড়ির জন্য বিখ্যাত।,True
UPA_344,Upazila,Dhanbari,ধনবাড়ী,DIST_44,টাঙ্গাইল,dhanbari.tangail.gov.bd,ধনবাড়ী উপজেলা,https://bn.wikipedia.org/wiki/%E0%A6%A7%E0%A6%A8%E0%A6%AC%E0%A6%BE%E0%A6%A1%E0%A6%BC%E0%A7%80%20%E0%A6%89%E0%A6%AA%E0%A6%9C%E0%A7%87%E0%A6%B2%E0%A6%BE,https://pub-d8ff02e059814132b7f971370e65283d.r2.dev/places/upazilas/dhanbari_upa_344.jpg,https://thumb.wikimedia.org/wikipedia/commons/thumb/c/cb/Dhanbari_in_Dhaka_division_%28Bangladesh%29.svg/960px-Dhanbari_in_Dhaka_division_%28Bangladesh%29.svg.png?utm_source=bn.wikipedia.org&utm_campaign=api&utm_content=thumbnail,"ধনবাড়ী উপজেলা বাংলাদেশের টাঙ্গাইল জেলার অন্তর্গত একটি উপজেলা যা ৭টি ইউনিয়ন নিয়ে গঠিত। এটি ঢাকা বিভাগের অধীন টাঙ্গাইল জেলার ১২টি উপজেলার মধ্যে সর্বশেষে গঠিত হয়। ধনবাড়ী উপজেলার উত্তরে জামালপুর জেলার জামালপুর সদর উপজেলা, দক্ষিণে গোপালপুর উপজেলা ও মধুপুর উপজেলা, পূর্বে মধুপুর উপজেলা, পশ্চিমে জামালপুর জেলার সরিষাবাড়ী উপজেলা। মধুপুর গড়ের শেষ পশ্চিম অংশ থেকে ধনবাড়ী উপজেলার সীমানা শুরু হয়ে টাঙ্গাইল জেলার উত্তর প্রান্তে শেষ হয়।
এ উপজেলার অবস্থান টাঙ্গাইল জেলা সদর থেকে ৬৩ কিলোমিটার দূরে মধুপুর উপজেলা ও জামালপুর জেলার সংযোগ সড়কের দুপাশে অবস্থিত। উপজেলার ভৌগোলিক অবস্থান ২৪.৬৮০৫৭৮৪° উত্তর ৮৯.",True
UPA_345,Upazila,Itna,ইটনা,DIST_45,কিশোরগঞ্জ,itna.kishoreganj.gov.bd,ইটনা উপজেলা,https://bn.wikipedia.org/wiki/%E0%A6%87%E0%A6%9F%E0%A6%A8%E0%A6%BE%20%E0%A6%89%E0%A6%AA%E0%A6%9C%E0%A7%87%E0%A6%B2%E0%A6%BE,https://pub-d8ff02e059814132b7f971370e65283d.r2.dev/places/upazilas/itna_upa_345.jpg,https://thumb.wikimedia.org/wikipedia/commons/thumb/b/b7/Itna_in_Dhaka_division_%28Bangladesh%29.svg/960px-Itna_in_Dhaka_division_%28Bangladesh%29.svg.png?utm_source=bn.wikipedia.org&utm_campaign=api&utm_content=thumbnail,ইটনা বাংলাদেশের কিশোরগঞ্জ জেলার অন্তর্গত একটি বৃহৎ উপজেলা।,True
UPA_346,Upazila,Katiadi,কটিয়াদী,DIST_45,কিশোরগঞ্জ,katiadi.kishoreganj.gov.bd,কটিয়াদী উপজেলা,https://bn.wikipedia.org/wiki/%E0%A6%95%E0%A6%9F%E0%A6%BF%E0%A6%AF%E0%A6%BC%E0%A6%BE%E0%A6%A6%E0%A7%80%20%E0%A6%89%E0%A6%AA%E0%A6%9C%E0%A7%87%E0%A6%B2%E0%A6%BE,https://pub-d8ff02e059814132b7f971370e65283d.r2.dev/places/upazilas/katiadi_upa_346.jpg,https://thumb.wikimedia.org/wikipedia/commons/thumb/1/1d/Katiadi_in_Dhaka_division_%28Bangladesh%29.svg/960px-Katiadi_in_Dhaka_division_%28Bangladesh%29.svg.png?utm_source=bn.wikipedia.org&utm_campaign=api&utm_content=thumbnail,কটিয়াদী উপজেলা বাংলাদেশের কিশোরগঞ্জ জেলার অন্তর্গত একটি ঐতিহ্যবাহী উপজেলা।,True
UPA_347,Upazila,Bhairab,ভৈরব,DIST_45,কিশোরগঞ্জ,bhairab.kishoreganj.gov.bd,ভৈরব উপজেলা,https://bn.wikipedia.org/wiki/%E0%A6%AD%E0%A7%88%E0%A6%B0%E0%A6%AC%20%E0%A6%89%E0%A6%AA%E0%A6%9C%E0%A7%87%E0%A6%B2%E0%A6%BE,https://pub-d8ff02e059814132b7f971370e65283d.r2.dev/places/upazilas/bhairab_upa_347.jpg,https://thumb.wikimedia.org/wikipedia/commons/thumb/3/30/Bhairab_in_Dhaka_division_%28Bangladesh%29.svg/960px-Bhairab_in_Dhaka_division_%28Bangladesh%29.svg.png?utm_source=bn.wikipedia.org&utm_campaign=api&utm_content=thumbnail,ভৈরব উপজেলা বাংলাদেশের ঢাকা বিভাগের কিশোরগঞ্জ জেলার একটি উপজেলা।,True
UPA_348,Upazila,Tarail,তাড়াইল,DIST_45,কিশোরগঞ্জ,tarail.kishoreganj.gov.bd,তাড়াইল উপজেলা,https://bn.wikipedia.org/wiki/%E0%A6%A4%E0%A6%BE%E0%A6%A1%E0%A6%BC%E0%A6%BE%E0%A6%87%E0%A6%B2%20%E0%A6%89%E0%A6%AA%E0%A6%9C%E0%A7%87%E0%A6%B2%E0%A6%BE,https://pub-d8ff02e059814132b7f971370e65283d.r2.dev/places/upazilas/tarail_upa_348.jpg,https://thumb.wikimedia.org/wikipedia/commons/thumb/f/ff/Tarail_in_Dhaka_division_%28Bangladesh%29.svg/960px-Tarail_in_Dhaka_division_%28Bangladesh%29.svg.png?utm_source=bn.wikipedia.org&utm_campaign=api&utm_content=thumbnail,তাড়াইল বাংলাদেশের কিশোরগঞ্জ জেলার অন্তর্গত একটি উপজেলা। ১৪১.৪৬ বর্গ কি.মি এর এই তাড়াইল উপজেলাটি ১৯১৮ সালে প্রতিষ্ঠিত হয়।,True
UPA_349,Upazila,Hossainpur,হোসেনপুর,DIST_45,কিশোরগঞ্জ,hossainpur.kishoreganj.gov.bd,হোসেনপুর উপজেলা,https://bn.wikipedia.org/wiki/%E0%A6%B9%E0%A7%8B%E0%A6%B8%E0%A7%87%E0%A6%A8%E0%A6%AA%E0%A7%81%E0%A6%B0%20%E0%A6%89%E0%A6%AA%E0%A6%9C%E0%A7%87%E0%A6%B2%E0%A6%BE,https://pub-d8ff02e059814132b7f971370e65283d.r2.dev/places/upazilas/hossainpur_upa_349.jpg,https://thumb.wikimedia.org/wikipedia/commons/thumb/6/64/Hossainpur_in_Dhaka_division_%28Bangladesh%29.svg/960px-Hossainpur_in_Dhaka_division_%28Bangladesh%29.svg.png?utm_source=bn.wikipedia.org&utm_campaign=api&utm_content=thumbnail,হোসেনপুর বাংলাদেশের কিশোরগঞ্জ জেলার অন্তর্গত একটি উপজেলা। মোঘল সম্রাট বাহাদুর শাহ এর আমলে বাংলার তদানিন্তন সুলতান আলাউদ্দিন হোসেন শাহ একদা  ব্রহ্মপ্রত্র নদ দিয়ে পরগনার প্রজা সাধারণের সুখ-দুঃখ স্বচক্ষে দেখার জন্য এখানে আগমন করেন এবং দুল বাজার নামক এক জায়গায় বেশ কিছুদিন অবস্থান করেন। পরবর্তীতে এ দুল বাজারই সুলতান আলাউদ্দিন হোসেন শাহ এর নামানুসারে ‘‘হোসেনপুর’’ নামকরণ করা হয় বলে জনশ্রুতি আছে।[১],True
UPA_350,Upazila,Pakundia,পাকুন্দিয়া,DIST_45,কিশোরগঞ্জ,pakundia.kishoreganj.gov.bd,পাকুন্দিয়া উপজেলা,https://bn.wikipedia.org/wiki/%E0%A6%AA%E0%A6%BE%E0%A6%95%E0%A7%81%E0%A6%A8%E0%A7%8D%E0%A6%A6%E0%A6%BF%E0%A6%AF%E0%A6%BC%E0%A6%BE%20%E0%A6%89%E0%A6%AA%E0%A6%9C%E0%A7%87%E0%A6%B2%E0%A6%BE,https://pub-d8ff02e059814132b7f971370e65283d.r2.dev/places/upazilas/pakundia_upa_350.jpg,https://thumb.wikimedia.org/wikipedia/commons/thumb/7/79/The_skyline_of_Pakundia.jpg/960px-The_skyline_of_Pakundia.jpg?utm_source=bn.wikipedia.org&utm_campaign=api&utm_content=thumbnail,"পাকুন্দিয়া বাংলাদেশের ঢাকা বিভাগের কিশোরগঞ্জ জেলার অন্তর্গত একটি উপজেলা। এর আয়তন ১৮০.৫২ বর্গকিলোমিটার (৬৯.৭০ বর্গমাইল) এবং মোট জনসংখ্যা ২,৩৭,২১৮। এটি ১৯২২ সালে একটি থানা হিসেবে গঠিত হয়। এটি ১৯৮৩ সালের সেপ্টেম্বর মাসের ১৪ তারিখে উপজেলায় রূপান্তরিত হয়।",True
UPA_351,Upazila,Kuliarchar,কুলিয়ারচর,DIST_45,কিশোরগঞ্জ,kuliarchar.kishoreganj.gov.bd,কুলিয়ারচর উপজেলা,https://bn.wikipedia.org/wiki/%E0%A6%95%E0%A7%81%E0%A6%B2%E0%A6%BF%E0%A6%AF%E0%A6%BC%E0%A6%BE%E0%A6%B0%E0%A6%9A%E0%A6%B0%20%E0%A6%89%E0%A6%AA%E0%A6%9C%E0%A7%87%E0%A6%B2%E0%A6%BE,https://pub-d8ff02e059814132b7f971370e65283d.r2.dev/places/upazilas/kuliarchar_upa_351.jpg,https://thumb.wikimedia.org/wikipedia/commons/thumb/f/fa/Kuliarchar_in_Dhaka_division_%28Bangladesh%29.svg/960px-Kuliarchar_in_Dhaka_division_%28Bangladesh%29.svg.png?utm_source=bn.wikipedia.org&utm_campaign=api&utm_content=thumbnail,কুলিয়ারচর উপজেলা বাংলাদেশের কিশোরগঞ্জ জেলার অন্তর্গত একটি উপজেলা।,True
UPA_352,Upazila,Kishoreganj Sadar,কিশোরগঞ্জ সদর,DIST_45,কিশোরগঞ্জ,kishoreganjsadar.kishoreganj.gov.bd,কিশোরগঞ্জ সদর উপজেলা,https://bn.wikipedia.org/wiki/%E0%A6%95%E0%A6%BF%E0%A6%B6%E0%A7%8B%E0%A6%B0%E0%A6%97%E0%A6%9E%E0%A7%8D%E0%A6%9C%20%E0%A6%B8%E0%A6%A6%E0%A6%B0%20%E0%A6%89%E0%A6%AA%E0%A6%9C%E0%A7%87%E0%A6%B2%E0%A6%BE,https://pub-d8ff02e059814132b7f971370e65283d.r2.dev/places/upazilas/kishoreganj_sadar_upa_352.jpg,https://thumb.wikimedia.org/wikipedia/commons/thumb/a/a3/Narasunda_River_Lake_View_from_Watch_Tower.jpg/960px-Narasunda_River_Lake_View_from_Watch_Tower.jpg?utm_source=bn.wikipedia.org&utm_campaign=api&utm_content=thumbnail,"কিশোরগঞ্জ সদর উপজেলা বাংলাদেশের কিশোরগঞ্জ জেলার অন্তর্গত একটি উপজেলা এবং কিশোরগঞ্জ জেলার প্রধান শহর।
১৮৪৫ থেকে ১৮৬০ সালের মধ্যে কোন সময় কিশোরগঞ্জ থানা প্রতিষ্ঠিত হয়েছিল। পরবর্তী কালে ১৯৮৪ সালে এই জনপদকে উপজেলায় উত্তীর্ণ করা হয়। বাংলাদেশ জাতীয় সংসদ নির্বাচনে এই উপজেলাটি কিশোরগঞ্জ-১ সংসদীয় আসনের অন্তর্গত।",True
UPA_353,Upazila,Karimgonj,করিমগঞ্জ,DIST_45,কিশোরগঞ্জ,karimgonj.kishoreganj.gov.bd,করিমগঞ্জ উপজেলা,https://bn.wikipedia.org/wiki/%E0%A6%95%E0%A6%B0%E0%A6%BF%E0%A6%AE%E0%A6%97%E0%A6%9E%E0%A7%8D%E0%A6%9C%20%E0%A6%89%E0%A6%AA%E0%A6%9C%E0%A7%87%E0%A6%B2%E0%A6%BE,https://pub-d8ff02e059814132b7f971370e65283d.r2.dev/places/upazilas/karimgonj_upa_353.jpg,https://thumb.wikimedia.org/wikipedia/commons/thumb/1/17/Karimganj_in_Dhaka_division_%28Bangladesh%29.svg/960px-Karimganj_in_Dhaka_division_%28Bangladesh%29.svg.png?utm_source=bn.wikipedia.org&utm_campaign=api&utm_content=thumbnail,করিমগঞ্জ উপজেলা বাংলাদেশের কিশোরগঞ্জ জেলার অন্তর্গত একটি উপজেলা।,True
UPA_354,Upazila,Bajitpur,বাজিতপুর,DIST_45,কিশোরগঞ্জ,bajitpur.kishoreganj.gov.bd,বাজিতপুর উপজেলা,https://bn.wikipedia.org/wiki/%E0%A6%AC%E0%A6%BE%E0%A6%9C%E0%A6%BF%E0%A6%A4%E0%A6%AA%E0%A7%81%E0%A6%B0%20%E0%A6%89%E0%A6%AA%E0%A6%9C%E0%A7%87%E0%A6%B2%E0%A6%BE,https://pub-d8ff02e059814132b7f971370e65283d.r2.dev/places/upazilas/bajitpur_upa_354.jpg,https://thumb.wikimedia.org/wikipedia/commons/thumb/e/e4/Bajitpur_in_Dhaka_division_%28Bangladesh%29.svg/960px-Bajitpur_in_Dhaka_division_%28Bangladesh%29.svg.png?utm_source=bn.wikipedia.org&utm_campaign=api&utm_content=thumbnail,"বাজিতপুর বাংলাদেশের কিশোরগঞ্জ জেলার একটি উপজেলা। বায়েজিদ খাঁ বাজিতপুর শহরটি তৈরি করেন। উপজেলাটি খাল-বিল, নদীনালা ও হাওরে ভরপুর। একসময় বাজিতপুরে বিশ্ববিখ্যাত মসলিন তৈরি হতো। মসলিন তৈরির কাঁচামাল এখানে সহজলভ্য ছিল। বৃটিশ আমলেই বাজিতপুরকে শহর হিসেবে প্রতিষ্ঠা করা হয়। ১৮৬৯ সালে বাজিতপুরে বৃহত্তর ময়মনসিংহের প্রথম পৌরসভা প্রতিষ্ঠিত হয়। বৃটিশ আমলেই এখানকার দিলালপুর নদীবন্দর উপমহাদেশে বিখ্যাত ছিল। এটি ঘোড়াউত্রা নদীর তীরে অবস্থিত। বর্তমানে বাজিতপুর একটি দেওয়ানি আদালত রয়েছে, যার অধিভুক্ত উপজেলাগুলো হলো - ভৈরব, কুলিয়ারচর, নিকলী ও অষ্টগ্রাম।",True
UPA_355,Upazila,Austagram,অষ্টগ্রাম,DIST_45,কিশোরগঞ্জ,austagram.kishoreganj.gov.bd,অষ্টগ্রাম উপজেলা,https://bn.wikipedia.org/wiki/%E0%A6%85%E0%A6%B7%E0%A7%8D%E0%A6%9F%E0%A6%97%E0%A7%8D%E0%A6%B0%E0%A6%BE%E0%A6%AE%20%E0%A6%89%E0%A6%AA%E0%A6%9C%E0%A7%87%E0%A6%B2%E0%A6%BE,https://pub-d8ff02e059814132b7f971370e65283d.r2.dev/places/upazilas/austagram_upa_355.jpg,https://thumb.wikimedia.org/wikipedia/commons/thumb/4/44/Astagram_in_Dhaka_division_%28Bangladesh%29.svg/960px-Astagram_in_Dhaka_division_%28Bangladesh%29.svg.png?utm_source=bn.wikipedia.org&utm_campaign=api&utm_content=thumbnail,অষ্টগ্রাম বাংলাদেশের কিশোরগঞ্জ জেলার অন্তর্গত একটি উপজেলা।,True
UPA_356,Upazila,Mithamoin,মিঠামইন,DIST_45,কিশোরগঞ্জ,mithamoin.kishoreganj.gov.bd,মিঠামইন উপজেলা,https://bn.wikipedia.org/wiki/%E0%A6%AE%E0%A6%BF%E0%A6%A0%E0%A6%BE%E0%A6%AE%E0%A6%87%E0%A6%A8%20%E0%A6%89%E0%A6%AA%E0%A6%9C%E0%A7%87%E0%A6%B2%E0%A6%BE,https://pub-d8ff02e059814132b7f971370e65283d.r2.dev/places/upazilas/mithamoin_upa_356.jpg,https://thumb.wikimedia.org/wikipedia/commons/thumb/4/48/Mithamain_in_Dhaka_division_%28Bangladesh%29.svg/960px-Mithamain_in_Dhaka_division_%28Bangladesh%29.svg.png?utm_source=bn.wikipedia.org&utm_campaign=api&utm_content=thumbnail,মিঠামইন বাংলাদেশের কিশোরগঞ্জ জেলার অন্তর্গত একটি উপজেলা।,True
UPA_357,Upazila,Nikli,নিকলী,DIST_45,কিশোরগঞ্জ,nikli.kishoreganj.gov.bd,নিকলী উপজেলা,https://bn.wikipedia.org/wiki/%E0%A6%A8%E0%A6%BF%E0%A6%95%E0%A6%B2%E0%A7%80%20%E0%A6%89%E0%A6%AA%E0%A6%9C%E0%A7%87%E0%A6%B2%E0%A6%BE,https://pub-d8ff02e059814132b7f971370e65283d.r2.dev/places/upazilas/nikli_upa_357.jpg,https://thumb.wikimedia.org/wikipedia/commons/thumb/d/d8/Nikli_in_Dhaka_division_%28Bangladesh%29.svg/960px-Nikli_in_Dhaka_division_%28Bangladesh%29.svg.png?utm_source=bn.wikipedia.org&utm_campaign=api&utm_content=thumbnail,নিকলী উপজেলা বাংলাদেশের কিশোরগঞ্জ জেলার অন্তর্গত একটি উপজেলা। নিকলীতে অবস্থিত নিকলী হাওর দেশের অন্যতম পর্যটন আকর্ষণ কেন্দ্র। বর্ষাকালে হাওরে পানি আসলে সারাদেশ থেকে পর্যটকরা হাওর ভ্রমণে আসেন।,True
UPA_358,Upazila,Harirampur,হরিরামপুর,DIST_46,মানিকগঞ্জ,harirampur.manikganj.gov.bd,হরিরামপুর উপজেলা,https://bn.wikipedia.org/wiki/%E0%A6%B9%E0%A6%B0%E0%A6%BF%E0%A6%B0%E0%A6%BE%E0%A6%AE%E0%A6%AA%E0%A7%81%E0%A6%B0%20%E0%A6%89%E0%A6%AA%E0%A6%9C%E0%A7%87%E0%A6%B2%E0%A6%BE,https://pub-d8ff02e059814132b7f971370e65283d.r2.dev/places/upazilas/harirampur_upa_358.jpg,https://thumb.wikimedia.org/wikipedia/commons/thumb/6/60/Harirampur_in_Dhaka_division_%28Bangladesh%29.svg/960px-Harirampur_in_Dhaka_division_%28Bangladesh%29.svg.png?utm_source=bn.wikipedia.org&utm_campaign=api&utm_content=thumbnail,হরিরামপুর বাংলাদেশের মানিকগঞ্জ জেলার অন্তর্গত একটি উপজেলা।,True
UPA_359,Upazila,Saturia,সাটুরিয়া,DIST_46,মানিকগঞ্জ,saturia.manikganj.gov.bd,সাটুরিয়া উপজেলা,https://bn.wikipedia.org/wiki/%E0%A6%B8%E0%A6%BE%E0%A6%9F%E0%A7%81%E0%A6%B0%E0%A6%BF%E0%A6%AF%E0%A6%BC%E0%A6%BE%20%E0%A6%89%E0%A6%AA%E0%A6%9C%E0%A7%87%E0%A6%B2%E0%A6%BE,https://pub-d8ff02e059814132b7f971370e65283d.r2.dev/places/upazilas/saturia_upa_359.jpg,https://thumb.wikimedia.org/wikipedia/commons/thumb/1/12/Saturia_in_Dhaka_division_%28Bangladesh%29.svg/960px-Saturia_in_Dhaka_division_%28Bangladesh%29.svg.png?utm_source=bn.wikipedia.org&utm_campaign=api&utm_content=thumbnail,সাটুরিয়া বাংলাদেশের মানিকগঞ্জ জেলার অন্তর্গত একটি উপজেলা।,True
UPA_360,Upazila,Manikganj Sadar,মানিকগঞ্জ সদর,DIST_46,মানিকগঞ্জ,sadar.manikganj.gov.bd,মানিকগঞ্জ সদর উপজেলা,https://bn.wikipedia.org/wiki/%E0%A6%AE%E0%A6%BE%E0%A6%A8%E0%A6%BF%E0%A6%95%E0%A6%97%E0%A6%9E%E0%A7%8D%E0%A6%9C%20%E0%A6%B8%E0%A6%A6%E0%A6%B0%20%E0%A6%89%E0%A6%AA%E0%A6%9C%E0%A7%87%E0%A6%B2%E0%A6%BE,https://pub-d8ff02e059814132b7f971370e65283d.r2.dev/places/upazilas/manikganj_sadar_upa_360.jpg,https://thumb.wikimedia.org/wikipedia/commons/thumb/9/9d/Manikganj_Sadar_in_Dhaka_division_%28Bangladesh%29.svg/960px-Manikganj_Sadar_in_Dhaka_division_%28Bangladesh%29.svg.png?utm_source=bn.wikipedia.org&utm_campaign=api&utm_content=thumbnail,মানিকগঞ্জ সদর বাংলাদেশের মানিকগঞ্জ জেলার অন্তর্গত একটি উপজেলা।,True
UPA_361,Upazila,Gior,ঘিওর,DIST_46,মানিকগঞ্জ,gior.manikganj.gov.bd,ঘিওর উপজেলা,https://bn.wikipedia.org/wiki/%E0%A6%98%E0%A6%BF%E0%A6%93%E0%A6%B0%20%E0%A6%89%E0%A6%AA%E0%A6%9C%E0%A7%87%E0%A6%B2%E0%A6%BE,https://pub-d8ff02e059814132b7f971370e65283d.r2.dev/places/upazilas/gior_upa_361.jpg,https://thumb.wikimedia.org/wikipedia/commons/thumb/9/9c/Ghior_in_Dhaka_division_%28Bangladesh%29.svg/960px-Ghior_in_Dhaka_division_%28Bangladesh%29.svg.png?utm_source=bn.wikipedia.org&utm_campaign=api&utm_content=thumbnail,ঘিওর বাংলাদেশের মানিকগঞ্জ জেলার অন্তর্গত একটি উপজেলা।,True
UPA_362,Upazila,Shibaloy,শিবালয়,DIST_46,মানিকগঞ্জ,shibaloy.manikganj.gov.bd,শিবালয় উপজেলা,https://bn.wikipedia.org/wiki/%E0%A6%B6%E0%A6%BF%E0%A6%AC%E0%A6%BE%E0%A6%B2%E0%A6%AF%E0%A6%BC%20%E0%A6%89%E0%A6%AA%E0%A6%9C%E0%A7%87%E0%A6%B2%E0%A6%BE,https://pub-d8ff02e059814132b7f971370e65283d.r2.dev/places/upazilas/shibaloy_upa_362.jpg,https://thumb.wikimedia.org/wikipedia/commons/thumb/5/50/Shivaloy_thana%2C_Manikganj_2.jpg/960px-Shivaloy_thana%2C_Manikganj_2.jpg?utm_source=bn.wikipedia.org&utm_campaign=api&utm_content=thumbnail,শিবালয় বাংলাদেশের মানিকগঞ্জ জেলার অন্তর্গত একটি উপজেলা।,True
UPA_363,Upazila,Doulatpur,দৌলতপুর,DIST_46,মানিকগঞ্জ,doulatpur.manikganj.gov.bd,দৌলতপুর উপজেলা,https://bn.wikipedia.org/wiki/%E0%A6%A6%E0%A7%8C%E0%A6%B2%E0%A6%A4%E0%A6%AA%E0%A7%81%E0%A6%B0%20%E0%A6%89%E0%A6%AA%E0%A6%9C%E0%A7%87%E0%A6%B2%E0%A6%BE,,,"দৌলতপুর উপজেলা নামে বাংলাদেশে দুইটি উপজেলা রয়েছে। যথা:

দৌলতপুর উপজেলা, কুষ্টিয়া
দৌলতপুর উপজেলা, মানিকগঞ্জ",True
UPA_364,Upazila,Singiar,সিংগাইর,DIST_46,মানিকগঞ্জ,singiar.manikganj.gov.bd,সিঙ্গাইর উপজেলা,https://bn.wikipedia.org/wiki/%E0%A6%B8%E0%A6%BF%E0%A6%99%E0%A7%8D%E0%A6%97%E0%A6%BE%E0%A6%87%E0%A6%B0%20%E0%A6%89%E0%A6%AA%E0%A6%9C%E0%A7%87%E0%A6%B2%E0%A6%BE,https://pub-d8ff02e059814132b7f971370e65283d.r2.dev/places/upazilas/singiar_upa_364.jpg,https://thumb.wikimedia.org/wikipedia/commons/thumb/0/0b/Singair_in_Dhaka_division_%28Bangladesh%29.svg/960px-Singair_in_Dhaka_division_%28Bangladesh%29.svg.png?utm_source=bn.wikipedia.org&utm_campaign=api&utm_content=thumbnail,সিঙ্গাইর বাংলাদেশের মানিকগঞ্জ জেলার অন্তর্গত একটি উপজেলা।,True
UPA_365,Upazila,Savar,সাভার,DIST_47,ঢাকা,savar.dhaka.gov.bd,সাভার উপজেলা,https://bn.wikipedia.org/wiki/%E0%A6%B8%E0%A6%BE%E0%A6%AD%E0%A6%BE%E0%A6%B0%20%E0%A6%89%E0%A6%AA%E0%A6%9C%E0%A7%87%E0%A6%B2%E0%A6%BE,https://pub-d8ff02e059814132b7f971370e65283d.r2.dev/places/upazilas/savar_upa_365.jpg,https://thumb.wikimedia.org/wikipedia/commons/thumb/8/8c/Jatiyo_Smriti_Soudho%2C_concrete_modernist_monument_and_memorial_gardens%2C_at_Savar_near_Dhaka_in_central_Bangladesh.jpg/960px-Jatiyo_Smriti_Soudho%2C_concrete_modernist_monument_and_memorial_gardens%2C_at_Savar_near_Dhaka_in_central_Bangladesh.jpg?utm_source=bn.wikipedia.org&utm_campaign=api&utm_content=thumbnail,সাভার বাংলাদেশের ঢাকা বিভাগের ঢাকা জেলার অন্তর্গত একটি উপজেলা। এটি রাজধানী শহর ঢাকা হতে প্রায় ২৪ কিলোমিটার উত্তরে (গুলিস্তান জিরো পয়েন্ট থেকে সড়ক পথের দূরত্ব) অবস্থিত বাংলাদেশের অন্যতম বড় শহর এবং ঢাকা মেগাসিটির অন্তর্ভুক্ত এলাকা। সাভার বাংলাদেশের অন্যতম ঘনবসতিপূর্ন উপজেলাগুলোর মধ্যে একটি। জনসংখ্যা অত্যধিক বেশি হওয়ায় দিন দিন এই অঞ্চল ক্রমাগত দূষিত ও বসবাস অযোগ্য হয়ে পড়ছে। সাভারে জনসংখ্যা ১৫ লক্ষাধিক। এছাড়া প্রচুর গার্মেন্ট প্রতিষ্ঠান থাকায় পরিবেশও দূষিত হচ্ছে দ্রুত।,True
UPA_366,Upazila,Dhamrai,ধামরাই,DIST_47,ঢাকা,dhamrai.dhaka.gov.bd,ধামরাই উপজেলা,https://bn.wikipedia.org/wiki/%E0%A6%A7%E0%A6%BE%E0%A6%AE%E0%A6%B0%E0%A6%BE%E0%A6%87%20%E0%A6%89%E0%A6%AA%E0%A6%9C%E0%A7%87%E0%A6%B2%E0%A6%BE,https://pub-d8ff02e059814132b7f971370e65283d.r2.dev/places/upazilas/dhamrai_upa_366.jpg,https://thumb.wikimedia.org/wikipedia/commons/thumb/3/3e/Dhamrai_in_Dhaka_division_%28Bangladesh%29.svg/960px-Dhamrai_in_Dhaka_division_%28Bangladesh%29.svg.png?utm_source=bn.wikipedia.org&utm_campaign=api&utm_content=thumbnail,"ধামরাই উপজেলা বাংলাদেশের ঢাকা জেলার একটি প্রশাসনিক এলাকা। আয়তনে এ উপজেলা ঢাকা জেলার সবথেকে বড় উপজেলা। ধামরাইয়ের রয়েছে একটি গৌরবোজ্জ্বল ইতিহাস। মুঘল ও ব্রিটিশ আমলে মসলিন ও কাঁসা শিল্পের জন্য ধামরাই প্রসিদ্ধ ছিল। বাংলাদেশের সাবেক প্রধানমন্ত্রী ও পূর্ব পাকিস্তানের শেষ মুখ্যমন্ত্রী আতাউর রহমান খানের জন্ম ধামরাই উপজেলার বালিয়া গ্রামে। পৃথিবীর দ্বিতীয় বৃহত্তম রথযাত্রা যা স্থানীয়ভাবে ""যশোমাধব দেবের রথযাত্রা"" নামে পরিচিত ধামরাইয়ের চারশো বছরের ঐতিহ্য। ঢাকা শহরের খুবই নিকটে অবস্থান করায় এই উপজেলায় দ্রুত শিল্পায়ন হচ্ছে।",True
UPA_367,Upazila,Keraniganj,কেরাণীগঞ্জ,DIST_47,ঢাকা,keraniganj.dhaka.gov.bd,কেরানীগঞ্জ উপজেলা,https://bn.wikipedia.org/wiki/%E0%A6%95%E0%A7%87%E0%A6%B0%E0%A6%BE%E0%A6%A8%E0%A7%80%E0%A6%97%E0%A6%9E%E0%A7%8D%E0%A6%9C%20%E0%A6%89%E0%A6%AA%E0%A6%9C%E0%A7%87%E0%A6%B2%E0%A6%BE,https://pub-d8ff02e059814132b7f971370e65283d.r2.dev/places/upazilas/keraniganj_upa_367.jpg,https://thumb.wikimedia.org/wikipedia/commons/thumb/a/a8/Keraniganj_in_Dhaka_division_%28Bangladesh%29.svg/960px-Keraniganj_in_Dhaka_division_%28Bangladesh%29.svg.png?utm_source=bn.wikipedia.org&utm_campaign=api&utm_content=thumbnail,কেরানীগঞ্জ  ঢাকা জেলার একটি প্রশাসনিক এলাকা। কেরানীগঞ্জের সাবেক আয়তন বর্তমান কেরানীগঞ্জ থেকে শুরু করে ঢাকা মহানগর সহ গাজীপুরের একাংশ- এই বৃহত্তর এলাকাটি কেরানীগঞ্জ থানার অন্তর্ভুক্ত ছিলো।,True
UPA_368,Upazila,Nawabganj,নবাবগঞ্জ,DIST_47,ঢাকা,nawabganj.dhaka.gov.bd,নবাবগঞ্জ উপজেলা,https://bn.wikipedia.org/wiki/%E0%A6%A8%E0%A6%AC%E0%A6%BE%E0%A6%AC%E0%A6%97%E0%A6%9E%E0%A7%8D%E0%A6%9C%20%E0%A6%89%E0%A6%AA%E0%A6%9C%E0%A7%87%E0%A6%B2%E0%A6%BE,,,"নবাবগঞ্জ উপজেলা নামে বাংলাদেশে দুইটি উপজেলা রয়েছে। যথা:

নবাবগঞ্জ উপজেলা, দিনাজপুর
নবাবগঞ্জ উপজেলা, ঢাকা",True
UPA_369,Upazila,Dohar,দোহার,DIST_47,ঢাকা,dohar.dhaka.gov.bd,দোহার উপজেলা,https://bn.wikipedia.org/wiki/%E0%A6%A6%E0%A7%8B%E0%A6%B9%E0%A6%BE%E0%A6%B0%20%E0%A6%89%E0%A6%AA%E0%A6%9C%E0%A7%87%E0%A6%B2%E0%A6%BE,https://pub-d8ff02e059814132b7f971370e65283d.r2.dev/places/upazilas/dohar_upa_369.jpg,https://thumb.wikimedia.org/wikipedia/commons/thumb/c/cf/Dohar_in_Dhaka_division_%28Bangladesh%29.svg/960px-Dohar_in_Dhaka_division_%28Bangladesh%29.svg.png?utm_source=bn.wikipedia.org&utm_campaign=api&utm_content=thumbnail,দোহার বাংলাদেশের ঢাকা জেলার অন্তর্গত সর্বদক্ষিণের উপজেলা। আয়তন ও জনসংখ্যার বিবেচনায় ঢাকা জেলার সবচেয়ে ছোট উপজেলা হিসেবেও পরিচিত (১২১.৪১ বর্গ কিলোমিটার)। দোহার থানা ১৯১৭ সালের ১৫ই জুলাই প্রতিষ্ঠা লাভ করে। তৎকালীন দোহার গ্রামের বাসিন্দা শ্রীমান সুরেন্দ্রনাথ ব্যানার্জির একান্ত প্রচেষ্টায় দোহার থানা প্রতিষ্ঠিত হয়। একই বছরের ২১শে সেপ্টেম্বর গেজেট বিজ্ঞপ্তি প্রকাশিত হবার পর ১৯১৮ সালের পহেলা জানুয়ারি আনুষ্ঠানিক ভাবে তৎকালীন দোহার থানার কার্যক্রম শুরু হয়।,True
UPA_370,Upazila,Munshiganj Sadar,মুন্সিগঞ্জ সদর,DIST_48,মুন্সিগঞ্জ,sadar.munshiganj.gov.bd,মুন্সীগঞ্জ সদর উপজেলা,https://bn.wikipedia.org/wiki/%E0%A6%AE%E0%A7%81%E0%A6%A8%E0%A7%8D%E0%A6%B8%E0%A7%80%E0%A6%97%E0%A6%9E%E0%A7%8D%E0%A6%9C%20%E0%A6%B8%E0%A6%A6%E0%A6%B0%20%E0%A6%89%E0%A6%AA%E0%A6%9C%E0%A7%87%E0%A6%B2%E0%A6%BE,https://pub-d8ff02e059814132b7f971370e65283d.r2.dev/places/upazilas/munshiganj_sadar_upa_370.jpg,https://thumb.wikimedia.org/wikipedia/commons/thumb/d/d7/Munshiganj_Sadar_in_Dhaka_division_%28Bangladesh%29.svg/960px-Munshiganj_Sadar_in_Dhaka_division_%28Bangladesh%29.svg.png?utm_source=bn.wikipedia.org&utm_campaign=api&utm_content=thumbnail,মুন্সীগঞ্জ শহর বাংলাদেশের মুন্সীগঞ্জ জেলার অন্তর্গত একটি ছোট শহর ও ও মুন্সীগঞ্জ জেলার প্রধান  উপজেলা।,True
UPA_371,Upazila,Sreenagar,শ্রীনগর,DIST_48,মুন্সিগঞ্জ,sreenagar.munshiganj.gov.bd,শ্রীনগর উপজেলা,https://bn.wikipedia.org/wiki/%E0%A6%B6%E0%A7%8D%E0%A6%B0%E0%A7%80%E0%A6%A8%E0%A6%97%E0%A6%B0%20%E0%A6%89%E0%A6%AA%E0%A6%9C%E0%A7%87%E0%A6%B2%E0%A6%BE,https://pub-d8ff02e059814132b7f971370e65283d.r2.dev/places/upazilas/sreenagar_upa_371.jpg,https://thumb.wikimedia.org/wikipedia/commons/thumb/7/7f/Sreenagar_in_Dhaka_division_%28Bangladesh%29.svg/960px-Sreenagar_in_Dhaka_division_%28Bangladesh%29.svg.png?utm_source=bn.wikipedia.org&utm_campaign=api&utm_content=thumbnail,শ্রীনগর বাংলাদেশের মুন্সীগঞ্জ জেলার অন্তর্গত একটি উপজেলা।,True
UPA_372,Upazila,Sirajdikhan,সিরাজদিখান,DIST_48,মুন্সিগঞ্জ,sirajdikhan.munshiganj.gov.bd,সিরাজদিখান উপজেলা,https://bn.wikipedia.org/wiki/%E0%A6%B8%E0%A6%BF%E0%A6%B0%E0%A6%BE%E0%A6%9C%E0%A6%A6%E0%A6%BF%E0%A6%96%E0%A6%BE%E0%A6%A8%20%E0%A6%89%E0%A6%AA%E0%A6%9C%E0%A7%87%E0%A6%B2%E0%A6%BE,https://pub-d8ff02e059814132b7f971370e65283d.r2.dev/places/upazilas/sirajdikhan_upa_372.jpg,https://thumb.wikimedia.org/wikipedia/commons/thumb/a/a0/Sirajdikhan_in_Dhaka_division_%28Bangladesh%29.svg/960px-Sirajdikhan_in_Dhaka_division_%28Bangladesh%29.svg.png?utm_source=bn.wikipedia.org&utm_campaign=api&utm_content=thumbnail,সিরাজদিখান বাংলাদেশের মুন্সীগঞ্জ জেলার অন্তর্গত একটি উপজেলা।,True
UPA_373,Upazila,Louhajanj,লৌহজং,DIST_48,মুন্সিগঞ্জ,louhajanj.munshiganj.gov.bd,লৌহজং উপজেলা,https://bn.wikipedia.org/wiki/%E0%A6%B2%E0%A7%8C%E0%A6%B9%E0%A6%9C%E0%A6%82%20%E0%A6%89%E0%A6%AA%E0%A6%9C%E0%A7%87%E0%A6%B2%E0%A6%BE,https://pub-d8ff02e059814132b7f971370e65283d.r2.dev/places/upazilas/louhajanj_upa_373.jpg,https://thumb.wikimedia.org/wikipedia/commons/thumb/b/b9/Lohajang_in_Dhaka_division_%28Bangladesh%29.svg/960px-Lohajang_in_Dhaka_division_%28Bangladesh%29.svg.png?utm_source=bn.wikipedia.org&utm_campaign=api&utm_content=thumbnail,লৌহজং বাংলাদেশের মুন্সীগঞ্জ জেলার অন্তর্গত একটি উপজেলা।,True
UPA_374,Upazila,Gajaria,গজারিয়া,DIST_48,মুন্সিগঞ্জ,gajaria.munshiganj.gov.bd,গজারিয়া উপজেলা,https://bn.wikipedia.org/wiki/%E0%A6%97%E0%A6%9C%E0%A6%BE%E0%A6%B0%E0%A6%BF%E0%A6%AF%E0%A6%BC%E0%A6%BE%20%E0%A6%89%E0%A6%AA%E0%A6%9C%E0%A7%87%E0%A6%B2%E0%A6%BE,https://pub-d8ff02e059814132b7f971370e65283d.r2.dev/places/upazilas/gajaria_upa_374.jpg,https://thumb.wikimedia.org/wikipedia/commons/thumb/9/97/Gazaria_in_Dhaka_division_%28Bangladesh%29.svg/960px-Gazaria_in_Dhaka_division_%28Bangladesh%29.svg.png?utm_source=bn.wikipedia.org&utm_campaign=api&utm_content=thumbnail,গজারিয়া উপজেলা বাংলাদেশের মুন্সীগঞ্জ জেলার একটি প্রশাসনিক এলাকা। এটি একটি সুপ্রাচীন জনপদ।,True
UPA_375,Upazila,Tongibari,টংগীবাড়ি,DIST_48,মুন্সিগঞ্জ,tongibari.munshiganj.gov.bd,,,,,,False
UPA_376,Upazila,Rajbari Sadar,রাজবাড়ী সদর,DIST_49,রাজবাড়ী,sadar.rajbari.gov.bd,রাজবাড়ী সদর উপজেলা,https://bn.wikipedia.org/wiki/%E0%A6%B0%E0%A6%BE%E0%A6%9C%E0%A6%AC%E0%A6%BE%E0%A6%A1%E0%A6%BC%E0%A7%80%20%E0%A6%B8%E0%A6%A6%E0%A6%B0%20%E0%A6%89%E0%A6%AA%E0%A6%9C%E0%A7%87%E0%A6%B2%E0%A6%BE,https://pub-d8ff02e059814132b7f971370e65283d.r2.dev/places/upazilas/rajbari_sadar_upa_376.jpg,https://thumb.wikimedia.org/wikipedia/commons/thumb/c/c5/Rajbari_Sadar_in_Dhaka_division_%28Bangladesh%29.svg/960px-Rajbari_Sadar_in_Dhaka_division_%28Bangladesh%29.svg.png?utm_source=bn.wikipedia.org&utm_campaign=api&utm_content=thumbnail,রাজবাড়ী সদর উপজেলা বাংলাদেশের রাজবাড়ী জেলার অন্তর্গত একটি উপজেলা। নদীর দক্ষিণ ও পশ্চিমে বিস্তৃত রাজবাড়ী জেলার সদর উপজেলা ঢাকা বিভাগের অন্তর্গত।,True
UPA_377,Upazila,Goalanda,গোয়ালন্দ,DIST_49,রাজবাড়ী,goalanda.rajbari.gov.bd,গোয়ালন্দ উপজেলা,https://bn.wikipedia.org/wiki/%E0%A6%97%E0%A7%8B%E0%A6%AF%E0%A6%BC%E0%A6%BE%E0%A6%B2%E0%A6%A8%E0%A7%8D%E0%A6%A6%20%E0%A6%89%E0%A6%AA%E0%A6%9C%E0%A7%87%E0%A6%B2%E0%A6%BE,https://pub-d8ff02e059814132b7f971370e65283d.r2.dev/places/upazilas/goalanda_upa_377.jpg,https://thumb.wikimedia.org/wikipedia/commons/thumb/f/f9/Daulatdiya.jpg/960px-Daulatdiya.jpg?utm_source=bn.wikipedia.org&utm_campaign=api&utm_content=thumbnail,গোয়ালন্দ বাংলাদেশের রাজবাড়ী জেলার অন্তর্গত একটি উপজেলা।,True
UPA_378,Upazila,Pangsa,পাংশা,DIST_49,রাজবাড়ী,pangsa.rajbari.gov.bd,পাংশা উপজেলা,https://bn.wikipedia.org/wiki/%E0%A6%AA%E0%A6%BE%E0%A6%82%E0%A6%B6%E0%A6%BE%20%E0%A6%89%E0%A6%AA%E0%A6%9C%E0%A7%87%E0%A6%B2%E0%A6%BE,https://pub-d8ff02e059814132b7f971370e65283d.r2.dev/places/upazilas/pangsa_upa_378.jpg,https://thumb.wikimedia.org/wikipedia/commons/thumb/0/0c/Pangsha_in_Dhaka_division_%28Bangladesh%29.svg/960px-Pangsha_in_Dhaka_division_%28Bangladesh%29.svg.png?utm_source=bn.wikipedia.org&utm_campaign=api&utm_content=thumbnail,পাংশা উপজেলা পাবনা বিভাগের অন্তর্গত রাজবাড়ী জেলার একটি উপজেলা।,True
UPA_379,Upazila,Baliakandi,বালিয়াকান্দি,DIST_49,রাজবাড়ী,baliakandi.rajbari.gov.bd,বালিয়াকান্দি উপজেলা,https://bn.wikipedia.org/wiki/%E0%A6%AC%E0%A6%BE%E0%A6%B2%E0%A6%BF%E0%A6%AF%E0%A6%BC%E0%A6%BE%E0%A6%95%E0%A6%BE%E0%A6%A8%E0%A7%8D%E0%A6%A6%E0%A6%BF%20%E0%A6%89%E0%A6%AA%E0%A6%9C%E0%A7%87%E0%A6%B2%E0%A6%BE,https://pub-d8ff02e059814132b7f971370e65283d.r2.dev/places/upazilas/baliakandi_upa_379.jpg,https://thumb.wikimedia.org/wikipedia/commons/thumb/8/8b/Baliakandi_in_Dhaka_division_%28Bangladesh%29.svg/960px-Baliakandi_in_Dhaka_division_%28Bangladesh%29.svg.png?utm_source=bn.wikipedia.org&utm_campaign=api&utm_content=thumbnail,বালিয়াকান্দি বাংলাদেশের ঢাকা বিভাগের রাজবাড়ী জেলার অন্তর্গত একটি উপজেলা।,True
UPA_380,Upazila,Kalukhali,কালুখালী,DIST_49,রাজবাড়ী,kalukhali.rajbari.gov.bd,কালুখালী উপজেলা,https://bn.wikipedia.org/wiki/%E0%A6%95%E0%A6%BE%E0%A6%B2%E0%A7%81%E0%A6%96%E0%A6%BE%E0%A6%B2%E0%A7%80%20%E0%A6%89%E0%A6%AA%E0%A6%9C%E0%A7%87%E0%A6%B2%E0%A6%BE,https://pub-d8ff02e059814132b7f971370e65283d.r2.dev/places/upazilas/kalukhali_upa_380.jpg,https://thumb.wikimedia.org/wikipedia/commons/thumb/f/fb/Kalukhali_in_Dhaka_division_%28Bangladesh%29.svg/960px-Kalukhali_in_Dhaka_division_%28Bangladesh%29.svg.png?utm_source=bn.wikipedia.org&utm_campaign=api&utm_content=thumbnail,কালুখালী উপজেলা বাংলাদেশের রাজবাড়ী জেলার একটি প্রশাসনিক এলাকা।,True
UPA_381,Upazila,Madaripur Sadar,মাদারীপুর সদর,DIST_50,মাদারীপুর,sadar.madaripur.gov.bd,মাদারীপুর সদর উপজেলা,https://bn.wikipedia.org/wiki/%E0%A6%AE%E0%A6%BE%E0%A6%A6%E0%A6%BE%E0%A6%B0%E0%A7%80%E0%A6%AA%E0%A7%81%E0%A6%B0%20%E0%A6%B8%E0%A6%A6%E0%A6%B0%20%E0%A6%89%E0%A6%AA%E0%A6%9C%E0%A7%87%E0%A6%B2%E0%A6%BE,https://pub-d8ff02e059814132b7f971370e65283d.r2.dev/places/upazilas/madaripur_sadar_upa_381.jpg,https://thumb.wikimedia.org/wikipedia/commons/thumb/b/b4/Madaripur_Sadar_in_Dhaka_division_%28Bangladesh%29.svg/960px-Madaripur_Sadar_in_Dhaka_division_%28Bangladesh%29.svg.png?utm_source=bn.wikipedia.org&utm_campaign=api&utm_content=thumbnail,"মাদারীপুর সদর উপজেলা বাংলাদেশের মাদারীপুর জেলার অন্তর্গত একটি একটি উপজেলা যা ১৫টি ইউনিয়ন নিয়ে গঠিত। এটি ঢাকা বিভাগের অধীন মাদারীপুর জেলার ৪টি উপজেলার মধ্যে একটি এবং মাদারীপুর জেলার কেন্দ্রে অবস্থিত। মাদারীপুর সদর উপজেলার উত্তরে শিবচর উপজেলা ও শরীয়তপুর জেলার জাজিরা উপজেলা, দক্ষিণে কালকিনী উপজেলা ও গোপালগঞ্জ জেলার কোটালীপাড়া উপজেলা, পূর্বে শরীয়তপুর সদর উপজেলা এবং পশ্চিমে রাজৈর উপজেলা। মাদারীপুর সদর উপজেলার উপর দিয়ে আড়িয়াল খাঁ নদী প্রবাহিত হয়েছে।
মাদারীপুর পদ্মা বিধৌত নিম্ন পলল ভূমি এলাকা। এর ভু-ভাগ বেলে দোআঁশ মাটি দ্বারা গঠিত। এটি একটি কৃষিপ্রধান অঞ্চল।",True
UPA_382,Upazila,Shibchar,শিবচর,DIST_50,মাদারীপুর,shibchar.madaripur.gov.bd,শিবচর উপজেলা,https://bn.wikipedia.org/wiki/%E0%A6%B6%E0%A6%BF%E0%A6%AC%E0%A6%9A%E0%A6%B0%20%E0%A6%89%E0%A6%AA%E0%A6%9C%E0%A7%87%E0%A6%B2%E0%A6%BE,https://pub-d8ff02e059814132b7f971370e65283d.r2.dev/places/upazilas/shibchar_upa_382.jpg,https://thumb.wikimedia.org/wikipedia/commons/thumb/f/fc/Shibchar_in_Dhaka_division_%28Bangladesh%29.svg/960px-Shibchar_in_Dhaka_division_%28Bangladesh%29.svg.png?utm_source=bn.wikipedia.org&utm_campaign=api&utm_content=thumbnail,"শিবচর বাংলাদেশের মাদারীপুর জেলার অন্তর্গত একটি উপজেলা যা ১৯টি ইউনিয়ন নিয়ে গঠিত। এটি ঢাকা বিভাগের অধীন মাদারীপুর জেলার ৫টি উপজেলার মধ্যে একটি এবং মাদারীপুর জেলার সর্ব উত্তরে অবস্থিত। শিবচর উপজেলার উত্তরে পদ্মা নদী ও মুন্সীগঞ্জ জেলার লৌহজং উপজেলা, শ্রীনগর উপজেলা ও ফরিদপুর জেলার সদরপুর উপজেলা, দক্ষিণে রাজৈর উপজেলা ও মাদারীপুর সদর উপজেলা, পূর্বে শরীয়তপুর জেলার জাজিরা উপজেলা, পশ্চিমে ফরিদপুর জেলার ভাঙ্গা উপজেলা। শিবচর উপজেলার উপর দিয়ে পদ্মা নদী, কুমার নদ  ময়নাকাটা নদী ও আড়িয়াল খাঁ নদী প্রবাহিত হয়েছে।
শিবচর পদ্মা বিধৌত নিম্ম পলল ভূমি এলাকা। এর ভু-ভাগ বেলে দোআঁশ মাটি দ্বারা গঠিত।",True
UPA_383,Upazila,Kalkini,কালকিনি,DIST_50,মাদারীপুর,kalkini.madaripur.gov.bd,কালকিনি উপজেলা,https://bn.wikipedia.org/wiki/%E0%A6%95%E0%A6%BE%E0%A6%B2%E0%A6%95%E0%A6%BF%E0%A6%A8%E0%A6%BF%20%E0%A6%89%E0%A6%AA%E0%A6%9C%E0%A7%87%E0%A6%B2%E0%A6%BE,https://pub-d8ff02e059814132b7f971370e65283d.r2.dev/places/upazilas/kalkini_upa_383.jpg,https://thumb.wikimedia.org/wikipedia/commons/thumb/3/3a/Kalkini_in_Dhaka_division_%28Bangladesh%29.svg/960px-Kalkini_in_Dhaka_division_%28Bangladesh%29.svg.png?utm_source=bn.wikipedia.org&utm_campaign=api&utm_content=thumbnail,"কালকিনি বাংলাদেশের মাদারীপুর জেলার অন্তর্গত একটি একটি উপজেলা যা ১৫টি ইউনিয়ন নিয়ে গঠিত। এটি ঢাকা বিভাগের অধীন মাদারীপুর জেলার ৫টি উপজেলার মধ্যে একটি এবং মাদারীপুর জেলার সর্ব দক্ষিণে অবস্থিত। কালকিনি উপজেলার উত্তরে মাদারীপুর সদর উপজেলা ও শরীয়তপুর সদর উপজেলা, দক্ষিণে বরিশাল জেলার গৌরনদী উপজেলা এবং আগৈলঝাড়া উপজেলা, পূর্বে শরীয়তপুর জেলার গোসাইরহাট উপজেলা, ডামুড্যা উপজেলা ও বরিশাল জেলার মুলাদী উপজেলা, পশ্চিমে গোপালগঞ্জ জেলার কোটালীপাড়া উপজেলা ও বরিশাল জেলার গৌরনদী উপজেলা। কালকিনি উপজেলার উপর দিয়ে আড়িয়াল খাঁ নদ, টর্কি নদী ও পালরদী নদী প্রবাহিত হয়েছে।",True
UPA_384,Upazila,Rajoir,রাজৈর,DIST_50,মাদারীপুর,rajoir.madaripur.gov.bd,রাজৈর উপজেলা,https://bn.wikipedia.org/wiki/%E0%A6%B0%E0%A6%BE%E0%A6%9C%E0%A7%88%E0%A6%B0%20%E0%A6%89%E0%A6%AA%E0%A6%9C%E0%A7%87%E0%A6%B2%E0%A6%BE,https://pub-d8ff02e059814132b7f971370e65283d.r2.dev/places/upazilas/rajoir_upa_384.jpg,https://thumb.wikimedia.org/wikipedia/commons/thumb/3/35/Rajoir_in_Dhaka_division_%28Bangladesh%29.svg/960px-Rajoir_in_Dhaka_division_%28Bangladesh%29.svg.png?utm_source=bn.wikipedia.org&utm_campaign=api&utm_content=thumbnail,"রাজৈর বাংলাদেশের মাদারীপুর জেলার অন্তর্গত একটি একটি উপজেলা যা ১১টি ইউনিয়ন নিয়ে গঠিত। এটি ঢাকা বিভাগের অধীন মাদারীপুর জেলার ৪টি উপজেলার মধ্যে একটি এবং মাদারীপুর জেলার সর্ব পশ্চিমে অবস্থিত। রাজৈর উপজেলার উত্তরে ফরিদপুর জেলার ভাঙ্গা উপজেলা, দক্ষিণে গোপালগঞ্জ জেলার কোটালীপাড়া উপজেলা ও গোপালগঞ্জ সদর উপজেলা, পূর্বে মাদারীপুর সদর উপজেলা ও শিবচর উপজেলা, পশ্চিমে গোপালগঞ্জ জেলার মুকসুদপুর উপজেলা ও ফরিদপুর জেলার ভাঙ্গা উপজেলা। রাজৈর উপজেলার উপর দিয়ে মাদারীপুর বিলরুট নদী, কুমার আপার নদী, কুমার লোয়ার নদী প্রবাহিত হয়েছে।",True
UPA_385,Upazila,Gopalganj Sadar,গোপালগঞ্জ সদর,DIST_51,গোপালগঞ্জ,sadar.gopalganj.gov.bd,গোপালগঞ্জ সদর উপজেলা,https://bn.wikipedia.org/wiki/%E0%A6%97%E0%A7%8B%E0%A6%AA%E0%A6%BE%E0%A6%B2%E0%A6%97%E0%A6%9E%E0%A7%8D%E0%A6%9C%20%E0%A6%B8%E0%A6%A6%E0%A6%B0%20%E0%A6%89%E0%A6%AA%E0%A6%9C%E0%A7%87%E0%A6%B2%E0%A6%BE,https://pub-d8ff02e059814132b7f971370e65283d.r2.dev/places/upazilas/gopalganj_sadar_upa_385.jpg,https://thumb.wikimedia.org/wikipedia/commons/thumb/c/cf/Gopalganj_Sadar_in_Dhaka_division_%28Bangladesh%29.svg/960px-Gopalganj_Sadar_in_Dhaka_division_%28Bangladesh%29.svg.png?utm_source=bn.wikipedia.org&utm_campaign=api&utm_content=thumbnail,"গোপালগঞ্জ সদর উপজেলা বাংলাদেশের গোপালগঞ্জ জেলার অন্তর্গত একটি উপজেলা যা ২১টি ইউনিয়ন ও একটি পৌরসভা নিয়ে গঠিত। এটি ঢাকা বিভাগের অধীন গোপালগঞ্জ জেলার ৫টি উপজেলার মধ্যে একটি। বাংলাদেশ জাতীয় সংসদ নির্বাচনে গোপালগঞ্জ সদর উপজেলা সংসদীয় আসন গোপালগঞ্জ-২ এর অধীন। গোপালগঞ্জ জেলার গোপালগঞ্জ সদর উপজেলা ও কাশিয়ানী উপজেলার সিংগা ইউনিয়ন, হাতিয়াড়া ইউনিয়ন, পুইশুড় ইউনিয়ন, বেথুড়ী ইউনিয়ন, নিজামকান্দি ইউনিয়ন, ওড়াকান্দি ইউনিয়ন ও ফুকরা ইউনিয়ন নিয়ে গঠিত গোপালগঞ্জ-২ আসনটি জাতীয় সংসদে ২১৬নং আসন হিসেবে চিহ্নিত।",True
UPA_386,Upazila,Kashiani,কাশিয়ানী,DIST_51,গোপালগঞ্জ,kashiani.gopalganj.gov.bd,কাশিয়ানী উপজেলা,https://bn.wikipedia.org/wiki/%E0%A6%95%E0%A6%BE%E0%A6%B6%E0%A6%BF%E0%A6%AF%E0%A6%BC%E0%A6%BE%E0%A6%A8%E0%A7%80%20%E0%A6%89%E0%A6%AA%E0%A6%9C%E0%A7%87%E0%A6%B2%E0%A6%BE,https://pub-d8ff02e059814132b7f971370e65283d.r2.dev/places/upazilas/kashiani_upa_386.jpg,https://thumb.wikimedia.org/wikipedia/commons/thumb/7/76/Kashiani_in_Dhaka_division_%28Bangladesh%29.svg/960px-Kashiani_in_Dhaka_division_%28Bangladesh%29.svg.png?utm_source=bn.wikipedia.org&utm_campaign=api&utm_content=thumbnail,কাশিয়ানী বাংলাদেশের গোপালগঞ্জ জেলার অন্তর্গত একটি উপজেলা। এই উপজেলার আয়তন- ৩০০ ব:কি:মি:। অবস্থানগত দিক দিয়ে এটি গোপালগঞ্জের সবচেয়ে গুরুত্বপূর্ণ উপজেলাও বটে। কাশিয়ানীতে রয়েছে দেশের প্রথম পাঁচমুখী জংশন। অন্যদিকে ভাটিয়াপাড়া গোলচত্বর ভাঙ্গার পর দক্ষিণাঞ্চলের দ্বিতীয় প্রবেশদ্বার হিসেবে বিবেচিত যেখান দিয়ে ১১ জেলার সাথে সরাসরি সংযোগ রয়েছে। দক্ষিণাঞ্চলের প্রথম ফ্লাইওভার রয়েছে কাশিয়ানীতেই। এছাড়াও দেশের প্রথম ছয়লেন বিশিষ্ট সেতুও (মধুমতী সেতু) কাশিয়ানীতেই রয়েছে। যোগাযোগের কেন্দ্রবিন্দু ছাড়াও ধর্মীয় এবং ঐতিহ্যগতভাবেও কাশিয়ানী বেশ সমৃদ্ধ একটি অঞ্চল।,True
UPA_387,Upazila,Tungipara,টুংগীপাড়া,DIST_51,গোপালগঞ্জ,tungipara.gopalganj.gov.bd,,,,,,False
UPA_388,Upazila,Kotalipara,কোটালীপাড়া,DIST_51,গোপালগঞ্জ,kotalipara.gopalganj.gov.bd,কোটালীপাড়া উপজেলা,https://bn.wikipedia.org/wiki/%E0%A6%95%E0%A7%8B%E0%A6%9F%E0%A6%BE%E0%A6%B2%E0%A7%80%E0%A6%AA%E0%A6%BE%E0%A6%A1%E0%A6%BC%E0%A6%BE%20%E0%A6%89%E0%A6%AA%E0%A6%9C%E0%A7%87%E0%A6%B2%E0%A6%BE,https://pub-d8ff02e059814132b7f971370e65283d.r2.dev/places/upazilas/kotalipara_upa_388.jpg,https://thumb.wikimedia.org/wikipedia/commons/thumb/2/2e/Kotalipara_in_Dhaka_division_%28Bangladesh%29.svg/960px-Kotalipara_in_Dhaka_division_%28Bangladesh%29.svg.png?utm_source=bn.wikipedia.org&utm_campaign=api&utm_content=thumbnail,"কোটালীপাড়া বাংলাদেশের গোপালগঞ্জ জেলার অন্তর্গত একটি উপজেলা যা ১২টি ইউনিয়ন নিয়ে গঠিত। এটি ঢাকা বিভাগের অধীন গোপালগঞ্জ জেলার ৫টি উপজেলার মধ্যে একটি এবং গোপালগঞ্জ জেলার সর্ব উত্তরে অবস্থিত। কোটালীপাড়া উপজেলার উত্তরে মাদারীপুর জেলার রাজৈর উপজেলা ও মাদারীপুর সদর উপজেলা, দক্ষিণে পিরোজপুর জেলার নাজিরপুর উপজেলা ও বরিশাল জেলার উজিরপুর উপজেলা, পূর্বে বরিশাল জেলার আগৈলঝাড়া উপজেলা, গৌরনদী উপজেলা ও মাদারীপুর জেলার কালকিনি উপজেলা, পশ্চিমে গোপালগঞ্জ সদর উপজেলা ও টুঙ্গিপাড়া উপজেলা অবস্থিত। কোটালীপাড়া উপজেলার উপর দিয়ে ঘাঘর নদী, বিশারকন্দা-বাগদা নদী, চাটখালী নদী ও শৈলদাহ নদী প্রবাহিত হয়েছে।",True
UPA_389,Upazila,Muksudpur,মুকসুদপুর,DIST_51,গোপালগঞ্জ,muksudpur.gopalganj.gov.bd,মুকসুদপুর উপজেলা,https://bn.wikipedia.org/wiki/%E0%A6%AE%E0%A7%81%E0%A6%95%E0%A6%B8%E0%A7%81%E0%A6%A6%E0%A6%AA%E0%A7%81%E0%A6%B0%20%E0%A6%89%E0%A6%AA%E0%A6%9C%E0%A7%87%E0%A6%B2%E0%A6%BE,https://pub-d8ff02e059814132b7f971370e65283d.r2.dev/places/upazilas/muksudpur_upa_389.jpg,https://thumb.wikimedia.org/wikipedia/commons/thumb/d/d5/Muksudpur_in_Dhaka_division_%28Bangladesh%29.svg/960px-Muksudpur_in_Dhaka_division_%28Bangladesh%29.svg.png?utm_source=bn.wikipedia.org&utm_campaign=api&utm_content=thumbnail,মুকসুদপুর উপজেলা গোপালগঞ্জ জেলার অন্তর্গত একটি উপজেলা যা ১৭টি ইউনিয়ন নিয়ে গঠিত। এটি ঢাকা বিভাগের অধীন গোপালগঞ্জ জেলার ৫টি উপজেলার মধ্যে একটি এবং গোপালগঞ্জ জেলার সর্ব উত্তরে অবস্থিত।,True
UPA_390,Upazila,Faridpur Sadar,ফরিদপুর সদর,DIST_52,ফরিদপুর,sadar.faridpur.gov.bd,ফরিদপুর সদর উপজেলা,https://bn.wikipedia.org/wiki/%E0%A6%AB%E0%A6%B0%E0%A6%BF%E0%A6%A6%E0%A6%AA%E0%A7%81%E0%A6%B0%20%E0%A6%B8%E0%A6%A6%E0%A6%B0%20%E0%A6%89%E0%A6%AA%E0%A6%9C%E0%A7%87%E0%A6%B2%E0%A6%BE,https://pub-d8ff02e059814132b7f971370e65283d.r2.dev/places/upazilas/faridpur_sadar_upa_390.jpg,https://thumb.wikimedia.org/wikipedia/commons/thumb/5/56/Faridpur_Sadar_in_Dhaka_division_%28Bangladesh%29.svg/960px-Faridpur_Sadar_in_Dhaka_division_%28Bangladesh%29.svg.png?utm_source=bn.wikipedia.org&utm_campaign=api&utm_content=thumbnail,ফরিদপুর সদর বাংলাদেশের ফরিদপুর জেলার অন্তর্গত একটি উপজেলা।,True
UPA_391,Upazila,Alfadanga,আলফাডাঙ্গা,DIST_52,ফরিদপুর,alfadanga.faridpur.gov.bd,আলফাডাঙ্গা উপজেলা,https://bn.wikipedia.org/wiki/%E0%A6%86%E0%A6%B2%E0%A6%AB%E0%A6%BE%E0%A6%A1%E0%A6%BE%E0%A6%99%E0%A7%8D%E0%A6%97%E0%A6%BE%20%E0%A6%89%E0%A6%AA%E0%A6%9C%E0%A7%87%E0%A6%B2%E0%A6%BE,https://pub-d8ff02e059814132b7f971370e65283d.r2.dev/places/upazilas/alfadanga_upa_391.jpg,https://thumb.wikimedia.org/wikipedia/commons/thumb/b/b7/Alfadanga_in_Dhaka_division_%28Bangladesh%29.svg/960px-Alfadanga_in_Dhaka_division_%28Bangladesh%29.svg.png?utm_source=bn.wikipedia.org&utm_campaign=api&utm_content=thumbnail,আলফাডাঙ্গা উপজেলা বাংলাদেশের ফরিদপুর জেলার অন্তর্গত একটি উপজেলা।,True
UPA_392,Upazila,Boalmari,বোয়ালমারী,DIST_52,ফরিদপুর,boalmari.faridpur.gov.bd,বোয়ালমারী উপজেলা,https://bn.wikipedia.org/wiki/%E0%A6%AC%E0%A7%8B%E0%A6%AF%E0%A6%BC%E0%A6%BE%E0%A6%B2%E0%A6%AE%E0%A6%BE%E0%A6%B0%E0%A7%80%20%E0%A6%89%E0%A6%AA%E0%A6%9C%E0%A7%87%E0%A6%B2%E0%A6%BE,https://pub-d8ff02e059814132b7f971370e65283d.r2.dev/places/upazilas/boalmari_upa_392.jpg,https://thumb.wikimedia.org/wikipedia/commons/thumb/f/f3/Boalmari_in_Dhaka_division_%28Bangladesh%29.svg/960px-Boalmari_in_Dhaka_division_%28Bangladesh%29.svg.png?utm_source=bn.wikipedia.org&utm_campaign=api&utm_content=thumbnail,বোয়ালমারী উপজেলা বাংলাদেশের ঢাকা বিভাগের ফরিদপুর জেলার একটি উপজেলা।,True
UPA_393,Upazila,Sadarpur,সদরপুর,DIST_52,ফরিদপুর,sadarpur.faridpur.gov.bd,সদরপুর উপজেলা,https://bn.wikipedia.org/wiki/%E0%A6%B8%E0%A6%A6%E0%A6%B0%E0%A6%AA%E0%A7%81%E0%A6%B0%20%E0%A6%89%E0%A6%AA%E0%A6%9C%E0%A7%87%E0%A6%B2%E0%A6%BE,https://pub-d8ff02e059814132b7f971370e65283d.r2.dev/places/upazilas/sadarpur_upa_393.jpg,https://thumb.wikimedia.org/wikipedia/commons/thumb/f/f6/Sadarpur_in_Dhaka_division_%28Bangladesh%29.svg/960px-Sadarpur_in_Dhaka_division_%28Bangladesh%29.svg.png?utm_source=bn.wikipedia.org&utm_campaign=api&utm_content=thumbnail,"সদরপুর বাংলাদেশের ফরিদপুর জেলার অন্তর্গত একটি উপজেলা। এখানেই অবস্থিত বিশ্ব জাকের মঞ্জিল, চন্দ্রপাড়া পাক দরবার শরীফ, বাইশ রশি জমিদার বাড়ি‌,আরিয়াল খাঁ নদী, চন্দ্রপাড়া নদীর তীর, মনিকোঠা বাজার ও আকোটের চর কাশবন।",True
UPA_394,Upazila,Nagarkanda,নগরকান্দা,DIST_52,ফরিদপুর,nagarkanda.faridpur.gov.bd,নগরকান্দা উপজেলা,https://bn.wikipedia.org/wiki/%E0%A6%A8%E0%A6%97%E0%A6%B0%E0%A6%95%E0%A6%BE%E0%A6%A8%E0%A7%8D%E0%A6%A6%E0%A6%BE%20%E0%A6%89%E0%A6%AA%E0%A6%9C%E0%A7%87%E0%A6%B2%E0%A6%BE,https://pub-d8ff02e059814132b7f971370e65283d.r2.dev/places/upazilas/nagarkanda_upa_394.jpg,https://thumb.wikimedia.org/wikipedia/commons/thumb/2/28/Nagarkanda_in_Dhaka_division_%28Bangladesh%29.svg/960px-Nagarkanda_in_Dhaka_division_%28Bangladesh%29.svg.png?utm_source=bn.wikipedia.org&utm_campaign=api&utm_content=thumbnail,নগরকান্দা বাংলাদেশের ফরিদপুর জেলার অন্তর্গত একটি উপজেলা।,True
UPA_395,Upazila,Bhanga,ভাঙ্গা,DIST_52,ফরিদপুর,bhanga.faridpur.gov.bd,ভাঙ্গা উপজেলা,https://bn.wikipedia.org/wiki/%E0%A6%AD%E0%A6%BE%E0%A6%99%E0%A7%8D%E0%A6%97%E0%A6%BE%20%E0%A6%89%E0%A6%AA%E0%A6%9C%E0%A7%87%E0%A6%B2%E0%A6%BE,,,ভাঙ্গা বাংলাদেশের ফরিদপুর জেলার অন্তর্গত একটি উপজেলা।,True
UPA_396,Upazila,Charbhadrasan,চরভদ্রাসন,DIST_52,ফরিদপুর,charbhadrasan.faridpur.gov.bd,চরভদ্রাসন উপজেলা,https://bn.wikipedia.org/wiki/%E0%A6%9A%E0%A6%B0%E0%A6%AD%E0%A6%A6%E0%A7%8D%E0%A6%B0%E0%A6%BE%E0%A6%B8%E0%A6%A8%20%E0%A6%89%E0%A6%AA%E0%A6%9C%E0%A7%87%E0%A6%B2%E0%A6%BE,https://pub-d8ff02e059814132b7f971370e65283d.r2.dev/places/upazilas/charbhadrasan_upa_396.jpg,https://upload.wikimedia.org/wikipedia/commons/d/d3/Charbhadrasan_Landmarks.jpg?utm_source=bn.wikipedia.org&utm_campaign=api&utm_content=thumbnail_unscaled,চরভদ্রাসন বাংলাদেশের ফরিদপুর জেলার অন্তর্গত একটি উপজেলা।,True
UPA_397,Upazila,Madhukhali,মধুখালী,DIST_52,ফরিদপুর,madhukhali.faridpur.gov.bd,মধুখালী উপজেলা,https://bn.wikipedia.org/wiki/%E0%A6%AE%E0%A6%A7%E0%A7%81%E0%A6%96%E0%A6%BE%E0%A6%B2%E0%A7%80%20%E0%A6%89%E0%A6%AA%E0%A6%9C%E0%A7%87%E0%A6%B2%E0%A6%BE,https://pub-d8ff02e059814132b7f971370e65283d.r2.dev/places/upazilas/madhukhali_upa_397.jpg,https://thumb.wikimedia.org/wikipedia/commons/thumb/8/82/Madhukhali_in_Dhaka_division_%28Bangladesh%29.svg/960px-Madhukhali_in_Dhaka_division_%28Bangladesh%29.svg.png?utm_source=bn.wikipedia.org&utm_campaign=api&utm_content=thumbnail,মধুখালী বাংলাদেশের ফরিদপুর জেলার অন্তর্গত একটি উপজেলা।,True
UPA_398,Upazila,Saltha,সালথা,DIST_52,ফরিদপুর,saltha.faridpur.gov.bd,সালথা উপজেলা,https://bn.wikipedia.org/wiki/%E0%A6%B8%E0%A6%BE%E0%A6%B2%E0%A6%A5%E0%A6%BE%20%E0%A6%89%E0%A6%AA%E0%A6%9C%E0%A7%87%E0%A6%B2%E0%A6%BE,https://pub-d8ff02e059814132b7f971370e65283d.r2.dev/places/upazilas/saltha_upa_398.jpg,https://thumb.wikimedia.org/wikipedia/commons/thumb/8/8a/%E0%A6%B8%E0%A6%BE%E0%A6%B2%E0%A6%A5%E0%A6%BE_%E0%A6%89%E0%A6%AA%E0%A6%9C%E0%A7%87%E0%A6%B2%E0%A6%BE_%E0%A6%AA%E0%A6%B0%E0%A6%BF%E0%A6%B7%E0%A6%A6_%E0%A6%95%E0%A6%AE%E0%A6%AA%E0%A7%8D%E0%A6%B2%E0%A7%87%E0%A6%95%E0%A7%8D%E0%A6%B8_%E0%A6%AD%E0%A6%AC%E0%A6%A8_%28%E0%A7%A8%29.jpg/960px-%E0%A6%B8%E0%A6%BE%E0%A6%B2%E0%A6%A5%E0%A6%BE_%E0%A6%89%E0%A6%AA%E0%A6%9C%E0%A7%87%E0%A6%B2%E0%A6%BE_%E0%A6%AA%E0%A6%B0%E0%A6%BF%E0%A6%B7%E0%A6%A6_%E0%A6%95%E0%A6%AE%E0%A6%AA%E0%A7%8D%E0%A6%B2%E0%A7%87%E0%A6%95%E0%A7%8D%E0%A6%B8_%E0%A6%AD%E0%A6%AC%E0%A6%A8_%28%E0%A7%A8%29.jpg?utm_source=bn.wikipedia.org&utm_campaign=api&utm_content=thumbnail,"সালথা উপজেলা  বাংলাদেশের ফরিদপুর জেলার অন্তর্গত একটি উপজেলা। এই উপজেলার আয়তন ১৮২.৯৬ বর্গ কি.মি.। এ উপজেলা ২৩.৪১৫৩  ডিগ্রী উত্তর অক্ষাংশ, ৮৯.৮৯১৭ ডিগ্রী পূর্ব দ্রাঘিমাংশে অবস্থিত৷",True
UPA_399,Upazila,Panchagarh Sadar,পঞ্চগড় সদর,DIST_53,পঞ্চগড়,panchagarhsadar.panchagarh.gov.bd,পঞ্চগড় সদর উপজেলা,https://bn.wikipedia.org/wiki/%E0%A6%AA%E0%A6%9E%E0%A7%8D%E0%A6%9A%E0%A6%97%E0%A6%A1%E0%A6%BC%20%E0%A6%B8%E0%A6%A6%E0%A6%B0%20%E0%A6%89%E0%A6%AA%E0%A6%9C%E0%A7%87%E0%A6%B2%E0%A6%BE,https://pub-d8ff02e059814132b7f971370e65283d.r2.dev/places/upazilas/panchagarh_sadar_upa_399.jpg,https://thumb.wikimedia.org/wikipedia/commons/thumb/8/82/Panchagarh_Sadar_in_Rangpur_division_%28Bangladesh%29.svg/960px-Panchagarh_Sadar_in_Rangpur_division_%28Bangladesh%29.svg.png?utm_source=bn.wikipedia.org&utm_campaign=api&utm_content=thumbnail,পঞ্চগড় সদর বাংলাদেশের পঞ্চগড় জেলার অন্তর্গত একটি উপজেলা।,True
UPA_400,Upazila,Debiganj,দেবীগঞ্জ,DIST_53,পঞ্চগড়,debiganj.panchagarh.gov.bd,দেবীগঞ্জ উপজেলা,https://bn.wikipedia.org/wiki/%E0%A6%A6%E0%A7%87%E0%A6%AC%E0%A7%80%E0%A6%97%E0%A6%9E%E0%A7%8D%E0%A6%9C%20%E0%A6%89%E0%A6%AA%E0%A6%9C%E0%A7%87%E0%A6%B2%E0%A6%BE,https://pub-d8ff02e059814132b7f971370e65283d.r2.dev/places/upazilas/debiganj_upa_400.jpg,https://thumb.wikimedia.org/wikipedia/commons/thumb/a/af/4th_China_Friendship_Bridge_Debiganj_Panchagarh.jpg/960px-4th_China_Friendship_Bridge_Debiganj_Panchagarh.jpg?utm_source=bn.wikipedia.org&utm_campaign=api&utm_content=thumbnail,দেবীগঞ্জ উপজেলা  বাংলাদেশের রংপুর বিভাগের পঞ্চগড় জেলার অন্তর্গত একটি উপজেলা।,True
UPA_401,Upazila,Boda,বোদা,DIST_53,পঞ্চগড়,boda.panchagarh.gov.bd,বোদা উপজেলা,https://bn.wikipedia.org/wiki/%E0%A6%AC%E0%A7%8B%E0%A6%A6%E0%A6%BE%20%E0%A6%89%E0%A6%AA%E0%A6%9C%E0%A7%87%E0%A6%B2%E0%A6%BE,https://pub-d8ff02e059814132b7f971370e65283d.r2.dev/places/upazilas/boda_upa_401.jpg,https://thumb.wikimedia.org/wikipedia/commons/thumb/c/ca/%E0%A6%AC%E0%A6%A6%E0%A7%87%E0%A6%B6%E0%A7%8D%E0%A6%AC%E0%A6%B0%E0%A7%80_%E0%A6%AE%E0%A6%A8%E0%A7%8D%E0%A6%A6%E0%A6%BF%E0%A6%B0%E0%A6%9F%E0%A6%BF_%E0%A6%AA%E0%A6%9E%E0%A7%8D%E0%A6%9A%E0%A6%97%E0%A6%A1%E0%A6%BC_%E0%A6%9C%E0%A7%87%E0%A6%B2%E0%A6%BE%E0%A6%B0_%E0%A6%AC%E0%A7%8B%E0%A6%A6%E0%A6%BE_%E0%A6%89%E0%A6%AA%E0%A6%9C%E0%A7%87%E0%A6%B2%E0%A6%BE%E0%A6%B0_%E0%A6%AC%E0%A6%A1%E0%A6%BC%E0%A6%B6%E0%A6%B6%E0%A7%80_%E0%A6%87%E0%A6%89%E0%A6%A8%E0%A6%BF%E0%A6%AF%E0%A6%BC%E0%A6%A8%E0%A7%87_%E0%A6%85%E0%A6%AC%E0%A6%B8%E0%A7%8D%E0%A6%A5%E0%A6%BF%E0%A6%A4.jpg/960px-thumbnail.jpg?utm_source=bn.wikipedia.org&utm_campaign=api&utm_content=thumbnail,বোদা উপজেলা বাংলাদেশের পঞ্চগড় জেলার অন্তর্গত একটি উপজেলা। এটি পঞ্চগড় জেলার সর্ববৃহৎ উপজেলা।,True
UPA_402,Upazila,Atwari,আটোয়ারী,DIST_53,পঞ্চগড়,atwari.panchagarh.gov.bd,আটোয়ারী উপজেলা,https://bn.wikipedia.org/wiki/%E0%A6%86%E0%A6%9F%E0%A7%8B%E0%A6%AF%E0%A6%BC%E0%A6%BE%E0%A6%B0%E0%A7%80%20%E0%A6%89%E0%A6%AA%E0%A6%9C%E0%A7%87%E0%A6%B2%E0%A6%BE,https://pub-d8ff02e059814132b7f971370e65283d.r2.dev/places/upazilas/atwari_upa_402.jpg,https://thumb.wikimedia.org/wikipedia/commons/thumb/3/37/Atwari_in_Rangpur_division_%28Bangladesh%29.svg/960px-Atwari_in_Rangpur_division_%28Bangladesh%29.svg.png?utm_source=bn.wikipedia.org&utm_campaign=api&utm_content=thumbnail,আটোয়ারী  বাংলাদেশের রংপুর বিভাগের পঞ্চগড় জেলার অন্তর্গত একটি উপজেলা।,True
UPA_403,Upazila,Tetulia,তেতুলিয়া,DIST_53,পঞ্চগড়,tetulia.panchagarh.gov.bd,তেঁতুলিয়া উপজেলা,https://bn.wikipedia.org/wiki/%E0%A6%A4%E0%A7%87%E0%A6%81%E0%A6%A4%E0%A7%81%E0%A6%B2%E0%A6%BF%E0%A6%AF%E0%A6%BC%E0%A6%BE%20%E0%A6%89%E0%A6%AA%E0%A6%9C%E0%A7%87%E0%A6%B2%E0%A6%BE,https://pub-d8ff02e059814132b7f971370e65283d.r2.dev/places/upazilas/tetulia_upa_403.jpg,https://thumb.wikimedia.org/wikipedia/commons/thumb/f/f3/Tetulia_in_Rangpur_division_%28Bangladesh%29.svg/960px-Tetulia_in_Rangpur_division_%28Bangladesh%29.svg.png?utm_source=bn.wikipedia.org&utm_campaign=api&utm_content=thumbnail,তেঁতুলিয়া বাংলাদেশের পঞ্চগড় জেলার অন্তর্গত বাংলাদেশের সর্বউত্তরের একটি উপজেলা। এখানে রয়েছে ভারতের মহানন্দা নদী।,True
UPA_404,Upazila,Nawabganj,নবাবগঞ্জ,DIST_54,দিনাজপুর,nawabganj.dinajpur.gov.bd,নবাবগঞ্জ উপজেলা,https://bn.wikipedia.org/wiki/%E0%A6%A8%E0%A6%AC%E0%A6%BE%E0%A6%AC%E0%A6%97%E0%A6%9E%E0%A7%8D%E0%A6%9C%20%E0%A6%89%E0%A6%AA%E0%A6%9C%E0%A7%87%E0%A6%B2%E0%A6%BE,,,"নবাবগঞ্জ উপজেলা নামে বাংলাদেশে দুইটি উপজেলা রয়েছে। যথা:

নবাবগঞ্জ উপজেলা, দিনাজপুর
নবাবগঞ্জ উপজেলা, ঢাকা",True
UPA_405,Upazila,Birganj,বীরগঞ্জ,DIST_54,দিনাজপুর,birganj.dinajpur.gov.bd,বীরগঞ্জ উপজেলা,https://bn.wikipedia.org/wiki/%E0%A6%AC%E0%A7%80%E0%A6%B0%E0%A6%97%E0%A6%9E%E0%A7%8D%E0%A6%9C%20%E0%A6%89%E0%A6%AA%E0%A6%9C%E0%A7%87%E0%A6%B2%E0%A6%BE,https://pub-d8ff02e059814132b7f971370e65283d.r2.dev/places/upazilas/birganj_upa_405.jpg,https://thumb.wikimedia.org/wikipedia/commons/thumb/7/7b/Birganj_in_Rangpur_division_%28Bangladesh%29.svg/960px-Birganj_in_Rangpur_division_%28Bangladesh%29.svg.png?utm_source=bn.wikipedia.org&utm_campaign=api&utm_content=thumbnail,বীরগঞ্জ উপজেলা বাংলাদেশের দিনাজপুর জেলার অন্তর্গত একটি প্রশাসনিক এলাকা।,True
UPA_406,Upazila,Ghoraghat,ঘোড়াঘাট,DIST_54,দিনাজপুর,ghoraghat.dinajpur.gov.bd,ঘোড়াঘাট উপজেলা,https://bn.wikipedia.org/wiki/%E0%A6%98%E0%A7%8B%E0%A6%A1%E0%A6%BC%E0%A6%BE%E0%A6%98%E0%A6%BE%E0%A6%9F%20%E0%A6%89%E0%A6%AA%E0%A6%9C%E0%A7%87%E0%A6%B2%E0%A6%BE,https://pub-d8ff02e059814132b7f971370e65283d.r2.dev/places/upazilas/ghoraghat_upa_406.jpg,https://thumb.wikimedia.org/wikipedia/commons/thumb/3/35/Ghoraghat_in_Rangpur_division_%28Bangladesh%29.svg/960px-Ghoraghat_in_Rangpur_division_%28Bangladesh%29.svg.png?utm_source=bn.wikipedia.org&utm_campaign=api&utm_content=thumbnail,ঘোড়াঘাট উপজেলা বাংলাদেশের দিনাজপুর জেলার একটি প্রশাসনিক এলাকা।,True
UPA_407,Upazila,Birampur,বিরামপুর,DIST_54,দিনাজপুর,birampur.dinajpur.gov.bd,বিরামপুর উপজেলা,https://bn.wikipedia.org/wiki/%E0%A6%AC%E0%A6%BF%E0%A6%B0%E0%A6%BE%E0%A6%AE%E0%A6%AA%E0%A7%81%E0%A6%B0%20%E0%A6%89%E0%A6%AA%E0%A6%9C%E0%A7%87%E0%A6%B2%E0%A6%BE,https://pub-d8ff02e059814132b7f971370e65283d.r2.dev/places/upazilas/birampur_upa_407.jpg,https://thumb.wikimedia.org/wikipedia/commons/thumb/b/b7/Birampur_in_Rangpur_division_%28Bangladesh%29.svg/960px-Birampur_in_Rangpur_division_%28Bangladesh%29.svg.png?utm_source=bn.wikipedia.org&utm_campaign=api&utm_content=thumbnail,বিরামপুর বাংলাদেশের রংপুর বিভাগের দিনাজপুর জেলার অন্তর্গত একটি উপজেলা ও পৌর শহর। বিরামপুর উপজেলা দিনাজপুর জেলার দক্ষিণাঞ্চল ও দেশের সীমান্তবর্তী একটি গুরুত্বপূর্ণ অর্থনৈতিক  শহর। ছোট যমুনা নদীর কোল ঘেঁষে বিরামপুর উপজেলা অবস্থিত। রাজধানী থেকে ৩০০ কিলোমিটার দূরবর্তী এবং দিনাজপুর সদর থেকে ৫৬ কিলোমিটার দূরবর্তী হলেও বিরামপুর শহর নিজস্ব সংস্কৃতি ও ব্যবসা-বাণিজ্যে স্বয়ংসম্পূর্ণতা অর্জন করেছে।,True
UPA_408,Upazila,Parbatipur,পার্বতীপুর,DIST_54,দিনাজপুর,parbatipur.dinajpur.gov.bd,পার্বতীপুর উপজেলা,https://bn.wikipedia.org/wiki/%E0%A6%AA%E0%A6%BE%E0%A6%B0%E0%A7%8D%E0%A6%AC%E0%A6%A4%E0%A7%80%E0%A6%AA%E0%A7%81%E0%A6%B0%20%E0%A6%89%E0%A6%AA%E0%A6%9C%E0%A7%87%E0%A6%B2%E0%A6%BE,https://pub-d8ff02e059814132b7f971370e65283d.r2.dev/places/upazilas/parbatipur_upa_408.jpg,https://thumb.wikimedia.org/wikipedia/commons/thumb/b/b6/Parbatipur_in_Rangpur_division_%28Bangladesh%29.svg/960px-Parbatipur_in_Rangpur_division_%28Bangladesh%29.svg.png?utm_source=bn.wikipedia.org&utm_campaign=api&utm_content=thumbnail,পার্বতীপুর উপজেলা বাংলাদেশের রংপুর বিভাগের অন্তর্গত দিনাজপুর জেলার একটি প্রশাসনিক এলাকা।,True
UPA_409,Upazila,Bochaganj,বোচাগঞ্জ,DIST_54,দিনাজপুর,bochaganj.dinajpur.gov.bd,বোচাগঞ্জ উপজেলা,https://bn.wikipedia.org/wiki/%E0%A6%AC%E0%A7%8B%E0%A6%9A%E0%A6%BE%E0%A6%97%E0%A6%9E%E0%A7%8D%E0%A6%9C%20%E0%A6%89%E0%A6%AA%E0%A6%9C%E0%A7%87%E0%A6%B2%E0%A6%BE,https://pub-d8ff02e059814132b7f971370e65283d.r2.dev/places/upazilas/bochaganj_upa_409.jpg,https://thumb.wikimedia.org/wikipedia/commons/thumb/9/94/Bochaganj_in_Rangpur_division_%28Bangladesh%29.svg/960px-Bochaganj_in_Rangpur_division_%28Bangladesh%29.svg.png?utm_source=bn.wikipedia.org&utm_campaign=api&utm_content=thumbnail,"বোঁচাগঞ্জ বাংলাদেশের রংপুর বিভাগের দিনাজপুর জেলার অন্তর্গত একটি উপজেলা। এই উপজেলার প্রধান কার্যালয় তথা হেডকোয়ার্টার সেতাবগঞ্জ পৌরসভাতে অবস্থিত ।সেতাবগঞ্জ এই উপজেলা তথা দিনাজপুর জেলার একটি বিখ্যাত শহর যেখানে উপজেলা প্রশাসন, উপজেলা পরিষদ, থানা ও গুরুত্বপূর্ণ বানিজ্যিক প্রতিষ্ঠানসমূহ অবস্থিত ।",True
UPA_410,Upazila,Kaharol,কাহারোল,DIST_54,দিনাজপুর,kaharol.dinajpur.gov.bd,কাহারোল উপজেলা,https://bn.wikipedia.org/wiki/%E0%A6%95%E0%A6%BE%E0%A6%B9%E0%A6%BE%E0%A6%B0%E0%A7%8B%E0%A6%B2%20%E0%A6%89%E0%A6%AA%E0%A6%9C%E0%A7%87%E0%A6%B2%E0%A6%BE,https://pub-d8ff02e059814132b7f971370e65283d.r2.dev/places/upazilas/kaharol_upa_410.jpg,https://thumb.wikimedia.org/wikipedia/commons/thumb/7/78/Kaharole_in_Rangpur_division_%28Bangladesh%29.svg/960px-Kaharole_in_Rangpur_division_%28Bangladesh%29.svg.png?utm_source=bn.wikipedia.org&utm_campaign=api&utm_content=thumbnail,কাহারোল উপজেলা বাংলাদেশের দিনাজপুর জেলার অন্তর্গত একটি প্রশাসনিক এলাকা।,True
UPA_411,Upazila,Fulbari,ফুলবাড়ী,DIST_54,দিনাজপুর,fulbari.dinajpur.gov.bd,ফুলবাড়ী উপজেলা,https://bn.wikipedia.org/wiki/%E0%A6%AB%E0%A7%81%E0%A6%B2%E0%A6%AC%E0%A6%BE%E0%A6%A1%E0%A6%BC%E0%A7%80%20%E0%A6%89%E0%A6%AA%E0%A6%9C%E0%A7%87%E0%A6%B2%E0%A6%BE,,,"ফুলবাড়ী উপজেলা নামে বাংলাদেশে দুইটি উপজেলা রয়েছে। যথা:

ফুলবাড়ী উপজেলা, দিনাজপুর
ফুলবাড়ী উপজেলা, কুড়িগ্রাম",True
UPA_412,Upazila,Dinajpur Sadar,দিনাজপুর সদর,DIST_54,দিনাজপুর,dinajpursadar.dinajpur.gov.bd,দিনাজপুর সদর উপজেলা,https://bn.wikipedia.org/wiki/%E0%A6%A6%E0%A6%BF%E0%A6%A8%E0%A6%BE%E0%A6%9C%E0%A6%AA%E0%A7%81%E0%A6%B0%20%E0%A6%B8%E0%A6%A6%E0%A6%B0%20%E0%A6%89%E0%A6%AA%E0%A6%9C%E0%A7%87%E0%A6%B2%E0%A6%BE,https://pub-d8ff02e059814132b7f971370e65283d.r2.dev/places/upazilas/dinajpur_sadar_upa_412.jpg,https://thumb.wikimedia.org/wikipedia/commons/thumb/d/d5/Dinajpur_Sadar_in_Rangpur_division_%28Bangladesh%29.svg/960px-Dinajpur_Sadar_in_Rangpur_division_%28Bangladesh%29.svg.png?utm_source=bn.wikipedia.org&utm_campaign=api&utm_content=thumbnail,দিনাজপুর সদর বাংলাদেশের দিনাজপুর জেলার অন্তর্গত একটি উপজেলা।,True
UPA_413,Upazila,Hakimpur,হাকিমপুর,DIST_54,দিনাজপুর,hakimpur.dinajpur.gov.bd,হাকিমপুর উপজেলা,https://bn.wikipedia.org/wiki/%E0%A6%B9%E0%A6%BE%E0%A6%95%E0%A6%BF%E0%A6%AE%E0%A6%AA%E0%A7%81%E0%A6%B0%20%E0%A6%89%E0%A6%AA%E0%A6%9C%E0%A7%87%E0%A6%B2%E0%A6%BE,https://pub-d8ff02e059814132b7f971370e65283d.r2.dev/places/upazilas/hakimpur_upa_413.jpg,https://thumb.wikimedia.org/wikipedia/commons/thumb/b/bd/Well_come_to_Hakimpur.jpg/960px-Well_come_to_Hakimpur.jpg?utm_source=bn.wikipedia.org&utm_campaign=api&utm_content=thumbnail,"হাকিমপুর উপজেলা বাংলাদেশের দিনাজপুর জেলার অন্তর্গত একটি উপজেলা। ১৯৫০ সালের ২৫শে মার্চ তৎকালীন পাকিস্তান সরকার এক গেজেট নোটিশের মাধ্যমে আলীহাট, বোয়ালদাড়, খট্টামাধবপাড়া ও বিরামপুর সহ মোট ৪ টি ইউনিয়নের সমন্বয়ে হাকিমপুর মৌজার নামানুসারে হাকিমপুর থানা ঘোষণা করেন।",True
UPA_414,Upazila,Khansama,খানসামা,DIST_54,দিনাজপুর,khansama.dinajpur.gov.bd,খানসামা উপজেলা,https://bn.wikipedia.org/wiki/%E0%A6%96%E0%A6%BE%E0%A6%A8%E0%A6%B8%E0%A6%BE%E0%A6%AE%E0%A6%BE%20%E0%A6%89%E0%A6%AA%E0%A6%9C%E0%A7%87%E0%A6%B2%E0%A6%BE,https://pub-d8ff02e059814132b7f971370e65283d.r2.dev/places/upazilas/khansama_upa_414.jpg,https://thumb.wikimedia.org/wikipedia/commons/thumb/e/e2/Khansama_in_Rangpur_division_%28Bangladesh%29.svg/960px-Khansama_in_Rangpur_division_%28Bangladesh%29.svg.png?utm_source=bn.wikipedia.org&utm_campaign=api&utm_content=thumbnail,খানসামা উপজেলা বাংলাদেশের দিনাজপুর জেলার অন্তর্গত একটি প্রশাসনিক এলাকা।,True
UPA_415,Upazila,Birol,বিরল,DIST_54,দিনাজপুর,birol.dinajpur.gov.bd,বিরল উপজেলা,https://bn.wikipedia.org/wiki/%E0%A6%AC%E0%A6%BF%E0%A6%B0%E0%A6%B2%20%E0%A6%89%E0%A6%AA%E0%A6%9C%E0%A7%87%E0%A6%B2%E0%A6%BE,https://pub-d8ff02e059814132b7f971370e65283d.r2.dev/places/upazilas/birol_upa_415.jpg,https://thumb.wikimedia.org/wikipedia/commons/thumb/6/6a/Biral_in_Rangpur_division_%28Bangladesh%29.svg/960px-Biral_in_Rangpur_division_%28Bangladesh%29.svg.png?utm_source=bn.wikipedia.org&utm_campaign=api&utm_content=thumbnail,বিরল বাংলাদেশের দিনাজপুর জেলার অন্তর্গত একটি উপজেলা।,True
UPA_416,Upazila,Chirirbandar,চিরিরবন্দর,DIST_54,দিনাজপুর,chirirbandar.dinajpur.gov.bd,চিরিরবন্দর উপজেলা,https://bn.wikipedia.org/wiki/%E0%A6%9A%E0%A6%BF%E0%A6%B0%E0%A6%BF%E0%A6%B0%E0%A6%AC%E0%A6%A8%E0%A7%8D%E0%A6%A6%E0%A6%B0%20%E0%A6%89%E0%A6%AA%E0%A6%9C%E0%A7%87%E0%A6%B2%E0%A6%BE,https://pub-d8ff02e059814132b7f971370e65283d.r2.dev/places/upazilas/chirirbandar_upa_416.jpg,https://thumb.wikimedia.org/wikipedia/commons/thumb/5/5d/Chirirbandar_in_Rangpur_division_%28Bangladesh%29.svg/960px-Chirirbandar_in_Rangpur_division_%28Bangladesh%29.svg.png?utm_source=bn.wikipedia.org&utm_campaign=api&utm_content=thumbnail,চিরিরবন্দর উপজেলা বাংলাদেশের দিনাজপুর জেলার অন্তর্গত একটি প্রশাসনিক কেন্দ্র।,True
UPA_417,Upazila,Lalmonirhat Sadar,লালমনিরহাট সদর,DIST_55,লালমনিরহাট,sadar.lalmonirhat.gov.bd,লালমনিরহাট সদর উপজেলা,https://bn.wikipedia.org/wiki/%E0%A6%B2%E0%A6%BE%E0%A6%B2%E0%A6%AE%E0%A6%A8%E0%A6%BF%E0%A6%B0%E0%A6%B9%E0%A6%BE%E0%A6%9F%20%E0%A6%B8%E0%A6%A6%E0%A6%B0%20%E0%A6%89%E0%A6%AA%E0%A6%9C%E0%A7%87%E0%A6%B2%E0%A6%BE,https://pub-d8ff02e059814132b7f971370e65283d.r2.dev/places/upazilas/lalmonirhat_sadar_upa_417.jpg,https://thumb.wikimedia.org/wikipedia/commons/thumb/f/fa/Lalmonirhat_Sadar_in_Rangpur_division_%28Bangladesh%29.svg/960px-Lalmonirhat_Sadar_in_Rangpur_division_%28Bangladesh%29.svg.png?utm_source=bn.wikipedia.org&utm_campaign=api&utm_content=thumbnail,লালমনিরহাট সদর বাংলাদেশের লালমনিরহাট জেলার অন্তর্গত একটি উপজেলা।,True
UPA_418,Upazila,Kaliganj,কালীগঞ্জ,DIST_55,লালমনিরহাট,kaliganj.lalmonirhat.gov.bd,কালীগঞ্জ উপজেলা,https://bn.wikipedia.org/wiki/%E0%A6%95%E0%A6%BE%E0%A6%B2%E0%A7%80%E0%A6%97%E0%A6%9E%E0%A7%8D%E0%A6%9C%20%E0%A6%89%E0%A6%AA%E0%A6%9C%E0%A7%87%E0%A6%B2%E0%A6%BE,,,"কালীগঞ্জ উপজেলা নামে বাংলাদেশে ৪টি উপজেলা রয়েছে। যথা:

কালীগঞ্জ উপজেলা, লালমনিরহাট
কালীগঞ্জ উপজেলা, ঝিনাইদহ
কালীগঞ্জ উপজেলা, সাতক্ষীরা
কালীগঞ্জ উপজেলা, গাজীপুর",True
UPA_419,Upazila,Hatibandha,হাতীবান্ধা,DIST_55,লালমনিরহাট,hatibandha.lalmonirhat.gov.bd,হাতীবান্ধা উপজেলা,https://bn.wikipedia.org/wiki/%E0%A6%B9%E0%A6%BE%E0%A6%A4%E0%A7%80%E0%A6%AC%E0%A6%BE%E0%A6%A8%E0%A7%8D%E0%A6%A7%E0%A6%BE%20%E0%A6%89%E0%A6%AA%E0%A6%9C%E0%A7%87%E0%A6%B2%E0%A6%BE,https://pub-d8ff02e059814132b7f971370e65283d.r2.dev/places/upazilas/hatibandha_upa_419.jpg,https://thumb.wikimedia.org/wikipedia/commons/thumb/b/b5/Hatibandha_in_Rangpur_division_%28Bangladesh%29.svg/960px-Hatibandha_in_Rangpur_division_%28Bangladesh%29.svg.png?utm_source=bn.wikipedia.org&utm_campaign=api&utm_content=thumbnail,হাতিবান্ধা বাংলাদেশের লালমনিরহাট জেলার অন্তর্গত একটি উপজেলা।,True
UPA_420,Upazila,Patgram,পাটগ্রাম,DIST_55,লালমনিরহাট,patgram.lalmonirhat.gov.bd,পাটগ্রাম উপজেলা,https://bn.wikipedia.org/wiki/%E0%A6%AA%E0%A6%BE%E0%A6%9F%E0%A6%97%E0%A7%8D%E0%A6%B0%E0%A6%BE%E0%A6%AE%20%E0%A6%89%E0%A6%AA%E0%A6%9C%E0%A7%87%E0%A6%B2%E0%A6%BE,https://pub-d8ff02e059814132b7f971370e65283d.r2.dev/places/upazilas/patgram_upa_420.jpg,https://thumb.wikimedia.org/wikipedia/commons/thumb/7/75/Tin_Bigha_Corridor_%28%E0%A6%A4%E0%A6%BF%E0%A6%A8%E0%A6%AC%E0%A6%BF%E0%A6%98%E0%A6%BE_%E0%A6%95%E0%A6%B0%E0%A6%BF%E0%A6%A1%E0%A6%B0%29_13.jpg/960px-Tin_Bigha_Corridor_%28%E0%A6%A4%E0%A6%BF%E0%A6%A8%E0%A6%AC%E0%A6%BF%E0%A6%98%E0%A6%BE_%E0%A6%95%E0%A6%B0%E0%A6%BF%E0%A6%A1%E0%A6%B0%29_13.jpg?utm_source=bn.wikipedia.org&utm_campaign=api&utm_content=thumbnail,পাটগ্রাম বাংলাদেশের লালমনিরহাট জেলার অন্তর্গত একটি উপজেলা।,True
UPA_421,Upazila,Aditmari,আদিতমারী,DIST_55,লালমনিরহাট,aditmari.lalmonirhat.gov.bd,আদিতমারী উপজেলা,https://bn.wikipedia.org/wiki/%E0%A6%86%E0%A6%A6%E0%A6%BF%E0%A6%A4%E0%A6%AE%E0%A6%BE%E0%A6%B0%E0%A7%80%20%E0%A6%89%E0%A6%AA%E0%A6%9C%E0%A7%87%E0%A6%B2%E0%A6%BE,https://pub-d8ff02e059814132b7f971370e65283d.r2.dev/places/upazilas/aditmari_upa_421.jpg,https://thumb.wikimedia.org/wikipedia/commons/thumb/4/4f/Aditmari_in_Rangpur_division_%28Bangladesh%29.svg/960px-Aditmari_in_Rangpur_division_%28Bangladesh%29.svg.png?utm_source=bn.wikipedia.org&utm_campaign=api&utm_content=thumbnail,আদিতমারী উপজেলা বাংলাদেশের লালমনিরহাট জেলার অন্তর্গত একটি উপজেলা যার আয়তন ১৯৫.০৩ বর্গ কিমি।,True
UPA_422,Upazila,Syedpur,সৈয়দপুর,DIST_56,নীলফামারী,syedpur.nilphamari.gov.bd,সৈয়দপুর উপজেলা,https://bn.wikipedia.org/wiki/%E0%A6%B8%E0%A7%88%E0%A6%AF%E0%A6%BC%E0%A6%A6%E0%A6%AA%E0%A7%81%E0%A6%B0%20%E0%A6%89%E0%A6%AA%E0%A6%9C%E0%A7%87%E0%A6%B2%E0%A6%BE,https://pub-d8ff02e059814132b7f971370e65283d.r2.dev/places/upazilas/syedpur_upa_422.jpg,https://thumb.wikimedia.org/wikipedia/commons/thumb/d/de/Saidpur_in_Rangpur_division_%28Bangladesh%29.svg/960px-Saidpur_in_Rangpur_division_%28Bangladesh%29.svg.png?utm_source=bn.wikipedia.org&utm_campaign=api&utm_content=thumbnail,সৈয়দপুর বাংলাদেশের নীলফামারী জেলার অন্তর্গত একটি উপজেলা।,True
UPA_423,Upazila,Domar,ডোমার,DIST_56,নীলফামারী,domar.nilphamari.gov.bd,ডোমার উপজেলা,https://bn.wikipedia.org/wiki/%E0%A6%A1%E0%A7%8B%E0%A6%AE%E0%A6%BE%E0%A6%B0%20%E0%A6%89%E0%A6%AA%E0%A6%9C%E0%A7%87%E0%A6%B2%E0%A6%BE,https://pub-d8ff02e059814132b7f971370e65283d.r2.dev/places/upazilas/domar_upa_423.jpg,https://thumb.wikimedia.org/wikipedia/commons/thumb/c/c9/%E0%A6%B9%E0%A7%83%E0%A6%A6%E0%A6%AF%E0%A6%BC%E0%A7%87_%E0%A6%B8%E0%A7%8D%E0%A6%AC%E0%A6%BE%E0%A6%A7%E0%A7%80%E0%A6%A8%E0%A6%A4%E0%A6%BE_%E0%A6%A1%E0%A7%8B%E0%A6%AE%E0%A6%BE%E0%A6%B0.jpg/960px-%E0%A6%B9%E0%A7%83%E0%A6%A6%E0%A6%AF%E0%A6%BC%E0%A7%87_%E0%A6%B8%E0%A7%8D%E0%A6%AC%E0%A6%BE%E0%A6%A7%E0%A7%80%E0%A6%A8%E0%A6%A4%E0%A6%BE_%E0%A6%A1%E0%A7%8B%E0%A6%AE%E0%A6%BE%E0%A6%B0.jpg?utm_source=bn.wikipedia.org&utm_campaign=api&utm_content=thumbnail,"ডোমার বাংলাদেশের রংপুর বিভাগের নীলফামারী জেলার অন্তর্গত একটি উপজেলা। এই উপজেলা ১০টি ইউনিয়ন ও ১টি পৌরসভা নিয়ে গঠিত। এটি রংপুর বিভাগের আওতাধীন নীলফামারী জেলার ৬টি উপজেলার একটি এবং জেলার সীমান্তবর্তী দুটি উপজেলার একটি উপজেলা। এর উত্তরে ভারতের পশ্চিমবঙ্গের কুচবিহার জেলা, দক্ষিণে নীলফামারী সদর উপজেলা, পূর্বে ডিমলা ও জলঢাকা উপজেলা এবং পশ্চিমে দেবীগঞ্জ উপজেলা।
ডোমার উপজেলার আ়তন ২৫০.৮৪ বর্গ কিলোমিটার। ২০১১ সালের আদমশুমারি অনুযায়ী উপজেলার জনসংখ্যা ২,৪৯,৪২৯ জন এবং স্বাক্ষরতার হার ৪৮.৩%।
ব্রিটিশ শাসনামলে ১৮৭৫ সালে ডোমার থানা প্রতিষ্ঠা করা হয়।",True
UPA_424,Upazila,Dimla,ডিমলা,DIST_56,নীলফামারী,dimla.nilphamari.gov.bd,ডিমলা উপজেলা,https://bn.wikipedia.org/wiki/%E0%A6%A1%E0%A6%BF%E0%A6%AE%E0%A6%B2%E0%A6%BE%20%E0%A6%89%E0%A6%AA%E0%A6%9C%E0%A7%87%E0%A6%B2%E0%A6%BE,https://pub-d8ff02e059814132b7f971370e65283d.r2.dev/places/upazilas/dimla_upa_424.jpg,https://thumb.wikimedia.org/wikipedia/commons/thumb/8/83/%E0%A6%A4%E0%A6%BF%E0%A6%B8%E0%A7%8D%E0%A6%A4%E0%A6%BE_%E0%A6%A8%E0%A6%A6%E0%A7%80%E0%A6%A4%E0%A7%87_%E0%A6%AC%E0%A6%87%E0%A6%B0%E0%A6%BE%E0%A6%B2%E0%A6%BF_%E0%A6%AE%E0%A6%BE%E0%A6%9B_%E0%A6%A7%E0%A6%B0%E0%A6%BE%E0%A6%B0_%E0%A6%A6%E0%A7%83%E0%A6%B6%E0%A7%8D%E0%A6%AF_%E0%A7%A7.jpg/960px-%E0%A6%A4%E0%A6%BF%E0%A6%B8%E0%A7%8D%E0%A6%A4%E0%A6%BE_%E0%A6%A8%E0%A6%A6%E0%A7%80%E0%A6%A4%E0%A7%87_%E0%A6%AC%E0%A6%87%E0%A6%B0%E0%A6%BE%E0%A6%B2%E0%A6%BF_%E0%A6%AE%E0%A6%BE%E0%A6%9B_%E0%A6%A7%E0%A6%B0%E0%A6%BE%E0%A6%B0_%E0%A6%A6%E0%A7%83%E0%A6%B6%E0%A7%8D%E0%A6%AF_%E0%A7%A7.jpg?utm_source=bn.wikipedia.org&utm_campaign=api&utm_content=thumbnail,"ডিমলা উপজেলা বাংলাদেশের নীলফামারী জেলার অন্তর্গত একটি উপজেলা, যা ১০টি ইউনিয়ন নিয়ে গঠিত। এটি রংপুর বিভাগের আওতাধীন নীলফামারী জেলার ৬টি উপজেলার একটি এবং জেলার সীমান্তবর্তী দুটি উপজেলার একটি উপজেলা। ডিমলা উপজেলার উত্তরে ভারতের কোচবিহার জেলা, পূর্বে হাতীবান্ধা উপজেলা, দক্ষিণে জলঢাকা উপজেলা ও পশ্চিমে ডোমার উপজেলা অবস্থিত। এ উপজেলার পূর্ব দিক দিকে তিস্তা নদী এবং পশ্চিম দিক দিয়ে বুড়ি তিস্তা নদী প্রবাহিত হয়েছে।",True
UPA_425,Upazila,Jaldhaka,জলঢাকা,DIST_56,নীলফামারী,jaldhaka.nilphamari.gov.bd,জলঢাকা উপজেলা,https://bn.wikipedia.org/wiki/%E0%A6%9C%E0%A6%B2%E0%A6%A2%E0%A6%BE%E0%A6%95%E0%A6%BE%20%E0%A6%89%E0%A6%AA%E0%A6%9C%E0%A7%87%E0%A6%B2%E0%A6%BE,https://pub-d8ff02e059814132b7f971370e65283d.r2.dev/places/upazilas/jaldhaka_upa_425.jpg,https://thumb.wikimedia.org/wikipedia/commons/thumb/2/27/Jaldhaka_in_Rangpur_division_%28Bangladesh%29.svg/960px-Jaldhaka_in_Rangpur_division_%28Bangladesh%29.svg.png?utm_source=bn.wikipedia.org&utm_campaign=api&utm_content=thumbnail,জলঢাকা বাংলাদেশের রংপুর বিভাগের নীলফামারী জেলার অন্তর্গত একটি উপজেলা।,True
UPA_426,Upazila,Kishorganj,কিশোরগঞ্জ,DIST_56,নীলফামারী,kishorganj.nilphamari.gov.bd,কিশোরগঞ্জ উপজেলা,https://bn.wikipedia.org/wiki/%E0%A6%95%E0%A6%BF%E0%A6%B6%E0%A7%8B%E0%A6%B0%E0%A6%97%E0%A6%9E%E0%A7%8D%E0%A6%9C%20%E0%A6%89%E0%A6%AA%E0%A6%9C%E0%A7%87%E0%A6%B2%E0%A6%BE,https://pub-d8ff02e059814132b7f971370e65283d.r2.dev/places/upazilas/kishorganj_upa_426.jpg,https://thumb.wikimedia.org/wikipedia/commons/thumb/a/a5/Kishoreganj_in_Rangpur_division_%28Bangladesh%29.svg/960px-Kishoreganj_in_Rangpur_division_%28Bangladesh%29.svg.png?utm_source=bn.wikipedia.org&utm_campaign=api&utm_content=thumbnail,কিশোরগঞ্জ উপজেলা বাংলাদেশের রংপুর বিভাগের নীলফামারী জেলার অন্তর্গত একটি উপজেলা।,True
UPA_427,Upazila,Nilphamari Sadar,নীলফামারী সদর,DIST_56,নীলফামারী,nilphamarisadar.nilphamari.gov.bd,নীলফামারী সদর উপজেলা,https://bn.wikipedia.org/wiki/%E0%A6%A8%E0%A7%80%E0%A6%B2%E0%A6%AB%E0%A6%BE%E0%A6%AE%E0%A6%BE%E0%A6%B0%E0%A7%80%20%E0%A6%B8%E0%A6%A6%E0%A6%B0%20%E0%A6%89%E0%A6%AA%E0%A6%9C%E0%A7%87%E0%A6%B2%E0%A6%BE,https://pub-d8ff02e059814132b7f971370e65283d.r2.dev/places/upazilas/nilphamari_sadar_upa_427.jpg,https://thumb.wikimedia.org/wikipedia/commons/thumb/6/64/Nilphamari_Sadar_in_Rangpur_division_%28Bangladesh%29.svg/960px-Nilphamari_Sadar_in_Rangpur_division_%28Bangladesh%29.svg.png?utm_source=bn.wikipedia.org&utm_campaign=api&utm_content=thumbnail,"নীলফামারী সদর বাংলাদেশের নীলফামারী জেলার অন্তর্গত একটি উপজেলা।
খোকশাবাড়ী নীলফামারীর অন্যতম একটি ইউনিয়ন,",True
UPA_428,Upazila,Sadullapur,সাদুল্লাপুর,DIST_57,গাইবান্ধা,sadullapur.gaibandha.gov.bd,সাদুল্লাপুর উপজেলা,https://bn.wikipedia.org/wiki/%E0%A6%B8%E0%A6%BE%E0%A6%A6%E0%A7%81%E0%A6%B2%E0%A7%8D%E0%A6%B2%E0%A6%BE%E0%A6%AA%E0%A7%81%E0%A6%B0%20%E0%A6%89%E0%A6%AA%E0%A6%9C%E0%A7%87%E0%A6%B2%E0%A6%BE,https://pub-d8ff02e059814132b7f971370e65283d.r2.dev/places/upazilas/sadullapur_upa_428.jpg,https://thumb.wikimedia.org/wikipedia/commons/thumb/e/ed/Sadullapur_in_Rangpur_division_%28Bangladesh%29.svg/960px-Sadullapur_in_Rangpur_division_%28Bangladesh%29.svg.png?utm_source=bn.wikipedia.org&utm_campaign=api&utm_content=thumbnail,সাদুল্লাপুর বাংলাদেশের রংপুর বিভাগের গাইবান্ধা জেলার একটি প্রশাসনিক এলাকা।,True
UPA_429,Upazila,Gaibandha Sadar,গাইবান্ধা সদর,DIST_57,গাইবান্ধা,gaibandhasadar.gaibandha.gov.bd,গাইবান্ধা সদর উপজেলা,https://bn.wikipedia.org/wiki/%E0%A6%97%E0%A6%BE%E0%A6%87%E0%A6%AC%E0%A6%BE%E0%A6%A8%E0%A7%8D%E0%A6%A7%E0%A6%BE%20%E0%A6%B8%E0%A6%A6%E0%A6%B0%20%E0%A6%89%E0%A6%AA%E0%A6%9C%E0%A7%87%E0%A6%B2%E0%A6%BE,https://pub-d8ff02e059814132b7f971370e65283d.r2.dev/places/upazilas/gaibandha_sadar_upa_429.jpg,https://thumb.wikimedia.org/wikipedia/commons/thumb/d/d1/Gaibandha_Sadar_in_Rangpur_division_%28Bangladesh%29.svg/960px-Gaibandha_Sadar_in_Rangpur_division_%28Bangladesh%29.svg.png?utm_source=bn.wikipedia.org&utm_campaign=api&utm_content=thumbnail,গাইবান্ধা সদর বাংলাদেশের গাইবান্ধা জেলার অন্তর্গত একটি উপজেলা।,True
UPA_430,Upazila,Palashbari,পলাশবাড়ী,DIST_57,গাইবান্ধা,palashbari.gaibandha.gov.bd,পলাশবাড়ী উপজেলা,https://bn.wikipedia.org/wiki/%E0%A6%AA%E0%A6%B2%E0%A6%BE%E0%A6%B6%E0%A6%AC%E0%A6%BE%E0%A6%A1%E0%A6%BC%E0%A7%80%20%E0%A6%89%E0%A6%AA%E0%A6%9C%E0%A7%87%E0%A6%B2%E0%A6%BE,https://pub-d8ff02e059814132b7f971370e65283d.r2.dev/places/upazilas/palashbari_upa_430.jpg,https://thumb.wikimedia.org/wikipedia/commons/thumb/7/74/Palashbari_in_Rangpur_division_%28Bangladesh%29.svg/960px-Palashbari_in_Rangpur_division_%28Bangladesh%29.svg.png?utm_source=bn.wikipedia.org&utm_campaign=api&utm_content=thumbnail,পলাশবাড়ী বাংলাদেশের গাইবান্ধা জেলার অন্তর্গত একটি প্রশাসনিক এলাকা। প্রশাসন পলাশবাড়ী থানা গঠিত হয় ১৫ মার্চ ১৯৩৭ এবং থানাকে উপজেলায় রূপান্তর করা হয় ১৯৮৩ সালে।,True
UPA_431,Upazila,Saghata,সাঘাটা,DIST_57,গাইবান্ধা,saghata.gaibandha.gov.bd,সাঘাটা উপজেলা,https://bn.wikipedia.org/wiki/%E0%A6%B8%E0%A6%BE%E0%A6%98%E0%A6%BE%E0%A6%9F%E0%A6%BE%20%E0%A6%89%E0%A6%AA%E0%A6%9C%E0%A7%87%E0%A6%B2%E0%A6%BE,https://pub-d8ff02e059814132b7f971370e65283d.r2.dev/places/upazilas/saghata_upa_431.jpg,https://thumb.wikimedia.org/wikipedia/commons/thumb/9/97/Saghata_in_Rangpur_division_%28Bangladesh%29.svg/960px-Saghata_in_Rangpur_division_%28Bangladesh%29.svg.png?utm_source=bn.wikipedia.org&utm_campaign=api&utm_content=thumbnail,সাঘাটা উপজেলা  বাংলাদেশের সর্ব উত্তরের রংপুর বিভাগের গাইবান্ধা জেলার অন্তর্গত একটি প্রশাসনিক এলাকা।,True
UPA_432,Upazila,Gobindaganj,গোবিন্দগঞ্জ,DIST_57,গাইবান্ধা,gobindaganj.gaibandha.gov.bd,গোবিন্দগঞ্জ উপজেলা,https://bn.wikipedia.org/wiki/%E0%A6%97%E0%A7%8B%E0%A6%AC%E0%A6%BF%E0%A6%A8%E0%A7%8D%E0%A6%A6%E0%A6%97%E0%A6%9E%E0%A7%8D%E0%A6%9C%20%E0%A6%89%E0%A6%AA%E0%A6%9C%E0%A7%87%E0%A6%B2%E0%A6%BE,https://pub-d8ff02e059814132b7f971370e65283d.r2.dev/places/upazilas/gobindaganj_upa_432.jpg,https://thumb.wikimedia.org/wikipedia/commons/thumb/c/c0/Gobindaganj_in_Rangpur_division_%28Bangladesh%29.svg/960px-Gobindaganj_in_Rangpur_division_%28Bangladesh%29.svg.png?utm_source=bn.wikipedia.org&utm_campaign=api&utm_content=thumbnail,গোবিন্দগঞ্জ উপজেলা বাংলাদেশের গাইবান্ধা জেলার একটি প্রশাসনিক এলাকা।,True
UPA_433,Upazila,Sundarganj,সুন্দরগঞ্জ,DIST_57,গাইবান্ধা,sundarganj.gaibandha.gov.bd,সুন্দরগঞ্জ উপজেলা,https://bn.wikipedia.org/wiki/%E0%A6%B8%E0%A7%81%E0%A6%A8%E0%A7%8D%E0%A6%A6%E0%A6%B0%E0%A6%97%E0%A6%9E%E0%A7%8D%E0%A6%9C%20%E0%A6%89%E0%A6%AA%E0%A6%9C%E0%A7%87%E0%A6%B2%E0%A6%BE,https://pub-d8ff02e059814132b7f971370e65283d.r2.dev/places/upazilas/sundarganj_upa_433.jpg,https://thumb.wikimedia.org/wikipedia/commons/thumb/5/5e/Sundarganj_in_Rangpur_division_%28Bangladesh%29.svg/960px-Sundarganj_in_Rangpur_division_%28Bangladesh%29.svg.png?utm_source=bn.wikipedia.org&utm_campaign=api&utm_content=thumbnail,সুন্দরগঞ্জ বাংলাদেশের গাইবান্ধা জেলার অন্তর্গত একটি প্রশাসনিক এলাকা।,True
UPA_434,Upazila,Phulchari,ফুলছড়ি,DIST_57,গাইবান্ধা,phulchari.gaibandha.gov.bd,ফুলছড়ি উপজেলা,https://bn.wikipedia.org/wiki/%E0%A6%AB%E0%A7%81%E0%A6%B2%E0%A6%9B%E0%A6%A1%E0%A6%BC%E0%A6%BF%20%E0%A6%89%E0%A6%AA%E0%A6%9C%E0%A7%87%E0%A6%B2%E0%A6%BE,https://pub-d8ff02e059814132b7f971370e65283d.r2.dev/places/upazilas/phulchari_upa_434.jpg,https://thumb.wikimedia.org/wikipedia/commons/thumb/1/18/Phulchhari_in_Rangpur_division_%28Bangladesh%29.svg/960px-Phulchhari_in_Rangpur_division_%28Bangladesh%29.svg.png?utm_source=bn.wikipedia.org&utm_campaign=api&utm_content=thumbnail,ফুলছড়ি উপজেলা বাংলাদেশের গাইবান্ধা জেলার অন্তর্গত একটি প্রশাসনিক এলাকা।,True
UPA_435,Upazila,Thakurgaon Sadar,ঠাকুরগাঁও সদর,DIST_58,ঠাকুরগাঁও,thakurgaonsadar.thakurgaon.gov.bd,ঠাকুরগাঁও সদর উপজেলা,https://bn.wikipedia.org/wiki/%E0%A6%A0%E0%A6%BE%E0%A6%95%E0%A7%81%E0%A6%B0%E0%A6%97%E0%A6%BE%E0%A6%81%E0%A6%93%20%E0%A6%B8%E0%A6%A6%E0%A6%B0%20%E0%A6%89%E0%A6%AA%E0%A6%9C%E0%A7%87%E0%A6%B2%E0%A6%BE,https://pub-d8ff02e059814132b7f971370e65283d.r2.dev/places/upazilas/thakurgaon_sadar_upa_435.jpg,https://thumb.wikimedia.org/wikipedia/commons/thumb/9/96/Thakurgaon_Sadar_in_Rangpur_division_%28Bangladesh%29.svg/960px-Thakurgaon_Sadar_in_Rangpur_division_%28Bangladesh%29.svg.png?utm_source=bn.wikipedia.org&utm_campaign=api&utm_content=thumbnail,ঠাকুরগাঁও সদর উপজেলা বাংলাদেশের ঠাকুরগাঁও জেলার অন্তর্গত একটি উপজেলা  এবং এটি রংপুর বিভাগের সবচেয়ে বড় উপজেলা। । সুপ্রাচীন ইতিহাসের স্বাক্ষী উত্তরের শান্ত জনপদ ঠাকুরগাঁও সদর উপজেলা একটি পৌরসভা ও ১১টি ইউনিয়ন নিয়ে গঠিত ।,True
UPA_436,Upazila,Pirganj,পীরগঞ্জ,DIST_58,ঠাকুরগাঁও,pirganj.thakurgaon.gov.bd,পীরগঞ্জ উপজেলা,https://bn.wikipedia.org/wiki/%E0%A6%AA%E0%A7%80%E0%A6%B0%E0%A6%97%E0%A6%9E%E0%A7%8D%E0%A6%9C%20%E0%A6%89%E0%A6%AA%E0%A6%9C%E0%A7%87%E0%A6%B2%E0%A6%BE,,,"পীরগঞ্জ উপজেলা নামে বাংলাদেশে দুইটি উপজেলা রয়েছে। যথা:

পীরগঞ্জ উপজেলা, ঠাকুরগাঁও
পীরগঞ্জ উপজেলা, রংপুর",True
UPA_437,Upazila,Ranisankail,রাণীশংকৈল,DIST_58,ঠাকুরগাঁও,ranisankail.thakurgaon.gov.bd,রাণীশংকৈল উপজেলা,https://bn.wikipedia.org/wiki/%E0%A6%B0%E0%A6%BE%E0%A6%A3%E0%A7%80%E0%A6%B6%E0%A6%82%E0%A6%95%E0%A7%88%E0%A6%B2%20%E0%A6%89%E0%A6%AA%E0%A6%9C%E0%A7%87%E0%A6%B2%E0%A6%BE,https://pub-d8ff02e059814132b7f971370e65283d.r2.dev/places/upazilas/ranisankail_upa_437.jpg,https://thumb.wikimedia.org/wikipedia/commons/thumb/2/26/Ranisankail_in_Rangpur_division_%28Bangladesh%29.svg/960px-Ranisankail_in_Rangpur_division_%28Bangladesh%29.svg.png?utm_source=bn.wikipedia.org&utm_campaign=api&utm_content=thumbnail,"রাণীশংকৈল উপজেলা বাংলাদেশের ঠাকুরগাঁও জেলার একটি প্রশাসনিক এলাকা।

This template may be used for rail, tram, bus, and intermodal transport stations.",True
UPA_438,Upazila,Haripur,হরিপুর,DIST_58,ঠাকুরগাঁও,haripur.thakurgaon.gov.bd,হরিপুর উপজেলা,https://bn.wikipedia.org/wiki/%E0%A6%B9%E0%A6%B0%E0%A6%BF%E0%A6%AA%E0%A7%81%E0%A6%B0%20%E0%A6%89%E0%A6%AA%E0%A6%9C%E0%A7%87%E0%A6%B2%E0%A6%BE,https://pub-d8ff02e059814132b7f971370e65283d.r2.dev/places/upazilas/haripur_upa_438.jpg,https://thumb.wikimedia.org/wikipedia/commons/thumb/2/20/Haripur_Upazilla_Parishad.jpg/960px-Haripur_Upazilla_Parishad.jpg?utm_source=bn.wikipedia.org&utm_campaign=api&utm_content=thumbnail,হরিপুর উপজেলা বাংলাদেশের ঠাকুরগাঁও জেলার অন্তর্গত একটি উপজেলা যা ৬টি ইউনিয়ন নিয়ে গঠিত। এটি রংপুর বিভাগের অধীন ঠাকুরগাঁও জেলার ৫টি উপজেলার মধ্যে একটি এবং ঠাকুরগাঁও জেলার সর্ব পশ্চিমে অবস্থিত। হরিপুর উপজেলা পুরাতন হিমালয় পর্বত পাদদেশীয় সমতলভূমি দ্বারা গঠিত। এই উপজেলা হিমালয় পর্বতমালা থেকে সমভূমিতে পতিত বিভিন্ন জলধারা ও নদনদী কর্তৃক বহন করে আনা পলি পর্বতের পাদদেশে অবক্ষেপণের ফলে সুষম ঢালবিশিষ্ট পাদদেশীয় সমভূমিতে পরিণত হয়েছে।,True
UPA_439,Upazila,Baliadangi,বালিয়াডাঙ্গী,DIST_58,ঠাকুরগাঁও,baliadangi.thakurgaon.gov.bd,বালিয়াডাঙ্গী উপজেলা,https://bn.wikipedia.org/wiki/%E0%A6%AC%E0%A6%BE%E0%A6%B2%E0%A6%BF%E0%A6%AF%E0%A6%BC%E0%A6%BE%E0%A6%A1%E0%A6%BE%E0%A6%99%E0%A7%8D%E0%A6%97%E0%A7%80%20%E0%A6%89%E0%A6%AA%E0%A6%9C%E0%A7%87%E0%A6%B2%E0%A6%BE,https://pub-d8ff02e059814132b7f971370e65283d.r2.dev/places/upazilas/baliadangi_upa_439.jpg,https://thumb.wikimedia.org/wikipedia/commons/thumb/6/6f/Baliadangi_in_Rangpur_division_%28Bangladesh%29.svg/960px-Baliadangi_in_Rangpur_division_%28Bangladesh%29.svg.png?utm_source=bn.wikipedia.org&utm_campaign=api&utm_content=thumbnail,"বালিয়াডাঙ্গী বাংলাদেশের ঠাকুরগাঁও জেলার অন্তর্গত একটি উপজেলা। ১৯৮৩ সালে বালিয়াডাঙ্গী থানা বালিয়াডাঙ্গী উপজেলায় রুপান্তরিত হয়। বাংলাদেশের জনশুমারি ও গৃহগণনা ২০২২ অনুযায়ী, বালিয়াডাঙ্গী উপজেলার মোট জনসংখ্যা ২,০৮,৩৫০ জন।",True
UPA_440,Upazila,Rangpur Sadar,রংপুর সদর,DIST_59,রংপুর,rangpursadar.rangpur.gov.bd,রংপুর সদর উপজেলা,https://bn.wikipedia.org/wiki/%E0%A6%B0%E0%A6%82%E0%A6%AA%E0%A7%81%E0%A6%B0%20%E0%A6%B8%E0%A6%A6%E0%A6%B0%20%E0%A6%89%E0%A6%AA%E0%A6%9C%E0%A7%87%E0%A6%B2%E0%A6%BE,https://pub-d8ff02e059814132b7f971370e65283d.r2.dev/places/upazilas/rangpur_sadar_upa_440.jpg,https://thumb.wikimedia.org/wikipedia/commons/thumb/8/8f/Vinna_Jogot%2C_Rangpur133.JPG/960px-Vinna_Jogot%2C_Rangpur133.JPG?utm_source=bn.wikipedia.org&utm_campaign=api&utm_content=thumbnail,রংপুর সদর বাংলাদেশের রংপুর জেলার অন্তর্গত একটি উপজেলা।,True
UPA_441,Upazila,Gangachara,গংগাচড়া,DIST_59,রংপুর,gangachara.rangpur.gov.bd,গংগাচড়া উপজেলা,https://bn.wikipedia.org/wiki/%E0%A6%97%E0%A6%82%E0%A6%97%E0%A6%BE%E0%A6%9A%E0%A6%A1%E0%A6%BC%E0%A6%BE%20%E0%A6%89%E0%A6%AA%E0%A6%9C%E0%A7%87%E0%A6%B2%E0%A6%BE,https://pub-d8ff02e059814132b7f971370e65283d.r2.dev/places/upazilas/gangachara_upa_441.jpg,https://thumb.wikimedia.org/wikipedia/commons/thumb/e/e7/Gangachara_in_Rangpur_division_%28Bangladesh%29.svg/960px-Gangachara_in_Rangpur_division_%28Bangladesh%29.svg.png?utm_source=bn.wikipedia.org&utm_campaign=api&utm_content=thumbnail,গংগাচড়া উপজেলা বাংলাদেশের রংপুর জেলার একটি প্রশাসনিক এলাকা। ইহা রংপুর থেকে প্রায় ১০.২ কি.মি উত্তর -উত্তরপশ্চিমে অবস্থিত ।,True
UPA_442,Upazila,Taragonj,তারাগঞ্জ,DIST_59,রংপুর,taragonj.rangpur.gov.bd,তারাগঞ্জ উপজেলা,https://bn.wikipedia.org/wiki/%E0%A6%A4%E0%A6%BE%E0%A6%B0%E0%A6%BE%E0%A6%97%E0%A6%9E%E0%A7%8D%E0%A6%9C%20%E0%A6%89%E0%A6%AA%E0%A6%9C%E0%A7%87%E0%A6%B2%E0%A6%BE,https://pub-d8ff02e059814132b7f971370e65283d.r2.dev/places/upazilas/taragonj_upa_442.jpg,https://thumb.wikimedia.org/wikipedia/commons/thumb/6/6c/Taraganj_in_Rangpur_division_%28Bangladesh%29.svg/960px-Taraganj_in_Rangpur_division_%28Bangladesh%29.svg.png?utm_source=bn.wikipedia.org&utm_campaign=api&utm_content=thumbnail,তারাগঞ্জ বাংলাদেশের রংপুর জেলার অন্তর্গত একটি উপজেলা।,True
UPA_443,Upazila,Badargonj,বদরগঞ্জ,DIST_59,রংপুর,badargonj.rangpur.gov.bd,বদরগঞ্জ উপজেলা,https://bn.wikipedia.org/wiki/%E0%A6%AC%E0%A6%A6%E0%A6%B0%E0%A6%97%E0%A6%9E%E0%A7%8D%E0%A6%9C%20%E0%A6%89%E0%A6%AA%E0%A6%9C%E0%A7%87%E0%A6%B2%E0%A6%BE,https://pub-d8ff02e059814132b7f971370e65283d.r2.dev/places/upazilas/badargonj_upa_443.jpg,https://thumb.wikimedia.org/wikipedia/commons/thumb/a/a5/Badarganj_in_Rangpur_division_%28Bangladesh%29.svg/960px-Badarganj_in_Rangpur_division_%28Bangladesh%29.svg.png?utm_source=bn.wikipedia.org&utm_campaign=api&utm_content=thumbnail,বদরগঞ্জ উপজেলা বাংলাদেশের রংপুর জেলার একটি প্রশাসনিক এলাকা। বদরগঞ্জ থানা রূপে আত্মপ্রকাশ করে ১৭৯৩ সালে এবং উপজেলা হিসেবে ১৯৮৩ সালে যাত্রা শুরু করে।,True
UPA_444,Upazila,Mithapukur,মিঠাপুকুর,DIST_59,রংপুর,mithapukur.rangpur.gov.bd,মিঠাপুকুর উপজেলা,https://bn.wikipedia.org/wiki/%E0%A6%AE%E0%A6%BF%E0%A6%A0%E0%A6%BE%E0%A6%AA%E0%A7%81%E0%A6%95%E0%A7%81%E0%A6%B0%20%E0%A6%89%E0%A6%AA%E0%A6%9C%E0%A7%87%E0%A6%B2%E0%A6%BE,https://pub-d8ff02e059814132b7f971370e65283d.r2.dev/places/upazilas/mithapukur_upa_444.jpg,https://thumb.wikimedia.org/wikipedia/commons/thumb/7/76/Mithapukur_in_Rangpur_division_%28Bangladesh%29.svg/960px-Mithapukur_in_Rangpur_division_%28Bangladesh%29.svg.png?utm_source=bn.wikipedia.org&utm_campaign=api&utm_content=thumbnail,মিঠাপুকুর উপজেলা বাংলাদেশের রংপুর জেলার একটি প্রশাসনিক এলাকা। মিঠাপুকুর থানা সৃষ্টি হয় ১৮৮৫ সালে।,True
UPA_445,Upazila,Pirgonj,পীরগঞ্জ,DIST_59,রংপুর,pirgonj.rangpur.gov.bd,পীরগঞ্জ উপজেলা,https://bn.wikipedia.org/wiki/%E0%A6%AA%E0%A7%80%E0%A6%B0%E0%A6%97%E0%A6%9E%E0%A7%8D%E0%A6%9C%20%E0%A6%89%E0%A6%AA%E0%A6%9C%E0%A7%87%E0%A6%B2%E0%A6%BE,,,"পীরগঞ্জ উপজেলা নামে বাংলাদেশে দুইটি উপজেলা রয়েছে। যথা:

পীরগঞ্জ উপজেলা, ঠাকুরগাঁও
পীরগঞ্জ উপজেলা, রংপুর",True
UPA_446,Upazila,Kaunia,কাউনিয়া,DIST_59,রংপুর,kaunia.rangpur.gov.bd,কাউনিয়া উপজেলা,https://bn.wikipedia.org/wiki/%E0%A6%95%E0%A6%BE%E0%A6%89%E0%A6%A8%E0%A6%BF%E0%A6%AF%E0%A6%BC%E0%A6%BE%20%E0%A6%89%E0%A6%AA%E0%A6%9C%E0%A7%87%E0%A6%B2%E0%A6%BE,https://pub-d8ff02e059814132b7f971370e65283d.r2.dev/places/upazilas/kaunia_upa_446.jpg,https://thumb.wikimedia.org/wikipedia/commons/thumb/b/ba/Kaunia_in_Rangpur_division_%28Bangladesh%29.svg/960px-Kaunia_in_Rangpur_division_%28Bangladesh%29.svg.png?utm_source=bn.wikipedia.org&utm_campaign=api&utm_content=thumbnail,কাউনিয়া বাংলাদেশের রংপুর জেলার অন্তর্গত একটি উপজেলা। এটি তিস্তা নদীর তীরে অবস্থিত। এখানে রেলওয়ে জংশন রয়েছে।,True
UPA_447,Upazila,Pirgacha,পীরগাছা,DIST_59,রংপুর,pirgacha.rangpur.gov.bd,পীরগাছা উপজেলা,https://bn.wikipedia.org/wiki/%E0%A6%AA%E0%A7%80%E0%A6%B0%E0%A6%97%E0%A6%BE%E0%A6%9B%E0%A6%BE%20%E0%A6%89%E0%A6%AA%E0%A6%9C%E0%A7%87%E0%A6%B2%E0%A6%BE,https://pub-d8ff02e059814132b7f971370e65283d.r2.dev/places/upazilas/pirgacha_upa_447.jpg,https://thumb.wikimedia.org/wikipedia/commons/thumb/4/42/%E0%A6%87%E0%A6%9F%E0%A6%BE%E0%A6%95%E0%A7%81%E0%A6%AE%E0%A6%BE%E0%A6%B0%E0%A7%80_%E0%A6%9C%E0%A6%AE%E0%A6%BF%E0%A6%A6%E0%A6%BE%E0%A6%B0_%E0%A6%AC%E0%A6%BE%E0%A6%A1%E0%A6%BC%E0%A6%BF-Itakumari_Zamindar_Bari.jpg/960px-%E0%A6%87%E0%A6%9F%E0%A6%BE%E0%A6%95%E0%A7%81%E0%A6%AE%E0%A6%BE%E0%A6%B0%E0%A7%80_%E0%A6%9C%E0%A6%AE%E0%A6%BF%E0%A6%A6%E0%A6%BE%E0%A6%B0_%E0%A6%AC%E0%A6%BE%E0%A6%A1%E0%A6%BC%E0%A6%BF-Itakumari_Zamindar_Bari.jpg?utm_source=bn.wikipedia.org&utm_campaign=api&utm_content=thumbnail,পীরগাছা বাংলাদেশের রংপুর জেলার অন্তর্গত একটি উপজেলা।,True
UPA_448,Upazila,Kurigram Sadar,কুড়িগ্রাম সদর,DIST_60,কুড়িগ্রাম,kurigramsadar.kurigram.gov.bd,কুড়িগ্রাম সদর উপজেলা,https://bn.wikipedia.org/wiki/%E0%A6%95%E0%A7%81%E0%A6%A1%E0%A6%BC%E0%A6%BF%E0%A6%97%E0%A7%8D%E0%A6%B0%E0%A6%BE%E0%A6%AE%20%E0%A6%B8%E0%A6%A6%E0%A6%B0%20%E0%A6%89%E0%A6%AA%E0%A6%9C%E0%A7%87%E0%A6%B2%E0%A6%BE,https://pub-d8ff02e059814132b7f971370e65283d.r2.dev/places/upazilas/kurigram_sadar_upa_448.jpg,https://thumb.wikimedia.org/wikipedia/commons/thumb/1/17/Kurigram_Sadar_in_Rangpur_division_%28Bangladesh%29.svg/960px-Kurigram_Sadar_in_Rangpur_division_%28Bangladesh%29.svg.png?utm_source=bn.wikipedia.org&utm_campaign=api&utm_content=thumbnail,কুড়িগ্রাম সদর উপজেলা বাংলাদেশের কুড়িগ্রাম জেলার একটি প্রশাসনিক এলাকা।,True
UPA_449,Upazila,Nageshwari,নাগেশ্বরী,DIST_60,কুড়িগ্রাম,nageshwari.kurigram.gov.bd,নাগেশ্বরী উপজেলা,https://bn.wikipedia.org/wiki/%E0%A6%A8%E0%A6%BE%E0%A6%97%E0%A7%87%E0%A6%B6%E0%A7%8D%E0%A6%AC%E0%A6%B0%E0%A7%80%20%E0%A6%89%E0%A6%AA%E0%A6%9C%E0%A7%87%E0%A6%B2%E0%A6%BE,https://pub-d8ff02e059814132b7f971370e65283d.r2.dev/places/upazilas/nageshwari_upa_449.jpg,https://thumb.wikimedia.org/wikipedia/commons/thumb/a/a8/Nageshwari_in_Rangpur_division_%28Bangladesh%29.svg/960px-Nageshwari_in_Rangpur_division_%28Bangladesh%29.svg.png?utm_source=bn.wikipedia.org&utm_campaign=api&utm_content=thumbnail,নাগেশ্বরী উপজেলা বাংলাদেশের কুড়িগ্রাম জেলার একটি সুসজ্জিত এলাকা বা উপজেলা।,True
UPA_450,Upazila,Bhurungamari,ভুরুঙ্গামারী,DIST_60,কুড়িগ্রাম,bhurungamari.kurigram.gov.bd,ভূরুঙ্গামারী উপজেলা,https://bn.wikipedia.org/wiki/%E0%A6%AD%E0%A7%82%E0%A6%B0%E0%A7%81%E0%A6%99%E0%A7%8D%E0%A6%97%E0%A6%BE%E0%A6%AE%E0%A6%BE%E0%A6%B0%E0%A7%80%20%E0%A6%89%E0%A6%AA%E0%A6%9C%E0%A7%87%E0%A6%B2%E0%A6%BE,https://pub-d8ff02e059814132b7f971370e65283d.r2.dev/places/upazilas/bhurungamari_upa_450.jpg,https://thumb.wikimedia.org/wikipedia/commons/thumb/b/bd/Bhurungamari_in_Rangpur_division_%28Bangladesh%29.svg/960px-Bhurungamari_in_Rangpur_division_%28Bangladesh%29.svg.png?utm_source=bn.wikipedia.org&utm_campaign=api&utm_content=thumbnail,ভূরুঙ্গামারী উপজেলা বাংলাদেশের কুড়িগ্রাম জেলার একটি প্রশাসনিক এলাকা।,True
UPA_451,Upazila,Phulbari,ফুলবাড়ী,DIST_60,কুড়িগ্রাম,phulbari.kurigram.gov.bd,ফুলবাড়ী উপজেলা,https://bn.wikipedia.org/wiki/%E0%A6%AB%E0%A7%81%E0%A6%B2%E0%A6%AC%E0%A6%BE%E0%A6%A1%E0%A6%BC%E0%A7%80%20%E0%A6%89%E0%A6%AA%E0%A6%9C%E0%A7%87%E0%A6%B2%E0%A6%BE,,,"ফুলবাড়ী উপজেলা নামে বাংলাদেশে দুইটি উপজেলা রয়েছে। যথা:

ফুলবাড়ী উপজেলা, দিনাজপুর
ফুলবাড়ী উপজেলা, কুড়িগ্রাম",True
UPA_452,Upazila,Rajarhat,রাজারহাট,DIST_60,কুড়িগ্রাম,rajarhat.kurigram.gov.bd,রাজারহাট উপজেলা,https://bn.wikipedia.org/wiki/%E0%A6%B0%E0%A6%BE%E0%A6%9C%E0%A6%BE%E0%A6%B0%E0%A6%B9%E0%A6%BE%E0%A6%9F%20%E0%A6%89%E0%A6%AA%E0%A6%9C%E0%A7%87%E0%A6%B2%E0%A6%BE,https://pub-d8ff02e059814132b7f971370e65283d.r2.dev/places/upazilas/rajarhat_upa_452.jpg,https://thumb.wikimedia.org/wikipedia/commons/thumb/b/b4/Rajarhat_in_Rangpur_division_%28Bangladesh%29.svg/960px-Rajarhat_in_Rangpur_division_%28Bangladesh%29.svg.png?utm_source=bn.wikipedia.org&utm_campaign=api&utm_content=thumbnail,"রাজারহাট উপজেলা বাংলাদেশের কুড়িগ্রাম জেলার একটি প্রশাসনিক এলাকা। রাজারহাটের মধ্যে দিয়ে বয়ে চলেছে তিস্তা,ধরলা সহ অনেক নদী।",True
UPA_453,Upazila,Ulipur,উলিপুর,DIST_60,কুড়িগ্রাম,ulipur.kurigram.gov.bd,উলিপুর উপজেলা,https://bn.wikipedia.org/wiki/%E0%A6%89%E0%A6%B2%E0%A6%BF%E0%A6%AA%E0%A7%81%E0%A6%B0%20%E0%A6%89%E0%A6%AA%E0%A6%9C%E0%A7%87%E0%A6%B2%E0%A6%BE,https://pub-d8ff02e059814132b7f971370e65283d.r2.dev/places/upazilas/ulipur_upa_453.jpg,https://thumb.wikimedia.org/wikipedia/commons/thumb/8/89/%E0%A6%89%E0%A6%B2%E0%A6%BF%E0%A6%AA%E0%A7%81%E0%A6%B0_%E0%A6%AE%E0%A7%81%E0%A6%A8%E0%A7%8D%E0%A6%B8%E0%A6%BF%E0%A6%AC%E0%A6%BE%E0%A6%A1%E0%A6%BC%E0%A6%BF_07.jpg/960px-%E0%A6%89%E0%A6%B2%E0%A6%BF%E0%A6%AA%E0%A7%81%E0%A6%B0_%E0%A6%AE%E0%A7%81%E0%A6%A8%E0%A7%8D%E0%A6%B8%E0%A6%BF%E0%A6%AC%E0%A6%BE%E0%A6%A1%E0%A6%BC%E0%A6%BF_07.jpg?utm_source=bn.wikipedia.org&utm_campaign=api&utm_content=thumbnail,উলিপুর উপজেলা বাংলাদেশের কুড়িগ্রাম জেলার একটি প্রশাসনিক এলাকা। এটি দেশের বৃহৎ উপজেলা সমূহের মধ্যে একটি।,True
UPA_454,Upazila,Chilmari,চিলমারী,DIST_60,কুড়িগ্রাম,chilmari.kurigram.gov.bd,চিলমারী উপজেলা,https://bn.wikipedia.org/wiki/%E0%A6%9A%E0%A6%BF%E0%A6%B2%E0%A6%AE%E0%A6%BE%E0%A6%B0%E0%A7%80%20%E0%A6%89%E0%A6%AA%E0%A6%9C%E0%A7%87%E0%A6%B2%E0%A6%BE,https://pub-d8ff02e059814132b7f971370e65283d.r2.dev/places/upazilas/chilmari_upa_454.jpg,https://thumb.wikimedia.org/wikipedia/commons/thumb/5/53/Chilmari_in_Rangpur_division_%28Bangladesh%29.svg/960px-Chilmari_in_Rangpur_division_%28Bangladesh%29.svg.png?utm_source=bn.wikipedia.org&utm_campaign=api&utm_content=thumbnail,চিলমারী উপজেলা বাংলাদেশের কুড়িগ্রাম জেলার একটি প্রশাসনিক এলাকা।,True
UPA_455,Upazila,Rowmari,রৌমারী,DIST_60,কুড়িগ্রাম,rowmari.kurigram.gov.bd,রৌমারী উপজেলা,https://bn.wikipedia.org/wiki/%E0%A6%B0%E0%A7%8C%E0%A6%AE%E0%A6%BE%E0%A6%B0%E0%A7%80%20%E0%A6%89%E0%A6%AA%E0%A6%9C%E0%A7%87%E0%A6%B2%E0%A6%BE,https://pub-d8ff02e059814132b7f971370e65283d.r2.dev/places/upazilas/rowmari_upa_455.jpg,https://thumb.wikimedia.org/wikipedia/commons/thumb/0/03/%E0%A6%89%E0%A6%AA%E0%A6%9C%E0%A7%87%E0%A6%B2%E0%A6%BE_%E0%A6%A8%E0%A6%BF%E0%A6%B0%E0%A7%8D%E0%A6%AC%E0%A6%BE%E0%A6%B9%E0%A7%80_%E0%A6%85%E0%A6%AB%E0%A6%BF%E0%A6%B8%E0%A6%BE%E0%A6%B0%E0%A7%87%E0%A6%B0_%E0%A6%95%E0%A6%BE%E0%A6%B0%E0%A7%8D%E0%A6%AF%E0%A6%BE%E0%A6%B2%E0%A6%AF%E0%A6%BC%2C_%E0%A6%B0%E0%A7%8C%E0%A6%AE%E0%A6%BE%E0%A6%B0%E0%A7%80%2C_%E0%A6%95%E0%A7%81%E0%A6%A1%E0%A6%BC%E0%A6%BF%E0%A6%97%E0%A7%8D%E0%A6%B0%E0%A6%BE%E0%A6%AE.jpg/960px-%E0%A6%89%E0%A6%AA%E0%A6%9C%E0%A7%87%E0%A6%B2%E0%A6%BE_%E0%A6%A8%E0%A6%BF%E0%A6%B0%E0%A7%8D%E0%A6%AC%E0%A6%BE%E0%A6%B9%E0%A7%80_%E0%A6%85%E0%A6%AB%E0%A6%BF%E0%A6%B8%E0%A6%BE%E0%A6%B0%E0%A7%87%E0%A6%B0_%E0%A6%95%E0%A6%BE%E0%A6%B0%E0%A7%8D%E0%A6%AF%E0%A6%BE%E0%A6%B2%E0%A6%AF%E0%A6%BC%2C_%E0%A6%B0%E0%A7%8C%E0%A6%AE%E0%A6%BE%E0%A6%B0%E0%A7%80%2C_%E0%A6%95%E0%A7%81%E0%A6%A1%E0%A6%BC%E0%A6%BF%E0%A6%97%E0%A7%8D%E0%A6%B0%E0%A6%BE%E0%A6%AE.jpg?utm_source=bn.wikipedia.org&utm_campaign=api&utm_content=thumbnail,"রৌমারী উপজেলা বাংলাদেশের কুড়িগ্রাম জেলার একটি প্রশাসনিক এলাকা। এটি মুক্তাঞ্চল উপজেলা হিসেবে খ্যাত। কুড়িগ্রামের মূল ভূখণ্ডের সাথে এই উপজেলাটির কোনো সংযোগ সড়ক নেই, শুধু জল ভিত্তিক পরিবহন ব্যবস্থা রয়েছে। এই উপজেলাটি জামালপুর জেলার খুবই সন্নিকটে এবং ঢাকার সাথে যোগাযোগ ব্যবস্থা বেশ ভালো।",True
UPA_456,Upazila,Charrajibpur,চর রাজিবপুর,DIST_60,কুড়িগ্রাম,charrajibpur.kurigram.gov.bd,চর রাজিবপুর উপজেলা,https://bn.wikipedia.org/wiki/%E0%A6%9A%E0%A6%B0%20%E0%A6%B0%E0%A6%BE%E0%A6%9C%E0%A6%BF%E0%A6%AC%E0%A6%AA%E0%A7%81%E0%A6%B0%20%E0%A6%89%E0%A6%AA%E0%A6%9C%E0%A7%87%E0%A6%B2%E0%A6%BE,https://pub-d8ff02e059814132b7f971370e65283d.r2.dev/places/upazilas/charrajibpur_upa_456.jpg,https://thumb.wikimedia.org/wikipedia/commons/thumb/2/29/Char_Rajibpur_in_Rangpur_division_%28Bangladesh%29.svg/960px-Char_Rajibpur_in_Rangpur_division_%28Bangladesh%29.svg.png?utm_source=bn.wikipedia.org&utm_campaign=api&utm_content=thumbnail,চর রাজিবপুর উপজেলা বাংলাদেশের কুড়িগ্রাম জেলার একটি প্রশাসনিক এলাকা। স্থানীয় ভাবে এটি রাজিবপুর উপজেলা নামে পরিচিত। বাংলাদেশের নারী খেতাবপ্রাপ্ত বীরপ্রতীক তারামন বিবি এই উপজেলায় জন্মগ্রহণ করেন। বাংলাদেশের প্রথম সীমান্ত হাট বালিয়ামারী-কালাইরচর সীমান্ত হাট এই উপজেলায় অবস্থিত।,True
UPA_457,Upazila,Sherpur Sadar,শেরপুর সদর,DIST_61,শেরপুর,sherpursadar.sherpur.gov.bd,শেরপুর সদর উপজেলা,https://bn.wikipedia.org/wiki/%E0%A6%B6%E0%A7%87%E0%A6%B0%E0%A6%AA%E0%A7%81%E0%A6%B0%20%E0%A6%B8%E0%A6%A6%E0%A6%B0%20%E0%A6%89%E0%A6%AA%E0%A6%9C%E0%A7%87%E0%A6%B2%E0%A6%BE,https://pub-d8ff02e059814132b7f971370e65283d.r2.dev/places/upazilas/sherpur_sadar_upa_457.jpg,https://thumb.wikimedia.org/wikipedia/commons/thumb/0/0f/Sherpur_Sadar_in_Mymensingh_division_%28Bangladesh%29.svg/960px-Sherpur_Sadar_in_Mymensingh_division_%28Bangladesh%29.svg.png?utm_source=bn.wikipedia.org&utm_campaign=api&utm_content=thumbnail,"শেরপুর সদর উপজেলা বাংলাদেশের শেরপুর জেলার অন্তর্গত একটি উপজেলা। এটি ১৪ টি ইউনিয়ন এবং একটি পৌরসভা নিয়ে গঠিত। এটি ময়মনসিংহ বিভাগের অধীন শেরপুর জেলার ৫ টি উপজেলার একটি এবং এটি জেলার দক্ষিণভাগে অবস্থিত। শেরপুর সদর উপজেলার উত্তরে শ্রীবরদী উপজেলা, ঝিনাইগাতী উপজেলা ও নালিতাবাড়ী উপজেলা, দক্ষিণে জামালপুর জেলার জামালপুর সদর উপজেলা, পূর্বে নকলা উপজেলা, পশ্চিমে জামালপুর জেলার ইসলামপুর উপজেলা ও মেলান্দহ উপজেলা।
শেরপুর সদর উপজেলার আয়তন ৩৭২.৮৯ বর্গ কিলোমিটার এবং জনসংখ্যা ২০১১ সনের আদম শুমারী অনুযায়ী ৪,৯৭,১৭৯ জন; বাৎসরিক জনসংখ্যা বৃদ্ধির হার ১.৪৬%। জনসংখ্যার ঘনত্ব প্রতি বর্গ কিলোমিটারে ১৩৩৩ জন।",True
UPA_458,Upazila,Nalitabari,নালিতাবাড়ী,DIST_61,শেরপুর,nalitabari.sherpur.gov.bd,নালিতাবাড়ী উপজেলা,https://bn.wikipedia.org/wiki/%E0%A6%A8%E0%A6%BE%E0%A6%B2%E0%A6%BF%E0%A6%A4%E0%A6%BE%E0%A6%AC%E0%A6%BE%E0%A6%A1%E0%A6%BC%E0%A7%80%20%E0%A6%89%E0%A6%AA%E0%A6%9C%E0%A7%87%E0%A6%B2%E0%A6%BE,https://pub-d8ff02e059814132b7f971370e65283d.r2.dev/places/upazilas/nalitabari_upa_458.jpg,https://thumb.wikimedia.org/wikipedia/commons/thumb/e/e4/Nalitabari_in_Mymensingh_division_%28Bangladesh%29.svg/960px-Nalitabari_in_Mymensingh_division_%28Bangladesh%29.svg.png?utm_source=bn.wikipedia.org&utm_campaign=api&utm_content=thumbnail,নালিতাবাড়ী উপজেলা বাংলাদেশের ময়মনসিংহ বিভাগের অন্তর্গত শেরপুর জেলার একটি অত্যন্ত গুরুত্বপূর্ণ ও ঐতিহাসিকভাবে প্রভাবশালী প্রশাসনিক এলাকা। ভৌগোলিক ও কৌশলগত দিক থেকে নালিতাবাড়ী উত্তরবঙ্গের একটি বিশিষ্ট জনপদ হিসেবে স্বীকৃত।,True
UPA_459,Upazila,Sreebordi,শ্রীবরদী,DIST_61,শেরপুর,sreebordi.sherpur.gov.bd,শ্রীবরদী উপজেলা,https://bn.wikipedia.org/wiki/%E0%A6%B6%E0%A7%8D%E0%A6%B0%E0%A7%80%E0%A6%AC%E0%A6%B0%E0%A6%A6%E0%A7%80%20%E0%A6%89%E0%A6%AA%E0%A6%9C%E0%A7%87%E0%A6%B2%E0%A6%BE,https://pub-d8ff02e059814132b7f971370e65283d.r2.dev/places/upazilas/sreebordi_upa_459.jpg,https://thumb.wikimedia.org/wikipedia/commons/thumb/e/ea/Mountain_view_of_Sherpur_%2C_Bangladesh.jpg/960px-Mountain_view_of_Sherpur_%2C_Bangladesh.jpg?utm_source=bn.wikipedia.org&utm_campaign=api&utm_content=thumbnail,শ্রীবরদী উপজেলা বাংলাদেশের ময়মনসিংহ বিভাগের শেরপুর জেলার একটি প্রশাসনিক এলাকা। এই উপজেলায় শ্রীবরদী পৌরসভা সহ মোট দশটি ইউনিয়ন রয়েছে।,True
UPA_460,Upazila,Nokla,নকলা,DIST_61,শেরপুর,nokla.sherpur.gov.bd,নকলা উপজেলা,https://bn.wikipedia.org/wiki/%E0%A6%A8%E0%A6%95%E0%A6%B2%E0%A6%BE%20%E0%A6%89%E0%A6%AA%E0%A6%9C%E0%A7%87%E0%A6%B2%E0%A6%BE,https://pub-d8ff02e059814132b7f971370e65283d.r2.dev/places/upazilas/nokla_upa_460.jpg,https://thumb.wikimedia.org/wikipedia/commons/thumb/a/a1/Nakla_upazila_parishad.JPG/960px-Nakla_upazila_parishad.JPG?utm_source=bn.wikipedia.org&utm_campaign=api&utm_content=thumbnail,নকলা উপজেলা বাংলাদেশের শেরপুর জেলার একটি প্রশাসনিক এলাকা। এই উপজেলার উপর দিয়ে বয়ে চলছে পুরাতন ব্রহ্মপুত্র নদ।,True
UPA_461,Upazila,Jhenaigati,ঝিনাইগাতী,DIST_61,শেরপুর,jhenaigati.sherpur.gov.bd,ঝিনাইগাতী উপজেলা,https://bn.wikipedia.org/wiki/%E0%A6%9D%E0%A6%BF%E0%A6%A8%E0%A6%BE%E0%A6%87%E0%A6%97%E0%A6%BE%E0%A6%A4%E0%A7%80%20%E0%A6%89%E0%A6%AA%E0%A6%9C%E0%A7%87%E0%A6%B2%E0%A6%BE,https://pub-d8ff02e059814132b7f971370e65283d.r2.dev/places/upazilas/jhenaigati_upa_461.jpg,https://thumb.wikimedia.org/wikipedia/commons/thumb/b/bb/Jhenaigati_in_Mymensingh_division_%28Bangladesh%29.svg/960px-Jhenaigati_in_Mymensingh_division_%28Bangladesh%29.svg.png?utm_source=bn.wikipedia.org&utm_campaign=api&utm_content=thumbnail,ঝিনাইগাতী উপজেলা বাংলাদেশের শেরপুর জেলার একটি প্রশাসনিক এলাকা।,True
UPA_462,Upazila,Fulbaria,ফুলবাড়ীয়া,DIST_62,ময়মনসিংহ,fulbaria.mymensingh.gov.bd,ফুলবাড়ীয়া উপজেলা,https://bn.wikipedia.org/wiki/%E0%A6%AB%E0%A7%81%E0%A6%B2%E0%A6%AC%E0%A6%BE%E0%A6%A1%E0%A6%BC%E0%A7%80%E0%A6%AF%E0%A6%BC%E0%A6%BE%20%E0%A6%89%E0%A6%AA%E0%A6%9C%E0%A7%87%E0%A6%B2%E0%A6%BE,https://pub-d8ff02e059814132b7f971370e65283d.r2.dev/places/upazilas/fulbaria_upa_462.jpg,https://thumb.wikimedia.org/wikipedia/commons/thumb/d/db/Fulbaria_in_Mymensingh_division_%28Bangladesh%29.svg/960px-Fulbaria_in_Mymensingh_division_%28Bangladesh%29.svg.png?utm_source=bn.wikipedia.org&utm_campaign=api&utm_content=thumbnail,ফুলবাড়ীয়া বাংলাদেশের ময়মনসিংহ জেলার অন্তর্গত একটি উপজেলা।,True
UPA_463,Upazila,Trishal,ত্রিশাল,DIST_62,ময়মনসিংহ,trishal.mymensingh.gov.bd,ত্রিশাল উপজেলা,https://bn.wikipedia.org/wiki/%E0%A6%A4%E0%A7%8D%E0%A6%B0%E0%A6%BF%E0%A6%B6%E0%A6%BE%E0%A6%B2%20%E0%A6%89%E0%A6%AA%E0%A6%9C%E0%A7%87%E0%A6%B2%E0%A6%BE,https://pub-d8ff02e059814132b7f971370e65283d.r2.dev/places/upazilas/trishal_upa_463.jpg,https://thumb.wikimedia.org/wikipedia/commons/thumb/f/f0/Trishal_in_Mymensingh_division_%28Bangladesh%29.svg/960px-Trishal_in_Mymensingh_division_%28Bangladesh%29.svg.png?utm_source=bn.wikipedia.org&utm_campaign=api&utm_content=thumbnail,"ত্রিশাল উপজেলা বাংলাদেশের ময়মনসিংহ জেলার একটি প্রশাসনিক এলাকা যা ১২ টি ইউনিয়ন নিয়ে গঠিত। এটি ময়মনসিংহ বিভাগের অধীন ময়মনসিংহ জেলার ১৩ টি উপজেলার একটি উপজেলা। উত্তরে ময়মনসিংহ সদর উপজেলা, দক্ষিণে ভালুকা উপজেলা, গফরগাঁও উপজেলা, পূর্বে ঈশ্বরগঞ্জ উপজেলা, নান্দাইল উপজেলা, গফরগাঁও উপজেলা, পশ্চিমে ফুলবাড়ীয়া উপজেলা। সুতিয়া এবং পাগারিয়া নদী ত্রিশাল উপজেলার মধ্যে দিয়ে বয়ে গেছে।
জাতীয় কবি কাজী নজরুল ইসলাম'র স্মৃতি বিজড়িত ত্রিশালের দরিরামপুর হাইস্কুল (বর্তমানে সরকারি নজরুল একাডেমী), কাজীর শিমলা, বিচুতিয়া ব্যাপারীর বাড়ি, শুকনি বিলের নামাপাড়ায় অবস্থিত বটতলা এই ত্রিশালেই অবস্থিত।",True
UPA_464,Upazila,Bhaluka,ভালুকা,DIST_62,ময়মনসিংহ,bhaluka.mymensingh.gov.bd,ভালুকা উপজেলা,https://bn.wikipedia.org/wiki/%E0%A6%AD%E0%A6%BE%E0%A6%B2%E0%A7%81%E0%A6%95%E0%A6%BE%20%E0%A6%89%E0%A6%AA%E0%A6%9C%E0%A7%87%E0%A6%B2%E0%A6%BE,https://pub-d8ff02e059814132b7f971370e65283d.r2.dev/places/upazilas/bhaluka_upa_464.jpg,https://thumb.wikimedia.org/wikipedia/commons/thumb/d/df/Bhaluka_in_Mymensingh_division_%28Bangladesh%29.svg/960px-Bhaluka_in_Mymensingh_division_%28Bangladesh%29.svg.png?utm_source=bn.wikipedia.org&utm_campaign=api&utm_content=thumbnail,"ভালুকা বাংলাদেশের ময়মনসিংহ জেলার অন্তর্গত একটি উপজেলা। এটি বাংলাদেশের প্রথম মডেল থানা এবং দেশের অন্যতম বিসিক শিল্প নগরী। এটি সারা বাংলাদেশের সব কয়টি উপজেলাকে পেছনে ফেলে এক নাম্বারে উঠে এসেছে   
এখানে ও স্থানীয় জনসংখ্যা প্রায় ১৫ লক্ষ 
সাক্ষরতার হার ৯৬% বেকারত্বের হার ৪%
শিক্ষার হার ৭৯.৮৯%      প্রবাসী রেমিটেন্স ১১%
ইসলাম ৯৫% হিন্দু ৩% খ্রিস্টান ২%",True
UPA_465,Upazila,Muktagacha,মুক্তাগাছা,DIST_62,ময়মনসিংহ,muktagacha.mymensingh.gov.bd,মুক্তাগাছা উপজেলা,https://bn.wikipedia.org/wiki/%E0%A6%AE%E0%A7%81%E0%A6%95%E0%A7%8D%E0%A6%A4%E0%A6%BE%E0%A6%97%E0%A6%BE%E0%A6%9B%E0%A6%BE%20%E0%A6%89%E0%A6%AA%E0%A6%9C%E0%A7%87%E0%A6%B2%E0%A6%BE,https://pub-d8ff02e059814132b7f971370e65283d.r2.dev/places/upazilas/muktagacha_upa_465.jpg,https://thumb.wikimedia.org/wikipedia/commons/thumb/1/16/Muktagacha_in_Mymensingh_division_%28Bangladesh%29.svg/960px-Muktagacha_in_Mymensingh_division_%28Bangladesh%29.svg.png?utm_source=bn.wikipedia.org&utm_campaign=api&utm_content=thumbnail,মুক্তাগাছা বাংলাদেশের ময়মনসিংহ জেলার অন্তর্গত একটি উপজেলা। এটি ময়মনসিংহ জেলা সদর থেকে প্রায় ১৬ কিলোমিটার পশ্চিমে অবস্থিত। ঐতিহাসিক জমিদার বাড়ি এবং বিশ্বখ্যাত মণ্ডার জন্য এই অঞ্চলটি বিশেষভাবে পরিচিত। ১৯শ শতাব্দীতে তৎকালীন জমিদারদের সাংস্কৃতিক ও স্থাপত্যশৈলী বিকাশে এই জনপদের গুরুত্বপূর্ণ অবদান রয়েছে।,True
UPA_466,Upazila,Mymensingh Sadar,ময়মনসিংহ সদর,DIST_62,ময়মনসিংহ,mymensinghsadar.mymensingh.gov.bd,ময়মনসিংহ সদর উপজেলা,https://bn.wikipedia.org/wiki/%E0%A6%AE%E0%A6%AF%E0%A6%BC%E0%A6%AE%E0%A6%A8%E0%A6%B8%E0%A6%BF%E0%A6%82%E0%A6%B9%20%E0%A6%B8%E0%A6%A6%E0%A6%B0%20%E0%A6%89%E0%A6%AA%E0%A6%9C%E0%A7%87%E0%A6%B2%E0%A6%BE,https://pub-d8ff02e059814132b7f971370e65283d.r2.dev/places/upazilas/mymensingh_sadar_upa_466.jpg,https://thumb.wikimedia.org/wikipedia/commons/thumb/4/4c/Mymensingh_Sadar_in_Mymensingh_division_%28Bangladesh%29.svg/960px-Mymensingh_Sadar_in_Mymensingh_division_%28Bangladesh%29.svg.png?utm_source=bn.wikipedia.org&utm_campaign=api&utm_content=thumbnail,"ময়মনসিংহ সদর বাংলাদেশের ময়মনসিংহ জেলার অন্তর্গত একটি উপজেলা যা ১৩ টি ইউনিয়ন নিয়ে গঠিত। এটি ময়মনসিংহ বিভাগের অধীন ময়মনসিংহ জেলার ১৩টি উপজেলার একটি উপজেলা এবং জেলার মধ্যভাগে অবস্থিত। ব্রহ্মপুত্র নদের উত্তর পাশে চরাঞ্চলে ৫টি ইউনিয়ন, দক্ষিণে পাশে ৮টি ইউনিয়ন ও একটি সিটি কর্পোরেশন নিয়ে ময়মনসিংহ সদর উপজেলা গঠিত। ময়মনসিংহ সদর উপজেলার উত্তরে ফুলপুর উপজেলা, দক্ষিণে ত্রিশাল উপজেলা, পূর্বে গৌরীপুর উপজেলা ও ঈশ্বরগঞ্জ উপজেলা, পশ্চিমে মুক্তাগাছা উপজেলা ও ফুলবাড়ীয়া উপজেলা অবস্থিত। এ উপজেলার উপর দিয়ে পুরাতন ব্রহ্মপুত্র নদী ও সুতিয়া নদী প্রবাহিত হয়েছে।",True
UPA_467,Upazila,Dhobaura,ধোবাউড়া,DIST_62,ময়মনসিংহ,dhobaura.mymensingh.gov.bd,ধোবাউড়া উপজেলা,https://bn.wikipedia.org/wiki/%E0%A6%A7%E0%A7%8B%E0%A6%AC%E0%A6%BE%E0%A6%89%E0%A6%A1%E0%A6%BC%E0%A6%BE%20%E0%A6%89%E0%A6%AA%E0%A6%9C%E0%A7%87%E0%A6%B2%E0%A6%BE,https://pub-d8ff02e059814132b7f971370e65283d.r2.dev/places/upazilas/dhobaura_upa_467.jpg,https://upload.wikimedia.org/wikipedia/commons/a/a3/A_church_in_dhobaura.png?utm_source=bn.wikipedia.org&utm_campaign=api&utm_content=thumbnail_unscaled,ধোবাউড়া বাংলাদেশের ময়মনসিংহ জেলার অন্তর্গত একটি উপজেলা। পূর্বে এটি নেত্রকোণা জেলার (তৎকালীন  মহকুমা) অন্তর্গত ছিল।,True
UPA_468,Upazila,Phulpur,ফুলপুর,DIST_62,ময়মনসিংহ,phulpur.mymensingh.gov.bd,ফুলপুর উপজেলা,https://bn.wikipedia.org/wiki/%E0%A6%AB%E0%A7%81%E0%A6%B2%E0%A6%AA%E0%A7%81%E0%A6%B0%20%E0%A6%89%E0%A6%AA%E0%A6%9C%E0%A7%87%E0%A6%B2%E0%A6%BE,https://pub-d8ff02e059814132b7f971370e65283d.r2.dev/places/upazilas/phulpur_upa_468.jpg,https://thumb.wikimedia.org/wikipedia/commons/thumb/b/b3/War_monument_Phulpur.JPG/960px-War_monument_Phulpur.JPG?utm_source=bn.wikipedia.org&utm_campaign=api&utm_content=thumbnail,ফুলপুর বাংলাদেশের ময়মনসিংহ জেলার অন্তর্গত একটি উপজেলা। এটিই ময়মনসিংহ বিভাগের সবচেয়ে বড় উপজেলা।,True
UPA_469,Upazila,Haluaghat,হালুয়াঘাট,DIST_62,ময়মনসিংহ,haluaghat.mymensingh.gov.bd,হালুয়াঘাট উপজেলা,https://bn.wikipedia.org/wiki/%E0%A6%B9%E0%A6%BE%E0%A6%B2%E0%A7%81%E0%A6%AF%E0%A6%BC%E0%A6%BE%E0%A6%98%E0%A6%BE%E0%A6%9F%20%E0%A6%89%E0%A6%AA%E0%A6%9C%E0%A7%87%E0%A6%B2%E0%A6%BE,https://pub-d8ff02e059814132b7f971370e65283d.r2.dev/places/upazilas/haluaghat_upa_469.jpg,https://thumb.wikimedia.org/wikipedia/commons/thumb/b/b2/Haluaghat_in_Mymensingh_division_%28Bangladesh%29.svg/960px-Haluaghat_in_Mymensingh_division_%28Bangladesh%29.svg.png?utm_source=bn.wikipedia.org&utm_campaign=api&utm_content=thumbnail,হালুয়াঘাট উপজেলা বাংলাদেশের ময়মনসিংহ জেলার একটি প্রশাসনিক এলাকা।,True
UPA_470,Upazila,Gouripur,গৌরীপুর,DIST_62,ময়মনসিংহ,gouripur.mymensingh.gov.bd,গৌরীপুর উপজেলা,https://bn.wikipedia.org/wiki/%E0%A6%97%E0%A7%8C%E0%A6%B0%E0%A7%80%E0%A6%AA%E0%A7%81%E0%A6%B0%20%E0%A6%89%E0%A6%AA%E0%A6%9C%E0%A7%87%E0%A6%B2%E0%A6%BE,https://pub-d8ff02e059814132b7f971370e65283d.r2.dev/places/upazilas/gouripur_upa_470.jpg,https://thumb.wikimedia.org/wikipedia/commons/thumb/1/1a/Gauripur_in_Mymensingh_division_%28Bangladesh%29.svg/960px-Gauripur_in_Mymensingh_division_%28Bangladesh%29.svg.png?utm_source=bn.wikipedia.org&utm_campaign=api&utm_content=thumbnail,গৌরীপুর উপজেলা বাংলাদেশের ময়মনসিংহ জেলার একটি প্রশাসনিক এলাকা।,True
UPA_471,Upazila,Gafargaon,গফরগাঁও,DIST_62,ময়মনসিংহ,gafargaon.mymensingh.gov.bd,গফরগাঁও উপজেলা,https://bn.wikipedia.org/wiki/%E0%A6%97%E0%A6%AB%E0%A6%B0%E0%A6%97%E0%A6%BE%E0%A6%81%E0%A6%93%20%E0%A6%89%E0%A6%AA%E0%A6%9C%E0%A7%87%E0%A6%B2%E0%A6%BE,https://pub-d8ff02e059814132b7f971370e65283d.r2.dev/places/upazilas/gafargaon_upa_471.jpg,https://thumb.wikimedia.org/wikipedia/commons/thumb/a/a8/Gafargaon_milestone.jpg/960px-Gafargaon_milestone.jpg?utm_source=bn.wikipedia.org&utm_campaign=api&utm_content=thumbnail,"গফরগাঁও উপজেলা বাংলাদেশের ময়মনসিংহ জেলার একটি প্রশাসনিক এলাকা। তাছাড়া পল্লি কবি জসীম উদ্দিন এর নকশী কাঁথার মাঠ এ জায়গাকে নিয়ে রচিত। এছাড়াও গফরগাঁও বেগুন এর জন্য দেশব্যাপী বিখ্যাত। তাছাড়া ময়মনসিংহ বিভাগ এর সর্বোচ্চ শিক্ষার হার নিয়ে শিক্ষানগরী হিসেবে স্থান পরিচিতি পেয়েছে গফরগাঁও। ১ জুলাই, ২০২৬ তারিখে ৮ টি ইউনিয়ন নিয়ে দক্ষিণ গফরগাঁও উপজেলার প্রস্তাব অনুমোদন হয়েছে৷",True
UPA_472,Upazila,Iswarganj,ঈশ্বরগঞ্জ,DIST_62,ময়মনসিংহ,iswarganj.mymensingh.gov.bd,ঈশ্বরগঞ্জ উপজেলা,https://bn.wikipedia.org/wiki/%E0%A6%88%E0%A6%B6%E0%A7%8D%E0%A6%AC%E0%A6%B0%E0%A6%97%E0%A6%9E%E0%A7%8D%E0%A6%9C%20%E0%A6%89%E0%A6%AA%E0%A6%9C%E0%A7%87%E0%A6%B2%E0%A6%BE,https://pub-d8ff02e059814132b7f971370e65283d.r2.dev/places/upazilas/iswarganj_upa_472.jpg,https://thumb.wikimedia.org/wikipedia/commons/thumb/2/2a/Ishwarganj_in_Mymensingh_division_%28Bangladesh%29.svg/960px-Ishwarganj_in_Mymensingh_division_%28Bangladesh%29.svg.png?utm_source=bn.wikipedia.org&utm_campaign=api&utm_content=thumbnail,ঈশ্বরগঞ্জ বাংলাদেশের ময়মনসিংহ জেলার অন্তর্গত একটি উপজেলা। ১৯৮৩ সালের ১৫ নভেম্বর এটিকে উপজেলা হিসেবে ঘোষণা করা হয়।,True
UPA_473,Upazila,Nandail,নান্দাইল,DIST_62,ময়মনসিংহ,nandail.mymensingh.gov.bd,নান্দাইল উপজেলা,https://bn.wikipedia.org/wiki/%E0%A6%A8%E0%A6%BE%E0%A6%A8%E0%A7%8D%E0%A6%A6%E0%A6%BE%E0%A6%87%E0%A6%B2%20%E0%A6%89%E0%A6%AA%E0%A6%9C%E0%A7%87%E0%A6%B2%E0%A6%BE,https://pub-d8ff02e059814132b7f971370e65283d.r2.dev/places/upazilas/nandail_upa_473.jpg,https://thumb.wikimedia.org/wikipedia/commons/thumb/8/8d/Nandail_in_Mymensingh_division_%28Bangladesh%29.svg/960px-Nandail_in_Mymensingh_division_%28Bangladesh%29.svg.png?utm_source=bn.wikipedia.org&utm_campaign=api&utm_content=thumbnail,নান্দাইল উপজেলা বাংলাদেশের ময়মনসিংহ জেলার একটি প্রশাসনিক এলাকা। ময়মনসিংহ শহর থেকে প্রায় ৪৬ কিলোমিটার দূরে অবস্থিত।,True
UPA_474,Upazila,Tarakanda,তারাকান্দা,DIST_62,ময়মনসিংহ,tarakanda.mymensingh.gov.bd,তারাকান্দা উপজেলা,https://bn.wikipedia.org/wiki/%E0%A6%A4%E0%A6%BE%E0%A6%B0%E0%A6%BE%E0%A6%95%E0%A6%BE%E0%A6%A8%E0%A7%8D%E0%A6%A6%E0%A6%BE%20%E0%A6%89%E0%A6%AA%E0%A6%9C%E0%A7%87%E0%A6%B2%E0%A6%BE,https://pub-d8ff02e059814132b7f971370e65283d.r2.dev/places/upazilas/tarakanda_upa_474.jpg,https://thumb.wikimedia.org/wikipedia/commons/thumb/e/e7/Tarakanda_in_Mymensingh_division_%28Bangladesh%29.svg/960px-Tarakanda_in_Mymensingh_division_%28Bangladesh%29.svg.png?utm_source=bn.wikipedia.org&utm_campaign=api&utm_content=thumbnail,তারাকান্দা উপজেলা বাংলাদেশের ময়মনসিংহ জেলার অন্তর্গত একটি উপজেলা।,True
UPA_475,Upazila,Jamalpur Sadar,জামালপুর সদর,DIST_63,জামালপুর,jamalpursadar.jamalpur.gov.bd,জামালপুর সদর উপজেলা,https://bn.wikipedia.org/wiki/%E0%A6%9C%E0%A6%BE%E0%A6%AE%E0%A6%BE%E0%A6%B2%E0%A6%AA%E0%A7%81%E0%A6%B0%20%E0%A6%B8%E0%A6%A6%E0%A6%B0%20%E0%A6%89%E0%A6%AA%E0%A6%9C%E0%A7%87%E0%A6%B2%E0%A6%BE,https://pub-d8ff02e059814132b7f971370e65283d.r2.dev/places/upazilas/jamalpur_sadar_upa_475.jpg,https://thumb.wikimedia.org/wikipedia/commons/thumb/c/cd/Jamalpur_Sadar_in_Mymensingh_division_%28Bangladesh%29.svg/960px-Jamalpur_Sadar_in_Mymensingh_division_%28Bangladesh%29.svg.png?utm_source=bn.wikipedia.org&utm_campaign=api&utm_content=thumbnail,"জামালপুর সদর বাংলাদেশের জামালপুর জেলার অন্তর্গত একটি উপজেলা। এটি ময়মনসিংহ বিভাগের অধীন জামালপুর জেলার ৭ টি উপজেলার একটি এবং এটি জেলার পূর্বভাগে অবস্থিত। এটি ১৫টি ইউনিয়ন এবং একটি পৌরসভা নিয়ে গঠিত। জামালপুর সদরের ১ম ইউনিয়ন হচ্ছে ১নং কেন্দুয়া ইউনিয়ন। 
জামালপুর সদর উপজেলার উত্তরে শেরপুর সদর উপজেলা, দক্ষিণে টাঙ্গাইল জেলার ধনবাড়ী উপজেলা ও সরিষাবাড়ী উপজেলা, পূর্বে ময়মনসিংহ জেলার ময়মনসিংহ সদর উপজেলা ও মুক্তাগাছা উপজেলা, পশ্চিমে মেলান্দহ উপজেলা ও মাদারগঞ্জ উপজেলা। জামালপুর সদর উপজেলার সাথে ময়মনসিংহ সদর ও শেরপুর সদর উপজেলা সংযুক্ত।",True
UPA_476,Upazila,Melandah,মেলান্দহ,DIST_63,জামালপুর,melandah.jamalpur.gov.bd,মেলান্দহ উপজেলা,https://bn.wikipedia.org/wiki/%E0%A6%AE%E0%A7%87%E0%A6%B2%E0%A6%BE%E0%A6%A8%E0%A7%8D%E0%A6%A6%E0%A6%B9%20%E0%A6%89%E0%A6%AA%E0%A6%9C%E0%A7%87%E0%A6%B2%E0%A6%BE,https://pub-d8ff02e059814132b7f971370e65283d.r2.dev/places/upazilas/melandah_upa_476.jpg,https://thumb.wikimedia.org/wikipedia/commons/thumb/8/8a/Melandaha_in_Mymensingh_division_%28Bangladesh%29.svg/960px-Melandaha_in_Mymensingh_division_%28Bangladesh%29.svg.png?utm_source=bn.wikipedia.org&utm_campaign=api&utm_content=thumbnail,"মেলান্দহ বাংলাদেশের জামালপুর জেলার অন্তর্গত একটি উপজেলা। এটি ১১টি ইউনিয়ন এবং দুইটি পৌরসভা নিয়ে গঠিত। এটি ময়মনসিংহ বিভাগের অধীন জামালপুর জেলার ৭ টি উপজেলার একটি এবং এটি জেলার মধ্যভাগে অবস্থিত। মেলান্দহ উপজেলার উত্তরে ইসলামপুর উপজেলা, দক্ষিণে জামালপুর সদর উপজেলা ও মাদারগঞ্জ উপজেলা, পূর্বে জামালপুর সদর উপজেলা, শেরপুর জেলার শেরপুর সদর উপজেলা ও ইসলামপুর উপজেলা, পশ্চিমে মাদারগঞ্জ উপজেলা ও ইসলামপুর উপজেলা।
ব্রিটিশ শাসনামলে ১৯২৫ সালে মেলান্দহ থানা গঠিত হয়। বাংলাদেশ স্বাধীনতা লাভের পর ১৯৮৩ সালে মেলান্দহ উপজেলা প্রতিষ্ঠিত হয়।",True
UPA_477,Upazila,Islampur,ইসলামপুর,DIST_63,জামালপুর,islampur.jamalpur.gov.bd,ইসলামপুর উপজেলা,https://bn.wikipedia.org/wiki/%E0%A6%87%E0%A6%B8%E0%A6%B2%E0%A6%BE%E0%A6%AE%E0%A6%AA%E0%A7%81%E0%A6%B0%20%E0%A6%89%E0%A6%AA%E0%A6%9C%E0%A7%87%E0%A6%B2%E0%A6%BE,https://pub-d8ff02e059814132b7f971370e65283d.r2.dev/places/upazilas/islampur_upa_477.jpg,https://thumb.wikimedia.org/wikipedia/commons/thumb/f/f2/Islampur_in_Mymensingh_division_%28Bangladesh%29.svg/960px-Islampur_in_Mymensingh_division_%28Bangladesh%29.svg.png?utm_source=bn.wikipedia.org&utm_campaign=api&utm_content=thumbnail,"ইসলামপুর উপজেলা বাংলাদেশের জামালপুর জেলার অন্তর্গত একটি উপজেলা। এটি ১২টি ইউনিয়ন এবং একটি পৌরসভা নিয়ে গঠিত। এটি ময়মনসিংহ বিভাগের অধীন জামালপুর জেলার ৭ টি উপজেলার একটি এবং এটি জেলার মধ্যভাগে অবস্থিত। ইসলামপুরের উত্তরে দেওয়ানগঞ্জ উপজেলা ও বকশীগঞ্জ উপজেলা, দক্ষিণে মেলান্দহ উপজেলা ও মাদারগঞ্জ উপজেলা, পূর্বে শেরপুর জেলার শ্রীবরদী উপজেলা ও শেরপুর সদর উপজেলা, পশ্চিমে গাইবান্ধা জেলার সাঘাটা উপজেলা, ফুলছড়ি উপজেলা ও বগুড়া জেলার সারিয়াকান্দি উপজেলা।
ব্রিটিশ শাসনামলে ১৯১৪ সালে জামালপুর মহকুমাধীনে ইসলামপুর থানা গঠিত হয়। জামালপুর জেলা হওয়ার পর ১৯৮৩ সালের ৩রা নভেম্বর ইসলামপুর উপজেলা প্রতিষ্ঠিত হয়।",True
UPA_478,Upazila,Dewangonj,দেওয়ানগঞ্জ,DIST_63,জামালপুর,dewangonj.jamalpur.gov.bd,দেওয়ানগঞ্জ উপজেলা,https://bn.wikipedia.org/wiki/%E0%A6%A6%E0%A7%87%E0%A6%93%E0%A6%AF%E0%A6%BC%E0%A6%BE%E0%A6%A8%E0%A6%97%E0%A6%9E%E0%A7%8D%E0%A6%9C%20%E0%A6%89%E0%A6%AA%E0%A6%9C%E0%A7%87%E0%A6%B2%E0%A6%BE,https://pub-d8ff02e059814132b7f971370e65283d.r2.dev/places/upazilas/dewangonj_upa_478.jpg,https://thumb.wikimedia.org/wikipedia/commons/thumb/0/0b/Dewanganj_in_Mymensingh_division_%28Bangladesh%29.svg/960px-Dewanganj_in_Mymensingh_division_%28Bangladesh%29.svg.png?utm_source=bn.wikipedia.org&utm_campaign=api&utm_content=thumbnail,"দেওয়ানগঞ্জ বাংলাদেশের জামালপুর জেলার অন্তর্গত একটি উপজেলা। এটি ৮টি ইউনিয়ন এবং একটি পৌরসভা নিয়ে গঠিত। এটি ময়মনসিংহ বিভাগের অধীন জামালপুর জেলার ৭ টি উপজেলার একটি এবং এটি জেলার উত্তরভাগে অবস্থিত। দেওয়ানগঞ্জ উপজেলার উত্তরে কুড়িগ্রাম জেলার চর রাজিবপুর উপজেলা, দক্ষিণে ইসলামপুর উপজেলা, পূর্বে বকশীগঞ্জ উপজেলা ও ভারতের মেঘালয়, পশ্চিমে গাইবান্ধা জেলার গাইবান্ধা সদর উপজেলা ও ফুলছড়ি উপজেলা।
১৮৭৪ সালে জামালপুর মহকুমার অধীনে দেওয়ানগঞ্জ থানা গঠিত হয়। জামালপুর জেলা হওয়ার পর ১৯৮৩ সালের ৩রা নভেম্বর দেওয়ানগঞ্জ উপজেলা প্রতিষ্ঠিত হয়।",True
UPA_479,Upazila,Sarishabari,সরিষাবাড়ী,DIST_63,জামালপুর,sarishabari.jamalpur.gov.bd,,,,,,False
UPA_480,Upazila,Madarganj,মাদারগঞ্জ,DIST_63,জামালপুর,madarganj.jamalpur.gov.bd,মাদারগঞ্জ উপজেলা,https://bn.wikipedia.org/wiki/%E0%A6%AE%E0%A6%BE%E0%A6%A6%E0%A6%BE%E0%A6%B0%E0%A6%97%E0%A6%9E%E0%A7%8D%E0%A6%9C%20%E0%A6%89%E0%A6%AA%E0%A6%9C%E0%A7%87%E0%A6%B2%E0%A6%BE,https://pub-d8ff02e059814132b7f971370e65283d.r2.dev/places/upazilas/madarganj_upa_480.jpg,https://thumb.wikimedia.org/wikipedia/commons/thumb/1/10/Madarganj_in_Mymensingh_division_%28Bangladesh%29.svg/960px-Madarganj_in_Mymensingh_division_%28Bangladesh%29.svg.png?utm_source=bn.wikipedia.org&utm_campaign=api&utm_content=thumbnail,"মাদারগঞ্জ বাংলাদেশের জামালপুর জেলার অন্তর্গত একটি উপজেলা। এটি ৭টি ইউনিয়ন এবং ১টি পৌরসভা নিয়ে গঠিত। এটি ময়মনসিংহ বিভাগের অধীন জামালপুর জেলার ৭ টি উপজেলার একটি এবং এটি জেলার পশ্চিমভাগে অবস্থিত। মাদারগঞ্জ উপজেলার উত্তরে ইসলামপুর উপজেলা ও মেলান্দহ উপজেলা, দক্ষিণে সরিষাবাড়ী উপজেলা ও বগুড়া জেলার সারিয়াকান্দি উপজেলা,পূর্বে মেলান্দহ উপজেলা ও জামালপুর সদর উপজেলা, পশ্চিমে বগুড়া জেলার সারিয়াকান্দি উপজেলা।
ব্রিটিশ শাসনামলে ১৯০৬ সালে মাদারগঞ্জ থানা প্রতিষ্ঠিত হয়। বাংলাদেশ স্বাধীনতা লাভের পর ১৯৮৩ সালে মাদারগঞ্জকে উপজেলায় রূপান্তর করা হয়।",True
UPA_481,Upazila,Bokshiganj,বকশীগঞ্জ,DIST_63,জামালপুর,bokshiganj.jamalpur.gov.bd,বকশীগঞ্জ উপজেলা,https://bn.wikipedia.org/wiki/%E0%A6%AC%E0%A6%95%E0%A6%B6%E0%A7%80%E0%A6%97%E0%A6%9E%E0%A7%8D%E0%A6%9C%20%E0%A6%89%E0%A6%AA%E0%A6%9C%E0%A7%87%E0%A6%B2%E0%A6%BE,https://pub-d8ff02e059814132b7f971370e65283d.r2.dev/places/upazilas/bokshiganj_upa_481.jpg,https://thumb.wikimedia.org/wikipedia/commons/thumb/1/14/Bakshiganj_in_Mymensingh_division_%28Bangladesh%29.svg/960px-Bakshiganj_in_Mymensingh_division_%28Bangladesh%29.svg.png?utm_source=bn.wikipedia.org&utm_campaign=api&utm_content=thumbnail,"বকশীগঞ্জ উপজেলা বাংলাদেশের জামালপুর জেলার অন্তর্গত একটি উপজেলা। এটি ৭ টি ইউনিয়ন এবং একটি পৌরসভা নিয়ে গঠিত। এটি ময়মনসিংহ বিভাগের অধীন জামালপুর জেলার ৭ টি উপজেলার একটি এবং এটি জেলার উত্তরভাগে অবস্থিত। বকশীগঞ্জ জামালপুর জেলার সর্ব কনিষ্ঠ উপজেলা। বকশীগঞ্জ উপজেলার উত্তরে ভারতের মেঘালয়, দক্ষিণে ইসলামপুর উপজেলা, পূর্বে শেরপুর জেলার শ্রীবরদী উপজেলা, পশ্চিমে দেওয়ানগঞ্জ উপজেলা। উপজেলার উত্তর-পূর্বাংশে গারো পাহাড় অবস্থিত।
১৯৩৭ সালে দেওয়ানগঞ্জ থানার অন্তর্ভুক্ত বকশীগঞ্জ ইউনিয়ন পরিষদ গঠিত হয়। ৩০ এপ্রিল ১৯৮২ সালে বকশীগঞ্জ থানা এবং ১৪ সেপ্টেম্বর ১৯৮৩ সালে উপজেলা গঠিত হয়।",True
UPA_482,Upazila,Barhatta,বারহাট্টা,DIST_64,নেত্রকোণা,barhatta.netrokona.gov.bd,বারহাট্টা উপজেলা,https://bn.wikipedia.org/wiki/%E0%A6%AC%E0%A6%BE%E0%A6%B0%E0%A6%B9%E0%A6%BE%E0%A6%9F%E0%A7%8D%E0%A6%9F%E0%A6%BE%20%E0%A6%89%E0%A6%AA%E0%A6%9C%E0%A7%87%E0%A6%B2%E0%A6%BE,https://pub-d8ff02e059814132b7f971370e65283d.r2.dev/places/upazilas/barhatta_upa_482.jpg,https://thumb.wikimedia.org/wikipedia/commons/thumb/8/83/Barhatta_in_Mymensingh_division_%28Bangladesh%29.svg/960px-Barhatta_in_Mymensingh_division_%28Bangladesh%29.svg.png?utm_source=bn.wikipedia.org&utm_campaign=api&utm_content=thumbnail,বারহাট্টা উপজেলা বাংলাদেশের নেত্রকোণা জেলার একটি প্রশাসনিক এলাকা।,True
UPA_483,Upazila,Durgapur,দুর্গাপুর,DIST_64,নেত্রকোণা,durgapur.netrokona.gov.bd,দুর্গাপুর উপজেলা,https://bn.wikipedia.org/wiki/%E0%A6%A6%E0%A7%81%E0%A6%B0%E0%A7%8D%E0%A6%97%E0%A6%BE%E0%A6%AA%E0%A7%81%E0%A6%B0%20%E0%A6%89%E0%A6%AA%E0%A6%9C%E0%A7%87%E0%A6%B2%E0%A6%BE,,,"দুর্গাপুর উপজেলা নামে বাংলাদেশে দুইটি উপজেলা রয়েছে। যথা:

দুর্গাপুর উপজেলা, নেত্রকোণা
দুর্গাপুর উপজেলা, রাজশাহী",True
UPA_484,Upazila,Kendua,কেন্দুয়া,DIST_64,নেত্রকোণা,kendua.netrokona.gov.bd,কেন্দুয়া উপজেলা,https://bn.wikipedia.org/wiki/%E0%A6%95%E0%A7%87%E0%A6%A8%E0%A7%8D%E0%A6%A6%E0%A7%81%E0%A6%AF%E0%A6%BC%E0%A6%BE%20%E0%A6%89%E0%A6%AA%E0%A6%9C%E0%A7%87%E0%A6%B2%E0%A6%BE,https://pub-d8ff02e059814132b7f971370e65283d.r2.dev/places/upazilas/kendua_upa_484.jpg,https://thumb.wikimedia.org/wikipedia/commons/thumb/3/3d/%E0%A6%B0%E0%A7%8B%E0%A6%AF%E0%A6%BC%E0%A6%BE%E0%A6%87%E0%A6%B2%E0%A6%AC%E0%A6%BE%E0%A6%A1%E0%A6%BC%E0%A6%BF_%E0%A6%A6%E0%A7%81%E0%A6%B0%E0%A7%8D%E0%A6%97_%E0%A7%A7.jpg/960px-%E0%A6%B0%E0%A7%8B%E0%A6%AF%E0%A6%BC%E0%A6%BE%E0%A6%87%E0%A6%B2%E0%A6%AC%E0%A6%BE%E0%A6%A1%E0%A6%BC%E0%A6%BF_%E0%A6%A6%E0%A7%81%E0%A6%B0%E0%A7%8D%E0%A6%97_%E0%A7%A7.jpg?utm_source=bn.wikipedia.org&utm_campaign=api&utm_content=thumbnail,কেন্দুয়া উপজেলা বাংলাদেশের নেত্রকোণা জেলার একটি প্রশাসনিক এলাকা।,True
UPA_485,Upazila,Atpara,আটপাড়া,DIST_64,নেত্রকোণা,atpara.netrokona.gov.bd,আটপাড়া উপজেলা,https://bn.wikipedia.org/wiki/%E0%A6%86%E0%A6%9F%E0%A6%AA%E0%A6%BE%E0%A6%A1%E0%A6%BC%E0%A6%BE%20%E0%A6%89%E0%A6%AA%E0%A6%9C%E0%A7%87%E0%A6%B2%E0%A6%BE,https://pub-d8ff02e059814132b7f971370e65283d.r2.dev/places/upazilas/atpara_upa_485.jpg,https://thumb.wikimedia.org/wikipedia/commons/thumb/c/c6/Atpara_in_Mymensingh_division_%28Bangladesh%29.svg/960px-Atpara_in_Mymensingh_division_%28Bangladesh%29.svg.png?utm_source=bn.wikipedia.org&utm_campaign=api&utm_content=thumbnail,আটপাড়া উপজেলা বাংলাদেশের নেত্রকোণা জেলার একটি উপজেলা। এটি নেত্রকোণা জেলার মধ্যে আয়তনে সবচেয়ে ছোট উপজেলা। ৭ টি ইউনিয়ন ও ১৭৫ টি গ্রাম নিয়ে গঠিত আটপাড়া উপজেলা।,True
UPA_486,Upazila,Madan,মদন,DIST_64,নেত্রকোণা,madan.netrokona.gov.bd,মদন উপজেলা,https://bn.wikipedia.org/wiki/%E0%A6%AE%E0%A6%A6%E0%A6%A8%20%E0%A6%89%E0%A6%AA%E0%A6%9C%E0%A7%87%E0%A6%B2%E0%A6%BE,https://pub-d8ff02e059814132b7f971370e65283d.r2.dev/places/upazilas/madan_upa_486.jpg,https://thumb.wikimedia.org/wikipedia/commons/thumb/b/b9/Madan_in_Mymensingh_division_%28Bangladesh%29.svg/960px-Madan_in_Mymensingh_division_%28Bangladesh%29.svg.png?utm_source=bn.wikipedia.org&utm_campaign=api&utm_content=thumbnail,মদন উপজেলা বাংলাদেশের নেত্রকোণা জেলার একটি প্রশাসনিক এলাকা।,True
UPA_487,Upazila,Khaliajuri,খালিয়াজুরী,DIST_64,নেত্রকোণা,khaliajuri.netrokona.gov.bd,,,,,,False
UPA_488,Upazila,Kalmakanda,কলমাকান্দা,DIST_64,নেত্রকোণা,kalmakanda.netrokona.gov.bd,কলমাকান্দা উপজেলা,https://bn.wikipedia.org/wiki/%E0%A6%95%E0%A6%B2%E0%A6%AE%E0%A6%BE%E0%A6%95%E0%A6%BE%E0%A6%A8%E0%A7%8D%E0%A6%A6%E0%A6%BE%20%E0%A6%89%E0%A6%AA%E0%A6%9C%E0%A7%87%E0%A6%B2%E0%A6%BE,https://pub-d8ff02e059814132b7f971370e65283d.r2.dev/places/upazilas/kalmakanda_upa_488.jpg,https://thumb.wikimedia.org/wikipedia/commons/thumb/c/c9/Kalmakanda_in_Mymensingh_division_%28Bangladesh%29.svg/960px-Kalmakanda_in_Mymensingh_division_%28Bangladesh%29.svg.png?utm_source=bn.wikipedia.org&utm_campaign=api&utm_content=thumbnail,কলমাকান্দা উপজেলা বাংলাদেশের নেত্রকোণা জেলার একটি উপজেলা।,True
UPA_489,Upazila,Mohongonj,মোহনগঞ্জ,DIST_64,নেত্রকোণা,mohongonj.netrokona.gov.bd,মোহনগঞ্জ উপজেলা,https://bn.wikipedia.org/wiki/%E0%A6%AE%E0%A7%8B%E0%A6%B9%E0%A6%A8%E0%A6%97%E0%A6%9E%E0%A7%8D%E0%A6%9C%20%E0%A6%89%E0%A6%AA%E0%A6%9C%E0%A7%87%E0%A6%B2%E0%A6%BE,https://pub-d8ff02e059814132b7f971370e65283d.r2.dev/places/upazilas/mohongonj_upa_489.jpg,https://thumb.wikimedia.org/wikipedia/commons/thumb/3/3b/BDupzillamohanganj.jpg/960px-BDupzillamohanganj.jpg?utm_source=bn.wikipedia.org&utm_campaign=api&utm_content=thumbnail,মোহনগঞ্জ উপজেলা বাংলাদেশের নেত্রকোণা জেলার একটি প্রশাসনিক এলাকা।,True
UPA_490,Upazila,Purbadhala,পূর্বধলা,DIST_64,নেত্রকোণা,purbadhala.netrokona.gov.bd,পূর্বধলা উপজেলা,https://bn.wikipedia.org/wiki/%E0%A6%AA%E0%A7%82%E0%A6%B0%E0%A7%8D%E0%A6%AC%E0%A6%A7%E0%A6%B2%E0%A6%BE%20%E0%A6%89%E0%A6%AA%E0%A6%9C%E0%A7%87%E0%A6%B2%E0%A6%BE,https://pub-d8ff02e059814132b7f971370e65283d.r2.dev/places/upazilas/purbadhala_upa_490.jpg,https://thumb.wikimedia.org/wikipedia/commons/thumb/8/8a/Purbadhala_in_Mymensingh_division_%28Bangladesh%29.svg/960px-Purbadhala_in_Mymensingh_division_%28Bangladesh%29.svg.png?utm_source=bn.wikipedia.org&utm_campaign=api&utm_content=thumbnail,পূর্বধলা বাংলাদেশের নেত্রকোণা জেলার অন্তর্গত একটি উপজেলা।,True
UPA_491,Upazila,Netrokona Sadar,নেত্রকোণা সদর,DIST_64,নেত্রকোণা,netrokonasadar.netrokona.gov.bd,নেত্রকোণা সদর উপজেলা,https://bn.wikipedia.org/wiki/%E0%A6%A8%E0%A7%87%E0%A6%A4%E0%A7%8D%E0%A6%B0%E0%A6%95%E0%A7%8B%E0%A6%A3%E0%A6%BE%20%E0%A6%B8%E0%A6%A6%E0%A6%B0%20%E0%A6%89%E0%A6%AA%E0%A6%9C%E0%A7%87%E0%A6%B2%E0%A6%BE,https://pub-d8ff02e059814132b7f971370e65283d.r2.dev/places/upazilas/netrokona_sadar_upa_491.jpg,https://thumb.wikimedia.org/wikipedia/commons/thumb/0/09/Mgh_high_school_gate.jpg/960px-Mgh_high_school_gate.jpg?utm_source=bn.wikipedia.org&utm_campaign=api&utm_content=thumbnail,নেত্রকোণা সদর উপজেলা বাংলাদেশের ময়মনসিংহ বিভাগের নেত্রকোণা জেলার একটি প্রশাসনিক এলাকা।,True
UPA_492,Upazila,Eidgaon,ঈদগাঁও,DIST_9,কক্সবাজার,null,ঈদগাঁও উপজেলা,https://bn.wikipedia.org/wiki/%E0%A6%88%E0%A6%A6%E0%A6%97%E0%A6%BE%E0%A6%81%E0%A6%93%20%E0%A6%89%E0%A6%AA%E0%A6%9C%E0%A7%87%E0%A6%B2%E0%A6%BE,https://pub-d8ff02e059814132b7f971370e65283d.r2.dev/places/upazilas/eidgaon_upa_492.jpg,https://thumb.wikimedia.org/wikipedia/commons/thumb/8/87/Eidgaon_in_Chattogram_division_%28Bangladesh%29.svg/960px-Eidgaon_in_Chattogram_division_%28Bangladesh%29.svg.png?utm_source=bn.wikipedia.org&utm_campaign=api&utm_content=thumbnail,ঈদগাঁও বাংলাদেশের কক্সবাজার জেলার একটি উপজেলা। এটি বাংলাদেশের ৪৯৫তম উপজেলা।,True
UPA_493,Upazila,Madhyanagar,মধ্যনগর,DIST_39,সুনামগঞ্জ,null,মধ্যনগর উপজেলা,https://bn.wikipedia.org/wiki/%E0%A6%AE%E0%A6%A7%E0%A7%8D%E0%A6%AF%E0%A6%A8%E0%A6%97%E0%A6%B0%20%E0%A6%89%E0%A6%AA%E0%A6%9C%E0%A7%87%E0%A6%B2%E0%A6%BE,https://pub-d8ff02e059814132b7f971370e65283d.r2.dev/places/upazilas/madhyanagar_upa_493.jpg,https://thumb.wikimedia.org/wikipedia/commons/thumb/b/b5/Madhyanagar_in_Sylhet_division_%28Bangladesh%29.svg/960px-Madhyanagar_in_Sylhet_division_%28Bangladesh%29.svg.png?utm_source=bn.wikipedia.org&utm_campaign=api&utm_content=thumbnail,"মধ্যনগর উপজেলা বাংলাদেশের সুনামগঞ্জ জেলার অন্তর্গত একটি উপজেলা। সোমেশ্বরী নদীর তীরে গড়ে ওঠা মধ্যনগর উপজেলার আয়তন ২২২ বর্গকিলোমিটার। উপজেলার ৪টি ইউনিয়নে প্রায় দেড় লাখ মানুষ বসবাস করে। বাংলাদেশের দ্বিতীয় বৃহত্তম হাওর, তৃতীয় রামসার এলাকা টাঙ্গুয়ার হাওর মধ্যনগর উপজেলা বৃহত্তর বংশীকুন্ডায় অবস্থিত।",True
UPA_494,Upazila,Dasar,ডাসার,DIST_50,মাদারীপুর,null,ডাসার উপজেলা,https://bn.wikipedia.org/wiki/%E0%A6%A1%E0%A6%BE%E0%A6%B8%E0%A6%BE%E0%A6%B0%20%E0%A6%89%E0%A6%AA%E0%A6%9C%E0%A7%87%E0%A6%B2%E0%A6%BE,https://pub-d8ff02e059814132b7f971370e65283d.r2.dev/places/upazilas/dasar_upa_494.jpg,https://thumb.wikimedia.org/wikipedia/commons/thumb/2/29/Dasar_in_Dhaka_division_%28Bangladesh%29.svg/960px-Dasar_in_Dhaka_division_%28Bangladesh%29.svg.png?utm_source=bn.wikipedia.org&utm_campaign=api&utm_content=thumbnail,"ডাসার উপজেলা বাংলাদেশের মাদারীপুর জেলার অন্তর্গত একটি উপজেলা। বালিগ্রাম, কাজীবাকাই, গোপালপুর, ডাসার ও নবগ্রাম এই পাঁচ ইউনিয়ন নিয়ে ডাসার উপজেলা গঠিত। এই উপজেলার আয়তন ৭৬ দশমিক ৮ বর্গকিলোমিটার। ২০১১ সালের আদমশুমারি অনুযায়ী ডাসারের জনসংখ্যা ৭১ হাজার ৪৯৪।",True
