entity_id,name_bn,name_en,acronym,category,verification_note,status,official_website,summary_bn,latitude,longitude,image_1,image_2,image_3,image_4,image_5,images_json,sitelinks_json
uni_crawler_1,ঢাকা বিশ্ববিদ্যালয়,University of Dhaka,ঢাবি (DU),Universities,,no_issue_detected,https://www.du.ac.bd,"১৯২১ সালে প্রতিষ্ঠিত, ঢাকা শহরের মিরপুরে অবস্থিত, মানবিক, বিজ্ঞান ও সামাজিক বিজ্ঞান ক্ষেত্রে শীর্ষস্থানীয়।",23.733,90.3929,https://thumb.wikimedia.org/wikipedia/en/thumb/c/cb/Dhaka_University_logo.svg/330px-Dhaka_University_logo.svg.png?utm_source=en.wikipedia.org&utm_campaign=api&utm_content=thumbnail,https://thumb.wikimedia.org/wikipedia/en/thumb/c/cb/Dhaka_University_logo.svg/330px-Dhaka_University_logo.svg.png?utm_source=en.wikipedia.org&utm_campaign=parser&utm_content=thumbnail,https://thumb.wikimedia.org/wikipedia/en/thumb/c/c6/Dhaka_University_logo_outline.svg/250px-Dhaka_University_logo_outline.svg.png?utm_source=en.wikipedia.org&utm_campaign=parser&utm_content=thumbnail,https://thumb.wikimedia.org/wikipedia/commons/thumb/b/ba/Curzon_Hall_old_photo.jpg/500px-Curzon_Hall_old_photo.jpg?utm_source=en.wikipedia.org&utm_campaign=parser&utm_content=thumbnail,https://thumb.wikimedia.org/wikipedia/commons/thumb/3/33/Salimullah.jpg/500px-Salimullah.jpg?utm_source=en.wikipedia.org&utm_campaign=parser&utm_content=thumbnail,"[""https://thumb.wikimedia.org/wikipedia/en/thumb/c/cb/Dhaka_University_logo.svg/330px-Dhaka_University_logo.svg.png?utm_source=en.wikipedia.org&utm_campaign=api&utm_content=thumbnail"", ""https://thumb.wikimedia.org/wikipedia/en/thumb/c/cb/Dhaka_University_logo.svg/330px-Dhaka_University_logo.svg.png?utm_source=en.wikipedia.org&utm_campaign=parser&utm_content=thumbnail"", ""https://thumb.wikimedia.org/wikipedia/en/thumb/c/c6/Dhaka_University_logo_outline.svg/250px-Dhaka_University_logo_outline.svg.png?utm_source=en.wikipedia.org&utm_campaign=parser&utm_content=thumbnail"", ""https://thumb.wikimedia.org/wikipedia/commons/thumb/b/ba/Curzon_Hall_old_photo.jpg/500px-Curzon_Hall_old_photo.jpg?utm_source=en.wikipedia.org&utm_campaign=parser&utm_content=thumbnail"", ""https://thumb.wikimedia.org/wikipedia/commons/thumb/3/33/Salimullah.jpg/500px-Salimullah.jpg?utm_source=en.wikipedia.org&utm_campaign=parser&utm_content=thumbnail""]","[{""title"": ""ঢাকা বিশ্ববিদ্যালয় ভর্তি তথ্য (Admission)"", ""url"": ""https://www.du.ac.bd/admission"", ""type"": ""admission""}, {""title"": ""ঢাকা বিশ্ববিদ্যালয় পরিচিতি ও ইতিহাস (About)"", ""url"": ""https://www.du.ac.bd/about"", ""type"": ""about""}, {""title"": ""ঢাকা বিশ্ববিদ্যালয় নোটিশ বোর্ড (Notice Board)"", ""url"": ""https://www.du.ac.bd/notices"", ""type"": ""notices""}, {""title"": ""ঢাকা বিশ্ববিদ্যালয় যোগাযোগ (Contact)"", ""url"": ""https://www.du.ac.bd/contact"", ""type"": ""contact""}]"
uni_crawler_2,রাজশাহী বিশ্ববিদ্যালয়,University of Rajshahi,রাবি (RU),Universities,,no_issue_detected,https://www.ru.ac.bd,"১৯৫৩ সালে প্রতিষ্ঠিত, রাজশাহী শহরের গৌরবপুরে অবস্থিত, কৃষি, বিজ্ঞান ও শিল্পশিক্ষায় বিশেষজ্ঞ।",24.3686,88.6375,https://thumb.wikimedia.org/wikipedia/commons/thumb/4/4f/%E0%A6%B0%E0%A6%BE%E0%A6%9C%E0%A6%B6%E0%A6%BE%E0%A6%B9%E0%A7%80_%E0%A6%AC%E0%A6%BF%E0%A6%B6%E0%A7%8D%E0%A6%AC%E0%A6%AC%E0%A6%BF%E0%A6%A6%E0%A7%8D%E0%A6%AF%E0%A6%BE%E0%A6%B2%E0%A6%AF%E0%A6%BC%E0%A7%87%E0%A6%B0_%E0%A6%B2%E0%A7%8B%E0%A6%97%E0%A7%8B.svg/330px-%E0%A6%B0%E0%A6%BE%E0%A6%9C%E0%A6%B6%E0%A6%BE%E0%A6%B9%E0%A7%80_%E0%A6%AC%E0%A6%BF%E0%A6%B6%E0%A7%8D%E0%A6%AC%E0%A6%AC%E0%A6%BF%E0%A6%A6%E0%A7%8D%E0%A6%AF%E0%A6%BE%E0%A6%B2%E0%A6%AF%E0%A6%BC%E0%A7%87%E0%A6%B0_%E0%A6%B2%E0%A7%8B%E0%A6%97%E0%A7%8B.svg.png?utm_source=en.wikipedia.org&utm_campaign=api&utm_content=thumbnail,https://thumb.wikimedia.org/wikipedia/commons/thumb/4/4f/%E0%A6%B0%E0%A6%BE%E0%A6%9C%E0%A6%B6%E0%A6%BE%E0%A6%B9%E0%A7%80_%E0%A6%AC%E0%A6%BF%E0%A6%B6%E0%A7%8D%E0%A6%AC%E0%A6%AC%E0%A6%BF%E0%A6%A6%E0%A7%8D%E0%A6%AF%E0%A6%BE%E0%A6%B2%E0%A6%AF%E0%A6%BC%E0%A7%87%E0%A6%B0_%E0%A6%B2%E0%A7%8B%E0%A6%97%E0%A7%8B.svg/1280px-%E0%A6%B0%E0%A6%BE%E0%A6%9C%E0%A6%B6%E0%A6%BE%E0%A6%B9%E0%A7%80_%E0%A6%AC%E0%A6%BF%E0%A6%B6%E0%A7%8D%E0%A6%AC%E0%A6%AC%E0%A6%BF%E0%A6%A6%E0%A7%8D%E0%A6%AF%E0%A6%BE%E0%A6%B2%E0%A6%AF%E0%A6%BC%E0%A7%87%E0%A6%B0_%E0%A6%B2%E0%A7%8B%E0%A6%97%E0%A7%8B.svg.png?utm_source=en.wikipedia.org&utm_campaign=parser&utm_content=thumbnail,https://thumb.wikimedia.org/wikipedia/commons/thumb/f/f3/Shaheed_of_Rajshahi_University.JPG/1280px-Shaheed_of_Rajshahi_University.JPG?utm_source=en.wikipedia.org&utm_campaign=parser&utm_content=thumbnail,https://thumb.wikimedia.org/wikipedia/commons/thumb/9/95/Main_gate_of_university_of_rajshahi_%28cropped%29.jpg/1280px-Main_gate_of_university_of_rajshahi_%28cropped%29.jpg?utm_source=en.wikipedia.org&utm_campaign=parser&utm_content=thumbnail,https://thumb.wikimedia.org/wikipedia/commons/thumb/7/7d/Railline%2C_inside_of_rajshahi_university.jpg/1280px-Railline%2C_inside_of_rajshahi_university.jpg?utm_source=en.wikipedia.org&utm_campaign=parser&utm_content=thumbnail,"[""https://thumb.wikimedia.org/wikipedia/commons/thumb/4/4f/%E0%A6%B0%E0%A6%BE%E0%A6%9C%E0%A6%B6%E0%A6%BE%E0%A6%B9%E0%A7%80_%E0%A6%AC%E0%A6%BF%E0%A6%B6%E0%A7%8D%E0%A6%AC%E0%A6%AC%E0%A6%BF%E0%A6%A6%E0%A7%8D%E0%A6%AF%E0%A6%BE%E0%A6%B2%E0%A6%AF%E0%A6%BC%E0%A7%87%E0%A6%B0_%E0%A6%B2%E0%A7%8B%E0%A6%97%E0%A7%8B.svg/330px-%E0%A6%B0%E0%A6%BE%E0%A6%9C%E0%A6%B6%E0%A6%BE%E0%A6%B9%E0%A7%80_%E0%A6%AC%E0%A6%BF%E0%A6%B6%E0%A7%8D%E0%A6%AC%E0%A6%AC%E0%A6%BF%E0%A6%A6%E0%A7%8D%E0%A6%AF%E0%A6%BE%E0%A6%B2%E0%A6%AF%E0%A6%BC%E0%A7%87%E0%A6%B0_%E0%A6%B2%E0%A7%8B%E0%A6%97%E0%A7%8B.svg.png?utm_source=en.wikipedia.org&utm_campaign=api&utm_content=thumbnail"", ""https://thumb.wikimedia.org/wikipedia/commons/thumb/4/4f/%E0%A6%B0%E0%A6%BE%E0%A6%9C%E0%A6%B6%E0%A6%BE%E0%A6%B9%E0%A7%80_%E0%A6%AC%E0%A6%BF%E0%A6%B6%E0%A7%8D%E0%A6%AC%E0%A6%AC%E0%A6%BF%E0%A6%A6%E0%A7%8D%E0%A6%AF%E0%A6%BE%E0%A6%B2%E0%A6%AF%E0%A6%BC%E0%A7%87%E0%A6%B0_%E0%A6%B2%E0%A7%8B%E0%A6%97%E0%A7%8B.svg/1280px-%E0%A6%B0%E0%A6%BE%E0%A6%9C%E0%A6%B6%E0%A6%BE%E0%A6%B9%E0%A7%80_%E0%A6%AC%E0%A6%BF%E0%A6%B6%E0%A7%8D%E0%A6%AC%E0%A6%AC%E0%A6%BF%E0%A6%A6%E0%A7%8D%E0%A6%AF%E0%A6%BE%E0%A6%B2%E0%A6%AF%E0%A6%BC%E0%A7%87%E0%A6%B0_%E0%A6%B2%E0%A7%8B%E0%A6%97%E0%A7%8B.svg.png?utm_source=en.wikipedia.org&utm_campaign=parser&utm_content=thumbnail"", ""https://thumb.wikimedia.org/wikipedia/commons/thumb/f/f3/Shaheed_of_Rajshahi_University.JPG/1280px-Shaheed_of_Rajshahi_University.JPG?utm_source=en.wikipedia.org&utm_campaign=parser&utm_content=thumbnail"", ""https://thumb.wikimedia.org/wikipedia/commons/thumb/9/95/Main_gate_of_university_of_rajshahi_%28cropped%29.jpg/1280px-Main_gate_of_university_of_rajshahi_%28cropped%29.jpg?utm_source=en.wikipedia.org&utm_campaign=parser&utm_content=thumbnail"", ""https://thumb.wikimedia.org/wikipedia/commons/thumb/7/7d/Railline%2C_inside_of_rajshahi_university.jpg/1280px-Railline%2C_inside_of_rajshahi_university.jpg?utm_source=en.wikipedia.org&utm_campaign=parser&utm_content=thumbnail""]","[{""title"": ""রাজশাহী বিশ্ববিদ্যালয় ভর্তি তথ্য (Admission)"", ""url"": ""https://www.ru.ac.bd/admission"", ""type"": ""admission""}, {""title"": ""রাজশাহী বিশ্ববিদ্যালয় পরিচিতি ও ইতিহাস (About)"", ""url"": ""https://www.ru.ac.bd/about"", ""type"": ""about""}, {""title"": ""রাজশাহী বিশ্ববিদ্যালয় নোটিশ বোর্ড (Notice Board)"", ""url"": ""https://www.ru.ac.bd/notices"", ""type"": ""notices""}, {""title"": ""রাজশাহী বিশ্ববিদ্যালয় যোগাযোগ (Contact)"", ""url"": ""https://www.ru.ac.bd/contact"", ""type"": ""contact""}]"
uni_crawler_3,চট্টগ্রাম বিশ্ববিদ্যালয়,University of Chittagong,চবি (CU),Universities,,no_issue_detected,https://cu.ac.bd,"১৯৬৬ সালে প্রতিষ্ঠিত, চট্টগ্রাম শহরের হালিশহরে অবস্থিত, সমুদ্রবিজ্ঞান ও জীববিজ্ঞানে উৎকৃষ্ট।",22.4716,91.7877,https://thumb.wikimedia.org/wikipedia/en/thumb/8/86/University_of_Chittagong_logo.svg/330px-University_of_Chittagong_logo.svg.png?utm_source=en.wikipedia.org&utm_campaign=api&utm_content=thumbnail,https://thumb.wikimedia.org/wikipedia/en/thumb/8/86/University_of_Chittagong_logo.svg/330px-University_of_Chittagong_logo.svg.png?utm_source=en.wikipedia.org&utm_campaign=parser&utm_content=thumbnail,https://thumb.wikimedia.org/wikipedia/commons/thumb/7/7d/At_the_Chittagong_University_-_CO_1069-511-38_%287831812362%29.jpg/500px-At_the_Chittagong_University_-_CO_1069-511-38_%287831812362%29.jpg?utm_source=en.wikipedia.org&utm_campaign=parser&utm_content=thumbnail,https://thumb.wikimedia.org/wikipedia/commons/thumb/0/05/Chittagong_University_Library_%2804%29.jpg/1280px-Chittagong_University_Library_%2804%29.jpg?utm_source=en.wikipedia.org&utm_campaign=parser&utm_content=thumbnail,https://thumb.wikimedia.org/wikipedia/commons/thumb/7/75/Faculty_of_Science%2C_University_of_Chittagong_%2846512790111%29.jpg/1280px-Faculty_of_Science%2C_University_of_Chittagong_%2846512790111%29.jpg?utm_source=en.wikipedia.org&utm_campaign=parser&utm_content=thumbnail,"[""https://thumb.wikimedia.org/wikipedia/en/thumb/8/86/University_of_Chittagong_logo.svg/330px-University_of_Chittagong_logo.svg.png?utm_source=en.wikipedia.org&utm_campaign=api&utm_content=thumbnail"", ""https://thumb.wikimedia.org/wikipedia/en/thumb/8/86/University_of_Chittagong_logo.svg/330px-University_of_Chittagong_logo.svg.png?utm_source=en.wikipedia.org&utm_campaign=parser&utm_content=thumbnail"", ""https://thumb.wikimedia.org/wikipedia/commons/thumb/7/7d/At_the_Chittagong_University_-_CO_1069-511-38_%287831812362%29.jpg/500px-At_the_Chittagong_University_-_CO_1069-511-38_%287831812362%29.jpg?utm_source=en.wikipedia.org&utm_campaign=parser&utm_content=thumbnail"", ""https://thumb.wikimedia.org/wikipedia/commons/thumb/0/05/Chittagong_University_Library_%2804%29.jpg/1280px-Chittagong_University_Library_%2804%29.jpg?utm_source=en.wikipedia.org&utm_campaign=parser&utm_content=thumbnail"", ""https://thumb.wikimedia.org/wikipedia/commons/thumb/7/75/Faculty_of_Science%2C_University_of_Chittagong_%2846512790111%29.jpg/1280px-Faculty_of_Science%2C_University_of_Chittagong_%2846512790111%29.jpg?utm_source=en.wikipedia.org&utm_campaign=parser&utm_content=thumbnail""]","[{""title"": ""চট্টগ্রাম বিশ্ববিদ্যালয় ভর্তি তথ্য (Admission)"", ""url"": ""https://cu.ac.bd/admission"", ""type"": ""admission""}, {""title"": ""চট্টগ্রাম বিশ্ববিদ্যালয় পরিচিতি ও ইতিহাস (About)"", ""url"": ""https://cu.ac.bd/about"", ""type"": ""about""}, {""title"": ""চট্টগ্রাম বিশ্ববিদ্যালয় নোটিশ বোর্ড (Notice Board)"", ""url"": ""https://cu.ac.bd/notices"", ""type"": ""notices""}, {""title"": ""চট্টগ্রাম বিশ্ববিদ্যালয় যোগাযোগ (Contact)"", ""url"": ""https://cu.ac.bd/contact"", ""type"": ""contact""}]"
uni_crawler_4,জাহাঙ্গীরনগর বিশ্ববিদ্যালয়,Jahangirnagar University,জাবি (JU),Universities,,no_issue_detected,https://juniv.edu,"১৯৭০ সালে প্রতিষ্ঠিত, জাহাঙ্গীরনগর শহরের জাবি ক্যাম্পাসে অবস্থিত, পরিবেশবিজ্ঞান ও সামাজিক বিজ্ঞান সমৃদ্ধ।",23.8822,90.2673,https://thumb.wikimedia.org/wikipedia/en/thumb/a/a9/Jahangirnagar_University_Logo.svg/330px-Jahangirnagar_University_Logo.svg.png?utm_source=en.wikipedia.org&utm_campaign=api&utm_content=thumbnail,https://thumb.wikimedia.org/wikipedia/en/thumb/a/a9/Jahangirnagar_University_Logo.svg/500px-Jahangirnagar_University_Logo.svg.png?utm_source=en.wikipedia.org&utm_campaign=parser&utm_content=thumbnail,https://thumb.wikimedia.org/wikipedia/commons/thumb/9/9a/%E0%A6%9C%E0%A6%BE%E0%A6%B9%E0%A6%BE%E0%A6%99%E0%A7%8D%E0%A6%97%E0%A7%80%E0%A6%B0%E0%A6%A8%E0%A6%97%E0%A6%B0_%E0%A6%AC%E0%A6%BF%E0%A6%B6%E0%A7%8D%E0%A6%AC%E0%A6%AC%E0%A6%BF%E0%A6%A6%E0%A7%8D%E0%A6%AF%E0%A6%BE%E0%A6%B2%E0%A6%AF%E0%A6%BC_%E0%A6%B6%E0%A6%B9%E0%A7%80%E0%A6%A6_%E0%A6%AE%E0%A6%BF%E0%A6%A8%E0%A6%BE%E0%A6%B0_-_Jahangirnagar_University_Shaheed_Minar.jpg/1280px-%E0%A6%9C%E0%A6%BE%E0%A6%B9%E0%A6%BE%E0%A6%99%E0%A7%8D%E0%A6%97%E0%A7%80%E0%A6%B0%E0%A6%A8%E0%A6%97%E0%A6%B0_%E0%A6%AC%E0%A6%BF%E0%A6%B6%E0%A7%8D%E0%A6%AC%E0%A6%AC%E0%A6%BF%E0%A6%A6%E0%A7%8D%E0%A6%AF%E0%A6%BE%E0%A6%B2%E0%A6%AF%E0%A6%BC_%E0%A6%B6%E0%A6%B9%E0%A7%80%E0%A6%A6_%E0%A6%AE%E0%A6%BF%E0%A6%A8%E0%A6%BE%E0%A6%B0_-_Jahangirnagar_University_Shaheed_Minar.jpg?utm_source=en.wikipedia.org&utm_campaign=parser&utm_content=thumbnail,https://thumb.wikimedia.org/wikipedia/commons/thumb/e/e7/All_over_bird.JPG/500px-All_over_bird.JPG?utm_source=en.wikipedia.org&utm_campaign=parser&utm_content=thumbnail,https://thumb.wikimedia.org/wikipedia/commons/thumb/c/ca/Central_Mosque_at_Jahangir_Nagar_University_%2CSavar.jpg/500px-Central_Mosque_at_Jahangir_Nagar_University_%2CSavar.jpg?utm_source=en.wikipedia.org&utm_campaign=parser&utm_content=thumbnail,"[""https://thumb.wikimedia.org/wikipedia/en/thumb/a/a9/Jahangirnagar_University_Logo.svg/330px-Jahangirnagar_University_Logo.svg.png?utm_source=en.wikipedia.org&utm_campaign=api&utm_content=thumbnail"", ""https://thumb.wikimedia.org/wikipedia/en/thumb/a/a9/Jahangirnagar_University_Logo.svg/500px-Jahangirnagar_University_Logo.svg.png?utm_source=en.wikipedia.org&utm_campaign=parser&utm_content=thumbnail"", ""https://thumb.wikimedia.org/wikipedia/commons/thumb/9/9a/%E0%A6%9C%E0%A6%BE%E0%A6%B9%E0%A6%BE%E0%A6%99%E0%A7%8D%E0%A6%97%E0%A7%80%E0%A6%B0%E0%A6%A8%E0%A6%97%E0%A6%B0_%E0%A6%AC%E0%A6%BF%E0%A6%B6%E0%A7%8D%E0%A6%AC%E0%A6%AC%E0%A6%BF%E0%A6%A6%E0%A7%8D%E0%A6%AF%E0%A6%BE%E0%A6%B2%E0%A6%AF%E0%A6%BC_%E0%A6%B6%E0%A6%B9%E0%A7%80%E0%A6%A6_%E0%A6%AE%E0%A6%BF%E0%A6%A8%E0%A6%BE%E0%A6%B0_-_Jahangirnagar_University_Shaheed_Minar.jpg/1280px-%E0%A6%9C%E0%A6%BE%E0%A6%B9%E0%A6%BE%E0%A6%99%E0%A7%8D%E0%A6%97%E0%A7%80%E0%A6%B0%E0%A6%A8%E0%A6%97%E0%A6%B0_%E0%A6%AC%E0%A6%BF%E0%A6%B6%E0%A7%8D%E0%A6%AC%E0%A6%AC%E0%A6%BF%E0%A6%A6%E0%A7%8D%E0%A6%AF%E0%A6%BE%E0%A6%B2%E0%A6%AF%E0%A6%BC_%E0%A6%B6%E0%A6%B9%E0%A7%80%E0%A6%A6_%E0%A6%AE%E0%A6%BF%E0%A6%A8%E0%A6%BE%E0%A6%B0_-_Jahangirnagar_University_Shaheed_Minar.jpg?utm_source=en.wikipedia.org&utm_campaign=parser&utm_content=thumbnail"", ""https://thumb.wikimedia.org/wikipedia/commons/thumb/e/e7/All_over_bird.JPG/500px-All_over_bird.JPG?utm_source=en.wikipedia.org&utm_campaign=parser&utm_content=thumbnail"", ""https://thumb.wikimedia.org/wikipedia/commons/thumb/c/ca/Central_Mosque_at_Jahangir_Nagar_University_%2CSavar.jpg/500px-Central_Mosque_at_Jahangir_Nagar_University_%2CSavar.jpg?utm_source=en.wikipedia.org&utm_campaign=parser&utm_content=thumbnail""]","[{""title"": ""জাহাঙ্গীরনগর বিশ্ববিদ্যালয় ভর্তি তথ্য (Admission)"", ""url"": ""https://juniv.edu/admission"", ""type"": ""admission""}, {""title"": ""জাহাঙ্গীরনগর বিশ্ববিদ্যালয় পরিচিতি ও ইতিহাস (About)"", ""url"": ""https://juniv.edu/about"", ""type"": ""about""}, {""title"": ""জাহাঙ্গীরনগর বিশ্ববিদ্যালয় নোটিশ বোর্ড (Notice Board)"", ""url"": ""https://juniv.edu/notices"", ""type"": ""notices""}, {""title"": ""জাহাঙ্গীরনগর বিশ্ববিদ্যালয় যোগাযোগ (Contact)"", ""url"": ""https://juniv.edu/contact"", ""type"": ""contact""}]"
uni_crawler_5,"ইসলামী বিশ্ববিদ্যালয়, বাংলাদেশ","Islamic University, Bangladesh",ইবি (IU),Universities,,no_issue_detected,https://iu.ac.bd,"১৯৮৫ সালে প্রতিষ্ঠিত, শেরপুরের কাশিয়ার গাঁয়ে অবস্থিত, ইসলামিক গবেষণা ও মানবিক শাস্ত্রে বিশেষজ্ঞ।",23.7226,89.1504,https://thumb.wikimedia.org/wikipedia/en/thumb/7/7b/Islamic_University%2C_Bangladesh_logo.svg/330px-Islamic_University%2C_Bangladesh_logo.svg.png?utm_source=en.wikipedia.org&utm_campaign=api&utm_content=thumbnail,https://thumb.wikimedia.org/wikipedia/en/thumb/7/7b/Islamic_University%2C_Bangladesh_logo.svg/500px-Islamic_University%2C_Bangladesh_logo.svg.png?utm_source=en.wikipedia.org&utm_campaign=parser&utm_content=thumbnail,https://thumb.wikimedia.org/wikipedia/commons/thumb/0/0b/Kushtia_Islamic_University_Auditorium%2C_Kushtia%2C_Bangladesh.jpg/500px-Kushtia_Islamic_University_Auditorium%2C_Kushtia%2C_Bangladesh.jpg?utm_source=en.wikipedia.org&utm_campaign=parser&utm_content=thumbnail,https://thumb.wikimedia.org/wikipedia/commons/thumb/c/ce/Cultural_function_at_mango_garden%2C_islamic_university_kushtia.jpg/250px-Cultural_function_at_mango_garden%2C_islamic_university_kushtia.jpg?utm_source=en.wikipedia.org&utm_campaign=parser&utm_content=thumbnail,https://thumb.wikimedia.org/wikipedia/commons/thumb/0/04/Islamic_University_Lake_with_Central_Mosque_View.jpg/250px-Islamic_University_Lake_with_Central_Mosque_View.jpg?utm_source=en.wikipedia.org&utm_campaign=parser&utm_content=thumbnail,"[""https://thumb.wikimedia.org/wikipedia/en/thumb/7/7b/Islamic_University%2C_Bangladesh_logo.svg/330px-Islamic_University%2C_Bangladesh_logo.svg.png?utm_source=en.wikipedia.org&utm_campaign=api&utm_content=thumbnail"", ""https://thumb.wikimedia.org/wikipedia/en/thumb/7/7b/Islamic_University%2C_Bangladesh_logo.svg/500px-Islamic_University%2C_Bangladesh_logo.svg.png?utm_source=en.wikipedia.org&utm_campaign=parser&utm_content=thumbnail"", ""https://thumb.wikimedia.org/wikipedia/commons/thumb/0/0b/Kushtia_Islamic_University_Auditorium%2C_Kushtia%2C_Bangladesh.jpg/500px-Kushtia_Islamic_University_Auditorium%2C_Kushtia%2C_Bangladesh.jpg?utm_source=en.wikipedia.org&utm_campaign=parser&utm_content=thumbnail"", ""https://thumb.wikimedia.org/wikipedia/commons/thumb/c/ce/Cultural_function_at_mango_garden%2C_islamic_university_kushtia.jpg/250px-Cultural_function_at_mango_garden%2C_islamic_university_kushtia.jpg?utm_source=en.wikipedia.org&utm_campaign=parser&utm_content=thumbnail"", ""https://thumb.wikimedia.org/wikipedia/commons/thumb/0/04/Islamic_University_Lake_with_Central_Mosque_View.jpg/250px-Islamic_University_Lake_with_Central_Mosque_View.jpg?utm_source=en.wikipedia.org&utm_campaign=parser&utm_content=thumbnail""]","[{""title"": ""ইসলামী বিশ্ববিদ্যালয়, বাংলাদেশ ভর্তি তথ্য (Admission)"", ""url"": ""https://iu.ac.bd/admission"", ""type"": ""admission""}, {""title"": ""ইসলামী বিশ্ববিদ্যালয়, বাংলাদেশ পরিচিতি ও ইতিহাস (About)"", ""url"": ""https://iu.ac.bd/about"", ""type"": ""about""}, {""title"": ""ইসলামী বিশ্ববিদ্যালয়, বাংলাদেশ নোটিশ বোর্ড (Notice Board)"", ""url"": ""https://iu.ac.bd/notices"", ""type"": ""notices""}, {""title"": ""ইসলামী বিশ্ববিদ্যালয়, বাংলাদেশ যোগাযোগ (Contact)"", ""url"": ""https://iu.ac.bd/contact"", ""type"": ""contact""}]"
uni_crawler_6,খুলনা বিশ্ববিদ্যালয়,Khulna University,খুবি (KU),Universities,,no_issue_detected,https://ku.ac.bd,"১৯৯১ সালে প্রতিষ্ঠিত, খুলনা শহরের গার্ডেন রোডে অবস্থিত, প্রকৌশল ও শিল্প নকশা শিক্ষায় অগ্রগামী।",22.8021,89.5332,https://thumb.wikimedia.org/wikipedia/en/thumb/1/13/Khulna_University_Logo.svg/330px-Khulna_University_Logo.svg.png?utm_source=en.wikipedia.org&utm_campaign=api&utm_content=thumbnail,https://thumb.wikimedia.org/wikipedia/en/thumb/1/13/Khulna_University_Logo.svg/330px-Khulna_University_Logo.svg.png?utm_source=en.wikipedia.org&utm_campaign=parser&utm_content=thumbnail,https://thumb.wikimedia.org/wikipedia/commons/thumb/c/c0/%E0%A6%8F%E0%A6%95%E0%A6%BE%E0%A6%A1%E0%A7%87%E0%A6%AE%E0%A6%BF%E0%A6%95_%E0%A6%AD%E0%A6%AC%E0%A6%A8_%E0%A7%A7.jpg/500px-%E0%A6%8F%E0%A6%95%E0%A6%BE%E0%A6%A1%E0%A7%87%E0%A6%AE%E0%A6%BF%E0%A6%95_%E0%A6%AD%E0%A6%AC%E0%A6%A8_%E0%A7%A7.jpg?utm_source=en.wikipedia.org&utm_campaign=parser&utm_content=thumbnail,https://thumb.wikimedia.org/wikipedia/commons/thumb/e/e8/Mukto_Moncho.jpg/500px-Mukto_Moncho.jpg?utm_source=en.wikipedia.org&utm_campaign=parser&utm_content=thumbnail,https://thumb.wikimedia.org/wikipedia/commons/thumb/5/50/%E0%A6%85%E0%A6%A6%E0%A6%AE%E0%A7%8D%E0%A6%AF_%E0%A6%AC%E0%A6%BE%E0%A6%82%E0%A6%B2%E0%A6%BE_%E0%A6%AD%E0%A6%BE%E0%A6%B8%E0%A7%8D%E0%A6%95%E0%A6%B0%E0%A7%8D%E0%A6%AF.jpg/1280px-%E0%A6%85%E0%A6%A6%E0%A6%AE%E0%A7%8D%E0%A6%AF_%E0%A6%AC%E0%A6%BE%E0%A6%82%E0%A6%B2%E0%A6%BE_%E0%A6%AD%E0%A6%BE%E0%A6%B8%E0%A7%8D%E0%A6%95%E0%A6%B0%E0%A7%8D%E0%A6%AF.jpg?utm_source=en.wikipedia.org&utm_campaign=parser&utm_content=thumbnail,"[""https://thumb.wikimedia.org/wikipedia/en/thumb/1/13/Khulna_University_Logo.svg/330px-Khulna_University_Logo.svg.png?utm_source=en.wikipedia.org&utm_campaign=api&utm_content=thumbnail"", ""https://thumb.wikimedia.org/wikipedia/en/thumb/1/13/Khulna_University_Logo.svg/330px-Khulna_University_Logo.svg.png?utm_source=en.wikipedia.org&utm_campaign=parser&utm_content=thumbnail"", ""https://thumb.wikimedia.org/wikipedia/commons/thumb/c/c0/%E0%A6%8F%E0%A6%95%E0%A6%BE%E0%A6%A1%E0%A7%87%E0%A6%AE%E0%A6%BF%E0%A6%95_%E0%A6%AD%E0%A6%AC%E0%A6%A8_%E0%A7%A7.jpg/500px-%E0%A6%8F%E0%A6%95%E0%A6%BE%E0%A6%A1%E0%A7%87%E0%A6%AE%E0%A6%BF%E0%A6%95_%E0%A6%AD%E0%A6%AC%E0%A6%A8_%E0%A7%A7.jpg?utm_source=en.wikipedia.org&utm_campaign=parser&utm_content=thumbnail"", ""https://thumb.wikimedia.org/wikipedia/commons/thumb/e/e8/Mukto_Moncho.jpg/500px-Mukto_Moncho.jpg?utm_source=en.wikipedia.org&utm_campaign=parser&utm_content=thumbnail"", ""https://thumb.wikimedia.org/wikipedia/commons/thumb/5/50/%E0%A6%85%E0%A6%A6%E0%A6%AE%E0%A7%8D%E0%A6%AF_%E0%A6%AC%E0%A6%BE%E0%A6%82%E0%A6%B2%E0%A6%BE_%E0%A6%AD%E0%A6%BE%E0%A6%B8%E0%A7%8D%E0%A6%95%E0%A6%B0%E0%A7%8D%E0%A6%AF.jpg/1280px-%E0%A6%85%E0%A6%A6%E0%A6%AE%E0%A7%8D%E0%A6%AF_%E0%A6%AC%E0%A6%BE%E0%A6%82%E0%A6%B2%E0%A6%BE_%E0%A6%AD%E0%A6%BE%E0%A6%B8%E0%A7%8D%E0%A6%95%E0%A6%B0%E0%A7%8D%E0%A6%AF.jpg?utm_source=en.wikipedia.org&utm_campaign=parser&utm_content=thumbnail""]","[{""title"": ""খুলনা বিশ্ববিদ্যালয় ভর্তি তথ্য (Admission)"", ""url"": ""https://ku.ac.bd/admission"", ""type"": ""admission""}, {""title"": ""খুলনা বিশ্ববিদ্যালয় পরিচিতি ও ইতিহাস (About)"", ""url"": ""https://ku.ac.bd/about"", ""type"": ""about""}, {""title"": ""খুলনা বিশ্ববিদ্যালয় নোটিশ বোর্ড (Notice Board)"", ""url"": ""https://ku.ac.bd/notices"", ""type"": ""notices""}, {""title"": ""খুলনা বিশ্ববিদ্যালয় যোগাযোগ (Contact)"", ""url"": ""https://ku.ac.bd/contact"", ""type"": ""contact""}]"
uni_crawler_7,জগন্নাথ বিশ্ববিদ্যালয়,Jagannath University,জবি (JnU),Universities,,no_issue_detected,https://jnu.ac.bd,"২০০৫ সালে প্রতিষ্ঠিত, ঢাকা শহরের জগন্নাথপুরে অবস্থিত, শিক্ষা ও ব্যবসা ব্যবস্থাপনা ক্ষেত্রে শক্তিশালী।",23.7107,90.4116,https://thumb.wikimedia.org/wikipedia/en/thumb/4/47/Logo_of_Jagannath_University.svg/330px-Logo_of_Jagannath_University.svg.png?utm_source=en.wikipedia.org&utm_campaign=api&utm_content=thumbnail,https://thumb.wikimedia.org/wikipedia/en/thumb/4/47/Logo_of_Jagannath_University.svg/500px-Logo_of_Jagannath_University.svg.png?utm_source=en.wikipedia.org&utm_campaign=parser&utm_content=thumbnail,https://thumb.wikimedia.org/wikipedia/commons/thumb/f/f2/Jagannath_University_Bird_View.jpg/1280px-Jagannath_University_Bird_View.jpg?utm_source=en.wikipedia.org&utm_campaign=parser&utm_content=thumbnail,https://thumb.wikimedia.org/wikipedia/commons/thumb/d/da/Jagannath_University1.jpg/500px-Jagannath_University1.jpg?utm_source=en.wikipedia.org&utm_campaign=parser&utm_content=thumbnail,https://thumb.wikimedia.org/wikipedia/commons/thumb/c/ce/Statue_at_JnU.jpg/330px-Statue_at_JnU.jpg?utm_source=en.wikipedia.org&utm_campaign=parser&utm_content=thumbnail,"[""https://thumb.wikimedia.org/wikipedia/en/thumb/4/47/Logo_of_Jagannath_University.svg/330px-Logo_of_Jagannath_University.svg.png?utm_source=en.wikipedia.org&utm_campaign=api&utm_content=thumbnail"", ""https://thumb.wikimedia.org/wikipedia/en/thumb/4/47/Logo_of_Jagannath_University.svg/500px-Logo_of_Jagannath_University.svg.png?utm_source=en.wikipedia.org&utm_campaign=parser&utm_content=thumbnail"", ""https://thumb.wikimedia.org/wikipedia/commons/thumb/f/f2/Jagannath_University_Bird_View.jpg/1280px-Jagannath_University_Bird_View.jpg?utm_source=en.wikipedia.org&utm_campaign=parser&utm_content=thumbnail"", ""https://thumb.wikimedia.org/wikipedia/commons/thumb/d/da/Jagannath_University1.jpg/500px-Jagannath_University1.jpg?utm_source=en.wikipedia.org&utm_campaign=parser&utm_content=thumbnail"", ""https://thumb.wikimedia.org/wikipedia/commons/thumb/c/ce/Statue_at_JnU.jpg/330px-Statue_at_JnU.jpg?utm_source=en.wikipedia.org&utm_campaign=parser&utm_content=thumbnail""]","[{""title"": ""জগন্নাথ বিশ্ববিদ্যালয় ভর্তি তথ্য (Admission)"", ""url"": ""https://jnu.ac.bd/admission"", ""type"": ""admission""}, {""title"": ""জগন্নাথ বিশ্ববিদ্যালয় পরিচিতি ও ইতিহাস (About)"", ""url"": ""https://jnu.ac.bd/about"", ""type"": ""about""}, {""title"": ""জগন্নাথ বিশ্ববিদ্যালয় নোটিশ বোর্ড (Notice Board)"", ""url"": ""https://jnu.ac.bd/notices"", ""type"": ""notices""}, {""title"": ""জগন্নাথ বিশ্ববিদ্যালয় যোগাযোগ (Contact)"", ""url"": ""https://jnu.ac.bd/contact"", ""type"": ""contact""}]"
uni_crawler_8,কুমিল্লা বিশ্ববিদ্যালয়,Comilla University,কুবি (CoU),Universities,,no_issue_detected,https://cou.ac.bd,"২০০৬ সালে প্রতিষ্ঠিত, কুমিল্লা শহরের রোড ১ নম্বরে অবস্থিত, বিজ্ঞান ও মানবিক শাখায় সমন্বিত।",23.4241,91.1378,https://upload.wikimedia.org/wikipedia/en/6/65/Logo_of_Comilla_University.png?utm_source=en.wikipedia.org&utm_campaign=api&utm_content=thumbnail_unscaled,https://upload.wikimedia.org/wikipedia/en/6/65/Logo_of_Comilla_University.png?utm_source=en.wikipedia.org&utm_campaign=parser&utm_content=thumbnail_unscaled,https://thumb.wikimedia.org/wikipedia/commons/thumb/5/52/Comilla_University_campus_building.jpg/1280px-Comilla_University_campus_building.jpg?utm_source=en.wikipedia.org&utm_campaign=parser&utm_content=thumbnail,,,"[""https://upload.wikimedia.org/wikipedia/en/6/65/Logo_of_Comilla_University.png?utm_source=en.wikipedia.org&utm_campaign=api&utm_content=thumbnail_unscaled"", ""https://upload.wikimedia.org/wikipedia/en/6/65/Logo_of_Comilla_University.png?utm_source=en.wikipedia.org&utm_campaign=parser&utm_content=thumbnail_unscaled"", ""https://thumb.wikimedia.org/wikipedia/commons/thumb/5/52/Comilla_University_campus_building.jpg/1280px-Comilla_University_campus_building.jpg?utm_source=en.wikipedia.org&utm_campaign=parser&utm_content=thumbnail""]","[{""title"": ""কুমিল্লা বিশ্ববিদ্যালয় ভর্তি তথ্য (Admission)"", ""url"": ""https://cou.ac.bd/admission"", ""type"": ""admission""}, {""title"": ""কুমিল্লা বিশ্ববিদ্যালয় পরিচিতি ও ইতিহাস (About)"", ""url"": ""https://cou.ac.bd/about"", ""type"": ""about""}, {""title"": ""কুমিল্লা বিশ্ববিদ্যালয় নোটিশ বোর্ড (Notice Board)"", ""url"": ""https://cou.ac.bd/notices"", ""type"": ""notices""}, {""title"": ""কুমিল্লা বিশ্ববিদ্যালয় যোগাযোগ (Contact)"", ""url"": ""https://cou.ac.bd/contact"", ""type"": ""contact""}]"
uni_crawler_9,জাতীয় কবি কাজী নজরুল ইসলাম বিশ্ববিদ্যালয়,Jatiya Kabi Kazi Nazrul Islam University,জেকেকেএনআইইউ (JKKNIU),Universities,,no_issue_detected,https://jkkniu.edu.bd,"২০০৫ সালে প্রতিষ্ঠিত, নড়াইলের নওগাঁতে অবস্থিত, শিল্প ও মানবিক গবেষণায় কেন্দ্রিক।",24.5828,90.3804,https://upload.wikimedia.org/wikipedia/en/7/7d/Jatiya_Kabi_Kazi_Nazrul_Islam_University_Logo.png?utm_source=en.wikipedia.org&utm_campaign=api&utm_content=thumbnail_unscaled,https://upload.wikimedia.org/wikipedia/en/7/7d/Jatiya_Kabi_Kazi_Nazrul_Islam_University_Logo.png?utm_source=en.wikipedia.org&utm_campaign=parser&utm_content=thumbnail_unscaled,https://thumb.wikimedia.org/wikipedia/commons/thumb/a/a7/JKKNIU_Top_View.jpg/1280px-JKKNIU_Top_View.jpg?utm_source=en.wikipedia.org&utm_campaign=parser&utm_content=thumbnail,https://thumb.wikimedia.org/wikipedia/commons/thumb/f/f5/Science_Building_JKKNIU.jpg/1280px-Science_Building_JKKNIU.jpg?utm_source=en.wikipedia.org&utm_campaign=parser&utm_content=thumbnail,https://thumb.wikimedia.org/wikipedia/commons/thumb/2/23/Arts_Building.jpg/500px-Arts_Building.jpg?utm_source=en.wikipedia.org&utm_campaign=parser&utm_content=thumbnail,"[""https://upload.wikimedia.org/wikipedia/en/7/7d/Jatiya_Kabi_Kazi_Nazrul_Islam_University_Logo.png?utm_source=en.wikipedia.org&utm_campaign=api&utm_content=thumbnail_unscaled"", ""https://upload.wikimedia.org/wikipedia/en/7/7d/Jatiya_Kabi_Kazi_Nazrul_Islam_University_Logo.png?utm_source=en.wikipedia.org&utm_campaign=parser&utm_content=thumbnail_unscaled"", ""https://thumb.wikimedia.org/wikipedia/commons/thumb/a/a7/JKKNIU_Top_View.jpg/1280px-JKKNIU_Top_View.jpg?utm_source=en.wikipedia.org&utm_campaign=parser&utm_content=thumbnail"", ""https://thumb.wikimedia.org/wikipedia/commons/thumb/f/f5/Science_Building_JKKNIU.jpg/1280px-Science_Building_JKKNIU.jpg?utm_source=en.wikipedia.org&utm_campaign=parser&utm_content=thumbnail"", ""https://thumb.wikimedia.org/wikipedia/commons/thumb/2/23/Arts_Building.jpg/500px-Arts_Building.jpg?utm_source=en.wikipedia.org&utm_campaign=parser&utm_content=thumbnail""]","[{""title"": ""জাতীয় কবি কাজী নজরুল ইসলাম বিশ্ববিদ্যালয় ভর্তি তথ্য (Admission)"", ""url"": ""https://jkkniu.edu.bd/admission"", ""type"": ""admission""}, {""title"": ""জাতীয় কবি কাজী নজরুল ইসলাম বিশ্ববিদ্যালয় পরিচিতি ও ইতিহাস (About)"", ""url"": ""https://jkkniu.edu.bd/about"", ""type"": ""about""}, {""title"": ""জাতীয় কবি কাজী নজরুল ইসলাম বিশ্ববিদ্যালয় নোটিশ বোর্ড (Notice Board)"", ""url"": ""https://jkkniu.edu.bd/notices"", ""type"": ""notices""}, {""title"": ""জাতীয় কবি কাজী নজরুল ইসলাম বিশ্ববিদ্যালয় যোগাযোগ (Contact)"", ""url"": ""https://jkkniu.edu.bd/contact"", ""type"": ""contact""}]"
uni_crawler_10,বাংলাদেশ ইউনিভার্সিটি অব প্রফেশনালস,Bangladesh University of Professionals,বিইউপি (BUP),Universities,,no_issue_detected,https://bup.edu.bd,"২০০৮ সালে প্রতিষ্ঠিত, ঢাকা শহরের গুলশান রোডে অবস্থিত, সামরিক ও পেশাগত প্রশিক্ষণে বিশেষজ্ঞ।",23.8402,90.3571,https://thumb.wikimedia.org/wikipedia/en/thumb/9/95/Bangladesh_University_of_Professionals_%28BUP%29_Logo.svg/330px-Bangladesh_University_of_Professionals_%28BUP%29_Logo.svg.png?utm_source=en.wikipedia.org&utm_campaign=api&utm_content=thumbnail,https://thumb.wikimedia.org/wikipedia/en/thumb/9/95/Bangladesh_University_of_Professionals_%28BUP%29_Logo.svg/330px-Bangladesh_University_of_Professionals_%28BUP%29_Logo.svg.png?utm_source=en.wikipedia.org&utm_campaign=parser&utm_content=thumbnail,https://thumb.wikimedia.org/wikipedia/commons/thumb/a/a0/BUP_Stuff_Badge%2C_Bangladesh_Army.svg/330px-BUP_Stuff_Badge%2C_Bangladesh_Army.svg.png?utm_source=en.wikipedia.org&utm_campaign=parser&utm_content=thumbnail,https://thumb.wikimedia.org/wikipedia/commons/thumb/b/b9/BUP_Front.jpg/1280px-BUP_Front.jpg?utm_source=en.wikipedia.org&utm_campaign=parser&utm_content=thumbnail,https://thumb.wikimedia.org/wikipedia/commons/thumb/5/5d/BUP_Campus_Back.jpg/1280px-BUP_Campus_Back.jpg?utm_source=en.wikipedia.org&utm_campaign=parser&utm_content=thumbnail,"[""https://thumb.wikimedia.org/wikipedia/en/thumb/9/95/Bangladesh_University_of_Professionals_%28BUP%29_Logo.svg/330px-Bangladesh_University_of_Professionals_%28BUP%29_Logo.svg.png?utm_source=en.wikipedia.org&utm_campaign=api&utm_content=thumbnail"", ""https://thumb.wikimedia.org/wikipedia/en/thumb/9/95/Bangladesh_University_of_Professionals_%28BUP%29_Logo.svg/330px-Bangladesh_University_of_Professionals_%28BUP%29_Logo.svg.png?utm_source=en.wikipedia.org&utm_campaign=parser&utm_content=thumbnail"", ""https://thumb.wikimedia.org/wikipedia/commons/thumb/a/a0/BUP_Stuff_Badge%2C_Bangladesh_Army.svg/330px-BUP_Stuff_Badge%2C_Bangladesh_Army.svg.png?utm_source=en.wikipedia.org&utm_campaign=parser&utm_content=thumbnail"", ""https://thumb.wikimedia.org/wikipedia/commons/thumb/b/b9/BUP_Front.jpg/1280px-BUP_Front.jpg?utm_source=en.wikipedia.org&utm_campaign=parser&utm_content=thumbnail"", ""https://thumb.wikimedia.org/wikipedia/commons/thumb/5/5d/BUP_Campus_Back.jpg/1280px-BUP_Campus_Back.jpg?utm_source=en.wikipedia.org&utm_campaign=parser&utm_content=thumbnail""]","[{""title"": ""বাংলাদেশ ইউনিভার্সিটি অব প্রফেশনালস ভর্তি তথ্য (Admission)"", ""url"": ""https://bup.edu.bd/admission"", ""type"": ""admission""}, {""title"": ""বাংলাদেশ ইউনিভার্সিটি অব প্রফেশনালস পরিচিতি ও ইতিহাস (About)"", ""url"": ""https://bup.edu.bd/about"", ""type"": ""about""}, {""title"": ""বাংলাদেশ ইউনিভার্সিটি অব প্রফেশনালস নোটিশ বোর্ড (Notice Board)"", ""url"": ""https://bup.edu.bd/notices"", ""type"": ""notices""}, {""title"": ""বাংলাদেশ ইউনিভার্সিটি অব প্রফেশনালস যোগাযোগ (Contact)"", ""url"": ""https://bup.edu.bd/contact"", ""type"": ""contact""}]"
uni_crawler_11,বেগম রোকেয়া বিশ্ববিদ্যালয়,Begum Rokeya University,বিআরইউআর (BRUR),Universities,,no_issue_detected,https://brur.ac.bd,রংপুরে অবস্থিত বেগম রোকেয়া বিশ্ববিদ্যালয় ২০০৮ সালে প্রতিষ্ঠিত; নারীর ক্ষমতায়ন ও সমাজবিজ্ঞান‑মানবিক শাখায় বিশেষত্বপূর্ণ।,25.7222,89.2605,https://thumb.wikimedia.org/wikipedia/commons/thumb/5/5f/BRUR_Logo.svg/330px-BRUR_Logo.svg.png?utm_source=en.wikipedia.org&utm_campaign=api&utm_content=thumbnail,https://thumb.wikimedia.org/wikipedia/commons/thumb/5/5f/BRUR_Logo.svg/500px-BRUR_Logo.svg.png?utm_source=en.wikipedia.org&utm_campaign=parser&utm_content=thumbnail,https://thumb.wikimedia.org/wikipedia/commons/thumb/0/04/Bird%27s-eye_view_of_BRUR.jpg/500px-Bird%27s-eye_view_of_BRUR.jpg?utm_source=en.wikipedia.org&utm_campaign=parser&utm_content=thumbnail,https://thumb.wikimedia.org/wikipedia/commons/thumb/4/45/Campus_Rear_Of_Begum_Rokeya_University%2C_Rangpur.jpg/500px-Campus_Rear_Of_Begum_Rokeya_University%2C_Rangpur.jpg?utm_source=en.wikipedia.org&utm_campaign=parser&utm_content=thumbnail,https://thumb.wikimedia.org/wikipedia/commons/thumb/9/94/Campus_of_Begum_Rokeya_University%2C_Rangpur.jpg/330px-Campus_of_Begum_Rokeya_University%2C_Rangpur.jpg?utm_source=en.wikipedia.org&utm_campaign=parser&utm_content=thumbnail,"[""https://thumb.wikimedia.org/wikipedia/commons/thumb/5/5f/BRUR_Logo.svg/330px-BRUR_Logo.svg.png?utm_source=en.wikipedia.org&utm_campaign=api&utm_content=thumbnail"", ""https://thumb.wikimedia.org/wikipedia/commons/thumb/5/5f/BRUR_Logo.svg/500px-BRUR_Logo.svg.png?utm_source=en.wikipedia.org&utm_campaign=parser&utm_content=thumbnail"", ""https://thumb.wikimedia.org/wikipedia/commons/thumb/0/04/Bird%27s-eye_view_of_BRUR.jpg/500px-Bird%27s-eye_view_of_BRUR.jpg?utm_source=en.wikipedia.org&utm_campaign=parser&utm_content=thumbnail"", ""https://thumb.wikimedia.org/wikipedia/commons/thumb/4/45/Campus_Rear_Of_Begum_Rokeya_University%2C_Rangpur.jpg/500px-Campus_Rear_Of_Begum_Rokeya_University%2C_Rangpur.jpg?utm_source=en.wikipedia.org&utm_campaign=parser&utm_content=thumbnail"", ""https://thumb.wikimedia.org/wikipedia/commons/thumb/9/94/Campus_of_Begum_Rokeya_University%2C_Rangpur.jpg/330px-Campus_of_Begum_Rokeya_University%2C_Rangpur.jpg?utm_source=en.wikipedia.org&utm_campaign=parser&utm_content=thumbnail""]","[{""title"": ""বেগম রোকেয়া বিশ্ববিদ্যালয় ভর্তি তথ্য (Admission)"", ""url"": ""https://brur.ac.bd/admission"", ""type"": ""admission""}, {""title"": ""বেগম রোকেয়া বিশ্ববিদ্যালয় পরিচিতি ও ইতিহাস (About)"", ""url"": ""https://brur.ac.bd/about"", ""type"": ""about""}, {""title"": ""বেগম রোকেয়া বিশ্ববিদ্যালয় নোটিশ বোর্ড (Notice Board)"", ""url"": ""https://brur.ac.bd/notices"", ""type"": ""notices""}, {""title"": ""বেগম রোকেয়া বিশ্ববিদ্যালয় যোগাযোগ (Contact)"", ""url"": ""https://brur.ac.bd/contact"", ""type"": ""contact""}]"
uni_crawler_12,বরিশাল বিশ্ববিদ্যালয়,University of Barisal,বিইউ (BU),Universities,,no_issue_detected,https://bu.ac.bd,বরিশাল শহরে অবস্থিত বরিশাল বিশ্ববিদ্যালয় ২০১১ সালে গৃহীত; মৎস্য ও সমুদ্রবিজ্ঞানসহ জীববিজ্ঞান ক্ষেত্রে উৎকৃষ্ট।,22.6586,90.3582,https://thumb.wikimedia.org/wikipedia/en/thumb/3/3e/Barishal_University_logo.svg/330px-Barishal_University_logo.svg.png?utm_source=en.wikipedia.org&utm_campaign=api&utm_content=thumbnail,https://thumb.wikimedia.org/wikipedia/en/thumb/3/3e/Barishal_University_logo.svg/500px-Barishal_University_logo.svg.png?utm_source=en.wikipedia.org&utm_campaign=parser&utm_content=thumbnail,https://thumb.wikimedia.org/wikipedia/commons/thumb/4/4d/Barishal_University_Campus%2C_Bangladesh.jpg/1280px-Barishal_University_Campus%2C_Bangladesh.jpg?utm_source=en.wikipedia.org&utm_campaign=parser&utm_content=thumbnail,https://thumb.wikimedia.org/wikipedia/commons/thumb/7/7e/Barishal_University_Campus_Front.jpg/1280px-Barishal_University_Campus_Front.jpg?utm_source=en.wikipedia.org&utm_campaign=parser&utm_content=thumbnail,https://thumb.wikimedia.org/wikipedia/commons/thumb/3/32/Barisal_University_Campus.jpg/1280px-Barisal_University_Campus.jpg?utm_source=en.wikipedia.org&utm_campaign=parser&utm_content=thumbnail,"[""https://thumb.wikimedia.org/wikipedia/en/thumb/3/3e/Barishal_University_logo.svg/330px-Barishal_University_logo.svg.png?utm_source=en.wikipedia.org&utm_campaign=api&utm_content=thumbnail"", ""https://thumb.wikimedia.org/wikipedia/en/thumb/3/3e/Barishal_University_logo.svg/500px-Barishal_University_logo.svg.png?utm_source=en.wikipedia.org&utm_campaign=parser&utm_content=thumbnail"", ""https://thumb.wikimedia.org/wikipedia/commons/thumb/4/4d/Barishal_University_Campus%2C_Bangladesh.jpg/1280px-Barishal_University_Campus%2C_Bangladesh.jpg?utm_source=en.wikipedia.org&utm_campaign=parser&utm_content=thumbnail"", ""https://thumb.wikimedia.org/wikipedia/commons/thumb/7/7e/Barishal_University_Campus_Front.jpg/1280px-Barishal_University_Campus_Front.jpg?utm_source=en.wikipedia.org&utm_campaign=parser&utm_content=thumbnail"", ""https://thumb.wikimedia.org/wikipedia/commons/thumb/3/32/Barisal_University_Campus.jpg/1280px-Barisal_University_Campus.jpg?utm_source=en.wikipedia.org&utm_campaign=parser&utm_content=thumbnail""]","[{""title"": ""বরিশাল বিশ্ববিদ্যালয় ভর্তি তথ্য (Admission)"", ""url"": ""https://bu.ac.bd/admission"", ""type"": ""admission""}, {""title"": ""বরিশাল বিশ্ববিদ্যালয় পরিচিতি ও ইতিহাস (About)"", ""url"": ""https://bu.ac.bd/about"", ""type"": ""about""}, {""title"": ""বরিশাল বিশ্ববিদ্যালয় নোটিশ বোর্ড (Notice Board)"", ""url"": ""https://bu.ac.bd/notices"", ""type"": ""notices""}, {""title"": ""বরিশাল বিশ্ববিদ্যালয় যোগাযোগ (Contact)"", ""url"": ""https://bu.ac.bd/contact"", ""type"": ""contact""}]"
uni_crawler_13,"রবীন্দ্র বিশ্ববিদ্যালয়, বাংলাদেশ","Rabindra University, Bangladesh",আরইউবি (RUB),Universities,,no_issue_detected,https://rub.ac.bd,সিরাজগঞ্জে অবস্থিত রবীন্দ্র বিশ্ববিদ্যালয় ২০১৭ সালে প্রতিষ্ঠিত; বাংলা সাহিত্য ও মানবিক গবেষণায় কেন্দ্রীভূত।,24.1833,89.65,https://thumb.wikimedia.org/wikipedia/commons/thumb/7/77/Rabindra_University_Logo.svg/330px-Rabindra_University_Logo.svg.png?utm_source=en.wikipedia.org&utm_campaign=api&utm_content=thumbnail,https://thumb.wikimedia.org/wikipedia/commons/thumb/7/77/Rabindra_University_Logo.svg/500px-Rabindra_University_Logo.svg.png?utm_source=en.wikipedia.org&utm_campaign=parser&utm_content=thumbnail,,,,"[""https://thumb.wikimedia.org/wikipedia/commons/thumb/7/77/Rabindra_University_Logo.svg/330px-Rabindra_University_Logo.svg.png?utm_source=en.wikipedia.org&utm_campaign=api&utm_content=thumbnail"", ""https://thumb.wikimedia.org/wikipedia/commons/thumb/7/77/Rabindra_University_Logo.svg/500px-Rabindra_University_Logo.svg.png?utm_source=en.wikipedia.org&utm_campaign=parser&utm_content=thumbnail""]","[{""title"": ""রবীন্দ্র বিশ্ববিদ্যালয়, বাংলাদেশ ভর্তি তথ্য (Admission)"", ""url"": ""https://rub.ac.bd/admission"", ""type"": ""admission""}, {""title"": ""রবীন্দ্র বিশ্ববিদ্যালয়, বাংলাদেশ পরিচিতি ও ইতিহাস (About)"", ""url"": ""https://rub.ac.bd/about"", ""type"": ""about""}, {""title"": ""রবীন্দ্র বিশ্ববিদ্যালয়, বাংলাদেশ নোটিশ বোর্ড (Notice Board)"", ""url"": ""https://rub.ac.bd/notices"", ""type"": ""notices""}, {""title"": ""রবীন্দ্র বিশ্ববিদ্যালয়, বাংলাদেশ যোগাযোগ (Contact)"", ""url"": ""https://rub.ac.bd/contact"", ""type"": ""contact""}]"
uni_crawler_14,নেত্রকোনা বিশ্ববিদ্যালয়,Netrokona University,এনকেইউ (NkU),Universities,,no_issue_detected,https://www.nku.edu.bd,নেত্রকোনায় অবস্থিত নেত্রকোনা বিশ্ববিদ্যালয় ২০২২ সালে গৃহীত; কৃষি ও সামাজিক বিজ্ঞান ক্ষেত্রে বিশেষায়িত।,23.75,90.38,https://upload.wikimedia.org/wikipedia/en/e/e0/Netrokona_University_logo.png?utm_source=en.wikipedia.org&utm_campaign=api&utm_content=thumbnail_unscaled,https://upload.wikimedia.org/wikipedia/en/e/e0/Netrokona_University_logo.png?utm_source=en.wikipedia.org&utm_campaign=parser&utm_content=thumbnail_unscaled,,,,"[""https://upload.wikimedia.org/wikipedia/en/e/e0/Netrokona_University_logo.png?utm_source=en.wikipedia.org&utm_campaign=api&utm_content=thumbnail_unscaled"", ""https://upload.wikimedia.org/wikipedia/en/e/e0/Netrokona_University_logo.png?utm_source=en.wikipedia.org&utm_campaign=parser&utm_content=thumbnail_unscaled""]","[{""title"": ""নেত্রকোনা বিশ্ববিদ্যালয় ভর্তি তথ্য (Admission)"", ""url"": ""https://www.nku.edu.bd/admission"", ""type"": ""admission""}, {""title"": ""নেত্রকোনা বিশ্ববিদ্যালয় পরিচিতি ও ইতিহাস (About)"", ""url"": ""https://www.nku.edu.bd/about"", ""type"": ""about""}, {""title"": ""নেত্রকোনা বিশ্ববিদ্যালয় নোটিশ বোর্ড (Notice Board)"", ""url"": ""https://www.nku.edu.bd/notices"", ""type"": ""notices""}, {""title"": ""নেত্রকোনা বিশ্ববিদ্যালয় যোগাযোগ (Contact)"", ""url"": ""https://www.nku.edu.bd/contact"", ""type"": ""contact""}]"
uni_crawler_15,কিশোরগঞ্জ বিশ্ববিদ্যালয়,Kishoreganj University,কেজিইউ (KgU),Universities,,no_issue_detected,https://www.kgu.edu.bd,কিশোরগঞ্জে অবস্থিত কিশোরগঞ্জ বিশ্ববিদ্যালয় ২০২২ সালে প্রতিষ্ঠিত; ব্যবসা ও কৃষি শাখায় শক্তিশালী শিক্ষা প্রদান করে।,23.75,90.38,https://upload.wikimedia.org/wikipedia/commons/thumb/c/cb/Dhaka_University_logo.svg/300px-Dhaka_University_logo.svg.png,,,,,"[""https://upload.wikimedia.org/wikipedia/commons/thumb/c/cb/Dhaka_University_logo.svg/300px-Dhaka_University_logo.svg.png""]","[{""title"": ""কিশোরগঞ্জ বিশ্ববিদ্যালয় ভর্তি তথ্য (Admission)"", ""url"": ""https://www.kgu.edu.bd/admission"", ""type"": ""admission""}, {""title"": ""কিশোরগঞ্জ বিশ্ববিদ্যালয় পরিচিতি ও ইতিহাস (About)"", ""url"": ""https://www.kgu.edu.bd/about"", ""type"": ""about""}, {""title"": ""কিশোরগঞ্জ বিশ্ববিদ্যালয় নোটিশ বোর্ড (Notice Board)"", ""url"": ""https://www.kgu.edu.bd/notices"", ""type"": ""notices""}, {""title"": ""কিশোরগঞ্জ বিশ্ববিদ্যালয় যোগাযোগ (Contact)"", ""url"": ""https://www.kgu.edu.bd/contact"", ""type"": ""contact""}]"
uni_crawler_16,মেহেরপুর বিশ্ববিদ্যালয়,Meherpur University,এমইউ (MU),Universities,,no_issue_detected,https://www.mu.edu.bd,মেহেরপুরে অবস্থিত মেহেরপুর বিশ্ববিদ্যালয় ২০২২ সালে গৃহীত; আইন ও সমাজবিজ্ঞান ক্ষেত্রে বিশেষজ্ঞ।,23.75,90.38,https://upload.wikimedia.org/wikipedia/commons/thumb/c/cb/Dhaka_University_logo.svg/300px-Dhaka_University_logo.svg.png,,,,,"[""https://upload.wikimedia.org/wikipedia/commons/thumb/c/cb/Dhaka_University_logo.svg/300px-Dhaka_University_logo.svg.png""]","[{""title"": ""মেহেরপুর বিশ্ববিদ্যালয় ভর্তি তথ্য (Admission)"", ""url"": ""https://www.mu.edu.bd/admission"", ""type"": ""admission""}, {""title"": ""মেহেরপুর বিশ্ববিদ্যালয় পরিচিতি ও ইতিহাস (About)"", ""url"": ""https://www.mu.edu.bd/about"", ""type"": ""about""}, {""title"": ""মেহেরপুর বিশ্ববিদ্যালয় নোটিশ বোর্ড (Notice Board)"", ""url"": ""https://www.mu.edu.bd/notices"", ""type"": ""notices""}, {""title"": ""মেহেরপুর বিশ্ববিদ্যালয় যোগাযোগ (Contact)"", ""url"": ""https://www.mu.edu.bd/contact"", ""type"": ""contact""}]"
uni_crawler_17,বগুড়া বিশ্ববিদ্যালয়,University of Bogura,ইউবি (UB),Universities,,no_issue_detected,https://www.ub.edu.bd,বগুড়ায় অবস্থিত বগুড়া বিশ্ববিদ্যালয় ২০২২ সালে প্রতিষ্ঠিত; প্রকৌশল ও প্রযুক্তি শিক্ষায় অগ্রণী।,23.75,90.38,https://upload.wikimedia.org/wikipedia/commons/thumb/c/cb/Dhaka_University_logo.svg/300px-Dhaka_University_logo.svg.png,,,,,"[""https://upload.wikimedia.org/wikipedia/commons/thumb/c/cb/Dhaka_University_logo.svg/300px-Dhaka_University_logo.svg.png""]","[{""title"": ""বগুড়া বিশ্ববিদ্যালয় ভর্তি তথ্য (Admission)"", ""url"": ""https://www.ub.edu.bd/admission"", ""type"": ""admission""}, {""title"": ""বগুড়া বিশ্ববিদ্যালয় পরিচিতি ও ইতিহাস (About)"", ""url"": ""https://www.ub.edu.bd/about"", ""type"": ""about""}, {""title"": ""বগুড়া বিশ্ববিদ্যালয় নোটিশ বোর্ড (Notice Board)"", ""url"": ""https://www.ub.edu.bd/notices"", ""type"": ""notices""}, {""title"": ""বগুড়া বিশ্ববিদ্যালয় যোগাযোগ (Contact)"", ""url"": ""https://www.ub.edu.bd/contact"", ""type"": ""contact""}]"
uni_crawler_18,ঠাকুরগাঁও বিশ্ববিদ্যালয়,Thakurgaon University,টিইউ (TU),Universities,,no_issue_detected,https://www.tu.edu.bd,ঠাকুরগাঁয়ে অবস্থিত ঠাকুরগাঁও বিশ্ববিদ্যালয় ২০২২ সালে গৃহীত; কৃষি ও পরিবেশ বিজ্ঞান ক্ষেত্রে বিশেষত্বপূর্ণ।,23.75,90.38,https://thumb.wikimedia.org/wikipedia/commons/thumb/9/98/University_of_Thakurgaon.jpg/330px-University_of_Thakurgaon.jpg?utm_source=en.wikipedia.org&utm_campaign=api&utm_content=thumbnail,https://thumb.wikimedia.org/wikipedia/commons/thumb/9/98/University_of_Thakurgaon.jpg/1280px-University_of_Thakurgaon.jpg?utm_source=en.wikipedia.org&utm_campaign=parser&utm_content=thumbnail,,,,"[""https://thumb.wikimedia.org/wikipedia/commons/thumb/9/98/University_of_Thakurgaon.jpg/330px-University_of_Thakurgaon.jpg?utm_source=en.wikipedia.org&utm_campaign=api&utm_content=thumbnail"", ""https://thumb.wikimedia.org/wikipedia/commons/thumb/9/98/University_of_Thakurgaon.jpg/1280px-University_of_Thakurgaon.jpg?utm_source=en.wikipedia.org&utm_campaign=parser&utm_content=thumbnail""]","[{""title"": ""ঠাকুরগাঁও বিশ্ববিদ্যালয় ভর্তি তথ্য (Admission)"", ""url"": ""https://www.tu.edu.bd/admission"", ""type"": ""admission""}, {""title"": ""ঠাকুরগাঁও বিশ্ববিদ্যালয় পরিচিতি ও ইতিহাস (About)"", ""url"": ""https://www.tu.edu.bd/about"", ""type"": ""about""}, {""title"": ""ঠাকুরগাঁও বিশ্ববিদ্যালয় নোটিশ বোর্ড (Notice Board)"", ""url"": ""https://www.tu.edu.bd/notices"", ""type"": ""notices""}, {""title"": ""ঠাকুরগাঁও বিশ্ববিদ্যালয় যোগাযোগ (Contact)"", ""url"": ""https://www.tu.edu.bd/contact"", ""type"": ""contact""}]"
uni_crawler_19,নওগাঁ বিশ্ববিদ্যালয়,Naogaon University,এনএইউ (NaU),Universities,,no_issue_detected,https://www.nau.edu.bd,নওগাঁতে অবস্থিত নওগাঁ বিশ্ববিদ্যালয় ২০২২ সালে প্রতিষ্ঠিত; কৃষি ও গ্রামীণ উন্নয়ন গবেষণায় মনোনিবেশিত।,23.75,90.38,https://thumb.wikimedia.org/wikipedia/commons/thumb/a/a8/Naogaon_University_logo.png/330px-Naogaon_University_logo.png?utm_source=en.wikipedia.org&utm_campaign=api&utm_content=thumbnail,https://thumb.wikimedia.org/wikipedia/commons/thumb/a/a8/Naogaon_University_logo.png/330px-Naogaon_University_logo.png?utm_source=en.wikipedia.org&utm_campaign=parser&utm_content=thumbnail,https://thumb.wikimedia.org/wikipedia/commons/thumb/8/81/University_Monogram.jpg/960px-University_Monogram.jpg?utm_source=en.wikipedia.org&utm_campaign=parser&utm_content=thumbnail,https://thumb.wikimedia.org/wikipedia/commons/thumb/3/30/University_Academic_Building.jpg/1280px-University_Academic_Building.jpg?utm_source=en.wikipedia.org&utm_campaign=parser&utm_content=thumbnail,https://thumb.wikimedia.org/wikipedia/commons/thumb/4/4e/Naogaon_University_Academic_Calendar_-_2026.jpg/1280px-Naogaon_University_Academic_Calendar_-_2026.jpg?utm_source=en.wikipedia.org&utm_campaign=parser&utm_content=thumbnail,"[""https://thumb.wikimedia.org/wikipedia/commons/thumb/a/a8/Naogaon_University_logo.png/330px-Naogaon_University_logo.png?utm_source=en.wikipedia.org&utm_campaign=api&utm_content=thumbnail"", ""https://thumb.wikimedia.org/wikipedia/commons/thumb/a/a8/Naogaon_University_logo.png/330px-Naogaon_University_logo.png?utm_source=en.wikipedia.org&utm_campaign=parser&utm_content=thumbnail"", ""https://thumb.wikimedia.org/wikipedia/commons/thumb/8/81/University_Monogram.jpg/960px-University_Monogram.jpg?utm_source=en.wikipedia.org&utm_campaign=parser&utm_content=thumbnail"", ""https://thumb.wikimedia.org/wikipedia/commons/thumb/3/30/University_Academic_Building.jpg/1280px-University_Academic_Building.jpg?utm_source=en.wikipedia.org&utm_campaign=parser&utm_content=thumbnail"", ""https://thumb.wikimedia.org/wikipedia/commons/thumb/4/4e/Naogaon_University_Academic_Calendar_-_2026.jpg/1280px-Naogaon_University_Academic_Calendar_-_2026.jpg?utm_source=en.wikipedia.org&utm_campaign=parser&utm_content=thumbnail""]","[{""title"": ""নওগাঁ বিশ্ববিদ্যালয় ভর্তি তথ্য (Admission)"", ""url"": ""https://www.nau.edu.bd/admission"", ""type"": ""admission""}, {""title"": ""নওগাঁ বিশ্ববিদ্যালয় পরিচিতি ও ইতিহাস (About)"", ""url"": ""https://www.nau.edu.bd/about"", ""type"": ""about""}, {""title"": ""নওগাঁ বিশ্ববিদ্যালয় নোটিশ বোর্ড (Notice Board)"", ""url"": ""https://www.nau.edu.bd/notices"", ""type"": ""notices""}, {""title"": ""নওগাঁ বিশ্ববিদ্যালয় যোগাযোগ (Contact)"", ""url"": ""https://www.nau.edu.bd/contact"", ""type"": ""contact""}]"
uni_crawler_20,শাহজালাল বিজ্ঞান ও প্রযুক্তি বিশ্ববিদ্যালয়,Shahjalal University of Science and Technology,শাবিপ্রবি (SUST),Universities,,no_issue_detected,https://www.sust.edu,"সিলেটের শ্রীমঙ্গল ক্যাম্পাসে অবস্থিত শাহজালাল বিজ্ঞান ও প্রযুক্তি বিশ্ববিদ্যালয় ১৯৮৬ সালে গৃহীত; বিজ্ঞান, প্রকৌশল ও প্রযুক্তি শিক্ষার শীর্ষস্থানীয় প্রতিষ্ঠান।",24.9172,91.8319,https://upload.wikimedia.org/wikipedia/en/d/d9/Shahjalal_University_of_Science_and_Technology_logo.png?utm_source=en.wikipedia.org&utm_campaign=api&utm_content=thumbnail_unscaled,https://upload.wikimedia.org/wikipedia/en/d/d9/Shahjalal_University_of_Science_and_Technology_logo.png?utm_source=en.wikipedia.org&utm_campaign=parser&utm_content=thumbnail_unscaled,https://thumb.wikimedia.org/wikipedia/commons/thumb/0/0e/SUST_B_Building.jpg/500px-SUST_B_Building.jpg?utm_source=en.wikipedia.org&utm_campaign=parser&utm_content=thumbnail,https://thumb.wikimedia.org/wikipedia/commons/thumb/c/c1/SUST_1_km_entrance_way.jpg/500px-SUST_1_km_entrance_way.jpg?utm_source=en.wikipedia.org&utm_campaign=parser&utm_content=thumbnail,https://thumb.wikimedia.org/wikipedia/commons/thumb/b/bc/MOU_between_SUST_and_AIBS.jpg/1280px-MOU_between_SUST_and_AIBS.jpg?utm_source=en.wikipedia.org&utm_campaign=parser&utm_content=thumbnail,"[""https://upload.wikimedia.org/wikipedia/en/d/d9/Shahjalal_University_of_Science_and_Technology_logo.png?utm_source=en.wikipedia.org&utm_campaign=api&utm_content=thumbnail_unscaled"", ""https://upload.wikimedia.org/wikipedia/en/d/d9/Shahjalal_University_of_Science_and_Technology_logo.png?utm_source=en.wikipedia.org&utm_campaign=parser&utm_content=thumbnail_unscaled"", ""https://thumb.wikimedia.org/wikipedia/commons/thumb/0/0e/SUST_B_Building.jpg/500px-SUST_B_Building.jpg?utm_source=en.wikipedia.org&utm_campaign=parser&utm_content=thumbnail"", ""https://thumb.wikimedia.org/wikipedia/commons/thumb/c/c1/SUST_1_km_entrance_way.jpg/500px-SUST_1_km_entrance_way.jpg?utm_source=en.wikipedia.org&utm_campaign=parser&utm_content=thumbnail"", ""https://thumb.wikimedia.org/wikipedia/commons/thumb/b/bc/MOU_between_SUST_and_AIBS.jpg/1280px-MOU_between_SUST_and_AIBS.jpg?utm_source=en.wikipedia.org&utm_campaign=parser&utm_content=thumbnail""]","[{""title"": ""শাহজালাল বিজ্ঞান ও প্রযুক্তি বিশ্ববিদ্যালয় ভর্তি তথ্য (Admission)"", ""url"": ""https://www.sust.edu/admission"", ""type"": ""admission""}, {""title"": ""শাহজালাল বিজ্ঞান ও প্রযুক্তি বিশ্ববিদ্যালয় পরিচিতি ও ইতিহাস (About)"", ""url"": ""https://www.sust.edu/about"", ""type"": ""about""}, {""title"": ""শাহজালাল বিজ্ঞান ও প্রযুক্তি বিশ্ববিদ্যালয় নোটিশ বোর্ড (Notice Board)"", ""url"": ""https://www.sust.edu/notices"", ""type"": ""notices""}, {""title"": ""শাহজালাল বিজ্ঞান ও প্রযুক্তি বিশ্ববিদ্যালয় যোগাযোগ (Contact)"", ""url"": ""https://www.sust.edu/contact"", ""type"": ""contact""}]"
uni_crawler_21,হাজী মোহাম্মদ দানেশ বিজ্ঞান ও প্রযুক্তি বিশ্ববিদ্যালয়,Hajee Mohammad Danesh Science & Technology University,হাবিপ্রবি (HSTU),Universities,,no_issue_detected,https://www.hstu.edu.bd,হাজী মোহাম্মদ দানেশ বিজ্ঞান ও প্রযুক্তি বিশ্ববিদ্যালয় (Hajee Mohammad Danesh Science & Technology University) বাংলাদেশের একটি ইউজিসি অনুমোদিত উচ্চশিক্ষা প্রতিষ্ঠান।,23.75,90.38,https://upload.wikimedia.org/wikipedia/en/0/0c/HSTU_Logo.png?utm_source=en.wikipedia.org&utm_campaign=api&utm_content=thumbnail_unscaled,https://upload.wikimedia.org/wikipedia/en/0/0c/HSTU_Logo.png?utm_source=en.wikipedia.org&utm_campaign=parser&utm_content=thumbnail_unscaled,https://thumb.wikimedia.org/wikipedia/commons/thumb/3/30/An_aerial_view_of_Saheed_Minar_at_HSTU.jpg/1280px-An_aerial_view_of_Saheed_Minar_at_HSTU.jpg?utm_source=en.wikipedia.org&utm_campaign=parser&utm_content=thumbnail,https://thumb.wikimedia.org/wikipedia/commons/thumb/9/98/Dr._M_A_Wazed_Building_%28_side_view%29.jpg/1280px-Dr._M_A_Wazed_Building_%28_side_view%29.jpg?utm_source=en.wikipedia.org&utm_campaign=parser&utm_content=thumbnail,https://thumb.wikimedia.org/wikipedia/commons/thumb/6/64/Upper_View_Of_HSTU.jpg/1280px-Upper_View_Of_HSTU.jpg?utm_source=en.wikipedia.org&utm_campaign=parser&utm_content=thumbnail,"[""https://upload.wikimedia.org/wikipedia/en/0/0c/HSTU_Logo.png?utm_source=en.wikipedia.org&utm_campaign=api&utm_content=thumbnail_unscaled"", ""https://upload.wikimedia.org/wikipedia/en/0/0c/HSTU_Logo.png?utm_source=en.wikipedia.org&utm_campaign=parser&utm_content=thumbnail_unscaled"", ""https://thumb.wikimedia.org/wikipedia/commons/thumb/3/30/An_aerial_view_of_Saheed_Minar_at_HSTU.jpg/1280px-An_aerial_view_of_Saheed_Minar_at_HSTU.jpg?utm_source=en.wikipedia.org&utm_campaign=parser&utm_content=thumbnail"", ""https://thumb.wikimedia.org/wikipedia/commons/thumb/9/98/Dr._M_A_Wazed_Building_%28_side_view%29.jpg/1280px-Dr._M_A_Wazed_Building_%28_side_view%29.jpg?utm_source=en.wikipedia.org&utm_campaign=parser&utm_content=thumbnail"", ""https://thumb.wikimedia.org/wikipedia/commons/thumb/6/64/Upper_View_Of_HSTU.jpg/1280px-Upper_View_Of_HSTU.jpg?utm_source=en.wikipedia.org&utm_campaign=parser&utm_content=thumbnail""]","[{""title"": ""হাজী মোহাম্মদ দানেশ বিজ্ঞান ও প্রযুক্তি বিশ্ববিদ্যালয় ভর্তি তথ্য (Admission)"", ""url"": ""https://www.hstu.edu.bd/admission"", ""type"": ""admission""}, {""title"": ""হাজী মোহাম্মদ দানেশ বিজ্ঞান ও প্রযুক্তি বিশ্ববিদ্যালয় পরিচিতি ও ইতিহাস (About)"", ""url"": ""https://www.hstu.edu.bd/about"", ""type"": ""about""}, {""title"": ""হাজী মোহাম্মদ দানেশ বিজ্ঞান ও প্রযুক্তি বিশ্ববিদ্যালয় নোটিশ বোর্ড (Notice Board)"", ""url"": ""https://www.hstu.edu.bd/notices"", ""type"": ""notices""}, {""title"": ""হাজী মোহাম্মদ দানেশ বিজ্ঞান ও প্রযুক্তি বিশ্ববিদ্যালয় যোগাযোগ (Contact)"", ""url"": ""https://www.hstu.edu.bd/contact"", ""type"": ""contact""}]"
uni_crawler_22,মাওলানা ভাসানী বিজ্ঞান ও প্রযুক্তি বিশ্ববিদ্যালয়,Mawlana Bhashani Science and Technology University,মাভাবিপ্রবি (MBSTU),Universities,,no_issue_detected,https://mbstu.ac.bd,মাওলানা ভাসানী বিজ্ঞান ও প্রযুক্তি বিশ্ববিদ্যালয় (Mawlana Bhashani Science and Technology University) বাংলাদেশের একটি ইউজিসি অনুমোদিত উচ্চশিক্ষা প্রতিষ্ঠান।,24.2369,89.8913,https://thumb.wikimedia.org/wikipedia/commons/thumb/f/f5/Logo_Of_MBSTU.png/330px-Logo_Of_MBSTU.png?utm_source=en.wikipedia.org&utm_campaign=api&utm_content=thumbnail,https://thumb.wikimedia.org/wikipedia/commons/thumb/f/f5/Logo_Of_MBSTU.png/500px-Logo_Of_MBSTU.png?utm_source=en.wikipedia.org&utm_campaign=parser&utm_content=thumbnail,https://thumb.wikimedia.org/wikipedia/commons/thumb/6/6c/MBSTU_Main_Gate.jpg/500px-MBSTU_Main_Gate.jpg?utm_source=en.wikipedia.org&utm_campaign=parser&utm_content=thumbnail,https://thumb.wikimedia.org/wikipedia/commons/thumb/3/3e/Entrance_of_MBSTU_Sirajganj_Campus.jpg/1280px-Entrance_of_MBSTU_Sirajganj_Campus.jpg?utm_source=en.wikipedia.org&utm_campaign=parser&utm_content=thumbnail,https://thumb.wikimedia.org/wikipedia/commons/thumb/e/ec/Prottoy71.jpg/1280px-Prottoy71.jpg?utm_source=en.wikipedia.org&utm_campaign=parser&utm_content=thumbnail,"[""https://thumb.wikimedia.org/wikipedia/commons/thumb/f/f5/Logo_Of_MBSTU.png/330px-Logo_Of_MBSTU.png?utm_source=en.wikipedia.org&utm_campaign=api&utm_content=thumbnail"", ""https://thumb.wikimedia.org/wikipedia/commons/thumb/f/f5/Logo_Of_MBSTU.png/500px-Logo_Of_MBSTU.png?utm_source=en.wikipedia.org&utm_campaign=parser&utm_content=thumbnail"", ""https://thumb.wikimedia.org/wikipedia/commons/thumb/6/6c/MBSTU_Main_Gate.jpg/500px-MBSTU_Main_Gate.jpg?utm_source=en.wikipedia.org&utm_campaign=parser&utm_content=thumbnail"", ""https://thumb.wikimedia.org/wikipedia/commons/thumb/3/3e/Entrance_of_MBSTU_Sirajganj_Campus.jpg/1280px-Entrance_of_MBSTU_Sirajganj_Campus.jpg?utm_source=en.wikipedia.org&utm_campaign=parser&utm_content=thumbnail"", ""https://thumb.wikimedia.org/wikipedia/commons/thumb/e/ec/Prottoy71.jpg/1280px-Prottoy71.jpg?utm_source=en.wikipedia.org&utm_campaign=parser&utm_content=thumbnail""]","[{""title"": ""মাওলানা ভাসানী বিজ্ঞান ও প্রযুক্তি বিশ্ববিদ্যালয় ভর্তি তথ্য (Admission)"", ""url"": ""https://mbstu.ac.bd/admission"", ""type"": ""admission""}, {""title"": ""মাওলানা ভাসানী বিজ্ঞান ও প্রযুক্তি বিশ্ববিদ্যালয় পরিচিতি ও ইতিহাস (About)"", ""url"": ""https://mbstu.ac.bd/about"", ""type"": ""about""}, {""title"": ""মাওলানা ভাসানী বিজ্ঞান ও প্রযুক্তি বিশ্ববিদ্যালয় নোটিশ বোর্ড (Notice Board)"", ""url"": ""https://mbstu.ac.bd/notices"", ""type"": ""notices""}, {""title"": ""মাওলানা ভাসানী বিজ্ঞান ও প্রযুক্তি বিশ্ববিদ্যালয় যোগাযোগ (Contact)"", ""url"": ""https://mbstu.ac.bd/contact"", ""type"": ""contact""}]"
uni_crawler_23,পটুয়াখালী বিজ্ঞান ও প্রযুক্তি বিশ্ববিদ্যালয়,Patuakhali Science and Technology University,পবিপ্রবি (PSTU),Universities,,no_issue_detected,https://pstu.ac.bd,পটুয়াখালী বিজ্ঞান ও প্রযুক্তি বিশ্ববিদ্যালয় (Patuakhali Science and Technology University) বাংলাদেশের একটি ইউজিসি অনুমোদিত উচ্চশিক্ষা প্রতিষ্ঠান।,22.465,90.3822,https://upload.wikimedia.org/wikipedia/en/5/52/Patuakhali_Science_and_Technology_University_logo.png?utm_source=en.wikipedia.org&utm_campaign=api&utm_content=thumbnail_unscaled,https://upload.wikimedia.org/wikipedia/en/5/52/Patuakhali_Science_and_Technology_University_logo.png?utm_source=en.wikipedia.org&utm_campaign=parser&utm_content=thumbnail_unscaled,https://thumb.wikimedia.org/wikipedia/commons/thumb/e/e5/Lake_in_front_of_Academic_Building_.jpg/1280px-Lake_in_front_of_Academic_Building_.jpg?utm_source=en.wikipedia.org&utm_campaign=parser&utm_content=thumbnail,https://thumb.wikimedia.org/wikipedia/commons/thumb/d/de/AdminBuilding.jpg/1280px-AdminBuilding.jpg?utm_source=en.wikipedia.org&utm_campaign=parser&utm_content=thumbnail,https://thumb.wikimedia.org/wikipedia/commons/thumb/a/ae/Shahid_minar_.png/500px-Shahid_minar_.png?utm_source=en.wikipedia.org&utm_campaign=parser&utm_content=thumbnail,"[""https://upload.wikimedia.org/wikipedia/en/5/52/Patuakhali_Science_and_Technology_University_logo.png?utm_source=en.wikipedia.org&utm_campaign=api&utm_content=thumbnail_unscaled"", ""https://upload.wikimedia.org/wikipedia/en/5/52/Patuakhali_Science_and_Technology_University_logo.png?utm_source=en.wikipedia.org&utm_campaign=parser&utm_content=thumbnail_unscaled"", ""https://thumb.wikimedia.org/wikipedia/commons/thumb/e/e5/Lake_in_front_of_Academic_Building_.jpg/1280px-Lake_in_front_of_Academic_Building_.jpg?utm_source=en.wikipedia.org&utm_campaign=parser&utm_content=thumbnail"", ""https://thumb.wikimedia.org/wikipedia/commons/thumb/d/de/AdminBuilding.jpg/1280px-AdminBuilding.jpg?utm_source=en.wikipedia.org&utm_campaign=parser&utm_content=thumbnail"", ""https://thumb.wikimedia.org/wikipedia/commons/thumb/a/ae/Shahid_minar_.png/500px-Shahid_minar_.png?utm_source=en.wikipedia.org&utm_campaign=parser&utm_content=thumbnail""]","[{""title"": ""পটুয়াখালী বিজ্ঞান ও প্রযুক্তি বিশ্ববিদ্যালয় ভর্তি তথ্য (Admission)"", ""url"": ""https://pstu.ac.bd/admission"", ""type"": ""admission""}, {""title"": ""পটুয়াখালী বিজ্ঞান ও প্রযুক্তি বিশ্ববিদ্যালয় পরিচিতি ও ইতিহাস (About)"", ""url"": ""https://pstu.ac.bd/about"", ""type"": ""about""}, {""title"": ""পটুয়াখালী বিজ্ঞান ও প্রযুক্তি বিশ্ববিদ্যালয় নোটিশ বোর্ড (Notice Board)"", ""url"": ""https://pstu.ac.bd/notices"", ""type"": ""notices""}, {""title"": ""পটুয়াখালী বিজ্ঞান ও প্রযুক্তি বিশ্ববিদ্যালয় যোগাযোগ (Contact)"", ""url"": ""https://pstu.ac.bd/contact"", ""type"": ""contact""}]"
uni_crawler_24,নোয়াখালী বিজ্ঞান ও প্রযুক্তি বিশ্ববিদ্যালয়,Noakhali Science and Technology University,নোবিপ্রবি (NSTU),Universities,,no_issue_detected,https://nstu.edu.bd,নোয়াখালী বিজ্ঞান ও প্রযুক্তি বিশ্ববিদ্যালয় (Noakhali Science and Technology University) বাংলাদেশের একটি ইউজিসি অনুমোদিত উচ্চশিক্ষা প্রতিষ্ঠান।,22.7925,91.1006,https://upload.wikimedia.org/wikipedia/en/7/70/Logo_of_Noakhali_Science_and_Technology_University.gif?utm_source=en.wikipedia.org&utm_campaign=api&utm_content=thumbnail_unscaled,https://upload.wikimedia.org/wikipedia/en/7/70/Logo_of_Noakhali_Science_and_Technology_University.gif?utm_source=en.wikipedia.org&utm_campaign=parser&utm_content=thumbnail_unscaled,https://thumb.wikimedia.org/wikipedia/commons/thumb/2/29/Noakhali_Science_%26_Technology_University%28NSTU%29%2C_A_view_from_lake_of_NSTU%2C_Nov_2011.jpg/1280px-Noakhali_Science_%26_Technology_University%28NSTU%29%2C_A_view_from_lake_of_NSTU%2C_Nov_2011.jpg?utm_source=en.wikipedia.org&utm_campaign=parser&utm_content=thumbnail,https://thumb.wikimedia.org/wikipedia/commons/thumb/a/a9/Academic_building-1%2C_NSTU.jpg/1280px-Academic_building-1%2C_NSTU.jpg?utm_source=en.wikipedia.org&utm_campaign=parser&utm_content=thumbnail,https://thumb.wikimedia.org/wikipedia/commons/thumb/0/00/Vasha_Sahid_Abdus_Salam_Hall%2C_Front_Block%2C_Photo--_Ahsan.jpg/1280px-Vasha_Sahid_Abdus_Salam_Hall%2C_Front_Block%2C_Photo--_Ahsan.jpg?utm_source=en.wikipedia.org&utm_campaign=parser&utm_content=thumbnail,"[""https://upload.wikimedia.org/wikipedia/en/7/70/Logo_of_Noakhali_Science_and_Technology_University.gif?utm_source=en.wikipedia.org&utm_campaign=api&utm_content=thumbnail_unscaled"", ""https://upload.wikimedia.org/wikipedia/en/7/70/Logo_of_Noakhali_Science_and_Technology_University.gif?utm_source=en.wikipedia.org&utm_campaign=parser&utm_content=thumbnail_unscaled"", ""https://thumb.wikimedia.org/wikipedia/commons/thumb/2/29/Noakhali_Science_%26_Technology_University%28NSTU%29%2C_A_view_from_lake_of_NSTU%2C_Nov_2011.jpg/1280px-Noakhali_Science_%26_Technology_University%28NSTU%29%2C_A_view_from_lake_of_NSTU%2C_Nov_2011.jpg?utm_source=en.wikipedia.org&utm_campaign=parser&utm_content=thumbnail"", ""https://thumb.wikimedia.org/wikipedia/commons/thumb/a/a9/Academic_building-1%2C_NSTU.jpg/1280px-Academic_building-1%2C_NSTU.jpg?utm_source=en.wikipedia.org&utm_campaign=parser&utm_content=thumbnail"", ""https://thumb.wikimedia.org/wikipedia/commons/thumb/0/00/Vasha_Sahid_Abdus_Salam_Hall%2C_Front_Block%2C_Photo--_Ahsan.jpg/1280px-Vasha_Sahid_Abdus_Salam_Hall%2C_Front_Block%2C_Photo--_Ahsan.jpg?utm_source=en.wikipedia.org&utm_campaign=parser&utm_content=thumbnail""]","[{""title"": ""নোয়াখালী বিজ্ঞান ও প্রযুক্তি বিশ্ববিদ্যালয় ভর্তি তথ্য (Admission)"", ""url"": ""https://nstu.edu.bd/admission"", ""type"": ""admission""}, {""title"": ""নোয়াখালী বিজ্ঞান ও প্রযুক্তি বিশ্ববিদ্যালয় পরিচিতি ও ইতিহাস (About)"", ""url"": ""https://nstu.edu.bd/about"", ""type"": ""about""}, {""title"": ""নোয়াখালী বিজ্ঞান ও প্রযুক্তি বিশ্ববিদ্যালয় নোটিশ বোর্ড (Notice Board)"", ""url"": ""https://nstu.edu.bd/notices"", ""type"": ""notices""}, {""title"": ""নোয়াখালী বিজ্ঞান ও প্রযুক্তি বিশ্ববিদ্যালয় যোগাযোগ (Contact)"", ""url"": ""https://nstu.edu.bd/contact"", ""type"": ""contact""}]"
uni_crawler_25,যশোর বিজ্ঞান ও প্রযুক্তি বিশ্ববিদ্যালয়,Jashore University of Science and Technology,যবিপ্রবি (JUST),Universities,,no_issue_detected,https://www.just.edu.bd,যশোর বিজ্ঞান ও প্রযুক্তি বিশ্ববিদ্যালয় (Jashore University of Science and Technology) বাংলাদেশের একটি ইউজিসি অনুমোদিত উচ্চশিক্ষা প্রতিষ্ঠান।,23.75,90.38,https://thumb.wikimedia.org/wikipedia/commons/thumb/7/74/Jashore_University_Of_Science_and_Technology_logo.png/330px-Jashore_University_Of_Science_and_Technology_logo.png?utm_source=en.wikipedia.org&utm_campaign=api&utm_content=thumbnail,https://thumb.wikimedia.org/wikipedia/commons/thumb/7/74/Jashore_University_Of_Science_and_Technology_logo.png/330px-Jashore_University_Of_Science_and_Technology_logo.png?utm_source=en.wikipedia.org&utm_campaign=parser&utm_content=thumbnail,https://thumb.wikimedia.org/wikipedia/commons/thumb/3/32/Jashore_University_of_Science_and_Technology_Monogram.png/500px-Jashore_University_of_Science_and_Technology_Monogram.png?utm_source=en.wikipedia.org&utm_campaign=parser&utm_content=thumbnail,https://thumb.wikimedia.org/wikipedia/commons/thumb/e/e1/Atiqur_Rahman_EST_08_picture_no_six.jpg/500px-Atiqur_Rahman_EST_08_picture_no_six.jpg?utm_source=en.wikipedia.org&utm_campaign=parser&utm_content=thumbnail,https://thumb.wikimedia.org/wikipedia/commons/thumb/1/11/Sir_Jagadish_Chandra_Bose_Academic_Building%2C_Jashore_University_of_Science_and_Technology.jpg/1280px-Sir_Jagadish_Chandra_Bose_Academic_Building%2C_Jashore_University_of_Science_and_Technology.jpg?utm_source=en.wikipedia.org&utm_campaign=parser&utm_content=thumbnail,"[""https://thumb.wikimedia.org/wikipedia/commons/thumb/7/74/Jashore_University_Of_Science_and_Technology_logo.png/330px-Jashore_University_Of_Science_and_Technology_logo.png?utm_source=en.wikipedia.org&utm_campaign=api&utm_content=thumbnail"", ""https://thumb.wikimedia.org/wikipedia/commons/thumb/7/74/Jashore_University_Of_Science_and_Technology_logo.png/330px-Jashore_University_Of_Science_and_Technology_logo.png?utm_source=en.wikipedia.org&utm_campaign=parser&utm_content=thumbnail"", ""https://thumb.wikimedia.org/wikipedia/commons/thumb/3/32/Jashore_University_of_Science_and_Technology_Monogram.png/500px-Jashore_University_of_Science_and_Technology_Monogram.png?utm_source=en.wikipedia.org&utm_campaign=parser&utm_content=thumbnail"", ""https://thumb.wikimedia.org/wikipedia/commons/thumb/e/e1/Atiqur_Rahman_EST_08_picture_no_six.jpg/500px-Atiqur_Rahman_EST_08_picture_no_six.jpg?utm_source=en.wikipedia.org&utm_campaign=parser&utm_content=thumbnail"", ""https://thumb.wikimedia.org/wikipedia/commons/thumb/1/11/Sir_Jagadish_Chandra_Bose_Academic_Building%2C_Jashore_University_of_Science_and_Technology.jpg/1280px-Sir_Jagadish_Chandra_Bose_Academic_Building%2C_Jashore_University_of_Science_and_Technology.jpg?utm_source=en.wikipedia.org&utm_campaign=parser&utm_content=thumbnail""]","[{""title"": ""যশোর বিজ্ঞান ও প্রযুক্তি বিশ্ববিদ্যালয় ভর্তি তথ্য (Admission)"", ""url"": ""https://www.just.edu.bd/admission"", ""type"": ""admission""}, {""title"": ""যশোর বিজ্ঞান ও প্রযুক্তি বিশ্ববিদ্যালয় পরিচিতি ও ইতিহাস (About)"", ""url"": ""https://www.just.edu.bd/about"", ""type"": ""about""}, {""title"": ""যশোর বিজ্ঞান ও প্রযুক্তি বিশ্ববিদ্যালয় নোটিশ বোর্ড (Notice Board)"", ""url"": ""https://www.just.edu.bd/notices"", ""type"": ""notices""}, {""title"": ""যশোর বিজ্ঞান ও প্রযুক্তি বিশ্ববিদ্যালয় যোগাযোগ (Contact)"", ""url"": ""https://www.just.edu.bd/contact"", ""type"": ""contact""}]"
uni_crawler_26,পাবনা বিজ্ঞান ও প্রযুক্তি বিশ্ববিদ্যালয়,Pabna University of Science and Technology,পাবিপ্রবি (PUST),Universities,,no_issue_detected,https://pust.ac.bd,পাবনা বিজ্ঞান ও প্রযুক্তি বিশ্ববিদ্যালয় (Pabna University of Science and Technology) বাংলাদেশের একটি ইউজিসি অনুমোদিত উচ্চশিক্ষা প্রতিষ্ঠান।,24.0136,89.2817,https://upload.wikimedia.org/wikipedia/en/1/16/PUST_Logo.png?utm_source=en.wikipedia.org&utm_campaign=api&utm_content=thumbnail_unscaled,https://upload.wikimedia.org/wikipedia/en/1/16/PUST_Logo.png?utm_source=en.wikipedia.org&utm_campaign=parser&utm_content=thumbnail_unscaled,https://thumb.wikimedia.org/wikipedia/commons/thumb/1/19/Pabna_University_of_Science_and_Technology_-_PUST_Campus_at_night.jpg/1280px-Pabna_University_of_Science_and_Technology_-_PUST_Campus_at_night.jpg?utm_source=en.wikipedia.org&utm_campaign=parser&utm_content=thumbnail,https://thumb.wikimedia.org/wikipedia/commons/thumb/c/c3/Central_library_pust.jpg/1280px-Central_library_pust.jpg?utm_source=en.wikipedia.org&utm_campaign=parser&utm_content=thumbnail,https://thumb.wikimedia.org/wikipedia/commons/thumb/d/dd/Independence_square%2C_PUST.jpg/1280px-Independence_square%2C_PUST.jpg?utm_source=en.wikipedia.org&utm_campaign=parser&utm_content=thumbnail,"[""https://upload.wikimedia.org/wikipedia/en/1/16/PUST_Logo.png?utm_source=en.wikipedia.org&utm_campaign=api&utm_content=thumbnail_unscaled"", ""https://upload.wikimedia.org/wikipedia/en/1/16/PUST_Logo.png?utm_source=en.wikipedia.org&utm_campaign=parser&utm_content=thumbnail_unscaled"", ""https://thumb.wikimedia.org/wikipedia/commons/thumb/1/19/Pabna_University_of_Science_and_Technology_-_PUST_Campus_at_night.jpg/1280px-Pabna_University_of_Science_and_Technology_-_PUST_Campus_at_night.jpg?utm_source=en.wikipedia.org&utm_campaign=parser&utm_content=thumbnail"", ""https://thumb.wikimedia.org/wikipedia/commons/thumb/c/c3/Central_library_pust.jpg/1280px-Central_library_pust.jpg?utm_source=en.wikipedia.org&utm_campaign=parser&utm_content=thumbnail"", ""https://thumb.wikimedia.org/wikipedia/commons/thumb/d/dd/Independence_square%2C_PUST.jpg/1280px-Independence_square%2C_PUST.jpg?utm_source=en.wikipedia.org&utm_campaign=parser&utm_content=thumbnail""]","[{""title"": ""পাবনা বিজ্ঞান ও প্রযুক্তি বিশ্ববিদ্যালয় ভর্তি তথ্য (Admission)"", ""url"": ""https://pust.ac.bd/admission"", ""type"": ""admission""}, {""title"": ""পাবনা বিজ্ঞান ও প্রযুক্তি বিশ্ববিদ্যালয় পরিচিতি ও ইতিহাস (About)"", ""url"": ""https://pust.ac.bd/about"", ""type"": ""about""}, {""title"": ""পাবনা বিজ্ঞান ও প্রযুক্তি বিশ্ববিদ্যালয় নোটিশ বোর্ড (Notice Board)"", ""url"": ""https://pust.ac.bd/notices"", ""type"": ""notices""}, {""title"": ""পাবনা বিজ্ঞান ও প্রযুক্তি বিশ্ববিদ্যালয় যোগাযোগ (Contact)"", ""url"": ""https://pust.ac.bd/contact"", ""type"": ""contact""}]"
uni_crawler_27,গোপালগঞ্জ বিজ্ঞান ও প্রযুক্তি বিশ্ববিদ্যালয়,Gopalganj Science and Technology University,জিএসটিইউ (GSTU),Universities,,no_issue_detected,https://www.gstu.edu.bd,গোপালগঞ্জ বিজ্ঞান ও প্রযুক্তি বিশ্ববিদ্যালয় (Gopalganj Science and Technology University) বাংলাদেশের একটি ইউজিসি অনুমোদিত উচ্চশিক্ষা প্রতিষ্ঠান।,23.75,90.38,https://upload.wikimedia.org/wikipedia/en/6/67/GSTU_Logo.png?utm_source=en.wikipedia.org&utm_campaign=api&utm_content=thumbnail_unscaled,https://upload.wikimedia.org/wikipedia/en/6/67/GSTU_Logo.png?utm_source=en.wikipedia.org&utm_campaign=parser&utm_content=thumbnail_unscaled,https://thumb.wikimedia.org/wikipedia/commons/thumb/e/e2/BSMRSTU_View.jpg/1280px-BSMRSTU_View.jpg?utm_source=en.wikipedia.org&utm_campaign=parser&utm_content=thumbnail,https://thumb.wikimedia.org/wikipedia/commons/thumb/f/f1/%E0%A6%97%E0%A7%8B%E0%A6%AC%E0%A6%BF%E0%A6%AA%E0%A7%8D%E0%A6%B0%E0%A6%AC%E0%A6%BF_%E0%A6%AA%E0%A7%8D%E0%A6%B0%E0%A6%B6%E0%A6%BE%E0%A6%B8%E0%A6%A8%E0%A6%BF%E0%A6%95_%E0%A6%AD%E0%A6%AC%E0%A6%A8_%28%E0%A7%A8%E0%A7%A6%E0%A7%A8%E0%A7%AB%29.jpg/1280px-%E0%A6%97%E0%A7%8B%E0%A6%AC%E0%A6%BF%E0%A6%AA%E0%A7%8D%E0%A6%B0%E0%A6%AC%E0%A6%BF_%E0%A6%AA%E0%A7%8D%E0%A6%B0%E0%A6%B6%E0%A6%BE%E0%A6%B8%E0%A6%A8%E0%A6%BF%E0%A6%95_%E0%A6%AD%E0%A6%AC%E0%A6%A8_%28%E0%A7%A8%E0%A7%A6%E0%A7%A8%E0%A7%AB%29.jpg?utm_source=en.wikipedia.org&utm_campaign=parser&utm_content=thumbnail,https://thumb.wikimedia.org/wikipedia/commons/thumb/9/9f/Red_BRTC_Bus_Reflected_in_lake_at_GSTU_Campus.jpg/1280px-Red_BRTC_Bus_Reflected_in_lake_at_GSTU_Campus.jpg?utm_source=en.wikipedia.org&utm_campaign=parser&utm_content=thumbnail,"[""https://upload.wikimedia.org/wikipedia/en/6/67/GSTU_Logo.png?utm_source=en.wikipedia.org&utm_campaign=api&utm_content=thumbnail_unscaled"", ""https://upload.wikimedia.org/wikipedia/en/6/67/GSTU_Logo.png?utm_source=en.wikipedia.org&utm_campaign=parser&utm_content=thumbnail_unscaled"", ""https://thumb.wikimedia.org/wikipedia/commons/thumb/e/e2/BSMRSTU_View.jpg/1280px-BSMRSTU_View.jpg?utm_source=en.wikipedia.org&utm_campaign=parser&utm_content=thumbnail"", ""https://thumb.wikimedia.org/wikipedia/commons/thumb/f/f1/%E0%A6%97%E0%A7%8B%E0%A6%AC%E0%A6%BF%E0%A6%AA%E0%A7%8D%E0%A6%B0%E0%A6%AC%E0%A6%BF_%E0%A6%AA%E0%A7%8D%E0%A6%B0%E0%A6%B6%E0%A6%BE%E0%A6%B8%E0%A6%A8%E0%A6%BF%E0%A6%95_%E0%A6%AD%E0%A6%AC%E0%A6%A8_%28%E0%A7%A8%E0%A7%A6%E0%A7%A8%E0%A7%AB%29.jpg/1280px-%E0%A6%97%E0%A7%8B%E0%A6%AC%E0%A6%BF%E0%A6%AA%E0%A7%8D%E0%A6%B0%E0%A6%AC%E0%A6%BF_%E0%A6%AA%E0%A7%8D%E0%A6%B0%E0%A6%B6%E0%A6%BE%E0%A6%B8%E0%A6%A8%E0%A6%BF%E0%A6%95_%E0%A6%AD%E0%A6%AC%E0%A6%A8_%28%E0%A7%A8%E0%A7%A6%E0%A7%A8%E0%A7%AB%29.jpg?utm_source=en.wikipedia.org&utm_campaign=parser&utm_content=thumbnail"", ""https://thumb.wikimedia.org/wikipedia/commons/thumb/9/9f/Red_BRTC_Bus_Reflected_in_lake_at_GSTU_Campus.jpg/1280px-Red_BRTC_Bus_Reflected_in_lake_at_GSTU_Campus.jpg?utm_source=en.wikipedia.org&utm_campaign=parser&utm_content=thumbnail""]","[{""title"": ""গোপালগঞ্জ বিজ্ঞান ও প্রযুক্তি বিশ্ববিদ্যালয় ভর্তি তথ্য (Admission)"", ""url"": ""https://www.gstu.edu.bd/admission"", ""type"": ""admission""}, {""title"": ""গোপালগঞ্জ বিজ্ঞান ও প্রযুক্তি বিশ্ববিদ্যালয় পরিচিতি ও ইতিহাস (About)"", ""url"": ""https://www.gstu.edu.bd/about"", ""type"": ""about""}, {""title"": ""গোপালগঞ্জ বিজ্ঞান ও প্রযুক্তি বিশ্ববিদ্যালয় নোটিশ বোর্ড (Notice Board)"", ""url"": ""https://www.gstu.edu.bd/notices"", ""type"": ""notices""}, {""title"": ""গোপালগঞ্জ বিজ্ঞান ও প্রযুক্তি বিশ্ববিদ্যালয় যোগাযোগ (Contact)"", ""url"": ""https://www.gstu.edu.bd/contact"", ""type"": ""contact""}]"
uni_crawler_28,রাঙামাটি বিজ্ঞান ও প্রযুক্তি বিশ্ববিদ্যালয়,Rangamati Science and Technology University,আরএমএসটিইউ (RmSTU),Universities,,no_issue_detected,https://rmstu.edu.bd,রাঙামাটি বিজ্ঞান ও প্রযুক্তি বিশ্ববিদ্যালয় (Rangamati Science and Technology University) বাংলাদেশের একটি ইউজিসি অনুমোদিত উচ্চশিক্ষা প্রতিষ্ঠান।,22.65,92.17,https://upload.wikimedia.org/wikipedia/en/e/ea/RMSTU_Logo.png?utm_source=en.wikipedia.org&utm_campaign=api&utm_content=thumbnail_unscaled,https://upload.wikimedia.org/wikipedia/en/e/ea/RMSTU_Logo.png?utm_source=en.wikipedia.org&utm_campaign=parser&utm_content=thumbnail_unscaled,,,,"[""https://upload.wikimedia.org/wikipedia/en/e/ea/RMSTU_Logo.png?utm_source=en.wikipedia.org&utm_campaign=api&utm_content=thumbnail_unscaled"", ""https://upload.wikimedia.org/wikipedia/en/e/ea/RMSTU_Logo.png?utm_source=en.wikipedia.org&utm_campaign=parser&utm_content=thumbnail_unscaled""]","[{""title"": ""রাঙামাটি বিজ্ঞান ও প্রযুক্তি বিশ্ববিদ্যালয় ভর্তি তথ্য (Admission)"", ""url"": ""https://rmstu.edu.bd/admission"", ""type"": ""admission""}, {""title"": ""রাঙামাটি বিজ্ঞান ও প্রযুক্তি বিশ্ববিদ্যালয় পরিচিতি ও ইতিহাস (About)"", ""url"": ""https://rmstu.edu.bd/about"", ""type"": ""about""}, {""title"": ""রাঙামাটি বিজ্ঞান ও প্রযুক্তি বিশ্ববিদ্যালয় নোটিশ বোর্ড (Notice Board)"", ""url"": ""https://rmstu.edu.bd/notices"", ""type"": ""notices""}, {""title"": ""রাঙামাটি বিজ্ঞান ও প্রযুক্তি বিশ্ববিদ্যালয় যোগাযোগ (Contact)"", ""url"": ""https://rmstu.edu.bd/contact"", ""type"": ""contact""}]"
uni_crawler_29,জামালপুর বিজ্ঞান ও প্রযুক্তি বিশ্ববিদ্যালয়,Jamalpur Science and Technology University,জেএসটিইউ (JSTU),Universities,,no_issue_detected,https://www.jstu.edu.bd,জামালপুর বিজ্ঞান ও প্রযুক্তি বিশ্ববিদ্যালয় (Jamalpur Science and Technology University) বাংলাদেশের একটি ইউজিসি অনুমোদিত উচ্চশিক্ষা প্রতিষ্ঠান।,23.75,90.38,https://upload.wikimedia.org/wikipedia/en/2/23/Jamalpur_Science_and_Technology_University_Logo.png?utm_source=en.wikipedia.org&utm_campaign=api&utm_content=thumbnail_unscaled,https://upload.wikimedia.org/wikipedia/en/2/23/Jamalpur_Science_and_Technology_University_Logo.png?utm_source=en.wikipedia.org&utm_campaign=parser&utm_content=thumbnail_unscaled,https://thumb.wikimedia.org/wikipedia/commons/thumb/8/8f/Administrative_building_picture.jpg/1280px-Administrative_building_picture.jpg?utm_source=en.wikipedia.org&utm_campaign=parser&utm_content=thumbnail,https://thumb.wikimedia.org/wikipedia/commons/thumb/d/d2/JSTU_Class_Room.jpg/1280px-JSTU_Class_Room.jpg?utm_source=en.wikipedia.org&utm_campaign=parser&utm_content=thumbnail,https://thumb.wikimedia.org/wikipedia/commons/thumb/7/79/JSTU_Campus_Entrance_Gate.jpg/1280px-JSTU_Campus_Entrance_Gate.jpg?utm_source=en.wikipedia.org&utm_campaign=parser&utm_content=thumbnail,"[""https://upload.wikimedia.org/wikipedia/en/2/23/Jamalpur_Science_and_Technology_University_Logo.png?utm_source=en.wikipedia.org&utm_campaign=api&utm_content=thumbnail_unscaled"", ""https://upload.wikimedia.org/wikipedia/en/2/23/Jamalpur_Science_and_Technology_University_Logo.png?utm_source=en.wikipedia.org&utm_campaign=parser&utm_content=thumbnail_unscaled"", ""https://thumb.wikimedia.org/wikipedia/commons/thumb/8/8f/Administrative_building_picture.jpg/1280px-Administrative_building_picture.jpg?utm_source=en.wikipedia.org&utm_campaign=parser&utm_content=thumbnail"", ""https://thumb.wikimedia.org/wikipedia/commons/thumb/d/d2/JSTU_Class_Room.jpg/1280px-JSTU_Class_Room.jpg?utm_source=en.wikipedia.org&utm_campaign=parser&utm_content=thumbnail"", ""https://thumb.wikimedia.org/wikipedia/commons/thumb/7/79/JSTU_Campus_Entrance_Gate.jpg/1280px-JSTU_Campus_Entrance_Gate.jpg?utm_source=en.wikipedia.org&utm_campaign=parser&utm_content=thumbnail""]","[{""title"": ""জামালপুর বিজ্ঞান ও প্রযুক্তি বিশ্ববিদ্যালয় ভর্তি তথ্য (Admission)"", ""url"": ""https://www.jstu.edu.bd/admission"", ""type"": ""admission""}, {""title"": ""জামালপুর বিজ্ঞান ও প্রযুক্তি বিশ্ববিদ্যালয় পরিচিতি ও ইতিহাস (About)"", ""url"": ""https://www.jstu.edu.bd/about"", ""type"": ""about""}, {""title"": ""জামালপুর বিজ্ঞান ও প্রযুক্তি বিশ্ববিদ্যালয় নোটিশ বোর্ড (Notice Board)"", ""url"": ""https://www.jstu.edu.bd/notices"", ""type"": ""notices""}, {""title"": ""জামালপুর বিজ্ঞান ও প্রযুক্তি বিশ্ববিদ্যালয় যোগাযোগ (Contact)"", ""url"": ""https://www.jstu.edu.bd/contact"", ""type"": ""contact""}]"
uni_crawler_30,চাঁদপুর বিজ্ঞান ও প্রযুক্তি বিশ্ববিদ্যালয়,Chandpur Science and Technology University,সিএসটিইউ (CSTU),Universities,,no_issue_detected,https://www.cstu.edu.bd,চাঁদপুর বিজ্ঞান ও প্রযুক্তি বিশ্ববিদ্যালয় (Chandpur Science and Technology University) বাংলাদেশের একটি ইউজিসি অনুমোদিত উচ্চশিক্ষা প্রতিষ্ঠান।,23.75,90.38,https://thumb.wikimedia.org/wikipedia/commons/thumb/f/fc/CSTU.png/330px-CSTU.png?utm_source=en.wikipedia.org&utm_campaign=api&utm_content=thumbnail,https://thumb.wikimedia.org/wikipedia/commons/thumb/f/fc/CSTU.png/330px-CSTU.png?utm_source=en.wikipedia.org&utm_campaign=parser&utm_content=thumbnail,,,,"[""https://thumb.wikimedia.org/wikipedia/commons/thumb/f/fc/CSTU.png/330px-CSTU.png?utm_source=en.wikipedia.org&utm_campaign=api&utm_content=thumbnail"", ""https://thumb.wikimedia.org/wikipedia/commons/thumb/f/fc/CSTU.png/330px-CSTU.png?utm_source=en.wikipedia.org&utm_campaign=parser&utm_content=thumbnail""]","[{""title"": ""চাঁদপুর বিজ্ঞান ও প্রযুক্তি বিশ্ববিদ্যালয় ভর্তি তথ্য (Admission)"", ""url"": ""https://www.cstu.edu.bd/admission"", ""type"": ""admission""}, {""title"": ""চাঁদপুর বিজ্ঞান ও প্রযুক্তি বিশ্ববিদ্যালয় পরিচিতি ও ইতিহাস (About)"", ""url"": ""https://www.cstu.edu.bd/about"", ""type"": ""about""}, {""title"": ""চাঁদপুর বিজ্ঞান ও প্রযুক্তি বিশ্ববিদ্যালয় নোটিশ বোর্ড (Notice Board)"", ""url"": ""https://www.cstu.edu.bd/notices"", ""type"": ""notices""}, {""title"": ""চাঁদপুর বিজ্ঞান ও প্রযুক্তি বিশ্ববিদ্যালয় যোগাযোগ (Contact)"", ""url"": ""https://www.cstu.edu.bd/contact"", ""type"": ""contact""}]"
uni_crawler_31,সুনামগঞ্জ বিজ্ঞান ও প্রযুক্তি বিশ্ববিদ্যালয়,Sunamganj Science and Technology University,এসএসটিইউ (SSTU),Universities,,no_issue_detected,https://www.sstu.edu.bd,"সুনামগঞ্জ বিজ্ঞান ও প্রযুক্তি বিশ্ববিদ্যালয়, সুনামগঞ্জে ২০২২ সালে প্রতিষ্ঠিত, বিজ্ঞান‑প্রযুক্তি ও প্রকৌশল শিক্ষায় বিশেষ গুরুত্বারোপ করে।",23.75,90.38,https://thumb.wikimedia.org/wikipedia/commons/thumb/9/90/SSTU_Logo.png/330px-SSTU_Logo.png?utm_source=en.wikipedia.org&utm_campaign=api&utm_content=thumbnail,https://thumb.wikimedia.org/wikipedia/commons/thumb/9/90/SSTU_Logo.png/1280px-SSTU_Logo.png?utm_source=en.wikipedia.org&utm_campaign=parser&utm_content=thumbnail,,,,"[""https://thumb.wikimedia.org/wikipedia/commons/thumb/9/90/SSTU_Logo.png/330px-SSTU_Logo.png?utm_source=en.wikipedia.org&utm_campaign=api&utm_content=thumbnail"", ""https://thumb.wikimedia.org/wikipedia/commons/thumb/9/90/SSTU_Logo.png/1280px-SSTU_Logo.png?utm_source=en.wikipedia.org&utm_campaign=parser&utm_content=thumbnail""]","[{""title"": ""সুনামগঞ্জ বিজ্ঞান ও প্রযুক্তি বিশ্ববিদ্যালয় ভর্তি তথ্য (Admission)"", ""url"": ""https://www.sstu.edu.bd/admission"", ""type"": ""admission""}, {""title"": ""সুনামগঞ্জ বিজ্ঞান ও প্রযুক্তি বিশ্ববিদ্যালয় পরিচিতি ও ইতিহাস (About)"", ""url"": ""https://www.sstu.edu.bd/about"", ""type"": ""about""}, {""title"": ""সুনামগঞ্জ বিজ্ঞান ও প্রযুক্তি বিশ্ববিদ্যালয় নোটিশ বোর্ড (Notice Board)"", ""url"": ""https://www.sstu.edu.bd/notices"", ""type"": ""notices""}, {""title"": ""সুনামগঞ্জ বিজ্ঞান ও প্রযুক্তি বিশ্ববিদ্যালয় যোগাযোগ (Contact)"", ""url"": ""https://www.sstu.edu.bd/contact"", ""type"": ""contact""}]"
uni_crawler_32,লক্ষ্মীপুর বিজ্ঞান ও প্রযুক্তি বিশ্ববিদ্যালয়,Lakshmipur Science and Technology University,এলএসটিইউ (LSTU),Universities,,no_issue_detected,https://www.lstu.edu.bd,"লক্ষ্মীপুর বিজ্ঞান ও প্রযুক্তি বিশ্ববিদ্যালয়, লক্ষ্মীপুরে ২০২২ সালে গৃহীত, তথ্যপ্রযুক্তি ও পরিবেশ বিজ্ঞান ক্ষেত্রে আধুনিক গবেষণার কেন্দ্র।",23.75,90.38,https://upload.wikimedia.org/wikipedia/commons/thumb/c/cb/Dhaka_University_logo.svg/300px-Dhaka_University_logo.svg.png,,,,,"[""https://upload.wikimedia.org/wikipedia/commons/thumb/c/cb/Dhaka_University_logo.svg/300px-Dhaka_University_logo.svg.png""]","[{""title"": ""লক্ষ্মীপুর বিজ্ঞান ও প্রযুক্তি বিশ্ববিদ্যালয় ভর্তি তথ্য (Admission)"", ""url"": ""https://www.lstu.edu.bd/admission"", ""type"": ""admission""}, {""title"": ""লক্ষ্মীপুর বিজ্ঞান ও প্রযুক্তি বিশ্ববিদ্যালয় পরিচিতি ও ইতিহাস (About)"", ""url"": ""https://www.lstu.edu.bd/about"", ""type"": ""about""}, {""title"": ""লক্ষ্মীপুর বিজ্ঞান ও প্রযুক্তি বিশ্ববিদ্যালয় নোটিশ বোর্ড (Notice Board)"", ""url"": ""https://www.lstu.edu.bd/notices"", ""type"": ""notices""}, {""title"": ""লক্ষ্মীপুর বিজ্ঞান ও প্রযুক্তি বিশ্ববিদ্যালয় যোগাযোগ (Contact)"", ""url"": ""https://www.lstu.edu.bd/contact"", ""type"": ""contact""}]"
uni_crawler_33,পিরোজপুর বিজ্ঞান ও প্রযুক্তি বিশ্ববিদ্যালয়,Pirojpur Science and Technology University,পিআরএসটিইউ (PrSTU),Universities,,no_issue_detected,https://www.prstu.edu.bd,"পিরোজপুর বিজ্ঞান ও প্রযুক্তি বিশ্ববিদ্যালয়, পিরোজপুরে ২০২২ সালে উদ্বোধন, কৃষি‑প্রযুক্তি ও ইলেকট্রনিক্সে বিশেষায়িত।",23.75,90.38,https://upload.wikimedia.org/wikipedia/commons/thumb/c/cb/Dhaka_University_logo.svg/300px-Dhaka_University_logo.svg.png,,,,,"[""https://upload.wikimedia.org/wikipedia/commons/thumb/c/cb/Dhaka_University_logo.svg/300px-Dhaka_University_logo.svg.png""]","[{""title"": ""পিরোজপুর বিজ্ঞান ও প্রযুক্তি বিশ্ববিদ্যালয় ভর্তি তথ্য (Admission)"", ""url"": ""https://www.prstu.edu.bd/admission"", ""type"": ""admission""}, {""title"": ""পিরোজপুর বিজ্ঞান ও প্রযুক্তি বিশ্ববিদ্যালয় পরিচিতি ও ইতিহাস (About)"", ""url"": ""https://www.prstu.edu.bd/about"", ""type"": ""about""}, {""title"": ""পিরোজপুর বিজ্ঞান ও প্রযুক্তি বিশ্ববিদ্যালয় নোটিশ বোর্ড (Notice Board)"", ""url"": ""https://www.prstu.edu.bd/notices"", ""type"": ""notices""}, {""title"": ""পিরোজপুর বিজ্ঞান ও প্রযুক্তি বিশ্ববিদ্যালয় যোগাযোগ (Contact)"", ""url"": ""https://www.prstu.edu.bd/contact"", ""type"": ""contact""}]"
uni_crawler_34,সাতক্ষীরা বিজ্ঞান ও প্রযুক্তি বিশ্ববিদ্যালয়,Satkhira University of Science and Technology,এসএইউএসটি (SaUST),Universities,,no_issue_detected,https://www.saust.edu.bd,"সাতক্ষীরা বিজ্ঞান ও প্রযুক্তি বিশ্ববিদ্যালয়, সাতক্ষীরা জেলায় ২০২২ সালে প্রতিষ্ঠিত, সমুদ্র‑বিজ্ঞান ও নবায়নযোগ্য শক্তি গবেষণায় উৎকৃষ্ট।",23.75,90.38,https://upload.wikimedia.org/wikipedia/commons/thumb/c/cb/Dhaka_University_logo.svg/300px-Dhaka_University_logo.svg.png,,,,,"[""https://upload.wikimedia.org/wikipedia/commons/thumb/c/cb/Dhaka_University_logo.svg/300px-Dhaka_University_logo.svg.png""]","[{""title"": ""সাতক্ষীরা বিজ্ঞান ও প্রযুক্তি বিশ্ববিদ্যালয় ভর্তি তথ্য (Admission)"", ""url"": ""https://www.saust.edu.bd/admission"", ""type"": ""admission""}, {""title"": ""সাতক্ষীরা বিজ্ঞান ও প্রযুক্তি বিশ্ববিদ্যালয় পরিচিতি ও ইতিহাস (About)"", ""url"": ""https://www.saust.edu.bd/about"", ""type"": ""about""}, {""title"": ""সাতক্ষীরা বিজ্ঞান ও প্রযুক্তি বিশ্ববিদ্যালয় নোটিশ বোর্ড (Notice Board)"", ""url"": ""https://www.saust.edu.bd/notices"", ""type"": ""notices""}, {""title"": ""সাতক্ষীরা বিজ্ঞান ও প্রযুক্তি বিশ্ববিদ্যালয় যোগাযোগ (Contact)"", ""url"": ""https://www.saust.edu.bd/contact"", ""type"": ""contact""}]"
uni_crawler_35,নারায়ণগঞ্জ বিজ্ঞান ও প্রযুক্তি বিশ্ববিদ্যালয়,Narayanganj Science and Technology University,এনজিএসটিইউ (NGSTU),Universities,,no_issue_detected,https://www.ngstu.edu.bd,"নারায়ণগঞ্জ বিজ্ঞান ও প্রযুক্তি বিশ্ববিদ্যালয়, নারায়ণগঞ্জে ২০২২ সালে গঠিত, শিল্প‑প্রযুক্তি ও কম্পিউটার বিজ্ঞান শিক্ষায় মনোযোগী।",23.75,90.38,https://upload.wikimedia.org/wikipedia/commons/thumb/c/cb/Dhaka_University_logo.svg/300px-Dhaka_University_logo.svg.png,,,,,"[""https://upload.wikimedia.org/wikipedia/commons/thumb/c/cb/Dhaka_University_logo.svg/300px-Dhaka_University_logo.svg.png""]","[{""title"": ""নারায়ণগঞ্জ বিজ্ঞান ও প্রযুক্তি বিশ্ববিদ্যালয় ভর্তি তথ্য (Admission)"", ""url"": ""https://www.ngstu.edu.bd/admission"", ""type"": ""admission""}, {""title"": ""নারায়ণগঞ্জ বিজ্ঞান ও প্রযুক্তি বিশ্ববিদ্যালয় পরিচিতি ও ইতিহাস (About)"", ""url"": ""https://www.ngstu.edu.bd/about"", ""type"": ""about""}, {""title"": ""নারায়ণগঞ্জ বিজ্ঞান ও প্রযুক্তি বিশ্ববিদ্যালয় নোটিশ বোর্ড (Notice Board)"", ""url"": ""https://www.ngstu.edu.bd/notices"", ""type"": ""notices""}, {""title"": ""নারায়ণগঞ্জ বিজ্ঞান ও প্রযুক্তি বিশ্ববিদ্যালয় যোগাযোগ (Contact)"", ""url"": ""https://www.ngstu.edu.bd/contact"", ""type"": ""contact""}]"
uni_crawler_36,বাংলাদেশ প্রকৌশল বিশ্ববিদ্যালয়,Bangladesh University of Engineering & Technology,বুয়েট (BUET),Universities,,no_issue_detected,https://www.buet.edu.bd,"বাংলাদেশ প্রকৌশল বিশ্ববিদ্যালয়, ঢাকা শহরে ১৯৬১ সালে প্রতিষ্ঠিত, দেশীয় শীর্ষস্থানীয় প্রকৌশল ও প্রযুক্তি শিক্ষা প্রতিষ্ঠান।",23.75,90.38,https://thumb.wikimedia.org/wikipedia/en/thumb/d/da/BUET_LOGO.svg/330px-BUET_LOGO.svg.png?utm_source=en.wikipedia.org&utm_campaign=api&utm_content=thumbnail,https://thumb.wikimedia.org/wikipedia/en/thumb/d/da/BUET_LOGO.svg/500px-BUET_LOGO.svg.png?utm_source=en.wikipedia.org&utm_campaign=parser&utm_content=thumbnail,https://thumb.wikimedia.org/wikipedia/commons/thumb/3/33/Salimullah.jpg/500px-Salimullah.jpg?utm_source=en.wikipedia.org&utm_campaign=parser&utm_content=thumbnail,https://thumb.wikimedia.org/wikipedia/commons/thumb/e/e7/%E0%A6%AC%E0%A7%81%E0%A6%AF%E0%A6%BC%E0%A7%87%E0%A6%9F_%E0%A6%8F%E0%A6%B2%E0%A6%BE%E0%A6%95%E0%A6%BE_%28BUET_Area%29.jpg/1280px-%E0%A6%AC%E0%A7%81%E0%A6%AF%E0%A6%BC%E0%A7%87%E0%A6%9F_%E0%A6%8F%E0%A6%B2%E0%A6%BE%E0%A6%95%E0%A6%BE_%28BUET_Area%29.jpg?utm_source=en.wikipedia.org&utm_campaign=parser&utm_content=thumbnail,https://thumb.wikimedia.org/wikipedia/commons/thumb/c/c8/BUET_main_gate_3.jpg/1280px-BUET_main_gate_3.jpg?utm_source=en.wikipedia.org&utm_campaign=parser&utm_content=thumbnail,"[""https://thumb.wikimedia.org/wikipedia/en/thumb/d/da/BUET_LOGO.svg/330px-BUET_LOGO.svg.png?utm_source=en.wikipedia.org&utm_campaign=api&utm_content=thumbnail"", ""https://thumb.wikimedia.org/wikipedia/en/thumb/d/da/BUET_LOGO.svg/500px-BUET_LOGO.svg.png?utm_source=en.wikipedia.org&utm_campaign=parser&utm_content=thumbnail"", ""https://thumb.wikimedia.org/wikipedia/commons/thumb/3/33/Salimullah.jpg/500px-Salimullah.jpg?utm_source=en.wikipedia.org&utm_campaign=parser&utm_content=thumbnail"", ""https://thumb.wikimedia.org/wikipedia/commons/thumb/e/e7/%E0%A6%AC%E0%A7%81%E0%A6%AF%E0%A6%BC%E0%A7%87%E0%A6%9F_%E0%A6%8F%E0%A6%B2%E0%A6%BE%E0%A6%95%E0%A6%BE_%28BUET_Area%29.jpg/1280px-%E0%A6%AC%E0%A7%81%E0%A6%AF%E0%A6%BC%E0%A7%87%E0%A6%9F_%E0%A6%8F%E0%A6%B2%E0%A6%BE%E0%A6%95%E0%A6%BE_%28BUET_Area%29.jpg?utm_source=en.wikipedia.org&utm_campaign=parser&utm_content=thumbnail"", ""https://thumb.wikimedia.org/wikipedia/commons/thumb/c/c8/BUET_main_gate_3.jpg/1280px-BUET_main_gate_3.jpg?utm_source=en.wikipedia.org&utm_campaign=parser&utm_content=thumbnail""]","[{""title"": ""বাংলাদেশ প্রকৌশল বিশ্ববিদ্যালয় ভর্তি তথ্য (Admission)"", ""url"": ""https://www.buet.edu.bd/admission"", ""type"": ""admission""}, {""title"": ""বাংলাদেশ প্রকৌশল বিশ্ববিদ্যালয় পরিচিতি ও ইতিহাস (About)"", ""url"": ""https://www.buet.edu.bd/about"", ""type"": ""about""}, {""title"": ""বাংলাদেশ প্রকৌশল বিশ্ববিদ্যালয় নোটিশ বোর্ড (Notice Board)"", ""url"": ""https://www.buet.edu.bd/notices"", ""type"": ""notices""}, {""title"": ""বাংলাদেশ প্রকৌশল বিশ্ববিদ্যালয় যোগাযোগ (Contact)"", ""url"": ""https://www.buet.edu.bd/contact"", ""type"": ""contact""}]"
uni_crawler_37,মিলিটারি ইনস্টিটিউট অব সায়েন্স অ্যান্ড টেকনোলজি,Military Institute of Science and Technology,এমআইএসটি (MIST),Universities,,no_issue_detected,https://www.mist.edu.bd,"মিলিটারি ইনস্টিটিউট অব সায়েন্স অ্যান্ড টেকনোলজি, গাজীপুরে ১৯৯৯ সালে গঠিত, সামরিক‑প্রযুক্তি ও গবেষণায় বিশেষায়িত।",23.75,90.38,https://thumb.wikimedia.org/wikipedia/en/thumb/a/a7/Military_Institute_of_Science_and_Technology_Monogram.svg/330px-Military_Institute_of_Science_and_Technology_Monogram.svg.png?utm_source=en.wikipedia.org&utm_campaign=api&utm_content=thumbnail,https://thumb.wikimedia.org/wikipedia/en/thumb/a/a7/Military_Institute_of_Science_and_Technology_Monogram.svg/500px-Military_Institute_of_Science_and_Technology_Monogram.svg.png?utm_source=en.wikipedia.org&utm_campaign=parser&utm_content=thumbnail,https://thumb.wikimedia.org/wikipedia/en/thumb/0/0d/Military_Institute_of_Science_and_Technology_Logo.svg/330px-Military_Institute_of_Science_and_Technology_Logo.svg.png?utm_source=en.wikipedia.org&utm_campaign=parser&utm_content=thumbnail,,,"[""https://thumb.wikimedia.org/wikipedia/en/thumb/a/a7/Military_Institute_of_Science_and_Technology_Monogram.svg/330px-Military_Institute_of_Science_and_Technology_Monogram.svg.png?utm_source=en.wikipedia.org&utm_campaign=api&utm_content=thumbnail"", ""https://thumb.wikimedia.org/wikipedia/en/thumb/a/a7/Military_Institute_of_Science_and_Technology_Monogram.svg/500px-Military_Institute_of_Science_and_Technology_Monogram.svg.png?utm_source=en.wikipedia.org&utm_campaign=parser&utm_content=thumbnail"", ""https://thumb.wikimedia.org/wikipedia/en/thumb/0/0d/Military_Institute_of_Science_and_Technology_Logo.svg/330px-Military_Institute_of_Science_and_Technology_Logo.svg.png?utm_source=en.wikipedia.org&utm_campaign=parser&utm_content=thumbnail""]","[{""title"": ""মিলিটারি ইনস্টিটিউট অব সায়েন্স অ্যান্ড টেকনোলজি ভর্তি তথ্য (Admission)"", ""url"": ""https://www.mist.edu.bd/admission"", ""type"": ""admission""}, {""title"": ""মিলিটারি ইনস্টিটিউট অব সায়েন্স অ্যান্ড টেকনোলজি পরিচিতি ও ইতিহাস (About)"", ""url"": ""https://www.mist.edu.bd/about"", ""type"": ""about""}, {""title"": ""মিলিটারি ইনস্টিটিউট অব সায়েন্স অ্যান্ড টেকনোলজি নোটিশ বোর্ড (Notice Board)"", ""url"": ""https://www.mist.edu.bd/notices"", ""type"": ""notices""}, {""title"": ""মিলিটারি ইনস্টিটিউট অব সায়েন্স অ্যান্ড টেকনোলজি যোগাযোগ (Contact)"", ""url"": ""https://www.mist.edu.bd/contact"", ""type"": ""contact""}]"
uni_crawler_38,রাজশাহী প্রকৌশল ও প্রযুক্তি বিশ্ববিদ্যালয়,Rajshahi University of Engineering & Technology,রুয়েট (RUET),Universities,,no_issue_detected,https://www.ruet.ac.bd,"রাজশাহী প্রকৌশল ও প্রযুক্তি বিশ্ববিদ্যালয়, রাজশাহীতে ১৯৮৬ সালে প্রতিষ্ঠিত, যান্ত্রিক ও বৈদ্যুতিক প্রকৌশলে উৎকৃষ্টতা অর্জন করেছে।",24.3636,88.6284,https://thumb.wikimedia.org/wikipedia/en/thumb/8/87/RUET_logo.svg/330px-RUET_logo.svg.png?utm_source=en.wikipedia.org&utm_campaign=api&utm_content=thumbnail,https://thumb.wikimedia.org/wikipedia/en/thumb/8/87/RUET_logo.svg/500px-RUET_logo.svg.png?utm_source=en.wikipedia.org&utm_campaign=parser&utm_content=thumbnail,https://thumb.wikimedia.org/wikipedia/commons/thumb/b/bf/Rajshahi_University_of_Engineering_and_Technology.jpg/1280px-Rajshahi_University_of_Engineering_and_Technology.jpg?utm_source=en.wikipedia.org&utm_campaign=parser&utm_content=thumbnail,https://thumb.wikimedia.org/wikipedia/commons/thumb/5/58/Ruet_campus_gate.jpg/500px-Ruet_campus_gate.jpg?utm_source=en.wikipedia.org&utm_campaign=parser&utm_content=thumbnail,https://thumb.wikimedia.org/wikipedia/commons/thumb/3/3c/Central_Library_of_RUET.jpg/1280px-Central_Library_of_RUET.jpg?utm_source=en.wikipedia.org&utm_campaign=parser&utm_content=thumbnail,"[""https://thumb.wikimedia.org/wikipedia/en/thumb/8/87/RUET_logo.svg/330px-RUET_logo.svg.png?utm_source=en.wikipedia.org&utm_campaign=api&utm_content=thumbnail"", ""https://thumb.wikimedia.org/wikipedia/en/thumb/8/87/RUET_logo.svg/500px-RUET_logo.svg.png?utm_source=en.wikipedia.org&utm_campaign=parser&utm_content=thumbnail"", ""https://thumb.wikimedia.org/wikipedia/commons/thumb/b/bf/Rajshahi_University_of_Engineering_and_Technology.jpg/1280px-Rajshahi_University_of_Engineering_and_Technology.jpg?utm_source=en.wikipedia.org&utm_campaign=parser&utm_content=thumbnail"", ""https://thumb.wikimedia.org/wikipedia/commons/thumb/5/58/Ruet_campus_gate.jpg/500px-Ruet_campus_gate.jpg?utm_source=en.wikipedia.org&utm_campaign=parser&utm_content=thumbnail"", ""https://thumb.wikimedia.org/wikipedia/commons/thumb/3/3c/Central_Library_of_RUET.jpg/1280px-Central_Library_of_RUET.jpg?utm_source=en.wikipedia.org&utm_campaign=parser&utm_content=thumbnail""]","[{""title"": ""রাজশাহী প্রকৌশল ও প্রযুক্তি বিশ্ববিদ্যালয় ভর্তি তথ্য (Admission)"", ""url"": ""https://www.ruet.ac.bd/admission"", ""type"": ""admission""}, {""title"": ""রাজশাহী প্রকৌশল ও প্রযুক্তি বিশ্ববিদ্যালয় পরিচিতি ও ইতিহাস (About)"", ""url"": ""https://www.ruet.ac.bd/about"", ""type"": ""about""}, {""title"": ""রাজশাহী প্রকৌশল ও প্রযুক্তি বিশ্ববিদ্যালয় নোটিশ বোর্ড (Notice Board)"", ""url"": ""https://www.ruet.ac.bd/notices"", ""type"": ""notices""}, {""title"": ""রাজশাহী প্রকৌশল ও প্রযুক্তি বিশ্ববিদ্যালয় যোগাযোগ (Contact)"", ""url"": ""https://www.ruet.ac.bd/contact"", ""type"": ""contact""}]"
uni_crawler_39,খুলনা প্রকৌশল ও প্রযুক্তি বিশ্ববিদ্যালয়,Khulna University of Engineering & Technology,কুয়েট (KUET),Universities,,no_issue_detected,https://www.kuet.ac.bd,"খুলনা প্রকৌশল ও প্রযুক্তি বিশ্ববিদ্যালয়, খুলনায় ২০০৩ সালে গৃহীত, সিভিল ও ইলেকট্রিক্যাল প্রকৌশলে শীর্ষস্থানীয়।",22.8997,89.5024,https://thumb.wikimedia.org/wikipedia/en/thumb/7/74/Logo_KUET.svg/330px-Logo_KUET.svg.png?utm_source=en.wikipedia.org&utm_campaign=api&utm_content=thumbnail,https://thumb.wikimedia.org/wikipedia/en/thumb/7/74/Logo_KUET.svg/250px-Logo_KUET.svg.png?utm_source=en.wikipedia.org&utm_campaign=parser&utm_content=thumbnail,https://thumb.wikimedia.org/wikipedia/commons/thumb/1/13/Kuet_campus.jpg/1280px-Kuet_campus.jpg?utm_source=en.wikipedia.org&utm_campaign=parser&utm_content=thumbnail,https://thumb.wikimedia.org/wikipedia/commons/thumb/9/9f/Mechanical_Engineering_Building%2C_KUET.jpg/500px-Mechanical_Engineering_Building%2C_KUET.jpg?utm_source=en.wikipedia.org&utm_campaign=parser&utm_content=thumbnail,https://thumb.wikimedia.org/wikipedia/commons/thumb/9/96/Electrical_and_Electronic_Engineering_Building%2C_KUET.jpg/1280px-Electrical_and_Electronic_Engineering_Building%2C_KUET.jpg?utm_source=en.wikipedia.org&utm_campaign=parser&utm_content=thumbnail,"[""https://thumb.wikimedia.org/wikipedia/en/thumb/7/74/Logo_KUET.svg/330px-Logo_KUET.svg.png?utm_source=en.wikipedia.org&utm_campaign=api&utm_content=thumbnail"", ""https://thumb.wikimedia.org/wikipedia/en/thumb/7/74/Logo_KUET.svg/250px-Logo_KUET.svg.png?utm_source=en.wikipedia.org&utm_campaign=parser&utm_content=thumbnail"", ""https://thumb.wikimedia.org/wikipedia/commons/thumb/1/13/Kuet_campus.jpg/1280px-Kuet_campus.jpg?utm_source=en.wikipedia.org&utm_campaign=parser&utm_content=thumbnail"", ""https://thumb.wikimedia.org/wikipedia/commons/thumb/9/9f/Mechanical_Engineering_Building%2C_KUET.jpg/500px-Mechanical_Engineering_Building%2C_KUET.jpg?utm_source=en.wikipedia.org&utm_campaign=parser&utm_content=thumbnail"", ""https://thumb.wikimedia.org/wikipedia/commons/thumb/9/96/Electrical_and_Electronic_Engineering_Building%2C_KUET.jpg/1280px-Electrical_and_Electronic_Engineering_Building%2C_KUET.jpg?utm_source=en.wikipedia.org&utm_campaign=parser&utm_content=thumbnail""]","[{""title"": ""খুলনা প্রকৌশল ও প্রযুক্তি বিশ্ববিদ্যালয় ভর্তি তথ্য (Admission)"", ""url"": ""https://www.kuet.ac.bd/admission"", ""type"": ""admission""}, {""title"": ""খুলনা প্রকৌশল ও প্রযুক্তি বিশ্ববিদ্যালয় পরিচিতি ও ইতিহাস (About)"", ""url"": ""https://www.kuet.ac.bd/about"", ""type"": ""about""}, {""title"": ""খুলনা প্রকৌশল ও প্রযুক্তি বিশ্ববিদ্যালয় নোটিশ বোর্ড (Notice Board)"", ""url"": ""https://www.kuet.ac.bd/notices"", ""type"": ""notices""}, {""title"": ""খুলনা প্রকৌশল ও প্রযুক্তি বিশ্ববিদ্যালয় যোগাযোগ (Contact)"", ""url"": ""https://www.kuet.ac.bd/contact"", ""type"": ""contact""}]"
uni_crawler_40,চট্টগ্রাম প্রকৌশল ও প্রযুক্তি বিশ্ববিদ্যালয়,Chittagong University of Engineering & Technology,চুয়েট (CUET),Universities,,no_issue_detected,https://www.cuet.ac.bd,"চট্টগ্রাম প্রকৌশল ও প্রযুক্তি বিশ্ববিদ্যালয়, চট্টগ্রামে ২০০৩ সালে প্রতিষ্ঠিত, সমুদ্র‑প্রযুক্তি ও কম্পিউটার ইঞ্জিনিয়ারিংয়ে বিশেষজ্ঞ।",22.4633,91.9714,https://thumb.wikimedia.org/wikipedia/en/thumb/0/0e/CUET_Vector_Logo.svg/330px-CUET_Vector_Logo.svg.png?utm_source=en.wikipedia.org&utm_campaign=api&utm_content=thumbnail,https://thumb.wikimedia.org/wikipedia/en/thumb/0/0e/CUET_Vector_Logo.svg/330px-CUET_Vector_Logo.svg.png?utm_source=en.wikipedia.org&utm_campaign=parser&utm_content=thumbnail,https://thumb.wikimedia.org/wikipedia/commons/thumb/8/82/CUET_GATE.jpg/1280px-CUET_GATE.jpg?utm_source=en.wikipedia.org&utm_campaign=parser&utm_content=thumbnail,https://thumb.wikimedia.org/wikipedia/commons/thumb/c/ce/Language_Movement_monument_of_CUET_Uploaded_by_Rahat.jpg/500px-Language_Movement_monument_of_CUET_Uploaded_by_Rahat.jpg?utm_source=en.wikipedia.org&utm_campaign=parser&utm_content=thumbnail,https://thumb.wikimedia.org/wikipedia/commons/thumb/6/65/Chittagong_University_of_Engineering_%26_Technology_23.jpg/1280px-Chittagong_University_of_Engineering_%26_Technology_23.jpg?utm_source=en.wikipedia.org&utm_campaign=parser&utm_content=thumbnail,"[""https://thumb.wikimedia.org/wikipedia/en/thumb/0/0e/CUET_Vector_Logo.svg/330px-CUET_Vector_Logo.svg.png?utm_source=en.wikipedia.org&utm_campaign=api&utm_content=thumbnail"", ""https://thumb.wikimedia.org/wikipedia/en/thumb/0/0e/CUET_Vector_Logo.svg/330px-CUET_Vector_Logo.svg.png?utm_source=en.wikipedia.org&utm_campaign=parser&utm_content=thumbnail"", ""https://thumb.wikimedia.org/wikipedia/commons/thumb/8/82/CUET_GATE.jpg/1280px-CUET_GATE.jpg?utm_source=en.wikipedia.org&utm_campaign=parser&utm_content=thumbnail"", ""https://thumb.wikimedia.org/wikipedia/commons/thumb/c/ce/Language_Movement_monument_of_CUET_Uploaded_by_Rahat.jpg/500px-Language_Movement_monument_of_CUET_Uploaded_by_Rahat.jpg?utm_source=en.wikipedia.org&utm_campaign=parser&utm_content=thumbnail"", ""https://thumb.wikimedia.org/wikipedia/commons/thumb/6/65/Chittagong_University_of_Engineering_%26_Technology_23.jpg/1280px-Chittagong_University_of_Engineering_%26_Technology_23.jpg?utm_source=en.wikipedia.org&utm_campaign=parser&utm_content=thumbnail""]","[{""title"": ""চট্টগ্রাম প্রকৌশল ও প্রযুক্তি বিশ্ববিদ্যালয় ভর্তি তথ্য (Admission)"", ""url"": ""https://www.cuet.ac.bd/admission"", ""type"": ""admission""}, {""title"": ""চট্টগ্রাম প্রকৌশল ও প্রযুক্তি বিশ্ববিদ্যালয় পরিচিতি ও ইতিহাস (About)"", ""url"": ""https://www.cuet.ac.bd/about"", ""type"": ""about""}, {""title"": ""চট্টগ্রাম প্রকৌশল ও প্রযুক্তি বিশ্ববিদ্যালয় নোটিশ বোর্ড (Notice Board)"", ""url"": ""https://www.cuet.ac.bd/notices"", ""type"": ""notices""}, {""title"": ""চট্টগ্রাম প্রকৌশল ও প্রযুক্তি বিশ্ববিদ্যালয় যোগাযোগ (Contact)"", ""url"": ""https://www.cuet.ac.bd/contact"", ""type"": ""contact""}]"
uni_crawler_41,ঢাকা প্রকৌশল ও প্রযুক্তি বিশ্ববিদ্যালয়,Dhaka University of Engineering & Technology,ডুয়েট (DUET),Universities,,no_issue_detected,https://www.duet.ac.bd,"গাজীপুরের গোপালগঞ্জে অবস্থিত, ২০০০ সালে প্রতিষ্ঠিত, প্রকৌশল ও প্রযুক্তি ক্ষেত্রে বিশেষায়িত।",24.018,90.418,https://thumb.wikimedia.org/wikipedia/commons/thumb/5/55/DUET_Main_Gate_Updated.jpg/330px-DUET_Main_Gate_Updated.jpg?utm_source=en.wikipedia.org&utm_campaign=api&utm_content=thumbnail,https://thumb.wikimedia.org/wikipedia/commons/thumb/5/55/DUET_Main_Gate_Updated.jpg/1280px-DUET_Main_Gate_Updated.jpg?utm_source=en.wikipedia.org&utm_campaign=parser&utm_content=thumbnail,https://upload.wikimedia.org/wikipedia/commons/8/82/CrestofDUET.png?utm_source=en.wikipedia.org&utm_campaign=parser&utm_content=thumbnail_unscaled,https://thumb.wikimedia.org/wikipedia/commons/thumb/1/19/BIT%2C_Dhaka.jpg/500px-BIT%2C_Dhaka.jpg?utm_source=en.wikipedia.org&utm_campaign=parser&utm_content=thumbnail,https://thumb.wikimedia.org/wikipedia/commons/thumb/8/8c/Dhaka_University_of_Engineering_Technology.jpg/1280px-Dhaka_University_of_Engineering_Technology.jpg?utm_source=en.wikipedia.org&utm_campaign=parser&utm_content=thumbnail,"[""https://thumb.wikimedia.org/wikipedia/commons/thumb/5/55/DUET_Main_Gate_Updated.jpg/330px-DUET_Main_Gate_Updated.jpg?utm_source=en.wikipedia.org&utm_campaign=api&utm_content=thumbnail"", ""https://thumb.wikimedia.org/wikipedia/commons/thumb/5/55/DUET_Main_Gate_Updated.jpg/1280px-DUET_Main_Gate_Updated.jpg?utm_source=en.wikipedia.org&utm_campaign=parser&utm_content=thumbnail"", ""https://upload.wikimedia.org/wikipedia/commons/8/82/CrestofDUET.png?utm_source=en.wikipedia.org&utm_campaign=parser&utm_content=thumbnail_unscaled"", ""https://thumb.wikimedia.org/wikipedia/commons/thumb/1/19/BIT%2C_Dhaka.jpg/500px-BIT%2C_Dhaka.jpg?utm_source=en.wikipedia.org&utm_campaign=parser&utm_content=thumbnail"", ""https://thumb.wikimedia.org/wikipedia/commons/thumb/8/8c/Dhaka_University_of_Engineering_Technology.jpg/1280px-Dhaka_University_of_Engineering_Technology.jpg?utm_source=en.wikipedia.org&utm_campaign=parser&utm_content=thumbnail""]","[{""title"": ""ঢাকা প্রকৌশল ও প্রযুক্তি বিশ্ববিদ্যালয় ভর্তি তথ্য (Admission)"", ""url"": ""https://www.duet.ac.bd/admission"", ""type"": ""admission""}, {""title"": ""ঢাকা প্রকৌশল ও প্রযুক্তি বিশ্ববিদ্যালয় পরিচিতি ও ইতিহাস (About)"", ""url"": ""https://www.duet.ac.bd/about"", ""type"": ""about""}, {""title"": ""ঢাকা প্রকৌশল ও প্রযুক্তি বিশ্ববিদ্যালয় নোটিশ বোর্ড (Notice Board)"", ""url"": ""https://www.duet.ac.bd/notices"", ""type"": ""notices""}, {""title"": ""ঢাকা প্রকৌশল ও প্রযুক্তি বিশ্ববিদ্যালয় যোগাযোগ (Contact)"", ""url"": ""https://www.duet.ac.bd/contact"", ""type"": ""contact""}]"
uni_crawler_42,বাংলাদেশ কৃষি বিশ্ববিদ্যালয়,Bangladesh Agricultural University,বাকৃবি (BAU),Universities,,no_issue_detected,https://bau.edu.bd,"ময়মনসিংহে অবস্থিত, ১৯৬১ সালে প্রতিষ্ঠিত, কৃষি বিজ্ঞান ও প্রযুক্তির প্রধান কেন্দ্র।",24.7176,90.4286,https://thumb.wikimedia.org/wikipedia/en/thumb/a/a2/Bangladesh_Agriculture_University_logo.svg/330px-Bangladesh_Agriculture_University_logo.svg.png?utm_source=en.wikipedia.org&utm_campaign=api&utm_content=thumbnail,https://thumb.wikimedia.org/wikipedia/en/thumb/a/a2/Bangladesh_Agriculture_University_logo.svg/500px-Bangladesh_Agriculture_University_logo.svg.png?utm_source=en.wikipedia.org&utm_campaign=parser&utm_content=thumbnail,https://thumb.wikimedia.org/wikipedia/commons/thumb/c/cc/Bijoy_71_at_Bangladesh_Agricultural_University%28BAU%29.jpg/1280px-Bijoy_71_at_Bangladesh_Agricultural_University%28BAU%29.jpg?utm_source=en.wikipedia.org&utm_campaign=parser&utm_content=thumbnail,https://thumb.wikimedia.org/wikipedia/commons/thumb/6/65/East_Pakistan_Agricultural_University_master_plan_model.jpg/1280px-East_Pakistan_Agricultural_University_master_plan_model.jpg?utm_source=en.wikipedia.org&utm_campaign=parser&utm_content=thumbnail,https://thumb.wikimedia.org/wikipedia/commons/thumb/e/ed/Bangladesh_Agricultural_University_%28BAU%29.jpg/500px-Bangladesh_Agricultural_University_%28BAU%29.jpg?utm_source=en.wikipedia.org&utm_campaign=parser&utm_content=thumbnail,"[""https://thumb.wikimedia.org/wikipedia/en/thumb/a/a2/Bangladesh_Agriculture_University_logo.svg/330px-Bangladesh_Agriculture_University_logo.svg.png?utm_source=en.wikipedia.org&utm_campaign=api&utm_content=thumbnail"", ""https://thumb.wikimedia.org/wikipedia/en/thumb/a/a2/Bangladesh_Agriculture_University_logo.svg/500px-Bangladesh_Agriculture_University_logo.svg.png?utm_source=en.wikipedia.org&utm_campaign=parser&utm_content=thumbnail"", ""https://thumb.wikimedia.org/wikipedia/commons/thumb/c/cc/Bijoy_71_at_Bangladesh_Agricultural_University%28BAU%29.jpg/1280px-Bijoy_71_at_Bangladesh_Agricultural_University%28BAU%29.jpg?utm_source=en.wikipedia.org&utm_campaign=parser&utm_content=thumbnail"", ""https://thumb.wikimedia.org/wikipedia/commons/thumb/6/65/East_Pakistan_Agricultural_University_master_plan_model.jpg/1280px-East_Pakistan_Agricultural_University_master_plan_model.jpg?utm_source=en.wikipedia.org&utm_campaign=parser&utm_content=thumbnail"", ""https://thumb.wikimedia.org/wikipedia/commons/thumb/e/ed/Bangladesh_Agricultural_University_%28BAU%29.jpg/500px-Bangladesh_Agricultural_University_%28BAU%29.jpg?utm_source=en.wikipedia.org&utm_campaign=parser&utm_content=thumbnail""]","[{""title"": ""বাংলাদেশ কৃষি বিশ্ববিদ্যালয় ভর্তি তথ্য (Admission)"", ""url"": ""https://bau.edu.bd/admission"", ""type"": ""admission""}, {""title"": ""বাংলাদেশ কৃষি বিশ্ববিদ্যালয় পরিচিতি ও ইতিহাস (About)"", ""url"": ""https://bau.edu.bd/about"", ""type"": ""about""}, {""title"": ""বাংলাদেশ কৃষি বিশ্ববিদ্যালয় নোটিশ বোর্ড (Notice Board)"", ""url"": ""https://bau.edu.bd/notices"", ""type"": ""notices""}, {""title"": ""বাংলাদেশ কৃষি বিশ্ববিদ্যালয় যোগাযোগ (Contact)"", ""url"": ""https://bau.edu.bd/contact"", ""type"": ""contact""}]"
uni_crawler_43,গাজীপুর কৃষি বিশ্ববিদ্যালয়,Gazipur Agricultural University,জিএইউ (GAU),Universities,,no_issue_detected,https://www.gau.edu.bd,"গাজীপুরে অবস্থিত, ২০১৩ সালে প্রতিষ্ঠিত, আধুনিক কৃষি ও পরিবেশ গবেষণায় উৎকর্ষ।",23.75,90.38,https://upload.wikimedia.org/wikipedia/en/8/8b/Gazipur_Agricultural_University_Logo.png?utm_source=en.wikipedia.org&utm_campaign=api&utm_content=thumbnail_unscaled,https://upload.wikimedia.org/wikipedia/en/8/8b/Gazipur_Agricultural_University_Logo.png?utm_source=en.wikipedia.org&utm_campaign=parser&utm_content=thumbnail_unscaled,https://thumb.wikimedia.org/wikipedia/commons/thumb/a/ae/BSMRAU_Agri_New_Building.jpg/1280px-BSMRAU_Agri_New_Building.jpg?utm_source=en.wikipedia.org&utm_campaign=parser&utm_content=thumbnail,https://thumb.wikimedia.org/wikipedia/commons/thumb/7/70/Begum_Sufiya_Kamal_Auditorium%2C_BSMRAU.jpg/1280px-Begum_Sufiya_Kamal_Auditorium%2C_BSMRAU.jpg?utm_source=en.wikipedia.org&utm_campaign=parser&utm_content=thumbnail,https://thumb.wikimedia.org/wikipedia/commons/thumb/6/6e/Agriculture_Faculty_Building.jpg/500px-Agriculture_Faculty_Building.jpg?utm_source=en.wikipedia.org&utm_campaign=parser&utm_content=thumbnail,"[""https://upload.wikimedia.org/wikipedia/en/8/8b/Gazipur_Agricultural_University_Logo.png?utm_source=en.wikipedia.org&utm_campaign=api&utm_content=thumbnail_unscaled"", ""https://upload.wikimedia.org/wikipedia/en/8/8b/Gazipur_Agricultural_University_Logo.png?utm_source=en.wikipedia.org&utm_campaign=parser&utm_content=thumbnail_unscaled"", ""https://thumb.wikimedia.org/wikipedia/commons/thumb/a/ae/BSMRAU_Agri_New_Building.jpg/1280px-BSMRAU_Agri_New_Building.jpg?utm_source=en.wikipedia.org&utm_campaign=parser&utm_content=thumbnail"", ""https://thumb.wikimedia.org/wikipedia/commons/thumb/7/70/Begum_Sufiya_Kamal_Auditorium%2C_BSMRAU.jpg/1280px-Begum_Sufiya_Kamal_Auditorium%2C_BSMRAU.jpg?utm_source=en.wikipedia.org&utm_campaign=parser&utm_content=thumbnail"", ""https://thumb.wikimedia.org/wikipedia/commons/thumb/6/6e/Agriculture_Faculty_Building.jpg/500px-Agriculture_Faculty_Building.jpg?utm_source=en.wikipedia.org&utm_campaign=parser&utm_content=thumbnail""]","[{""title"": ""গাজীপুর কৃষি বিশ্ববিদ্যালয় ভর্তি তথ্য (Admission)"", ""url"": ""https://www.gau.edu.bd/admission"", ""type"": ""admission""}, {""title"": ""গাজীপুর কৃষি বিশ্ববিদ্যালয় পরিচিতি ও ইতিহাস (About)"", ""url"": ""https://www.gau.edu.bd/about"", ""type"": ""about""}, {""title"": ""গাজীপুর কৃষি বিশ্ববিদ্যালয় নোটিশ বোর্ড (Notice Board)"", ""url"": ""https://www.gau.edu.bd/notices"", ""type"": ""notices""}, {""title"": ""গাজীপুর কৃষি বিশ্ববিদ্যালয় যোগাযোগ (Contact)"", ""url"": ""https://www.gau.edu.bd/contact"", ""type"": ""contact""}]"
uni_crawler_44,শেরেবাংলা কৃষি বিশ্ববিদ্যালয়,Sher-e-Bangla Agricultural University,শেকৃবি (SBAU),Universities,,no_issue_detected,https://sau.edu.bd,"পঞ্চগড়ে অবস্থিত, ১৯৯৯ সালে প্রতিষ্ঠিত, কৃষি ও প্রাণী বিজ্ঞান শিক্ষায় অগ্রণী।",23.7709,90.3705,https://upload.wikimedia.org/wikipedia/en/d/d5/Sher-e-Bangla_Agricultural_University_Logo.png?utm_source=en.wikipedia.org&utm_campaign=api&utm_content=thumbnail_unscaled,https://upload.wikimedia.org/wikipedia/en/d/d5/Sher-e-Bangla_Agricultural_University_Logo.png?utm_source=en.wikipedia.org&utm_campaign=parser&utm_content=thumbnail_unscaled,https://thumb.wikimedia.org/wikipedia/commons/thumb/4/46/Sher-e-Bangla_Agricultural_University.jpg/1280px-Sher-e-Bangla_Agricultural_University.jpg?utm_source=en.wikipedia.org&utm_campaign=parser&utm_content=thumbnail,https://thumb.wikimedia.org/wikipedia/commons/thumb/4/49/Sher-e-Bangla_Agricultural_University%2C_Jubair.jpg/1280px-Sher-e-Bangla_Agricultural_University%2C_Jubair.jpg?utm_source=en.wikipedia.org&utm_campaign=parser&utm_content=thumbnail,,"[""https://upload.wikimedia.org/wikipedia/en/d/d5/Sher-e-Bangla_Agricultural_University_Logo.png?utm_source=en.wikipedia.org&utm_campaign=api&utm_content=thumbnail_unscaled"", ""https://upload.wikimedia.org/wikipedia/en/d/d5/Sher-e-Bangla_Agricultural_University_Logo.png?utm_source=en.wikipedia.org&utm_campaign=parser&utm_content=thumbnail_unscaled"", ""https://thumb.wikimedia.org/wikipedia/commons/thumb/4/46/Sher-e-Bangla_Agricultural_University.jpg/1280px-Sher-e-Bangla_Agricultural_University.jpg?utm_source=en.wikipedia.org&utm_campaign=parser&utm_content=thumbnail"", ""https://thumb.wikimedia.org/wikipedia/commons/thumb/4/49/Sher-e-Bangla_Agricultural_University%2C_Jubair.jpg/1280px-Sher-e-Bangla_Agricultural_University%2C_Jubair.jpg?utm_source=en.wikipedia.org&utm_campaign=parser&utm_content=thumbnail""]","[{""title"": ""শেরেবাংলা কৃষি বিশ্ববিদ্যালয় ভর্তি তথ্য (Admission)"", ""url"": ""https://sau.edu.bd/admission"", ""type"": ""admission""}, {""title"": ""শেরেবাংলা কৃষি বিশ্ববিদ্যালয় পরিচিতি ও ইতিহাস (About)"", ""url"": ""https://sau.edu.bd/about"", ""type"": ""about""}, {""title"": ""শেরেবাংলা কৃষি বিশ্ববিদ্যালয় নোটিশ বোর্ড (Notice Board)"", ""url"": ""https://sau.edu.bd/notices"", ""type"": ""notices""}, {""title"": ""শেরেবাংলা কৃষি বিশ্ববিদ্যালয় যোগাযোগ (Contact)"", ""url"": ""https://sau.edu.bd/contact"", ""type"": ""contact""}]"
uni_crawler_45,সিলেট কৃষি বিশ্ববিদ্যালয়,Sylhet Agricultural University,সিকৃবি (SAU),Universities,,no_issue_detected,https://sau.ac.bd,"সিলেটে অবস্থিত, ২০০১ সালে প্রতিষ্ঠিত, কৃষি ও মৎস্য বিজ্ঞান ক্ষেত্রে বিশেষজ্ঞ।",24.9083,91.8986,https://upload.wikimedia.org/wikipedia/en/3/3d/StAU_logo_main.jpeg?utm_source=en.wikipedia.org&utm_campaign=api&utm_content=thumbnail_unscaled,https://upload.wikimedia.org/wikipedia/en/3/3d/StAU_logo_main.jpeg?utm_source=en.wikipedia.org&utm_campaign=parser&utm_content=thumbnail_unscaled,,,,"[""https://upload.wikimedia.org/wikipedia/en/3/3d/StAU_logo_main.jpeg?utm_source=en.wikipedia.org&utm_campaign=api&utm_content=thumbnail_unscaled"", ""https://upload.wikimedia.org/wikipedia/en/3/3d/StAU_logo_main.jpeg?utm_source=en.wikipedia.org&utm_campaign=parser&utm_content=thumbnail_unscaled""]","[{""title"": ""সিলেট কৃষি বিশ্ববিদ্যালয় ভর্তি তথ্য (Admission)"", ""url"": ""https://sau.ac.bd/admission"", ""type"": ""admission""}, {""title"": ""সিলেট কৃষি বিশ্ববিদ্যালয় পরিচিতি ও ইতিহাস (About)"", ""url"": ""https://sau.ac.bd/about"", ""type"": ""about""}, {""title"": ""সিলেট কৃষি বিশ্ববিদ্যালয় নোটিশ বোর্ড (Notice Board)"", ""url"": ""https://sau.ac.bd/notices"", ""type"": ""notices""}, {""title"": ""সিলেট কৃষি বিশ্ববিদ্যালয় যোগাযোগ (Contact)"", ""url"": ""https://sau.ac.bd/contact"", ""type"": ""contact""}]"
uni_crawler_46,খুলনা কৃষি বিশ্ববিদ্যালয়,Khulna Agricultural University,কেএইউ (KAU),Universities,,no_issue_detected,https://kau.edu.bd,"খুলনায় অবস্থিত, ২০১৩ সালে প্রতিষ্ঠিত, কৃষি ও সমুদ্র বিজ্ঞান শিক্ষায় সমৃদ্ধ।",22.85,89.53,https://thumb.wikimedia.org/wikipedia/en/thumb/d/db/Khulna_Agricultural_University_logo.svg/330px-Khulna_Agricultural_University_logo.svg.png?utm_source=en.wikipedia.org&utm_campaign=api&utm_content=thumbnail,https://thumb.wikimedia.org/wikipedia/en/thumb/d/db/Khulna_Agricultural_University_logo.svg/500px-Khulna_Agricultural_University_logo.svg.png?utm_source=en.wikipedia.org&utm_campaign=parser&utm_content=thumbnail,,,,"[""https://thumb.wikimedia.org/wikipedia/en/thumb/d/db/Khulna_Agricultural_University_logo.svg/330px-Khulna_Agricultural_University_logo.svg.png?utm_source=en.wikipedia.org&utm_campaign=api&utm_content=thumbnail"", ""https://thumb.wikimedia.org/wikipedia/en/thumb/d/db/Khulna_Agricultural_University_logo.svg/500px-Khulna_Agricultural_University_logo.svg.png?utm_source=en.wikipedia.org&utm_campaign=parser&utm_content=thumbnail""]","[{""title"": ""খুলনা কৃষি বিশ্ববিদ্যালয় ভর্তি তথ্য (Admission)"", ""url"": ""https://kau.edu.bd/admission"", ""type"": ""admission""}, {""title"": ""খুলনা কৃষি বিশ্ববিদ্যালয় পরিচিতি ও ইতিহাস (About)"", ""url"": ""https://kau.edu.bd/about"", ""type"": ""about""}, {""title"": ""খুলনা কৃষি বিশ্ববিদ্যালয় নোটিশ বোর্ড (Notice Board)"", ""url"": ""https://kau.edu.bd/notices"", ""type"": ""notices""}, {""title"": ""খুলনা কৃষি বিশ্ববিদ্যালয় যোগাযোগ (Contact)"", ""url"": ""https://kau.edu.bd/contact"", ""type"": ""contact""}]"
uni_crawler_47,হবিগঞ্জ কৃষি বিশ্ববিদ্যালয়,Habiganj Agricultural University,এইচএইউ (HAU),Universities,,no_issue_detected,https://www.hau.edu.bd,"হবিগঞ্জে অবস্থিত, ২০২১ সালে প্রতিষ্ঠিত, কৃষি ও কৃষি প্রকৌশল গবেষণায় মনোযোগী।",23.75,90.38,https://thumb.wikimedia.org/wikipedia/commons/thumb/e/e9/Habiganj_Agricultural_University_logo.png/330px-Habiganj_Agricultural_University_logo.png?utm_source=en.wikipedia.org&utm_campaign=api&utm_content=thumbnail,https://thumb.wikimedia.org/wikipedia/commons/thumb/e/e9/Habiganj_Agricultural_University_logo.png/1280px-Habiganj_Agricultural_University_logo.png?utm_source=en.wikipedia.org&utm_campaign=parser&utm_content=thumbnail,https://thumb.wikimedia.org/wikipedia/commons/thumb/d/df/Haufront.jpg/250px-Haufront.jpg?utm_source=en.wikipedia.org&utm_campaign=parser&utm_content=thumbnail,https://thumb.wikimedia.org/wikipedia/commons/thumb/5/51/Haucampus2.jpg/250px-Haucampus2.jpg?utm_source=en.wikipedia.org&utm_campaign=parser&utm_content=thumbnail,https://thumb.wikimedia.org/wikipedia/commons/thumb/2/25/Haubacky.jpg/250px-Haubacky.jpg?utm_source=en.wikipedia.org&utm_campaign=parser&utm_content=thumbnail,"[""https://thumb.wikimedia.org/wikipedia/commons/thumb/e/e9/Habiganj_Agricultural_University_logo.png/330px-Habiganj_Agricultural_University_logo.png?utm_source=en.wikipedia.org&utm_campaign=api&utm_content=thumbnail"", ""https://thumb.wikimedia.org/wikipedia/commons/thumb/e/e9/Habiganj_Agricultural_University_logo.png/1280px-Habiganj_Agricultural_University_logo.png?utm_source=en.wikipedia.org&utm_campaign=parser&utm_content=thumbnail"", ""https://thumb.wikimedia.org/wikipedia/commons/thumb/d/df/Haufront.jpg/250px-Haufront.jpg?utm_source=en.wikipedia.org&utm_campaign=parser&utm_content=thumbnail"", ""https://thumb.wikimedia.org/wikipedia/commons/thumb/5/51/Haucampus2.jpg/250px-Haucampus2.jpg?utm_source=en.wikipedia.org&utm_campaign=parser&utm_content=thumbnail"", ""https://thumb.wikimedia.org/wikipedia/commons/thumb/2/25/Haubacky.jpg/250px-Haubacky.jpg?utm_source=en.wikipedia.org&utm_campaign=parser&utm_content=thumbnail""]","[{""title"": ""হবিগঞ্জ কৃষি বিশ্ববিদ্যালয় ভর্তি তথ্য (Admission)"", ""url"": ""https://www.hau.edu.bd/admission"", ""type"": ""admission""}, {""title"": ""হবিগঞ্জ কৃষি বিশ্ববিদ্যালয় পরিচিতি ও ইতিহাস (About)"", ""url"": ""https://www.hau.edu.bd/about"", ""type"": ""about""}, {""title"": ""হবিগঞ্জ কৃষি বিশ্ববিদ্যালয় নোটিশ বোর্ড (Notice Board)"", ""url"": ""https://www.hau.edu.bd/notices"", ""type"": ""notices""}, {""title"": ""হবিগঞ্জ কৃষি বিশ্ববিদ্যালয় যোগাযোগ (Contact)"", ""url"": ""https://www.hau.edu.bd/contact"", ""type"": ""contact""}]"
uni_crawler_48,কুড়িগ্রাম কৃষি বিশ্ববিদ্যালয়,Kurigram Agricultural University,কেইউআরআইএইউ (KuriAU),Universities,,no_issue_detected,https://www.kuriau.edu.bd,"কুড়িগ্রামে অবস্থিত, ২০২২ সালে প্রতিষ্ঠিত, কৃষি ও কৃষি অর্থনীতির ওপর বিশেষায়িত।",23.75,90.38,https://upload.wikimedia.org/wikipedia/commons/thumb/c/cb/Dhaka_University_logo.svg/300px-Dhaka_University_logo.svg.png,,,,,"[""https://upload.wikimedia.org/wikipedia/commons/thumb/c/cb/Dhaka_University_logo.svg/300px-Dhaka_University_logo.svg.png""]","[{""title"": ""কুড়িগ্রাম কৃষি বিশ্ববিদ্যালয় ভর্তি তথ্য (Admission)"", ""url"": ""https://www.kuriau.edu.bd/admission"", ""type"": ""admission""}, {""title"": ""কুড়িগ্রাম কৃষি বিশ্ববিদ্যালয় পরিচিতি ও ইতিহাস (About)"", ""url"": ""https://www.kuriau.edu.bd/about"", ""type"": ""about""}, {""title"": ""কুড়িগ্রাম কৃষি বিশ্ববিদ্যালয় নোটিশ বোর্ড (Notice Board)"", ""url"": ""https://www.kuriau.edu.bd/notices"", ""type"": ""notices""}, {""title"": ""কুড়িগ্রাম কৃষি বিশ্ববিদ্যালয় যোগাযোগ (Contact)"", ""url"": ""https://www.kuriau.edu.bd/contact"", ""type"": ""contact""}]"
uni_crawler_49,শরীয়তপুর কৃষি বিশ্ববিদ্যালয়,Shariatpur Agriculture University,এসএইচএইউ (ShAU),Universities,,no_issue_detected,https://www.shau.edu.bd,"শরীয়তপুরে অবস্থিত, ২০২২ সালে প্রতিষ্ঠিত, কৃষি ও পরিবেশ বিজ্ঞান শিক্ষায় নতুন দিগন্ত।",23.75,90.38,https://upload.wikimedia.org/wikipedia/commons/thumb/c/cb/Dhaka_University_logo.svg/300px-Dhaka_University_logo.svg.png,,,,,"[""https://upload.wikimedia.org/wikipedia/commons/thumb/c/cb/Dhaka_University_logo.svg/300px-Dhaka_University_logo.svg.png""]","[{""title"": ""শরীয়তপুর কৃষি বিশ্ববিদ্যালয় ভর্তি তথ্য (Admission)"", ""url"": ""https://www.shau.edu.bd/admission"", ""type"": ""admission""}, {""title"": ""শরীয়তপুর কৃষি বিশ্ববিদ্যালয় পরিচিতি ও ইতিহাস (About)"", ""url"": ""https://www.shau.edu.bd/about"", ""type"": ""about""}, {""title"": ""শরীয়তপুর কৃষি বিশ্ববিদ্যালয় নোটিশ বোর্ড (Notice Board)"", ""url"": ""https://www.shau.edu.bd/notices"", ""type"": ""notices""}, {""title"": ""শরীয়তপুর কৃষি বিশ্ববিদ্যালয় যোগাযোগ (Contact)"", ""url"": ""https://www.shau.edu.bd/contact"", ""type"": ""contact""}]"
uni_crawler_50,বাংলাদেশ মেডিকেল বিশ্ববিদ্যালয়,Bangladesh Medical University,বিএমইউ (BMU),Universities,,no_issue_detected,https://www.bmu.edu.bd,"ঢাকায় অবস্থিত, ২০১৭ সালে প্রতিষ্ঠিত, চিকিৎসা ও স্বাস্থ্য বিজ্ঞান শিক্ষার কেন্দ্র।",23.75,90.38,https://upload.wikimedia.org/wikipedia/en/6/6b/Bangladesh_Medical_University_Logo.png?utm_source=en.wikipedia.org&utm_campaign=api&utm_content=thumbnail_unscaled,https://upload.wikimedia.org/wikipedia/en/6/6b/Bangladesh_Medical_University_Logo.png?utm_source=en.wikipedia.org&utm_campaign=parser&utm_content=thumbnail_unscaled,https://thumb.wikimedia.org/wikipedia/commons/thumb/2/23/%E0%A6%AC%E0%A6%99%E0%A7%8D%E0%A6%97%E0%A6%AC%E0%A6%A8%E0%A7%8D%E0%A6%A7%E0%A7%81_%E0%A6%B6%E0%A7%87%E0%A6%96_%E0%A6%AE%E0%A7%81%E0%A6%9C%E0%A6%BF%E0%A6%AC_%E0%A6%AE%E0%A7%87%E0%A6%A1%E0%A6%BF%E0%A6%95%E0%A7%8D%E0%A6%AF%E0%A6%BE%E0%A6%B2_%E0%A6%AC%E0%A6%BF%E0%A6%B6%E0%A7%8D%E0%A6%AC%E0%A6%AC%E0%A6%BF%E0%A6%A6%E0%A7%8D%E0%A6%AF%E0%A6%BE%E0%A6%B2%E0%A6%AF%E0%A6%BC_%E0%A6%AA%E0%A7%8D%E0%A6%B0%E0%A6%A7%E0%A6%BE%E0%A6%A8_%E0%A6%AB%E0%A6%9F%E0%A6%95.jpg/250px-%E0%A6%AC%E0%A6%99%E0%A7%8D%E0%A6%97%E0%A6%AC%E0%A6%A8%E0%A7%8D%E0%A6%A7%E0%A7%81_%E0%A6%B6%E0%A7%87%E0%A6%96_%E0%A6%AE%E0%A7%81%E0%A6%9C%E0%A6%BF%E0%A6%AC_%E0%A6%AE%E0%A7%87%E0%A6%A1%E0%A6%BF%E0%A6%95%E0%A7%8D%E0%A6%AF%E0%A6%BE%E0%A6%B2_%E0%A6%AC%E0%A6%BF%E0%A6%B6%E0%A7%8D%E0%A6%AC%E0%A6%AC%E0%A6%BF%E0%A6%A6%E0%A7%8D%E0%A6%AF%E0%A6%BE%E0%A6%B2%E0%A6%AF%E0%A6%BC_%E0%A6%AA%E0%A7%8D%E0%A6%B0%E0%A6%A7%E0%A6%BE%E0%A6%A8_%E0%A6%AB%E0%A6%9F%E0%A6%95.jpg?utm_source=en.wikipedia.org&utm_campaign=parser&utm_content=thumbnail,https://thumb.wikimedia.org/wikipedia/commons/thumb/c/cb/Layout_of_BSMMU_campus.jpg/250px-Layout_of_BSMMU_campus.jpg?utm_source=en.wikipedia.org&utm_campaign=parser&utm_content=thumbnail,https://thumb.wikimedia.org/wikipedia/commons/thumb/4/4c/BSMMU_A_block.jpg/250px-BSMMU_A_block.jpg?utm_source=en.wikipedia.org&utm_campaign=parser&utm_content=thumbnail,"[""https://upload.wikimedia.org/wikipedia/en/6/6b/Bangladesh_Medical_University_Logo.png?utm_source=en.wikipedia.org&utm_campaign=api&utm_content=thumbnail_unscaled"", ""https://upload.wikimedia.org/wikipedia/en/6/6b/Bangladesh_Medical_University_Logo.png?utm_source=en.wikipedia.org&utm_campaign=parser&utm_content=thumbnail_unscaled"", ""https://thumb.wikimedia.org/wikipedia/commons/thumb/2/23/%E0%A6%AC%E0%A6%99%E0%A7%8D%E0%A6%97%E0%A6%AC%E0%A6%A8%E0%A7%8D%E0%A6%A7%E0%A7%81_%E0%A6%B6%E0%A7%87%E0%A6%96_%E0%A6%AE%E0%A7%81%E0%A6%9C%E0%A6%BF%E0%A6%AC_%E0%A6%AE%E0%A7%87%E0%A6%A1%E0%A6%BF%E0%A6%95%E0%A7%8D%E0%A6%AF%E0%A6%BE%E0%A6%B2_%E0%A6%AC%E0%A6%BF%E0%A6%B6%E0%A7%8D%E0%A6%AC%E0%A6%AC%E0%A6%BF%E0%A6%A6%E0%A7%8D%E0%A6%AF%E0%A6%BE%E0%A6%B2%E0%A6%AF%E0%A6%BC_%E0%A6%AA%E0%A7%8D%E0%A6%B0%E0%A6%A7%E0%A6%BE%E0%A6%A8_%E0%A6%AB%E0%A6%9F%E0%A6%95.jpg/250px-%E0%A6%AC%E0%A6%99%E0%A7%8D%E0%A6%97%E0%A6%AC%E0%A6%A8%E0%A7%8D%E0%A6%A7%E0%A7%81_%E0%A6%B6%E0%A7%87%E0%A6%96_%E0%A6%AE%E0%A7%81%E0%A6%9C%E0%A6%BF%E0%A6%AC_%E0%A6%AE%E0%A7%87%E0%A6%A1%E0%A6%BF%E0%A6%95%E0%A7%8D%E0%A6%AF%E0%A6%BE%E0%A6%B2_%E0%A6%AC%E0%A6%BF%E0%A6%B6%E0%A7%8D%E0%A6%AC%E0%A6%AC%E0%A6%BF%E0%A6%A6%E0%A7%8D%E0%A6%AF%E0%A6%BE%E0%A6%B2%E0%A6%AF%E0%A6%BC_%E0%A6%AA%E0%A7%8D%E0%A6%B0%E0%A6%A7%E0%A6%BE%E0%A6%A8_%E0%A6%AB%E0%A6%9F%E0%A6%95.jpg?utm_source=en.wikipedia.org&utm_campaign=parser&utm_content=thumbnail"", ""https://thumb.wikimedia.org/wikipedia/commons/thumb/c/cb/Layout_of_BSMMU_campus.jpg/250px-Layout_of_BSMMU_campus.jpg?utm_source=en.wikipedia.org&utm_campaign=parser&utm_content=thumbnail"", ""https://thumb.wikimedia.org/wikipedia/commons/thumb/4/4c/BSMMU_A_block.jpg/250px-BSMMU_A_block.jpg?utm_source=en.wikipedia.org&utm_campaign=parser&utm_content=thumbnail""]","[{""title"": ""বাংলাদেশ মেডিকেল বিশ্ববিদ্যালয় ভর্তি তথ্য (Admission)"", ""url"": ""https://www.bmu.edu.bd/admission"", ""type"": ""admission""}, {""title"": ""বাংলাদেশ মেডিকেল বিশ্ববিদ্যালয় পরিচিতি ও ইতিহাস (About)"", ""url"": ""https://www.bmu.edu.bd/about"", ""type"": ""about""}, {""title"": ""বাংলাদেশ মেডিকেল বিশ্ববিদ্যালয় নোটিশ বোর্ড (Notice Board)"", ""url"": ""https://www.bmu.edu.bd/notices"", ""type"": ""notices""}, {""title"": ""বাংলাদেশ মেডিকেল বিশ্ববিদ্যালয় যোগাযোগ (Contact)"", ""url"": ""https://www.bmu.edu.bd/contact"", ""type"": ""contact""}]"
uni_crawler_51,চট্টগ্রাম মেডিকেল বিশ্ববিদ্যালয়,Chittagong Medical University,সিএমইউ (CMU),Universities,,no_issue_detected,https://www.cmu.edu.bd,"চট্টগ্রাম মেডিকেল বিশ্ববিদ্যালয়, চট্টগ্রাম হালিশহরে অবস্থিত, ২০১৭ সালে প্রতিষ্ঠিত এবং চিকিৎসা ও স্বাস্থ্যবিজ্ঞানে বিশেষায়িত।",23.75,90.38,https://upload.wikimedia.org/wikipedia/commons/thumb/c/cb/Dhaka_University_logo.svg/300px-Dhaka_University_logo.svg.png,,,,,"[""https://upload.wikimedia.org/wikipedia/commons/thumb/c/cb/Dhaka_University_logo.svg/300px-Dhaka_University_logo.svg.png""]","[{""title"": ""চট্টগ্রাম মেডিকেল বিশ্ববিদ্যালয় ভর্তি তথ্য (Admission)"", ""url"": ""https://www.cmu.edu.bd/admission"", ""type"": ""admission""}, {""title"": ""চট্টগ্রাম মেডিকেল বিশ্ববিদ্যালয় পরিচিতি ও ইতিহাস (About)"", ""url"": ""https://www.cmu.edu.bd/about"", ""type"": ""about""}, {""title"": ""চট্টগ্রাম মেডিকেল বিশ্ববিদ্যালয় নোটিশ বোর্ড (Notice Board)"", ""url"": ""https://www.cmu.edu.bd/notices"", ""type"": ""notices""}, {""title"": ""চট্টগ্রাম মেডিকেল বিশ্ববিদ্যালয় যোগাযোগ (Contact)"", ""url"": ""https://www.cmu.edu.bd/contact"", ""type"": ""contact""}]"
uni_crawler_52,রাজশাহী মেডিকেল বিশ্ববিদ্যালয়,Rajshahi Medical University,আরএমইউ (RMU),Universities,,no_issue_detected,https://www.rmu.edu.bd,"রাজশাহী মেডিকেল বিশ্ববিদ্যালয়, রাজশাহী শহরে ২০১৭ সালে গঠিত, চিকিৎসা শিক্ষা ও গবেষণার কেন্দ্র।",23.75,90.38,https://upload.wikimedia.org/wikipedia/en/4/4c/Rajshahi_Medical_University_logo.png?utm_source=en.wikipedia.org&utm_campaign=api&utm_content=thumbnail_unscaled,https://upload.wikimedia.org/wikipedia/en/4/4c/Rajshahi_Medical_University_logo.png?utm_source=en.wikipedia.org&utm_campaign=parser&utm_content=thumbnail_unscaled,,,,"[""https://upload.wikimedia.org/wikipedia/en/4/4c/Rajshahi_Medical_University_logo.png?utm_source=en.wikipedia.org&utm_campaign=api&utm_content=thumbnail_unscaled"", ""https://upload.wikimedia.org/wikipedia/en/4/4c/Rajshahi_Medical_University_logo.png?utm_source=en.wikipedia.org&utm_campaign=parser&utm_content=thumbnail_unscaled""]","[{""title"": ""রাজশাহী মেডিকেল বিশ্ববিদ্যালয় ভর্তি তথ্য (Admission)"", ""url"": ""https://www.rmu.edu.bd/admission"", ""type"": ""admission""}, {""title"": ""রাজশাহী মেডিকেল বিশ্ববিদ্যালয় পরিচিতি ও ইতিহাস (About)"", ""url"": ""https://www.rmu.edu.bd/about"", ""type"": ""about""}, {""title"": ""রাজশাহী মেডিকেল বিশ্ববিদ্যালয় নোটিশ বোর্ড (Notice Board)"", ""url"": ""https://www.rmu.edu.bd/notices"", ""type"": ""notices""}, {""title"": ""রাজশাহী মেডিকেল বিশ্ববিদ্যালয় যোগাযোগ (Contact)"", ""url"": ""https://www.rmu.edu.bd/contact"", ""type"": ""contact""}]"
uni_crawler_53,সিলেট মেডিকেল বিশ্ববিদ্যালয়,Sylhet Medical University,এসএমইউ (SMU),Universities,,no_issue_detected,https://www.smu.edu.bd,"সিলেট মেডিকেল বিশ্ববিদ্যালয়, সিলেটের বালুকাবাজারে ২০১৭ সালে প্রতিষ্ঠিত, মেডিকেল ও স্বাস্থ্যবিজ্ঞানের প্রশিক্ষণ প্রদান করে।",23.75,90.38,https://upload.wikimedia.org/wikipedia/en/2/20/Logo_of_Sylhet_Medical_University.png?utm_source=en.wikipedia.org&utm_campaign=api&utm_content=thumbnail_unscaled,https://upload.wikimedia.org/wikipedia/en/2/20/Logo_of_Sylhet_Medical_University.png?utm_source=en.wikipedia.org&utm_campaign=parser&utm_content=thumbnail_unscaled,,,,"[""https://upload.wikimedia.org/wikipedia/en/2/20/Logo_of_Sylhet_Medical_University.png?utm_source=en.wikipedia.org&utm_campaign=api&utm_content=thumbnail_unscaled"", ""https://upload.wikimedia.org/wikipedia/en/2/20/Logo_of_Sylhet_Medical_University.png?utm_source=en.wikipedia.org&utm_campaign=parser&utm_content=thumbnail_unscaled""]","[{""title"": ""সিলেট মেডিকেল বিশ্ববিদ্যালয় ভর্তি তথ্য (Admission)"", ""url"": ""https://www.smu.edu.bd/admission"", ""type"": ""admission""}, {""title"": ""সিলেট মেডিকেল বিশ্ববিদ্যালয় পরিচিতি ও ইতিহাস (About)"", ""url"": ""https://www.smu.edu.bd/about"", ""type"": ""about""}, {""title"": ""সিলেট মেডিকেল বিশ্ববিদ্যালয় নোটিশ বোর্ড (Notice Board)"", ""url"": ""https://www.smu.edu.bd/notices"", ""type"": ""notices""}, {""title"": ""সিলেট মেডিকেল বিশ্ববিদ্যালয় যোগাযোগ (Contact)"", ""url"": ""https://www.smu.edu.bd/contact"", ""type"": ""contact""}]"
uni_crawler_54,খুলনা মেডিকেল বিশ্ববিদ্যালয়,Khulna Medical University,কেএমইউ (KMU),Universities,,no_issue_detected,https://www.kmu.edu.bd,"খুলনা মেডিকেল বিশ্ববিদ্যালয়, খুলনা শহরে ২০১৭ সালে গৃহীত, চিকিৎসা ও স্বাস্থ্যসেবা শিক্ষায় মনোযোগী।",23.75,90.38,https://upload.wikimedia.org/wikipedia/en/d/d0/Khulna_Medical_University_logo.png?utm_source=en.wikipedia.org&utm_campaign=api&utm_content=thumbnail_unscaled,https://upload.wikimedia.org/wikipedia/en/d/d0/Khulna_Medical_University_logo.png?utm_source=en.wikipedia.org&utm_campaign=parser&utm_content=thumbnail_unscaled,,,,"[""https://upload.wikimedia.org/wikipedia/en/d/d0/Khulna_Medical_University_logo.png?utm_source=en.wikipedia.org&utm_campaign=api&utm_content=thumbnail_unscaled"", ""https://upload.wikimedia.org/wikipedia/en/d/d0/Khulna_Medical_University_logo.png?utm_source=en.wikipedia.org&utm_campaign=parser&utm_content=thumbnail_unscaled""]","[{""title"": ""খুলনা মেডিকেল বিশ্ববিদ্যালয় ভর্তি তথ্য (Admission)"", ""url"": ""https://www.kmu.edu.bd/admission"", ""type"": ""admission""}, {""title"": ""খুলনা মেডিকেল বিশ্ববিদ্যালয় পরিচিতি ও ইতিহাস (About)"", ""url"": ""https://www.kmu.edu.bd/about"", ""type"": ""about""}, {""title"": ""খুলনা মেডিকেল বিশ্ববিদ্যালয় নোটিশ বোর্ড (Notice Board)"", ""url"": ""https://www.kmu.edu.bd/notices"", ""type"": ""notices""}, {""title"": ""খুলনা মেডিকেল বিশ্ববিদ্যালয় যোগাযোগ (Contact)"", ""url"": ""https://www.kmu.edu.bd/contact"", ""type"": ""contact""}]"
uni_crawler_55,চট্টগ্রাম ভেটেরিনারি ও এনিম্যাল সায়েন্সেস বিশ্ববিদ্যালয়,Chittagong Veterinary and Animal Sciences University,সিভিএএসইউ (CVASU),Universities,,no_issue_detected,https://www.cvasu.edu.bd,"চট্টগ্রাম ভেটেরিনারি ও এনিম্যাল সায়েন্সেস বিশ্ববিদ্যালয়, চট্টগ্রাম হালিশহরে ১৯৯৯ সালে প্রতিষ্ঠিত, পশু চিকিৎসা ও প্রাণী বিজ্ঞান ক্ষেত্রে শীর্ষস্থানীয়।",23.75,90.38,https://upload.wikimedia.org/wikipedia/en/a/a3/Chittagong_Veterinary_and_Animal_Sciences_University_logo.jpg?utm_source=en.wikipedia.org&utm_campaign=api&utm_content=thumbnail_unscaled,https://upload.wikimedia.org/wikipedia/en/a/a3/Chittagong_Veterinary_and_Animal_Sciences_University_logo.jpg?utm_source=en.wikipedia.org&utm_campaign=parser&utm_content=thumbnail_unscaled,https://thumb.wikimedia.org/wikipedia/en/thumb/f/fb/Foundation_stone_laying_ceremony_of_CGVC%3B_seated_are_Abdullah_Al_Noman_and_Khaleda_Zia%2C_1995.jpg/330px-Foundation_stone_laying_ceremony_of_CGVC%3B_seated_are_Abdullah_Al_Noman_and_Khaleda_Zia%2C_1995.jpg?utm_source=en.wikipedia.org&utm_campaign=parser&utm_content=thumbnail,https://thumb.wikimedia.org/wikipedia/commons/thumb/7/7b/CVASU_Shahid_Minar_3.jpeg/1280px-CVASU_Shahid_Minar_3.jpeg?utm_source=en.wikipedia.org&utm_campaign=parser&utm_content=thumbnail,https://thumb.wikimedia.org/wikipedia/commons/thumb/d/de/Name_Plate_of_Yousuf_Chowdhury_Building%2C_CVASU.jpg/1280px-Name_Plate_of_Yousuf_Chowdhury_Building%2C_CVASU.jpg?utm_source=en.wikipedia.org&utm_campaign=parser&utm_content=thumbnail,"[""https://upload.wikimedia.org/wikipedia/en/a/a3/Chittagong_Veterinary_and_Animal_Sciences_University_logo.jpg?utm_source=en.wikipedia.org&utm_campaign=api&utm_content=thumbnail_unscaled"", ""https://upload.wikimedia.org/wikipedia/en/a/a3/Chittagong_Veterinary_and_Animal_Sciences_University_logo.jpg?utm_source=en.wikipedia.org&utm_campaign=parser&utm_content=thumbnail_unscaled"", ""https://thumb.wikimedia.org/wikipedia/en/thumb/f/fb/Foundation_stone_laying_ceremony_of_CGVC%3B_seated_are_Abdullah_Al_Noman_and_Khaleda_Zia%2C_1995.jpg/330px-Foundation_stone_laying_ceremony_of_CGVC%3B_seated_are_Abdullah_Al_Noman_and_Khaleda_Zia%2C_1995.jpg?utm_source=en.wikipedia.org&utm_campaign=parser&utm_content=thumbnail"", ""https://thumb.wikimedia.org/wikipedia/commons/thumb/7/7b/CVASU_Shahid_Minar_3.jpeg/1280px-CVASU_Shahid_Minar_3.jpeg?utm_source=en.wikipedia.org&utm_campaign=parser&utm_content=thumbnail"", ""https://thumb.wikimedia.org/wikipedia/commons/thumb/d/de/Name_Plate_of_Yousuf_Chowdhury_Building%2C_CVASU.jpg/1280px-Name_Plate_of_Yousuf_Chowdhury_Building%2C_CVASU.jpg?utm_source=en.wikipedia.org&utm_campaign=parser&utm_content=thumbnail""]","[{""title"": ""চট্টগ্রাম ভেটেরিনারি ও এনিম্যাল সায়েন্সেস বিশ্ববিদ্যালয় ভর্তি তথ্য (Admission)"", ""url"": ""https://www.cvasu.edu.bd/admission"", ""type"": ""admission""}, {""title"": ""চট্টগ্রাম ভেটেরিনারি ও এনিম্যাল সায়েন্সেস বিশ্ববিদ্যালয় পরিচিতি ও ইতিহাস (About)"", ""url"": ""https://www.cvasu.edu.bd/about"", ""type"": ""about""}, {""title"": ""চট্টগ্রাম ভেটেরিনারি ও এনিম্যাল সায়েন্সেস বিশ্ববিদ্যালয় নোটিশ বোর্ড (Notice Board)"", ""url"": ""https://www.cvasu.edu.bd/notices"", ""type"": ""notices""}, {""title"": ""চট্টগ্রাম ভেটেরিনারি ও এনিম্যাল সায়েন্সেস বিশ্ববিদ্যালয় যোগাযোগ (Contact)"", ""url"": ""https://www.cvasu.edu.bd/contact"", ""type"": ""contact""}]"
uni_crawler_56,বাংলাদেশ টেক্সটাইল বিশ্ববিদ্যালয়,Bangladesh University of Textiles,বিইউটিইএক্স (BUTEX),Universities,,no_issue_detected,https://www.butex.edu.bd,"বাংলাদেশ টেক্সটাইল বিশ্ববিদ্যালয়, ঢাকা শহরে ২০১০ সালে বিশ্ববিদ্যালয় রূপে প্রতিষ্ঠিত, টেক্সটাইল ইঞ্জিনিয়ারিং ও গবেষণায় বিশেষজ্ঞ।",23.75,90.38,https://thumb.wikimedia.org/wikipedia/en/thumb/f/f8/Bangladesh_University_of_Textiles_logo.svg/330px-Bangladesh_University_of_Textiles_logo.svg.png?utm_source=en.wikipedia.org&utm_campaign=api&utm_content=thumbnail,https://thumb.wikimedia.org/wikipedia/en/thumb/f/f8/Bangladesh_University_of_Textiles_logo.svg/500px-Bangladesh_University_of_Textiles_logo.svg.png?utm_source=en.wikipedia.org&utm_campaign=parser&utm_content=thumbnail,https://upload.wikimedia.org/wikipedia/commons/5/5f/Butex..jpg?utm_source=en.wikipedia.org&utm_campaign=parser&utm_content=thumbnail_unscaled,,,"[""https://thumb.wikimedia.org/wikipedia/en/thumb/f/f8/Bangladesh_University_of_Textiles_logo.svg/330px-Bangladesh_University_of_Textiles_logo.svg.png?utm_source=en.wikipedia.org&utm_campaign=api&utm_content=thumbnail"", ""https://thumb.wikimedia.org/wikipedia/en/thumb/f/f8/Bangladesh_University_of_Textiles_logo.svg/500px-Bangladesh_University_of_Textiles_logo.svg.png?utm_source=en.wikipedia.org&utm_campaign=parser&utm_content=thumbnail"", ""https://upload.wikimedia.org/wikipedia/commons/5/5f/Butex..jpg?utm_source=en.wikipedia.org&utm_campaign=parser&utm_content=thumbnail_unscaled""]","[{""title"": ""বাংলাদেশ টেক্সটাইল বিশ্ববিদ্যালয় ভর্তি তথ্য (Admission)"", ""url"": ""https://www.butex.edu.bd/admission"", ""type"": ""admission""}, {""title"": ""বাংলাদেশ টেক্সটাইল বিশ্ববিদ্যালয় পরিচিতি ও ইতিহাস (About)"", ""url"": ""https://www.butex.edu.bd/about"", ""type"": ""about""}, {""title"": ""বাংলাদেশ টেক্সটাইল বিশ্ববিদ্যালয় নোটিশ বোর্ড (Notice Board)"", ""url"": ""https://www.butex.edu.bd/notices"", ""type"": ""notices""}, {""title"": ""বাংলাদেশ টেক্সটাইল বিশ্ববিদ্যালয় যোগাযোগ (Contact)"", ""url"": ""https://www.butex.edu.bd/contact"", ""type"": ""contact""}]"
uni_crawler_57,বঙ্গবন্ধু শেখ মুজিবুর রহমান মেরিটাইম বিশ্ববিদ্যালয়,Bangladesh Maritime University,বিএমইউ (BMU),Universities,,no_issue_detected,https://www.bmu.edu.bd,"বঙ্গবন্ধু শেখ মুজিবুর রহমান মেরিটাইম বিশ্ববিদ্যালয়, চট্টগ্রাম শহরে ২০১৬ সালে গৃহীত, সমুদ্র ও নৌবাহিনীর শিক্ষা ও গবেষণায় কেন্দ্রীভূত।",23.75,90.38,https://upload.wikimedia.org/wikipedia/en/e/e9/Logo_of_Bangladesh_Maritime_University.png?utm_source=en.wikipedia.org&utm_campaign=api&utm_content=thumbnail_unscaled,https://upload.wikimedia.org/wikipedia/en/e/e9/Logo_of_Bangladesh_Maritime_University.png?utm_source=en.wikipedia.org&utm_campaign=parser&utm_content=thumbnail_unscaled,https://thumb.wikimedia.org/wikipedia/commons/thumb/a/aa/BSMRMU.jpg/500px-BSMRMU.jpg?utm_source=en.wikipedia.org&utm_campaign=parser&utm_content=thumbnail,https://thumb.wikimedia.org/wikipedia/commons/thumb/b/ba/Bangabandhu_Sheikh_Mujibur_Rahman_Maritime_University_%28Dhaka_Campus_Building_02%29.jpg/1280px-Bangabandhu_Sheikh_Mujibur_Rahman_Maritime_University_%28Dhaka_Campus_Building_02%29.jpg?utm_source=en.wikipedia.org&utm_campaign=parser&utm_content=thumbnail,,"[""https://upload.wikimedia.org/wikipedia/en/e/e9/Logo_of_Bangladesh_Maritime_University.png?utm_source=en.wikipedia.org&utm_campaign=api&utm_content=thumbnail_unscaled"", ""https://upload.wikimedia.org/wikipedia/en/e/e9/Logo_of_Bangladesh_Maritime_University.png?utm_source=en.wikipedia.org&utm_campaign=parser&utm_content=thumbnail_unscaled"", ""https://thumb.wikimedia.org/wikipedia/commons/thumb/a/aa/BSMRMU.jpg/500px-BSMRMU.jpg?utm_source=en.wikipedia.org&utm_campaign=parser&utm_content=thumbnail"", ""https://thumb.wikimedia.org/wikipedia/commons/thumb/b/ba/Bangabandhu_Sheikh_Mujibur_Rahman_Maritime_University_%28Dhaka_Campus_Building_02%29.jpg/1280px-Bangabandhu_Sheikh_Mujibur_Rahman_Maritime_University_%28Dhaka_Campus_Building_02%29.jpg?utm_source=en.wikipedia.org&utm_campaign=parser&utm_content=thumbnail""]","[{""title"": ""বঙ্গবন্ধু শেখ মুজিবুর রহমান মেরিটাইম বিশ্ববিদ্যালয় ভর্তি তথ্য (Admission)"", ""url"": ""https://www.bmu.edu.bd/admission"", ""type"": ""admission""}, {""title"": ""বঙ্গবন্ধু শেখ মুজিবুর রহমান মেরিটাইম বিশ্ববিদ্যালয় পরিচিতি ও ইতিহাস (About)"", ""url"": ""https://www.bmu.edu.bd/about"", ""type"": ""about""}, {""title"": ""বঙ্গবন্ধু শেখ মুজিবুর রহমান মেরিটাইম বিশ্ববিদ্যালয় নোটিশ বোর্ড (Notice Board)"", ""url"": ""https://www.bmu.edu.bd/notices"", ""type"": ""notices""}, {""title"": ""বঙ্গবন্ধু শেখ মুজিবুর রহমান মেরিটাইম বিশ্ববিদ্যালয় যোগাযোগ (Contact)"", ""url"": ""https://www.bmu.edu.bd/contact"", ""type"": ""contact""}]"
uni_crawler_58,বিশ্ববিদ্যালয় ফ্রন্টিয়ার টেকনোলজি বাংলাদেশ,"University of Frontier Technology, Bangladesh",ইউএফটিবি (UFTB),Universities,"শব্দক্রম ""বিশ্ববিদ্যালয়..."" — প্রকৃত প্রাতিষ্ঠানিক ব্যবহার যাচাই প্রয়োজন (BAUST খুলনা/সৈয়দপুরের ভিন্নতা থেকে দেখা গেছে যে অনুমান নিরাপদ নয়)",needs_manual_review,https://www.uftb.edu.bd,"বিশ্ববিদ্যালয় ফ্রন্টিয়ার টেকনোলজি বাংলাদেশ, ঢাকা শহরে ২০২১ সালে প্রতিষ্ঠিত, উদীয়মান প্রযুক্তি ও উদ্ভাবনী গবেষণার জন্য নিবেদিত।",23.75,90.38,https://upload.wikimedia.org/wikipedia/commons/thumb/c/cb/Dhaka_University_logo.svg/300px-Dhaka_University_logo.svg.png,,,,,"[""https://upload.wikimedia.org/wikipedia/commons/thumb/c/cb/Dhaka_University_logo.svg/300px-Dhaka_University_logo.svg.png""]","[{""title"": ""বিশ্ববিদ্যালয় ফ্রন্টিয়ার টেকনোলজি বাংলাদেশ ভর্তি তথ্য (Admission)"", ""url"": ""https://www.uftb.edu.bd/admission"", ""type"": ""admission""}, {""title"": ""বিশ্ববিদ্যালয় ফ্রন্টিয়ার টেকনোলজি বাংলাদেশ পরিচিতি ও ইতিহাস (About)"", ""url"": ""https://www.uftb.edu.bd/about"", ""type"": ""about""}, {""title"": ""বিশ্ববিদ্যালয় ফ্রন্টিয়ার টেকনোলজি বাংলাদেশ নোটিশ বোর্ড (Notice Board)"", ""url"": ""https://www.uftb.edu.bd/notices"", ""type"": ""notices""}, {""title"": ""বিশ্ববিদ্যালয় ফ্রন্টিয়ার টেকনোলজি বাংলাদেশ যোগাযোগ (Contact)"", ""url"": ""https://www.uftb.edu.bd/contact"", ""type"": ""contact""}]"
uni_crawler_59,এভিয়েশন অ্যান্ড অ্যারোস্পেস বিশ্ববিদ্যালয় বাংলাদেশ,Aviation and Aerospace University Bangladesh,এএইউবি (AAUB),Universities,,no_issue_detected,https://www.aaub.edu.bd,"এভিয়েশন অ্যান্ড অ্যারোস্পেস বিশ্ববিদ্যালয় বাংলাদেশ, ঢাকা শহরে ২০২১ সালে গঠিত, বিমান ও মহাকাশ প্রকৌশল শিক্ষায় বিশেষায়িত।",23.75,90.38,https://upload.wikimedia.org/wikipedia/en/3/39/Logo_of_Aviation_and_Aerospace_University%2C_Bangladesh.png?utm_source=en.wikipedia.org&utm_campaign=api&utm_content=thumbnail_unscaled,https://upload.wikimedia.org/wikipedia/en/3/39/Logo_of_Aviation_and_Aerospace_University%2C_Bangladesh.png?utm_source=en.wikipedia.org&utm_campaign=parser&utm_content=thumbnail_unscaled,,,,"[""https://upload.wikimedia.org/wikipedia/en/3/39/Logo_of_Aviation_and_Aerospace_University%2C_Bangladesh.png?utm_source=en.wikipedia.org&utm_campaign=api&utm_content=thumbnail_unscaled"", ""https://upload.wikimedia.org/wikipedia/en/3/39/Logo_of_Aviation_and_Aerospace_University%2C_Bangladesh.png?utm_source=en.wikipedia.org&utm_campaign=parser&utm_content=thumbnail_unscaled""]","[{""title"": ""এভিয়েশন অ্যান্ড অ্যারোস্পেস বিশ্ববিদ্যালয় বাংলাদেশ ভর্তি তথ্য (Admission)"", ""url"": ""https://www.aaub.edu.bd/admission"", ""type"": ""admission""}, {""title"": ""এভিয়েশন অ্যান্ড অ্যারোস্পেস বিশ্ববিদ্যালয় বাংলাদেশ পরিচিতি ও ইতিহাস (About)"", ""url"": ""https://www.aaub.edu.bd/about"", ""type"": ""about""}, {""title"": ""এভিয়েশন অ্যান্ড অ্যারোস্পেস বিশ্ববিদ্যালয় বাংলাদেশ নোটিশ বোর্ড (Notice Board)"", ""url"": ""https://www.aaub.edu.bd/notices"", ""type"": ""notices""}, {""title"": ""এভিয়েশন অ্যান্ড অ্যারোস্পেস বিশ্ববিদ্যালয় বাংলাদেশ যোগাযোগ (Contact)"", ""url"": ""https://www.aaub.edu.bd/contact"", ""type"": ""contact""}]"
uni_crawler_60,"জাতীয় বিশ্ববিদ্যালয়, বাংলাদেশ",National University Bangladesh,এনইউ (NU),Universities,,no_issue_detected,https://www.nu.edu.bd,"জাতীয় বিশ্ববিদ্যালয়, বাংলাদেশ, ঢাকা শহরে ১৯৯২ সালে প্রতিষ্ঠিত, দেশের সর্ববৃহৎ অধিবিদ্যাপ্রতিষ্ঠান হিসেবে বহু শাখায় শিক্ষা প্রদান করে।",23.75,90.38,https://upload.wikimedia.org/wikipedia/commons/thumb/c/cb/Dhaka_University_logo.svg/300px-Dhaka_University_logo.svg.png,,,,,"[""https://upload.wikimedia.org/wikipedia/commons/thumb/c/cb/Dhaka_University_logo.svg/300px-Dhaka_University_logo.svg.png""]","[{""title"": ""জাতীয় বিশ্ববিদ্যালয়, বাংলাদেশ ভর্তি তথ্য (Admission)"", ""url"": ""https://www.nu.edu.bd/admission"", ""type"": ""admission""}, {""title"": ""জাতীয় বিশ্ববিদ্যালয়, বাংলাদেশ পরিচিতি ও ইতিহাস (About)"", ""url"": ""https://www.nu.edu.bd/about"", ""type"": ""about""}, {""title"": ""জাতীয় বিশ্ববিদ্যালয়, বাংলাদেশ নোটিশ বোর্ড (Notice Board)"", ""url"": ""https://www.nu.edu.bd/notices"", ""type"": ""notices""}, {""title"": ""জাতীয় বিশ্ববিদ্যালয়, বাংলাদেশ যোগাযোগ (Contact)"", ""url"": ""https://www.nu.edu.bd/contact"", ""type"": ""contact""}]"
uni_crawler_61,বাংলাদেশ উন্মুক্ত বিশ্ববিদ্যালয়,Bangladesh Open University,বিওইউ (BOU),Universities,,no_issue_detected,https://bou.ac.bd,"ময়মনসিংহে সদর দপ্তরসহ সমগ্র দেশে বিস্তৃত ক্যাম্পাস, ১৯৯২ সালে প্রতিষ্ঠিত, দূরশিক্ষা ও উন্মুক্ত শিক্ষার প্রধান প্রতিষ্ঠান।",23.9511,90.3769,https://thumb.wikimedia.org/wikipedia/en/thumb/2/21/Seal_of_the_Bangladesh_Open_University_%28BOU%29.svg/330px-Seal_of_the_Bangladesh_Open_University_%28BOU%29.svg.png?utm_source=en.wikipedia.org&utm_campaign=api&utm_content=thumbnail,https://thumb.wikimedia.org/wikipedia/en/thumb/2/21/Seal_of_the_Bangladesh_Open_University_%28BOU%29.svg/500px-Seal_of_the_Bangladesh_Open_University_%28BOU%29.svg.png?utm_source=en.wikipedia.org&utm_campaign=parser&utm_content=thumbnail,https://thumb.wikimedia.org/wikipedia/commons/thumb/c/ca/Bangladesh_open_university.jpg/1280px-Bangladesh_open_university.jpg?utm_source=en.wikipedia.org&utm_campaign=parser&utm_content=thumbnail,,,"[""https://thumb.wikimedia.org/wikipedia/en/thumb/2/21/Seal_of_the_Bangladesh_Open_University_%28BOU%29.svg/330px-Seal_of_the_Bangladesh_Open_University_%28BOU%29.svg.png?utm_source=en.wikipedia.org&utm_campaign=api&utm_content=thumbnail"", ""https://thumb.wikimedia.org/wikipedia/en/thumb/2/21/Seal_of_the_Bangladesh_Open_University_%28BOU%29.svg/500px-Seal_of_the_Bangladesh_Open_University_%28BOU%29.svg.png?utm_source=en.wikipedia.org&utm_campaign=parser&utm_content=thumbnail"", ""https://thumb.wikimedia.org/wikipedia/commons/thumb/c/ca/Bangladesh_open_university.jpg/1280px-Bangladesh_open_university.jpg?utm_source=en.wikipedia.org&utm_campaign=parser&utm_content=thumbnail""]","[{""title"": ""বাংলাদেশ উন্মুক্ত বিশ্ববিদ্যালয় ভর্তি তথ্য (Admission)"", ""url"": ""https://bou.ac.bd/admission"", ""type"": ""admission""}, {""title"": ""বাংলাদেশ উন্মুক্ত বিশ্ববিদ্যালয় পরিচিতি ও ইতিহাস (About)"", ""url"": ""https://bou.ac.bd/about"", ""type"": ""about""}, {""title"": ""বাংলাদেশ উন্মুক্ত বিশ্ববিদ্যালয় নোটিশ বোর্ড (Notice Board)"", ""url"": ""https://bou.ac.bd/notices"", ""type"": ""notices""}, {""title"": ""বাংলাদেশ উন্মুক্ত বিশ্ববিদ্যালয় যোগাযোগ (Contact)"", ""url"": ""https://bou.ac.bd/contact"", ""type"": ""contact""}]"
uni_crawler_62,ইসলামি আরবি বিশ্ববিদ্যালয়,Islamic Arabic University,আইএইউ (IAU),Universities,,no_issue_detected,https://www.iau.edu.bd,"চট্টগ্রামে অবস্থিত, ২০১৫ সালে গঠিত ইসলামি আরবি বিশ্ববিদ্যালয়, ইসলামিক গবেষণা ও আরবী ভাষা শিক্ষায় বিশেষজ্ঞ।",23.75,90.38,https://upload.wikimedia.org/wikipedia/en/e/ec/Islamic_Arabic_University.png?utm_source=en.wikipedia.org&utm_campaign=api&utm_content=thumbnail_unscaled,https://upload.wikimedia.org/wikipedia/en/e/ec/Islamic_Arabic_University.png?utm_source=en.wikipedia.org&utm_campaign=parser&utm_content=thumbnail_unscaled,https://thumb.wikimedia.org/wikipedia/commons/thumb/f/f5/Islamic_Arabic_University_in_Dhaka%2C_Bangladesh.jpg/500px-Islamic_Arabic_University_in_Dhaka%2C_Bangladesh.jpg?utm_source=en.wikipedia.org&utm_campaign=parser&utm_content=thumbnail,,,"[""https://upload.wikimedia.org/wikipedia/en/e/ec/Islamic_Arabic_University.png?utm_source=en.wikipedia.org&utm_campaign=api&utm_content=thumbnail_unscaled"", ""https://upload.wikimedia.org/wikipedia/en/e/ec/Islamic_Arabic_University.png?utm_source=en.wikipedia.org&utm_campaign=parser&utm_content=thumbnail_unscaled"", ""https://thumb.wikimedia.org/wikipedia/commons/thumb/f/f5/Islamic_Arabic_University_in_Dhaka%2C_Bangladesh.jpg/500px-Islamic_Arabic_University_in_Dhaka%2C_Bangladesh.jpg?utm_source=en.wikipedia.org&utm_campaign=parser&utm_content=thumbnail""]","[{""title"": ""ইসলামি আরবি বিশ্ববিদ্যালয় ভর্তি তথ্য (Admission)"", ""url"": ""https://www.iau.edu.bd/admission"", ""type"": ""admission""}, {""title"": ""ইসলামি আরবি বিশ্ববিদ্যালয় পরিচিতি ও ইতিহাস (About)"", ""url"": ""https://www.iau.edu.bd/about"", ""type"": ""about""}, {""title"": ""ইসলামি আরবি বিশ্ববিদ্যালয় নোটিশ বোর্ড (Notice Board)"", ""url"": ""https://www.iau.edu.bd/notices"", ""type"": ""notices""}, {""title"": ""ইসলামি আরবি বিশ্ববিদ্যালয় যোগাযোগ (Contact)"", ""url"": ""https://www.iau.edu.bd/contact"", ""type"": ""contact""}]"
uni_crawler_63,ঢাকা সেন্ট্রাল বিশ্ববিদ্যালয়,Dhaka Central University,ডিসিইউ (DCU),Universities,,no_issue_detected,https://www.dcu.edu.bd,"ঢাকার কেন্দ্রস্থলে ২০২২ সালে প্রতিষ্ঠিত ঢাকা সেন্ট্রাল বিশ্ববিদ্যালয়, বহুমুখী শাখায় আধুনিক স্নাতক ও স্নাতকোত্তর প্রোগ্রাম প্রদান করে।",23.75,90.38,https://thumb.wikimedia.org/wikipedia/en/thumb/9/9b/Dhaka_Central_University_logo.svg/330px-Dhaka_Central_University_logo.svg.png?utm_source=en.wikipedia.org&utm_campaign=api&utm_content=thumbnail,https://thumb.wikimedia.org/wikipedia/en/thumb/9/9b/Dhaka_Central_University_logo.svg/500px-Dhaka_Central_University_logo.svg.png?utm_source=en.wikipedia.org&utm_campaign=parser&utm_content=thumbnail,https://thumb.wikimedia.org/wikipedia/en/thumb/b/b3/Dhaka_Central_University_banner.svg/500px-Dhaka_Central_University_banner.svg.png?utm_source=en.wikipedia.org&utm_campaign=parser&utm_content=thumbnail,https://thumb.wikimedia.org/wikipedia/commons/thumb/e/e7/Dhaka_Central_University_logo_outline.svg/1280px-Dhaka_Central_University_logo_outline.svg.png?utm_source=en.wikipedia.org&utm_campaign=parser&utm_content=thumbnail,https://thumb.wikimedia.org/wikipedia/commons/thumb/7/75/Dhaka_Central_University_%28exit_of_Dhaka_College_Campus%29.jpg/500px-Dhaka_Central_University_%28exit_of_Dhaka_College_Campus%29.jpg?utm_source=en.wikipedia.org&utm_campaign=parser&utm_content=thumbnail,"[""https://thumb.wikimedia.org/wikipedia/en/thumb/9/9b/Dhaka_Central_University_logo.svg/330px-Dhaka_Central_University_logo.svg.png?utm_source=en.wikipedia.org&utm_campaign=api&utm_content=thumbnail"", ""https://thumb.wikimedia.org/wikipedia/en/thumb/9/9b/Dhaka_Central_University_logo.svg/500px-Dhaka_Central_University_logo.svg.png?utm_source=en.wikipedia.org&utm_campaign=parser&utm_content=thumbnail"", ""https://thumb.wikimedia.org/wikipedia/en/thumb/b/b3/Dhaka_Central_University_banner.svg/500px-Dhaka_Central_University_banner.svg.png?utm_source=en.wikipedia.org&utm_campaign=parser&utm_content=thumbnail"", ""https://thumb.wikimedia.org/wikipedia/commons/thumb/e/e7/Dhaka_Central_University_logo_outline.svg/1280px-Dhaka_Central_University_logo_outline.svg.png?utm_source=en.wikipedia.org&utm_campaign=parser&utm_content=thumbnail"", ""https://thumb.wikimedia.org/wikipedia/commons/thumb/7/75/Dhaka_Central_University_%28exit_of_Dhaka_College_Campus%29.jpg/500px-Dhaka_Central_University_%28exit_of_Dhaka_College_Campus%29.jpg?utm_source=en.wikipedia.org&utm_campaign=parser&utm_content=thumbnail""]","[{""title"": ""ঢাকা সেন্ট্রাল বিশ্ববিদ্যালয় ভর্তি তথ্য (Admission)"", ""url"": ""https://www.dcu.edu.bd/admission"", ""type"": ""admission""}, {""title"": ""ঢাকা সেন্ট্রাল বিশ্ববিদ্যালয় পরিচিতি ও ইতিহাস (About)"", ""url"": ""https://www.dcu.edu.bd/about"", ""type"": ""about""}, {""title"": ""ঢাকা সেন্ট্রাল বিশ্ববিদ্যালয় নোটিশ বোর্ড (Notice Board)"", ""url"": ""https://www.dcu.edu.bd/notices"", ""type"": ""notices""}, {""title"": ""ঢাকা সেন্ট্রাল বিশ্ববিদ্যালয় যোগাযোগ (Contact)"", ""url"": ""https://www.dcu.edu.bd/contact"", ""type"": ""contact""}]"
uni_crawler_64,সিলেট ইঞ্জিনিয়ারিং কলেজ,Sylhet Engineering College,এসইসি (SEC),Universities,,no_issue_detected,https://www.sec.edu.bd,"সিলেটের শহুরে ক্যাম্পাসে ২০০৭ সালে প্রতিষ্ঠিত সিলেট ইঞ্জিনিয়ারিং কলেজ, সিভিল ও ইলেকট্রিক্যাল ইঞ্জিনিয়ারিংয়ে বিশেষজ্ঞ।",23.75,90.38,https://thumb.wikimedia.org/wikipedia/commons/thumb/8/86/Sylhet_Engineering_College_Campus.jpg/330px-Sylhet_Engineering_College_Campus.jpg?utm_source=en.wikipedia.org&utm_campaign=api&utm_content=thumbnail,https://thumb.wikimedia.org/wikipedia/commons/thumb/8/86/Sylhet_Engineering_College_Campus.jpg/500px-Sylhet_Engineering_College_Campus.jpg?utm_source=en.wikipedia.org&utm_campaign=parser&utm_content=thumbnail,https://thumb.wikimedia.org/wikipedia/commons/thumb/6/6a/%E0%A6%95%E0%A6%AE%E0%A7%8D%E0%A6%AA%E0%A6%BF%E0%A6%89%E0%A6%9F%E0%A6%BE%E0%A6%B0_%E0%A6%B8%E0%A6%BE%E0%A6%AF%E0%A6%BC%E0%A7%87%E0%A6%A8%E0%A7%8D%E0%A6%B8_%E0%A6%8F%E0%A6%A8%E0%A7%8D%E0%A6%A1_%E0%A6%87%E0%A6%9E%E0%A7%8D%E0%A6%9C%E0%A6%BF%E0%A6%A8%E0%A6%BF%E0%A6%AF%E0%A6%BC%E0%A6%BE%E0%A6%B0%E0%A6%BF%E0%A6%82_-_%E0%A6%B8%E0%A6%BF%E0%A6%B2%E0%A7%87%E0%A6%9F_%E0%A6%87%E0%A6%9E%E0%A7%8D%E0%A6%9C%E0%A6%BF%E0%A6%A8%E0%A6%BF%E0%A6%AF%E0%A6%BC%E0%A6%BE%E0%A6%B0%E0%A6%BF%E0%A6%82_%E0%A6%95%E0%A6%B2%E0%A7%87%E0%A6%9C.jpg/500px-thumbnail.jpg?utm_source=en.wikipedia.org&utm_campaign=parser&utm_content=thumbnail,,,"[""https://thumb.wikimedia.org/wikipedia/commons/thumb/8/86/Sylhet_Engineering_College_Campus.jpg/330px-Sylhet_Engineering_College_Campus.jpg?utm_source=en.wikipedia.org&utm_campaign=api&utm_content=thumbnail"", ""https://thumb.wikimedia.org/wikipedia/commons/thumb/8/86/Sylhet_Engineering_College_Campus.jpg/500px-Sylhet_Engineering_College_Campus.jpg?utm_source=en.wikipedia.org&utm_campaign=parser&utm_content=thumbnail"", ""https://thumb.wikimedia.org/wikipedia/commons/thumb/6/6a/%E0%A6%95%E0%A6%AE%E0%A7%8D%E0%A6%AA%E0%A6%BF%E0%A6%89%E0%A6%9F%E0%A6%BE%E0%A6%B0_%E0%A6%B8%E0%A6%BE%E0%A6%AF%E0%A6%BC%E0%A7%87%E0%A6%A8%E0%A7%8D%E0%A6%B8_%E0%A6%8F%E0%A6%A8%E0%A7%8D%E0%A6%A1_%E0%A6%87%E0%A6%9E%E0%A7%8D%E0%A6%9C%E0%A6%BF%E0%A6%A8%E0%A6%BF%E0%A6%AF%E0%A6%BC%E0%A6%BE%E0%A6%B0%E0%A6%BF%E0%A6%82_-_%E0%A6%B8%E0%A6%BF%E0%A6%B2%E0%A7%87%E0%A6%9F_%E0%A6%87%E0%A6%9E%E0%A7%8D%E0%A6%9C%E0%A6%BF%E0%A6%A8%E0%A6%BF%E0%A6%AF%E0%A6%BC%E0%A6%BE%E0%A6%B0%E0%A6%BF%E0%A6%82_%E0%A6%95%E0%A6%B2%E0%A7%87%E0%A6%9C.jpg/500px-thumbnail.jpg?utm_source=en.wikipedia.org&utm_campaign=parser&utm_content=thumbnail""]","[{""title"": ""সিলেট ইঞ্জিনিয়ারিং কলেজ ভর্তি তথ্য (Admission)"", ""url"": ""https://www.sec.edu.bd/admission"", ""type"": ""admission""}, {""title"": ""সিলেট ইঞ্জিনিয়ারিং কলেজ পরিচিতি ও ইতিহাস (About)"", ""url"": ""https://www.sec.edu.bd/about"", ""type"": ""about""}, {""title"": ""সিলেট ইঞ্জিনিয়ারিং কলেজ নোটিশ বোর্ড (Notice Board)"", ""url"": ""https://www.sec.edu.bd/notices"", ""type"": ""notices""}, {""title"": ""সিলেট ইঞ্জিনিয়ারিং কলেজ যোগাযোগ (Contact)"", ""url"": ""https://www.sec.edu.bd/contact"", ""type"": ""contact""}]"
uni_crawler_65,ময়মনসিংহ ইঞ্জিনিয়ারিং কলেজ,Mymensingh Engineering College,এমইসি (MEC),Universities,,no_issue_detected,https://www.mec.edu.bd,"ময়মনসিংহে ২০০৯ সালে প্রতিষ্ঠিত ময়মনসিংহ ইঞ্জিনিয়ারিং কলেজ, মেকানিক্যাল ও কম্পিউটার ইঞ্জিনিয়ারিংয়ে উৎকর্ষ সাধন করে।",23.75,90.38,https://thumb.wikimedia.org/wikipedia/en/thumb/a/a1/Logo_of_Mymensingh_Engineering_College.svg/330px-Logo_of_Mymensingh_Engineering_College.svg.png?utm_source=en.wikipedia.org&utm_campaign=api&utm_content=thumbnail,https://thumb.wikimedia.org/wikipedia/en/thumb/a/a1/Logo_of_Mymensingh_Engineering_College.svg/500px-Logo_of_Mymensingh_Engineering_College.svg.png?utm_source=en.wikipedia.org&utm_campaign=parser&utm_content=thumbnail,https://thumb.wikimedia.org/wikipedia/commons/thumb/7/7c/Department_of_EEE.jpg/1280px-Department_of_EEE.jpg?utm_source=en.wikipedia.org&utm_campaign=parser&utm_content=thumbnail,https://thumb.wikimedia.org/wikipedia/commons/thumb/d/d9/Mymensingh_Engineering_College_Campus.jpg/1280px-Mymensingh_Engineering_College_Campus.jpg?utm_source=en.wikipedia.org&utm_campaign=parser&utm_content=thumbnail,https://thumb.wikimedia.org/wikipedia/commons/thumb/8/83/MEC_Campus.jpg/1280px-MEC_Campus.jpg?utm_source=en.wikipedia.org&utm_campaign=parser&utm_content=thumbnail,"[""https://thumb.wikimedia.org/wikipedia/en/thumb/a/a1/Logo_of_Mymensingh_Engineering_College.svg/330px-Logo_of_Mymensingh_Engineering_College.svg.png?utm_source=en.wikipedia.org&utm_campaign=api&utm_content=thumbnail"", ""https://thumb.wikimedia.org/wikipedia/en/thumb/a/a1/Logo_of_Mymensingh_Engineering_College.svg/500px-Logo_of_Mymensingh_Engineering_College.svg.png?utm_source=en.wikipedia.org&utm_campaign=parser&utm_content=thumbnail"", ""https://thumb.wikimedia.org/wikipedia/commons/thumb/7/7c/Department_of_EEE.jpg/1280px-Department_of_EEE.jpg?utm_source=en.wikipedia.org&utm_campaign=parser&utm_content=thumbnail"", ""https://thumb.wikimedia.org/wikipedia/commons/thumb/d/d9/Mymensingh_Engineering_College_Campus.jpg/1280px-Mymensingh_Engineering_College_Campus.jpg?utm_source=en.wikipedia.org&utm_campaign=parser&utm_content=thumbnail"", ""https://thumb.wikimedia.org/wikipedia/commons/thumb/8/83/MEC_Campus.jpg/1280px-MEC_Campus.jpg?utm_source=en.wikipedia.org&utm_campaign=parser&utm_content=thumbnail""]","[{""title"": ""ময়মনসিংহ ইঞ্জিনিয়ারিং কলেজ ভর্তি তথ্য (Admission)"", ""url"": ""https://www.mec.edu.bd/admission"", ""type"": ""admission""}, {""title"": ""ময়মনসিংহ ইঞ্জিনিয়ারিং কলেজ পরিচিতি ও ইতিহাস (About)"", ""url"": ""https://www.mec.edu.bd/about"", ""type"": ""about""}, {""title"": ""ময়মনসিংহ ইঞ্জিনিয়ারিং কলেজ নোটিশ বোর্ড (Notice Board)"", ""url"": ""https://www.mec.edu.bd/notices"", ""type"": ""notices""}, {""title"": ""ময়মনসিংহ ইঞ্জিনিয়ারিং কলেজ যোগাযোগ (Contact)"", ""url"": ""https://www.mec.edu.bd/contact"", ""type"": ""contact""}]"
uni_crawler_66,ফরিদপুর ইঞ্জিনিয়ারিং কলেজ,Faridpur Engineering College,এফইসি (FEC),Universities,,no_issue_detected,https://www.fec.edu.bd,"ফরিদপুরে ২০১০ সালে গৃহীত ফরিদপুর ইঞ্জিনিয়ারিং কলেজ, সিভিল ও ইলেকট্রিক্যাল ইঞ্জিনিয়ারিং শিক্ষায় মনোযোগী।",23.75,90.38,https://thumb.wikimedia.org/wikipedia/commons/thumb/6/6a/Faridpur_Engineering_College.jpg/330px-Faridpur_Engineering_College.jpg?utm_source=en.wikipedia.org&utm_campaign=api&utm_content=thumbnail,https://thumb.wikimedia.org/wikipedia/commons/thumb/6/6a/Faridpur_Engineering_College.jpg/500px-Faridpur_Engineering_College.jpg?utm_source=en.wikipedia.org&utm_campaign=parser&utm_content=thumbnail,https://thumb.wikimedia.org/wikipedia/commons/thumb/e/ef/1st_Eid_program_of_Swopno_sarothi.jpg/1280px-1st_Eid_program_of_Swopno_sarothi.jpg?utm_source=en.wikipedia.org&utm_campaign=parser&utm_content=thumbnail,,,"[""https://thumb.wikimedia.org/wikipedia/commons/thumb/6/6a/Faridpur_Engineering_College.jpg/330px-Faridpur_Engineering_College.jpg?utm_source=en.wikipedia.org&utm_campaign=api&utm_content=thumbnail"", ""https://thumb.wikimedia.org/wikipedia/commons/thumb/6/6a/Faridpur_Engineering_College.jpg/500px-Faridpur_Engineering_College.jpg?utm_source=en.wikipedia.org&utm_campaign=parser&utm_content=thumbnail"", ""https://thumb.wikimedia.org/wikipedia/commons/thumb/e/ef/1st_Eid_program_of_Swopno_sarothi.jpg/1280px-1st_Eid_program_of_Swopno_sarothi.jpg?utm_source=en.wikipedia.org&utm_campaign=parser&utm_content=thumbnail""]","[{""title"": ""ফরিদপুর ইঞ্জিনিয়ারিং কলেজ ভর্তি তথ্য (Admission)"", ""url"": ""https://www.fec.edu.bd/admission"", ""type"": ""admission""}, {""title"": ""ফরিদপুর ইঞ্জিনিয়ারিং কলেজ পরিচিতি ও ইতিহাস (About)"", ""url"": ""https://www.fec.edu.bd/about"", ""type"": ""about""}, {""title"": ""ফরিদপুর ইঞ্জিনিয়ারিং কলেজ নোটিশ বোর্ড (Notice Board)"", ""url"": ""https://www.fec.edu.bd/notices"", ""type"": ""notices""}, {""title"": ""ফরিদপুর ইঞ্জিনিয়ারিং কলেজ যোগাযোগ (Contact)"", ""url"": ""https://www.fec.edu.bd/contact"", ""type"": ""contact""}]"
uni_crawler_67,বরিশাল ইঞ্জিনিয়ারিং কলেজ,Barisal Engineering College,বিইসি (BEC),Universities,,no_issue_detected,https://www.bec.edu.bd,"বরিশালের নগরে ২০১১ সালে প্রতিষ্ঠিত বরিশাল ইঞ্জিনিয়ারিং কলেজ, সিভিল ও মেকানিক্যাল ইঞ্জিনিয়ারিংয়ে প্রশিক্ষণ প্রদান করে।",23.75,90.38,https://upload.wikimedia.org/wikipedia/commons/2/2f/Barishal_Engineering_College_logo.jpg?utm_source=en.wikipedia.org&utm_campaign=api&utm_content=thumbnail_unscaled,https://upload.wikimedia.org/wikipedia/commons/2/2f/Barishal_Engineering_College_logo.jpg?utm_source=en.wikipedia.org&utm_campaign=parser&utm_content=thumbnail_unscaled,https://thumb.wikimedia.org/wikipedia/commons/thumb/c/c5/Barisal_Engineering_College%2C_Bangladesh.jpg/1280px-Barisal_Engineering_College%2C_Bangladesh.jpg?utm_source=en.wikipedia.org&utm_campaign=parser&utm_content=thumbnail,https://thumb.wikimedia.org/wikipedia/commons/thumb/5/51/Barisal_Engineering_College_Academic_Building.jpg/1280px-Barisal_Engineering_College_Academic_Building.jpg?utm_source=en.wikipedia.org&utm_campaign=parser&utm_content=thumbnail,https://thumb.wikimedia.org/wikipedia/commons/thumb/0/06/Barisal_Engineering_College_Hostel.jpg/1280px-Barisal_Engineering_College_Hostel.jpg?utm_source=en.wikipedia.org&utm_campaign=parser&utm_content=thumbnail,"[""https://upload.wikimedia.org/wikipedia/commons/2/2f/Barishal_Engineering_College_logo.jpg?utm_source=en.wikipedia.org&utm_campaign=api&utm_content=thumbnail_unscaled"", ""https://upload.wikimedia.org/wikipedia/commons/2/2f/Barishal_Engineering_College_logo.jpg?utm_source=en.wikipedia.org&utm_campaign=parser&utm_content=thumbnail_unscaled"", ""https://thumb.wikimedia.org/wikipedia/commons/thumb/c/c5/Barisal_Engineering_College%2C_Bangladesh.jpg/1280px-Barisal_Engineering_College%2C_Bangladesh.jpg?utm_source=en.wikipedia.org&utm_campaign=parser&utm_content=thumbnail"", ""https://thumb.wikimedia.org/wikipedia/commons/thumb/5/51/Barisal_Engineering_College_Academic_Building.jpg/1280px-Barisal_Engineering_College_Academic_Building.jpg?utm_source=en.wikipedia.org&utm_campaign=parser&utm_content=thumbnail"", ""https://thumb.wikimedia.org/wikipedia/commons/thumb/0/06/Barisal_Engineering_College_Hostel.jpg/1280px-Barisal_Engineering_College_Hostel.jpg?utm_source=en.wikipedia.org&utm_campaign=parser&utm_content=thumbnail""]","[{""title"": ""বরিশাল ইঞ্জিনিয়ারিং কলেজ ভর্তি তথ্য (Admission)"", ""url"": ""https://www.bec.edu.bd/admission"", ""type"": ""admission""}, {""title"": ""বরিশাল ইঞ্জিনিয়ারিং কলেজ পরিচিতি ও ইতিহাস (About)"", ""url"": ""https://www.bec.edu.bd/about"", ""type"": ""about""}, {""title"": ""বরিশাল ইঞ্জিনিয়ারিং কলেজ নোটিশ বোর্ড (Notice Board)"", ""url"": ""https://www.bec.edu.bd/notices"", ""type"": ""notices""}, {""title"": ""বরিশাল ইঞ্জিনিয়ারিং কলেজ যোগাযোগ (Contact)"", ""url"": ""https://www.bec.edu.bd/contact"", ""type"": ""contact""}]"
uni_crawler_68,টেক্সটাইল ইঞ্জিনিয়ারিং কলেজ চট্টগ্রাম,"Textile Engineering College, Chittagong",সিটিইসি (CTEC),Universities,,no_issue_detected,https://www.ctec.edu.bd,"চট্টগ্রামের শিল্পাঞ্চলে ২০১২ সালে প্রতিষ্ঠিত টেক্সটাইল ইঞ্জিনিয়ারিং কলেজ, বস্ত্রপ্রযুক্তি ও টেক্সটাইল ইঞ্জিনিয়ারিংয়ে বিশেষায়িত।",23.75,90.38,https://upload.wikimedia.org/wikipedia/commons/thumb/c/cb/Dhaka_University_logo.svg/300px-Dhaka_University_logo.svg.png,,,,,"[""https://upload.wikimedia.org/wikipedia/commons/thumb/c/cb/Dhaka_University_logo.svg/300px-Dhaka_University_logo.svg.png""]","[{""title"": ""টেক্সটাইল ইঞ্জিনিয়ারিং কলেজ চট্টগ্রাম ভর্তি তথ্য (Admission)"", ""url"": ""https://www.ctec.edu.bd/admission"", ""type"": ""admission""}, {""title"": ""টেক্সটাইল ইঞ্জিনিয়ারিং কলেজ চট্টগ্রাম পরিচিতি ও ইতিহাস (About)"", ""url"": ""https://www.ctec.edu.bd/about"", ""type"": ""about""}, {""title"": ""টেক্সটাইল ইঞ্জিনিয়ারিং কলেজ চট্টগ্রাম নোটিশ বোর্ড (Notice Board)"", ""url"": ""https://www.ctec.edu.bd/notices"", ""type"": ""notices""}, {""title"": ""টেক্সটাইল ইঞ্জিনিয়ারিং কলেজ চট্টগ্রাম যোগাযোগ (Contact)"", ""url"": ""https://www.ctec.edu.bd/contact"", ""type"": ""contact""}]"
uni_crawler_69,পাবনা টেক্সটাইল ইঞ্জিনিয়ারিং কলেজ,Pabna Textile Engineering College,পিটিইসি (PTEC),Universities,,no_issue_detected,https://www.ptec.edu.bd,"পাবনা শহরে ২০১৩ সালে গৃহীত পাবনা টেক্সটাইল ইঞ্জিনিয়ারিং কলেজ, বস্ত্রশিল্পের তাত্ত্বিক ও ব্যবহারিক শিক্ষা প্রদান করে।",23.75,90.38,https://thumb.wikimedia.org/wikipedia/commons/thumb/4/4a/Pteclogo.jpg/330px-Pteclogo.jpg?utm_source=en.wikipedia.org&utm_campaign=api&utm_content=thumbnail,https://thumb.wikimedia.org/wikipedia/commons/thumb/4/4a/Pteclogo.jpg/500px-Pteclogo.jpg?utm_source=en.wikipedia.org&utm_campaign=parser&utm_content=thumbnail,,,,"[""https://thumb.wikimedia.org/wikipedia/commons/thumb/4/4a/Pteclogo.jpg/330px-Pteclogo.jpg?utm_source=en.wikipedia.org&utm_campaign=api&utm_content=thumbnail"", ""https://thumb.wikimedia.org/wikipedia/commons/thumb/4/4a/Pteclogo.jpg/500px-Pteclogo.jpg?utm_source=en.wikipedia.org&utm_campaign=parser&utm_content=thumbnail""]","[{""title"": ""পাবনা টেক্সটাইল ইঞ্জিনিয়ারিং কলেজ ভর্তি তথ্য (Admission)"", ""url"": ""https://www.ptec.edu.bd/admission"", ""type"": ""admission""}, {""title"": ""পাবনা টেক্সটাইল ইঞ্জিনিয়ারিং কলেজ পরিচিতি ও ইতিহাস (About)"", ""url"": ""https://www.ptec.edu.bd/about"", ""type"": ""about""}, {""title"": ""পাবনা টেক্সটাইল ইঞ্জিনিয়ারিং কলেজ নোটিশ বোর্ড (Notice Board)"", ""url"": ""https://www.ptec.edu.bd/notices"", ""type"": ""notices""}, {""title"": ""পাবনা টেক্সটাইল ইঞ্জিনিয়ারিং কলেজ যোগাযোগ (Contact)"", ""url"": ""https://www.ptec.edu.bd/contact"", ""type"": ""contact""}]"
uni_crawler_70,টেক্সটাইল ইঞ্জিনিয়ারিং কলেজ নোয়াখালী,"Textile Engineering College, Noakhali",টিইসিএন (TECN),Universities,,no_issue_detected,https://www.tecn.edu.bd,"নোয়াখালীর গ্রামীণ অঞ্চলে ২০১৪ সালে প্রতিষ্ঠিত টেক্সটাইল ইঞ্জিনিয়ারিং কলেজ, টেক্সটাইল ডিজাইন ও উৎপাদনে দক্ষতা গড়ে তোলে।",23.75,90.38,https://upload.wikimedia.org/wikipedia/en/5/5a/Textile_Engineering_College%2C_Begumgonj.jpg?utm_source=en.wikipedia.org&utm_campaign=api&utm_content=thumbnail_unscaled,https://upload.wikimedia.org/wikipedia/en/5/5a/Textile_Engineering_College%2C_Begumgonj.jpg?utm_source=en.wikipedia.org&utm_campaign=parser&utm_content=thumbnail_unscaled,https://thumb.wikimedia.org/wikipedia/commons/thumb/6/6e/TECN_Fabric_Day_2024.jpg/1280px-TECN_Fabric_Day_2024.jpg?utm_source=en.wikipedia.org&utm_campaign=parser&utm_content=thumbnail,https://thumb.wikimedia.org/wikipedia/commons/thumb/4/4b/This_picture_is_the_campus_of_Noakhali_textile_engineering_college.jpg/500px-This_picture_is_the_campus_of_Noakhali_textile_engineering_college.jpg?utm_source=en.wikipedia.org&utm_campaign=parser&utm_content=thumbnail,https://thumb.wikimedia.org/wikipedia/commons/thumb/6/6c/TECN_Museum.jpg/1280px-TECN_Museum.jpg?utm_source=en.wikipedia.org&utm_campaign=parser&utm_content=thumbnail,"[""https://upload.wikimedia.org/wikipedia/en/5/5a/Textile_Engineering_College%2C_Begumgonj.jpg?utm_source=en.wikipedia.org&utm_campaign=api&utm_content=thumbnail_unscaled"", ""https://upload.wikimedia.org/wikipedia/en/5/5a/Textile_Engineering_College%2C_Begumgonj.jpg?utm_source=en.wikipedia.org&utm_campaign=parser&utm_content=thumbnail_unscaled"", ""https://thumb.wikimedia.org/wikipedia/commons/thumb/6/6e/TECN_Fabric_Day_2024.jpg/1280px-TECN_Fabric_Day_2024.jpg?utm_source=en.wikipedia.org&utm_campaign=parser&utm_content=thumbnail"", ""https://thumb.wikimedia.org/wikipedia/commons/thumb/4/4b/This_picture_is_the_campus_of_Noakhali_textile_engineering_college.jpg/500px-This_picture_is_the_campus_of_Noakhali_textile_engineering_college.jpg?utm_source=en.wikipedia.org&utm_campaign=parser&utm_content=thumbnail"", ""https://thumb.wikimedia.org/wikipedia/commons/thumb/6/6c/TECN_Museum.jpg/1280px-TECN_Museum.jpg?utm_source=en.wikipedia.org&utm_campaign=parser&utm_content=thumbnail""]","[{""title"": ""টেক্সটাইল ইঞ্জিনিয়ারিং কলেজ নোয়াখালী ভর্তি তথ্য (Admission)"", ""url"": ""https://www.tecn.edu.bd/admission"", ""type"": ""admission""}, {""title"": ""টেক্সটাইল ইঞ্জিনিয়ারিং কলেজ নোয়াখালী পরিচিতি ও ইতিহাস (About)"", ""url"": ""https://www.tecn.edu.bd/about"", ""type"": ""about""}, {""title"": ""টেক্সটাইল ইঞ্জিনিয়ারিং কলেজ নোয়াখালী নোটিশ বোর্ড (Notice Board)"", ""url"": ""https://www.tecn.edu.bd/notices"", ""type"": ""notices""}, {""title"": ""টেক্সটাইল ইঞ্জিনিয়ারিং কলেজ নোয়াখালী যোগাযোগ (Contact)"", ""url"": ""https://www.tecn.edu.bd/contact"", ""type"": ""contact""}]"
uni_crawler_71,টাঙ্গাইল টেক্সটাইল ইঞ্জিনিয়ারিং কলেজ,Tangail Textile Engineering College,টিটিইসি (TTEC),Universities,,no_issue_detected,https://www.ttec.edu.bd,"টাঙ্গাইল টেক্সটাইল ইঞ্জিনিয়ারিং কলেজ, টাঙ্গাইল জেলার টেক্সটাইল পার্কে ২০১৯ সালে প্রতিষ্ঠিত, টেক্সটাইল ইঞ্জিনিয়ারিং ও প্রযুক্তি শিক্ষায় বিশেষজ্ঞ।",23.75,90.38,https://thumb.wikimedia.org/wikipedia/commons/thumb/0/0f/BTEC_Gate_by_Abdullah_Al_Miraz.png/1280px-BTEC_Gate_by_Abdullah_Al_Miraz.png?utm_source=en.wikipedia.org&utm_campaign=parser&utm_content=thumbnail,https://thumb.wikimedia.org/wikipedia/commons/thumb/8/83/BTEC_Butterflies_Hall.jpg/1280px-BTEC_Butterflies_Hall.jpg?utm_source=en.wikipedia.org&utm_campaign=parser&utm_content=thumbnail,https://thumb.wikimedia.org/wikipedia/commons/thumb/4/41/BTEC_Playground.jpg/500px-BTEC_Playground.jpg?utm_source=en.wikipedia.org&utm_campaign=parser&utm_content=thumbnail,https://thumb.wikimedia.org/wikipedia/commons/thumb/9/9b/BTEC_Library.jpg/1280px-BTEC_Library.jpg?utm_source=en.wikipedia.org&utm_campaign=parser&utm_content=thumbnail,,"[""https://thumb.wikimedia.org/wikipedia/commons/thumb/0/0f/BTEC_Gate_by_Abdullah_Al_Miraz.png/1280px-BTEC_Gate_by_Abdullah_Al_Miraz.png?utm_source=en.wikipedia.org&utm_campaign=parser&utm_content=thumbnail"", ""https://thumb.wikimedia.org/wikipedia/commons/thumb/8/83/BTEC_Butterflies_Hall.jpg/1280px-BTEC_Butterflies_Hall.jpg?utm_source=en.wikipedia.org&utm_campaign=parser&utm_content=thumbnail"", ""https://thumb.wikimedia.org/wikipedia/commons/thumb/4/41/BTEC_Playground.jpg/500px-BTEC_Playground.jpg?utm_source=en.wikipedia.org&utm_campaign=parser&utm_content=thumbnail"", ""https://thumb.wikimedia.org/wikipedia/commons/thumb/9/9b/BTEC_Library.jpg/1280px-BTEC_Library.jpg?utm_source=en.wikipedia.org&utm_campaign=parser&utm_content=thumbnail""]","[{""title"": ""টাঙ্গাইল টেক্সটাইল ইঞ্জিনিয়ারিং কলেজ ভর্তি তথ্য (Admission)"", ""url"": ""https://www.ttec.edu.bd/admission"", ""type"": ""admission""}, {""title"": ""টাঙ্গাইল টেক্সটাইল ইঞ্জিনিয়ারিং কলেজ পরিচিতি ও ইতিহাস (About)"", ""url"": ""https://www.ttec.edu.bd/about"", ""type"": ""about""}, {""title"": ""টাঙ্গাইল টেক্সটাইল ইঞ্জিনিয়ারিং কলেজ নোটিশ বোর্ড (Notice Board)"", ""url"": ""https://www.ttec.edu.bd/notices"", ""type"": ""notices""}, {""title"": ""টাঙ্গাইল টেক্সটাইল ইঞ্জিনিয়ারিং কলেজ যোগাযোগ (Contact)"", ""url"": ""https://www.ttec.edu.bd/contact"", ""type"": ""contact""}]"
uni_crawler_72,বরিশাল টেক্সটাইল ইঞ্জিনিয়ারিং কলেজ,Barishal Textile Engineering College,বিটিইসি (BTEC),Universities,,no_issue_detected,https://www.btec.edu.bd,"বরিশাল টেক্সটাইল ইঞ্জিনিয়ারিং কলেজ, বরিশাল শহরের টেক্সটাইল পার্কে ২০১৯ সালে গঠিত, টেক্সটাইল ইঞ্জিনিয়ারিং ও গবেষণায় মনোযোগী।",23.75,90.38,https://upload.wikimedia.org/wikipedia/commons/thumb/c/cb/Dhaka_University_logo.svg/300px-Dhaka_University_logo.svg.png,,,,,"[""https://upload.wikimedia.org/wikipedia/commons/thumb/c/cb/Dhaka_University_logo.svg/300px-Dhaka_University_logo.svg.png""]","[{""title"": ""বরিশাল টেক্সটাইল ইঞ্জিনিয়ারিং কলেজ ভর্তি তথ্য (Admission)"", ""url"": ""https://www.btec.edu.bd/admission"", ""type"": ""admission""}, {""title"": ""বরিশাল টেক্সটাইল ইঞ্জিনিয়ারিং কলেজ পরিচিতি ও ইতিহাস (About)"", ""url"": ""https://www.btec.edu.bd/about"", ""type"": ""about""}, {""title"": ""বরিশাল টেক্সটাইল ইঞ্জিনিয়ারিং কলেজ নোটিশ বোর্ড (Notice Board)"", ""url"": ""https://www.btec.edu.bd/notices"", ""type"": ""notices""}, {""title"": ""বরিশাল টেক্সটাইল ইঞ্জিনিয়ারিং কলেজ যোগাযোগ (Contact)"", ""url"": ""https://www.btec.edu.bd/contact"", ""type"": ""contact""}]"
uni_crawler_73,ঝিনাইদহ টেক্সটাইল ইঞ্জিনিয়ারিং কলেজ ঝিনাইদহ,"Jhenaidah Textile Engineering College, Jhenaidah",জেটিইসি (JTEC),Universities,,no_issue_detected,https://www.jtec.edu.bd,"ঝিনাইদহ টেক্সটাইল ইঞ্জিনিয়ারিং কলেজ, ঝিনাইদহ জেলার টেক্সটাইল পার্কে ২০১৯ সালে প্রতিষ্ঠিত, টেক্সটাইল ইঞ্জিনিয়ারিং ও উৎপাদন প্রযুক্তি শিক্ষা প্রদান করে।",23.75,90.38,https://upload.wikimedia.org/wikipedia/commons/thumb/c/cb/Dhaka_University_logo.svg/300px-Dhaka_University_logo.svg.png,,,,,"[""https://upload.wikimedia.org/wikipedia/commons/thumb/c/cb/Dhaka_University_logo.svg/300px-Dhaka_University_logo.svg.png""]","[{""title"": ""ঝিনাইদহ টেক্সটাইল ইঞ্জিনিয়ারিং কলেজ ঝিনাইদহ ভর্তি তথ্য (Admission)"", ""url"": ""https://www.jtec.edu.bd/admission"", ""type"": ""admission""}, {""title"": ""ঝিনাইদহ টেক্সটাইল ইঞ্জিনিয়ারিং কলেজ ঝিনাইদহ পরিচিতি ও ইতিহাস (About)"", ""url"": ""https://www.jtec.edu.bd/about"", ""type"": ""about""}, {""title"": ""ঝিনাইদহ টেক্সটাইল ইঞ্জিনিয়ারিং কলেজ ঝিনাইদহ নোটিশ বোর্ড (Notice Board)"", ""url"": ""https://www.jtec.edu.bd/notices"", ""type"": ""notices""}, {""title"": ""ঝিনাইদহ টেক্সটাইল ইঞ্জিনিয়ারিং কলেজ ঝিনাইদহ যোগাযোগ (Contact)"", ""url"": ""https://www.jtec.edu.bd/contact"", ""type"": ""contact""}]"
uni_crawler_74,রংপুর টেক্সটাইল ইঞ্জিনিয়ারিং কলেজ,Rangpur Textile Engineering College,আরটিইসি (RTEC),Universities,,no_issue_detected,https://www.rtec.edu.bd,"রংপুর টেক্সটাইল ইঞ্জিনিয়ারিং কলেজ, রংপুরের টেক্সটাইল পার্কে ২০১৯ সালে উদ্বোধন করা হয়েছে, টেক্সটাইল ইঞ্জিনিয়ারিং ও ডিজাইন ক্ষেত্রে বিশেষজ্ঞ।",23.75,90.38,https://thumb.wikimedia.org/wikipedia/commons/thumb/f/f2/RTEC-logo.png/330px-RTEC-logo.png?utm_source=en.wikipedia.org&utm_campaign=api&utm_content=thumbnail,https://thumb.wikimedia.org/wikipedia/commons/thumb/f/f2/RTEC-logo.png/1280px-RTEC-logo.png?utm_source=en.wikipedia.org&utm_campaign=parser&utm_content=thumbnail,,,,"[""https://thumb.wikimedia.org/wikipedia/commons/thumb/f/f2/RTEC-logo.png/330px-RTEC-logo.png?utm_source=en.wikipedia.org&utm_campaign=api&utm_content=thumbnail"", ""https://thumb.wikimedia.org/wikipedia/commons/thumb/f/f2/RTEC-logo.png/1280px-RTEC-logo.png?utm_source=en.wikipedia.org&utm_campaign=parser&utm_content=thumbnail""]","[{""title"": ""রংপুর টেক্সটাইল ইঞ্জিনিয়ারিং কলেজ ভর্তি তথ্য (Admission)"", ""url"": ""https://www.rtec.edu.bd/admission"", ""type"": ""admission""}, {""title"": ""রংপুর টেক্সটাইল ইঞ্জিনিয়ারিং কলেজ পরিচিতি ও ইতিহাস (About)"", ""url"": ""https://www.rtec.edu.bd/about"", ""type"": ""about""}, {""title"": ""রংপুর টেক্সটাইল ইঞ্জিনিয়ারিং কলেজ নোটিশ বোর্ড (Notice Board)"", ""url"": ""https://www.rtec.edu.bd/notices"", ""type"": ""notices""}, {""title"": ""রংপুর টেক্সটাইল ইঞ্জিনিয়ারিং কলেজ যোগাযোগ (Contact)"", ""url"": ""https://www.rtec.edu.bd/contact"", ""type"": ""contact""}]"
uni_crawler_75,গোপালগঞ্জ টেক্সটাইল ইঞ্জিনিয়ারিং কলেজ,Gopalganj Textile Engineering College,জিটিইসি (GTEC),Universities,,no_issue_detected,https://www.gtec.edu.bd,"গোপালগঞ্জ টেক্সটাইল ইঞ্জিনিয়ারিং কলেজ, গোপালগঞ্জের টেক্সটাইল পার্কে ২০১৯ সালে প্রতিষ্ঠিত, টেক্সটাইল ইঞ্জিনিয়ারিং ও সংশ্লিষ্ট প্রযুক্তি শিক্ষায় কেন্দ্রীভূত।",23.75,90.38,https://upload.wikimedia.org/wikipedia/commons/thumb/c/cb/Dhaka_University_logo.svg/300px-Dhaka_University_logo.svg.png,,,,,"[""https://upload.wikimedia.org/wikipedia/commons/thumb/c/cb/Dhaka_University_logo.svg/300px-Dhaka_University_logo.svg.png""]","[{""title"": ""গোপালগঞ্জ টেক্সটাইল ইঞ্জিনিয়ারিং কলেজ ভর্তি তথ্য (Admission)"", ""url"": ""https://www.gtec.edu.bd/admission"", ""type"": ""admission""}, {""title"": ""গোপালগঞ্জ টেক্সটাইল ইঞ্জিনিয়ারিং কলেজ পরিচিতি ও ইতিহাস (About)"", ""url"": ""https://www.gtec.edu.bd/about"", ""type"": ""about""}, {""title"": ""গোপালগঞ্জ টেক্সটাইল ইঞ্জিনিয়ারিং কলেজ নোটিশ বোর্ড (Notice Board)"", ""url"": ""https://www.gtec.edu.bd/notices"", ""type"": ""notices""}, {""title"": ""গোপালগঞ্জ টেক্সটাইল ইঞ্জিনিয়ারিং কলেজ যোগাযোগ (Contact)"", ""url"": ""https://www.gtec.edu.bd/contact"", ""type"": ""contact""}]"
uni_crawler_76,জামালপুর টেক্সটাইল ইঞ্জিনিয়ারিং কলেজ,Jamalpur Textile Engineering College,জেটিইসি (JTEC),Universities,,no_issue_detected,https://www.jtec.edu.bd,"জামালপুর টেক্সটাইল ইঞ্জিনিয়ারিং কলেজ, জামালপুরের টেক্সটাইল পার্কে ২০১৯ সালে গঠিত, টেক্সটাইল ইঞ্জিনিয়ারিং ও গবেষণার জন্য নিবেদিত।",23.75,90.38,https://upload.wikimedia.org/wikipedia/commons/thumb/c/cb/Dhaka_University_logo.svg/300px-Dhaka_University_logo.svg.png,,,,,"[""https://upload.wikimedia.org/wikipedia/commons/thumb/c/cb/Dhaka_University_logo.svg/300px-Dhaka_University_logo.svg.png""]","[{""title"": ""জামালপুর টেক্সটাইল ইঞ্জিনিয়ারিং কলেজ ভর্তি তথ্য (Admission)"", ""url"": ""https://www.jtec.edu.bd/admission"", ""type"": ""admission""}, {""title"": ""জামালপুর টেক্সটাইল ইঞ্জিনিয়ারিং কলেজ পরিচিতি ও ইতিহাস (About)"", ""url"": ""https://www.jtec.edu.bd/about"", ""type"": ""about""}, {""title"": ""জামালপুর টেক্সটাইল ইঞ্জিনিয়ারিং কলেজ নোটিশ বোর্ড (Notice Board)"", ""url"": ""https://www.jtec.edu.bd/notices"", ""type"": ""notices""}, {""title"": ""জামালপুর টেক্সটাইল ইঞ্জিনিয়ারিং কলেজ যোগাযোগ (Contact)"", ""url"": ""https://www.jtec.edu.bd/contact"", ""type"": ""contact""}]"
uni_crawler_77,ইন্টারন্যাশনাল বিশ্ববিদ্যালয় বিজনেস এগ্রিকালচার অ্যান্ড টেকনোলজি,International University of Business Agriculture and Technology,আইইউবিএটি (IUBAT),Universities,,no_issue_detected,https://www.iubat.edu.bd,"ইন্টারন্যাশনাল বিশ্ববিদ্যালয় বিজনেস এগ্রিকালচার অ্যান্ড টেকনোলজি, ঢাকা শহরের বাডায় ১৯৯৯ সালে প্রতিষ্ঠিত, ব্যবসা, কৃষি ও প্রযুক্তি বিষয়ের সমন্বিত শিক্ষা প্রদান করে।",23.75,90.38,https://thumb.wikimedia.org/wikipedia/commons/thumb/4/4b/IUBAT2.png/330px-IUBAT2.png?utm_source=en.wikipedia.org&utm_campaign=api&utm_content=thumbnail,https://thumb.wikimedia.org/wikipedia/commons/thumb/4/4b/IUBAT2.png/500px-IUBAT2.png?utm_source=en.wikipedia.org&utm_campaign=parser&utm_content=thumbnail,https://thumb.wikimedia.org/wikipedia/commons/thumb/4/43/IUBAT_Academic_building.jpg/250px-IUBAT_Academic_building.jpg?utm_source=en.wikipedia.org&utm_campaign=parser&utm_content=thumbnail,https://thumb.wikimedia.org/wikipedia/commons/thumb/6/6a/Auditorium_%26_student_arena%2C_IUBAT.jpg/250px-Auditorium_%26_student_arena%2C_IUBAT.jpg?utm_source=en.wikipedia.org&utm_campaign=parser&utm_content=thumbnail,https://thumb.wikimedia.org/wikipedia/commons/thumb/e/e6/IUBAT_Mosque_and_Basketball_court.jpg/250px-IUBAT_Mosque_and_Basketball_court.jpg?utm_source=en.wikipedia.org&utm_campaign=parser&utm_content=thumbnail,"[""https://thumb.wikimedia.org/wikipedia/commons/thumb/4/4b/IUBAT2.png/330px-IUBAT2.png?utm_source=en.wikipedia.org&utm_campaign=api&utm_content=thumbnail"", ""https://thumb.wikimedia.org/wikipedia/commons/thumb/4/4b/IUBAT2.png/500px-IUBAT2.png?utm_source=en.wikipedia.org&utm_campaign=parser&utm_content=thumbnail"", ""https://thumb.wikimedia.org/wikipedia/commons/thumb/4/43/IUBAT_Academic_building.jpg/250px-IUBAT_Academic_building.jpg?utm_source=en.wikipedia.org&utm_campaign=parser&utm_content=thumbnail"", ""https://thumb.wikimedia.org/wikipedia/commons/thumb/6/6a/Auditorium_%26_student_arena%2C_IUBAT.jpg/250px-Auditorium_%26_student_arena%2C_IUBAT.jpg?utm_source=en.wikipedia.org&utm_campaign=parser&utm_content=thumbnail"", ""https://thumb.wikimedia.org/wikipedia/commons/thumb/e/e6/IUBAT_Mosque_and_Basketball_court.jpg/250px-IUBAT_Mosque_and_Basketball_court.jpg?utm_source=en.wikipedia.org&utm_campaign=parser&utm_content=thumbnail""]","[{""title"": ""ইন্টারন্যাশনাল বিশ্ববিদ্যালয় বিজনেস এগ্রিকালচার অ্যান্ড টেকনোলজি ভর্তি তথ্য (Admission)"", ""url"": ""https://www.iubat.edu.bd/admission"", ""type"": ""admission""}, {""title"": ""ইন্টারন্যাশনাল বিশ্ববিদ্যালয় বিজনেস এগ্রিকালচার অ্যান্ড টেকনোলজি পরিচিতি ও ইতিহাস (About)"", ""url"": ""https://www.iubat.edu.bd/about"", ""type"": ""about""}, {""title"": ""ইন্টারন্যাশনাল বিশ্ববিদ্যালয় বিজনেস এগ্রিকালচার অ্যান্ড টেকনোলজি নোটিশ বোর্ড (Notice Board)"", ""url"": ""https://www.iubat.edu.bd/notices"", ""type"": ""notices""}, {""title"": ""ইন্টারন্যাশনাল বিশ্ববিদ্যালয় বিজনেস এগ্রিকালচার অ্যান্ড টেকনোলজি যোগাযোগ (Contact)"", ""url"": ""https://www.iubat.edu.bd/contact"", ""type"": ""contact""}]"
uni_crawler_78,নর্থ সাউথ বিশ্ববিদ্যালয়,North South University,এনএসইউ (NSU),Universities,,no_issue_detected,https://www.northsouth.edu,"নর্থ সাউথ বিশ্ববিদ্যালয়, ঢাকা শহরের বানানিতে ১৯৯২ সালে গৃহীত, ব্যবসা, প্রকৌশল, তথ্যপ্রযুক্তি ও সামাজিক বিজ্ঞান ক্ষেত্রে শীর্ষস্থানীয়।",23.8151,90.4255,https://thumb.wikimedia.org/wikipedia/en/thumb/e/e0/North_South_University_Monogram.svg/330px-North_South_University_Monogram.svg.png?utm_source=en.wikipedia.org&utm_campaign=api&utm_content=thumbnail,https://thumb.wikimedia.org/wikipedia/en/thumb/e/e0/North_South_University_Monogram.svg/250px-North_South_University_Monogram.svg.png?utm_source=en.wikipedia.org&utm_campaign=parser&utm_content=thumbnail,https://thumb.wikimedia.org/wikipedia/en/thumb/9/9d/North_South_University_Logo.svg/500px-North_South_University_Logo.svg.png?utm_source=en.wikipedia.org&utm_campaign=parser&utm_content=thumbnail,https://thumb.wikimedia.org/wikipedia/commons/thumb/1/1f/An_Eco-friendly_University_in_Bangladesh_Dhaka%2C_Bangladesh.jpg/1280px-An_Eco-friendly_University_in_Bangladesh_Dhaka%2C_Bangladesh.jpg?utm_source=en.wikipedia.org&utm_campaign=parser&utm_content=thumbnail,https://thumb.wikimedia.org/wikipedia/commons/thumb/2/29/Sunset_at_NSU.jpg/1280px-Sunset_at_NSU.jpg?utm_source=en.wikipedia.org&utm_campaign=parser&utm_content=thumbnail,"[""https://thumb.wikimedia.org/wikipedia/en/thumb/e/e0/North_South_University_Monogram.svg/330px-North_South_University_Monogram.svg.png?utm_source=en.wikipedia.org&utm_campaign=api&utm_content=thumbnail"", ""https://thumb.wikimedia.org/wikipedia/en/thumb/e/e0/North_South_University_Monogram.svg/250px-North_South_University_Monogram.svg.png?utm_source=en.wikipedia.org&utm_campaign=parser&utm_content=thumbnail"", ""https://thumb.wikimedia.org/wikipedia/en/thumb/9/9d/North_South_University_Logo.svg/500px-North_South_University_Logo.svg.png?utm_source=en.wikipedia.org&utm_campaign=parser&utm_content=thumbnail"", ""https://thumb.wikimedia.org/wikipedia/commons/thumb/1/1f/An_Eco-friendly_University_in_Bangladesh_Dhaka%2C_Bangladesh.jpg/1280px-An_Eco-friendly_University_in_Bangladesh_Dhaka%2C_Bangladesh.jpg?utm_source=en.wikipedia.org&utm_campaign=parser&utm_content=thumbnail"", ""https://thumb.wikimedia.org/wikipedia/commons/thumb/2/29/Sunset_at_NSU.jpg/1280px-Sunset_at_NSU.jpg?utm_source=en.wikipedia.org&utm_campaign=parser&utm_content=thumbnail""]","[{""title"": ""নর্থ সাউথ বিশ্ববিদ্যালয় ভর্তি তথ্য (Admission)"", ""url"": ""https://www.northsouth.edu/admission"", ""type"": ""admission""}, {""title"": ""নর্থ সাউথ বিশ্ববিদ্যালয় পরিচিতি ও ইতিহাস (About)"", ""url"": ""https://www.northsouth.edu/about"", ""type"": ""about""}, {""title"": ""নর্থ সাউথ বিশ্ববিদ্যালয় নোটিশ বোর্ড (Notice Board)"", ""url"": ""https://www.northsouth.edu/notices"", ""type"": ""notices""}, {""title"": ""নর্থ সাউথ বিশ্ববিদ্যালয় যোগাযোগ (Contact)"", ""url"": ""https://www.northsouth.edu/contact"", ""type"": ""contact""}]"
uni_crawler_79,"ইন্ডিপেনডেন্ট বিশ্ববিদ্যালয়, বাংলাদেশ","Independent University, Bangladesh",আইইউবি (IUB),Universities,,no_issue_detected,https://www.iub.edu.bd,"ইন্ডিপেনডেন্ট বিশ্ববিদ্যালয়, বাংলাদেশ, ঢাকা শহরের গুলশানে ১৯৯৩ সালে প্রতিষ্ঠিত, ব্যবসা, প্রকৌশল ও শিল্পকলা শিক্ষায় সমন্বিত পদ্ধতি গ্রহণ করে।",23.8156,90.4289,https://thumb.wikimedia.org/wikipedia/commons/thumb/b/ba/%E0%A6%87%E0%A6%A8%E0%A7%8D%E0%A6%A1%E0%A6%BF%E0%A6%AA%E0%A7%87%E0%A6%A8%E0%A7%8D%E0%A6%A1%E0%A7%87%E0%A6%A8%E0%A7%8D%E0%A6%9F_%E0%A6%AC%E0%A6%BF%E0%A6%B6%E0%A7%8D%E0%A6%AC%E0%A6%AC%E0%A6%BF%E0%A6%A6%E0%A7%8D%E0%A6%AF%E0%A6%BE%E0%A6%B2%E0%A6%AF%E0%A6%BC%2C_%E0%A6%AC%E0%A6%BE%E0%A6%82%E0%A6%B2%E0%A6%BE%E0%A6%A6%E0%A7%87%E0%A6%B6_%E0%A6%B2%E0%A7%8B%E0%A6%97%E0%A7%8B.svg/330px-%E0%A6%87%E0%A6%A8%E0%A7%8D%E0%A6%A1%E0%A6%BF%E0%A6%AA%E0%A7%87%E0%A6%A8%E0%A7%8D%E0%A6%A1%E0%A7%87%E0%A6%A8%E0%A7%8D%E0%A6%9F_%E0%A6%AC%E0%A6%BF%E0%A6%B6%E0%A7%8D%E0%A6%AC%E0%A6%AC%E0%A6%BF%E0%A6%A6%E0%A7%8D%E0%A6%AF%E0%A6%BE%E0%A6%B2%E0%A6%AF%E0%A6%BC%2C_%E0%A6%AC%E0%A6%BE%E0%A6%82%E0%A6%B2%E0%A6%BE%E0%A6%A6%E0%A7%87%E0%A6%B6_%E0%A6%B2%E0%A7%8B%E0%A6%97%E0%A7%8B.svg.png?utm_source=en.wikipedia.org&utm_campaign=api&utm_content=thumbnail,https://thumb.wikimedia.org/wikipedia/commons/thumb/b/ba/%E0%A6%87%E0%A6%A8%E0%A7%8D%E0%A6%A1%E0%A6%BF%E0%A6%AA%E0%A7%87%E0%A6%A8%E0%A7%8D%E0%A6%A1%E0%A7%87%E0%A6%A8%E0%A7%8D%E0%A6%9F_%E0%A6%AC%E0%A6%BF%E0%A6%B6%E0%A7%8D%E0%A6%AC%E0%A6%AC%E0%A6%BF%E0%A6%A6%E0%A7%8D%E0%A6%AF%E0%A6%BE%E0%A6%B2%E0%A6%AF%E0%A6%BC%2C_%E0%A6%AC%E0%A6%BE%E0%A6%82%E0%A6%B2%E0%A6%BE%E0%A6%A6%E0%A7%87%E0%A6%B6_%E0%A6%B2%E0%A7%8B%E0%A6%97%E0%A7%8B.svg/500px-%E0%A6%87%E0%A6%A8%E0%A7%8D%E0%A6%A1%E0%A6%BF%E0%A6%AA%E0%A7%87%E0%A6%A8%E0%A7%8D%E0%A6%A1%E0%A7%87%E0%A6%A8%E0%A7%8D%E0%A6%9F_%E0%A6%AC%E0%A6%BF%E0%A6%B6%E0%A7%8D%E0%A6%AC%E0%A6%AC%E0%A6%BF%E0%A6%A6%E0%A7%8D%E0%A6%AF%E0%A6%BE%E0%A6%B2%E0%A6%AF%E0%A6%BC%2C_%E0%A6%AC%E0%A6%BE%E0%A6%82%E0%A6%B2%E0%A6%BE%E0%A6%A6%E0%A7%87%E0%A6%B6_%E0%A6%B2%E0%A7%8B%E0%A6%97%E0%A7%8B.svg.png?utm_source=en.wikipedia.org&utm_campaign=parser&utm_content=thumbnail,https://thumb.wikimedia.org/wikipedia/commons/thumb/e/eb/IUB_23rd_convocation.jpg/1280px-IUB_23rd_convocation.jpg?utm_source=en.wikipedia.org&utm_campaign=parser&utm_content=thumbnail,https://thumb.wikimedia.org/wikipedia/commons/thumb/b/ba/IUB_convocation.jpg/1280px-IUB_convocation.jpg?utm_source=en.wikipedia.org&utm_campaign=parser&utm_content=thumbnail,https://thumb.wikimedia.org/wikipedia/commons/thumb/3/3e/IUB_ARENA.jpg/1280px-IUB_ARENA.jpg?utm_source=en.wikipedia.org&utm_campaign=parser&utm_content=thumbnail,"[""https://thumb.wikimedia.org/wikipedia/commons/thumb/b/ba/%E0%A6%87%E0%A6%A8%E0%A7%8D%E0%A6%A1%E0%A6%BF%E0%A6%AA%E0%A7%87%E0%A6%A8%E0%A7%8D%E0%A6%A1%E0%A7%87%E0%A6%A8%E0%A7%8D%E0%A6%9F_%E0%A6%AC%E0%A6%BF%E0%A6%B6%E0%A7%8D%E0%A6%AC%E0%A6%AC%E0%A6%BF%E0%A6%A6%E0%A7%8D%E0%A6%AF%E0%A6%BE%E0%A6%B2%E0%A6%AF%E0%A6%BC%2C_%E0%A6%AC%E0%A6%BE%E0%A6%82%E0%A6%B2%E0%A6%BE%E0%A6%A6%E0%A7%87%E0%A6%B6_%E0%A6%B2%E0%A7%8B%E0%A6%97%E0%A7%8B.svg/330px-%E0%A6%87%E0%A6%A8%E0%A7%8D%E0%A6%A1%E0%A6%BF%E0%A6%AA%E0%A7%87%E0%A6%A8%E0%A7%8D%E0%A6%A1%E0%A7%87%E0%A6%A8%E0%A7%8D%E0%A6%9F_%E0%A6%AC%E0%A6%BF%E0%A6%B6%E0%A7%8D%E0%A6%AC%E0%A6%AC%E0%A6%BF%E0%A6%A6%E0%A7%8D%E0%A6%AF%E0%A6%BE%E0%A6%B2%E0%A6%AF%E0%A6%BC%2C_%E0%A6%AC%E0%A6%BE%E0%A6%82%E0%A6%B2%E0%A6%BE%E0%A6%A6%E0%A7%87%E0%A6%B6_%E0%A6%B2%E0%A7%8B%E0%A6%97%E0%A7%8B.svg.png?utm_source=en.wikipedia.org&utm_campaign=api&utm_content=thumbnail"", ""https://thumb.wikimedia.org/wikipedia/commons/thumb/b/ba/%E0%A6%87%E0%A6%A8%E0%A7%8D%E0%A6%A1%E0%A6%BF%E0%A6%AA%E0%A7%87%E0%A6%A8%E0%A7%8D%E0%A6%A1%E0%A7%87%E0%A6%A8%E0%A7%8D%E0%A6%9F_%E0%A6%AC%E0%A6%BF%E0%A6%B6%E0%A7%8D%E0%A6%AC%E0%A6%AC%E0%A6%BF%E0%A6%A6%E0%A7%8D%E0%A6%AF%E0%A6%BE%E0%A6%B2%E0%A6%AF%E0%A6%BC%2C_%E0%A6%AC%E0%A6%BE%E0%A6%82%E0%A6%B2%E0%A6%BE%E0%A6%A6%E0%A7%87%E0%A6%B6_%E0%A6%B2%E0%A7%8B%E0%A6%97%E0%A7%8B.svg/500px-%E0%A6%87%E0%A6%A8%E0%A7%8D%E0%A6%A1%E0%A6%BF%E0%A6%AA%E0%A7%87%E0%A6%A8%E0%A7%8D%E0%A6%A1%E0%A7%87%E0%A6%A8%E0%A7%8D%E0%A6%9F_%E0%A6%AC%E0%A6%BF%E0%A6%B6%E0%A7%8D%E0%A6%AC%E0%A6%AC%E0%A6%BF%E0%A6%A6%E0%A7%8D%E0%A6%AF%E0%A6%BE%E0%A6%B2%E0%A6%AF%E0%A6%BC%2C_%E0%A6%AC%E0%A6%BE%E0%A6%82%E0%A6%B2%E0%A6%BE%E0%A6%A6%E0%A7%87%E0%A6%B6_%E0%A6%B2%E0%A7%8B%E0%A6%97%E0%A7%8B.svg.png?utm_source=en.wikipedia.org&utm_campaign=parser&utm_content=thumbnail"", ""https://thumb.wikimedia.org/wikipedia/commons/thumb/e/eb/IUB_23rd_convocation.jpg/1280px-IUB_23rd_convocation.jpg?utm_source=en.wikipedia.org&utm_campaign=parser&utm_content=thumbnail"", ""https://thumb.wikimedia.org/wikipedia/commons/thumb/b/ba/IUB_convocation.jpg/1280px-IUB_convocation.jpg?utm_source=en.wikipedia.org&utm_campaign=parser&utm_content=thumbnail"", ""https://thumb.wikimedia.org/wikipedia/commons/thumb/3/3e/IUB_ARENA.jpg/1280px-IUB_ARENA.jpg?utm_source=en.wikipedia.org&utm_campaign=parser&utm_content=thumbnail""]","[{""title"": ""ইন্ডিপেনডেন্ট বিশ্ববিদ্যালয়, বাংলাদেশ ভর্তি তথ্য (Admission)"", ""url"": ""https://www.iub.edu.bd/admission"", ""type"": ""admission""}, {""title"": ""ইন্ডিপেনডেন্ট বিশ্ববিদ্যালয়, বাংলাদেশ পরিচিতি ও ইতিহাস (About)"", ""url"": ""https://www.iub.edu.bd/about"", ""type"": ""about""}, {""title"": ""ইন্ডিপেনডেন্ট বিশ্ববিদ্যালয়, বাংলাদেশ নোটিশ বোর্ড (Notice Board)"", ""url"": ""https://www.iub.edu.bd/notices"", ""type"": ""notices""}, {""title"": ""ইন্ডিপেনডেন্ট বিশ্ববিদ্যালয়, বাংলাদেশ যোগাযোগ (Contact)"", ""url"": ""https://www.iub.edu.bd/contact"", ""type"": ""contact""}]"
uni_crawler_80,আমেরিকান ইন্টারন্যাশনাল ইউনিভার্সিটি-বাংলাদেশ,American International University-Bangladesh,এআইইউবি (AIUB),Universities,,no_issue_detected,https://aiub.edu,"আমেরিকান ইন্টারন্যাশনাল ইউনিভার্সিটি‑বাংলাদেশ, ঢাকা শহরের ধানমন্ডিতে ১৯৯৪ সালে গঠিত, ব্যবসা, কম্পিউটার বিজ্ঞান ও প্রকৌশল বিষয়ের আধুনিক পাঠ্যক্রম প্রদান করে।",23.8219,90.4281,https://thumb.wikimedia.org/wikipedia/en/thumb/8/8c/American_International_University-Bangladesh_Monogram.svg/330px-American_International_University-Bangladesh_Monogram.svg.png?utm_source=en.wikipedia.org&utm_campaign=api&utm_content=thumbnail,https://thumb.wikimedia.org/wikipedia/en/thumb/8/8c/American_International_University-Bangladesh_Monogram.svg/330px-American_International_University-Bangladesh_Monogram.svg.png?utm_source=en.wikipedia.org&utm_campaign=parser&utm_content=thumbnail,https://thumb.wikimedia.org/wikipedia/commons/thumb/7/74/AIUB_Campus.jpg/500px-AIUB_Campus.jpg?utm_source=en.wikipedia.org&utm_campaign=parser&utm_content=thumbnail,https://thumb.wikimedia.org/wikipedia/commons/thumb/6/69/Krishnochurra_flower.jpg/1280px-Krishnochurra_flower.jpg?utm_source=en.wikipedia.org&utm_campaign=parser&utm_content=thumbnail,https://thumb.wikimedia.org/wikipedia/commons/thumb/c/c5/A_View_of_Electrical_Machine_Lab_1_of_AIUB.jpg/500px-A_View_of_Electrical_Machine_Lab_1_of_AIUB.jpg?utm_source=en.wikipedia.org&utm_campaign=parser&utm_content=thumbnail,"[""https://thumb.wikimedia.org/wikipedia/en/thumb/8/8c/American_International_University-Bangladesh_Monogram.svg/330px-American_International_University-Bangladesh_Monogram.svg.png?utm_source=en.wikipedia.org&utm_campaign=api&utm_content=thumbnail"", ""https://thumb.wikimedia.org/wikipedia/en/thumb/8/8c/American_International_University-Bangladesh_Monogram.svg/330px-American_International_University-Bangladesh_Monogram.svg.png?utm_source=en.wikipedia.org&utm_campaign=parser&utm_content=thumbnail"", ""https://thumb.wikimedia.org/wikipedia/commons/thumb/7/74/AIUB_Campus.jpg/500px-AIUB_Campus.jpg?utm_source=en.wikipedia.org&utm_campaign=parser&utm_content=thumbnail"", ""https://thumb.wikimedia.org/wikipedia/commons/thumb/6/69/Krishnochurra_flower.jpg/1280px-Krishnochurra_flower.jpg?utm_source=en.wikipedia.org&utm_campaign=parser&utm_content=thumbnail"", ""https://thumb.wikimedia.org/wikipedia/commons/thumb/c/c5/A_View_of_Electrical_Machine_Lab_1_of_AIUB.jpg/500px-A_View_of_Electrical_Machine_Lab_1_of_AIUB.jpg?utm_source=en.wikipedia.org&utm_campaign=parser&utm_content=thumbnail""]","[{""title"": ""আমেরিকান ইন্টারন্যাশনাল ইউনিভার্সিটি-বাংলাদেশ ভর্তি তথ্য (Admission)"", ""url"": ""https://aiub.edu/admission"", ""type"": ""admission""}, {""title"": ""আমেরিকান ইন্টারন্যাশনাল ইউনিভার্সিটি-বাংলাদেশ পরিচিতি ও ইতিহাস (About)"", ""url"": ""https://aiub.edu/about"", ""type"": ""about""}, {""title"": ""আমেরিকান ইন্টারন্যাশনাল ইউনিভার্সিটি-বাংলাদেশ নোটিশ বোর্ড (Notice Board)"", ""url"": ""https://aiub.edu/notices"", ""type"": ""notices""}, {""title"": ""আমেরিকান ইন্টারন্যাশনাল ইউনিভার্সিটি-বাংলাদেশ যোগাযোগ (Contact)"", ""url"": ""https://aiub.edu/contact"", ""type"": ""contact""}]"
uni_crawler_81,ঢাকা ইন্টারন্যাশনাল বিশ্ববিদ্যালয়,Dhaka International University,ডিআইইউ (DIU),Universities,,no_issue_detected,https://www.diu.edu.bd,"ঢাকা ইন্টারন্যাশনাল বিশ্ববিদ্যালয়, ঢাকা (বনানী)‑এ ১৯৯৫ সালে প্রতিষ্ঠিত; আইন, ব্যবসা ও সামাজিক বিজ্ঞান ক্ষেত্রে বিশেষজ্ঞ।",23.75,90.38,https://thumb.wikimedia.org/wikipedia/en/thumb/0/01/Dhaka_International_University.png/330px-Dhaka_International_University.png?utm_source=en.wikipedia.org&utm_campaign=api&utm_content=thumbnail,https://thumb.wikimedia.org/wikipedia/en/thumb/0/01/Dhaka_International_University.png/330px-Dhaka_International_University.png?utm_source=en.wikipedia.org&utm_campaign=parser&utm_content=thumbnail,https://thumb.wikimedia.org/wikipedia/commons/thumb/6/69/Emblem_of_DIU.png/1280px-Emblem_of_DIU.png?utm_source=en.wikipedia.org&utm_campaign=parser&utm_content=thumbnail,https://thumb.wikimedia.org/wikipedia/commons/thumb/d/da/DIU_8th_Convocation.jpg/1280px-DIU_8th_Convocation.jpg?utm_source=en.wikipedia.org&utm_campaign=parser&utm_content=thumbnail,https://thumb.wikimedia.org/wikipedia/commons/thumb/e/eb/DIU_Satarkul_Permanent_Campus.jpg/1280px-DIU_Satarkul_Permanent_Campus.jpg?utm_source=en.wikipedia.org&utm_campaign=parser&utm_content=thumbnail,"[""https://thumb.wikimedia.org/wikipedia/en/thumb/0/01/Dhaka_International_University.png/330px-Dhaka_International_University.png?utm_source=en.wikipedia.org&utm_campaign=api&utm_content=thumbnail"", ""https://thumb.wikimedia.org/wikipedia/en/thumb/0/01/Dhaka_International_University.png/330px-Dhaka_International_University.png?utm_source=en.wikipedia.org&utm_campaign=parser&utm_content=thumbnail"", ""https://thumb.wikimedia.org/wikipedia/commons/thumb/6/69/Emblem_of_DIU.png/1280px-Emblem_of_DIU.png?utm_source=en.wikipedia.org&utm_campaign=parser&utm_content=thumbnail"", ""https://thumb.wikimedia.org/wikipedia/commons/thumb/d/da/DIU_8th_Convocation.jpg/1280px-DIU_8th_Convocation.jpg?utm_source=en.wikipedia.org&utm_campaign=parser&utm_content=thumbnail"", ""https://thumb.wikimedia.org/wikipedia/commons/thumb/e/eb/DIU_Satarkul_Permanent_Campus.jpg/1280px-DIU_Satarkul_Permanent_Campus.jpg?utm_source=en.wikipedia.org&utm_campaign=parser&utm_content=thumbnail""]","[{""title"": ""ঢাকা ইন্টারন্যাশনাল বিশ্ববিদ্যালয় ভর্তি তথ্য (Admission)"", ""url"": ""https://www.diu.edu.bd/admission"", ""type"": ""admission""}, {""title"": ""ঢাকা ইন্টারন্যাশনাল বিশ্ববিদ্যালয় পরিচিতি ও ইতিহাস (About)"", ""url"": ""https://www.diu.edu.bd/about"", ""type"": ""about""}, {""title"": ""ঢাকা ইন্টারন্যাশনাল বিশ্ববিদ্যালয় নোটিশ বোর্ড (Notice Board)"", ""url"": ""https://www.diu.edu.bd/notices"", ""type"": ""notices""}, {""title"": ""ঢাকা ইন্টারন্যাশনাল বিশ্ববিদ্যালয় যোগাযোগ (Contact)"", ""url"": ""https://www.diu.edu.bd/contact"", ""type"": ""contact""}]"
uni_crawler_82,ইন্টারন্যাশনাল ইসলামিক বিশ্ববিদ্যালয় চট্টগ্রাম,"International Islamic University, Chittagong",আইআইইউসি (IIUC),Universities,,no_issue_detected,https://www.iiuc.edu.bd,"ইন্টারন্যাশনাল ইসলামিক বিশ্ববিদ্যালয় চট্টগ্রাম, চট্টগ্রাম‑এ ১৯৯৫ সালে গৃহীত; ইসলামিক গবেষণা, প্রকৌশল ও ব্যবসা শিক্ষা প্রদান করে।",23.75,90.38,https://thumb.wikimedia.org/wikipedia/commons/thumb/0/02/IIUC_main_gate.jpg/1280px-IIUC_main_gate.jpg?utm_source=en.wikipedia.org&utm_campaign=parser&utm_content=thumbnail,https://thumb.wikimedia.org/wikipedia/commons/thumb/e/ec/IIUC_CENTRAL_LIBRARY_2.jpg/1280px-IIUC_CENTRAL_LIBRARY_2.jpg?utm_source=en.wikipedia.org&utm_campaign=parser&utm_content=thumbnail,https://thumb.wikimedia.org/wikipedia/commons/thumb/2/29/IIUC_signboard.jpg/1280px-IIUC_signboard.jpg?utm_source=en.wikipedia.org&utm_campaign=parser&utm_content=thumbnail,https://thumb.wikimedia.org/wikipedia/commons/thumb/f/fc/IIUC_Science_%26_Engineering_Faculty.jpg/1280px-IIUC_Science_%26_Engineering_Faculty.jpg?utm_source=en.wikipedia.org&utm_campaign=parser&utm_content=thumbnail,https://thumb.wikimedia.org/wikipedia/commons/thumb/5/55/Bba_faculty_iiuc.jpg/500px-Bba_faculty_iiuc.jpg?utm_source=en.wikipedia.org&utm_campaign=parser&utm_content=thumbnail,"[""https://thumb.wikimedia.org/wikipedia/commons/thumb/0/02/IIUC_main_gate.jpg/1280px-IIUC_main_gate.jpg?utm_source=en.wikipedia.org&utm_campaign=parser&utm_content=thumbnail"", ""https://thumb.wikimedia.org/wikipedia/commons/thumb/e/ec/IIUC_CENTRAL_LIBRARY_2.jpg/1280px-IIUC_CENTRAL_LIBRARY_2.jpg?utm_source=en.wikipedia.org&utm_campaign=parser&utm_content=thumbnail"", ""https://thumb.wikimedia.org/wikipedia/commons/thumb/2/29/IIUC_signboard.jpg/1280px-IIUC_signboard.jpg?utm_source=en.wikipedia.org&utm_campaign=parser&utm_content=thumbnail"", ""https://thumb.wikimedia.org/wikipedia/commons/thumb/f/fc/IIUC_Science_%26_Engineering_Faculty.jpg/1280px-IIUC_Science_%26_Engineering_Faculty.jpg?utm_source=en.wikipedia.org&utm_campaign=parser&utm_content=thumbnail"", ""https://thumb.wikimedia.org/wikipedia/commons/thumb/5/55/Bba_faculty_iiuc.jpg/500px-Bba_faculty_iiuc.jpg?utm_source=en.wikipedia.org&utm_campaign=parser&utm_content=thumbnail""]","[{""title"": ""ইন্টারন্যাশনাল ইসলামিক বিশ্ববিদ্যালয় চট্টগ্রাম ভর্তি তথ্য (Admission)"", ""url"": ""https://www.iiuc.edu.bd/admission"", ""type"": ""admission""}, {""title"": ""ইন্টারন্যাশনাল ইসলামিক বিশ্ববিদ্যালয় চট্টগ্রাম পরিচিতি ও ইতিহাস (About)"", ""url"": ""https://www.iiuc.edu.bd/about"", ""type"": ""about""}, {""title"": ""ইন্টারন্যাশনাল ইসলামিক বিশ্ববিদ্যালয় চট্টগ্রাম নোটিশ বোর্ড (Notice Board)"", ""url"": ""https://www.iiuc.edu.bd/notices"", ""type"": ""notices""}, {""title"": ""ইন্টারন্যাশনাল ইসলামিক বিশ্ববিদ্যালয় চট্টগ্রাম যোগাযোগ (Contact)"", ""url"": ""https://www.iiuc.edu.bd/contact"", ""type"": ""contact""}]"
uni_crawler_83,এশিয়ান বিশ্ববিদ্যালয় বাংলাদেশ,Asian University of Bangladesh,এইউবি (AUB),Universities,,no_issue_detected,https://www.aub.edu.bd,"এশিয়ান বিশ্ববিদ্যালয় বাংলাদেশ, ঢাকা (বনানী)‑এ ১৯৯৬ সালে প্রতিষ্ঠিত; ব্যবসা, প্রকৌশল ও আইন বিভাগে উৎকর্ষ অর্জন করেছে।",23.75,90.38,https://upload.wikimedia.org/wikipedia/en/f/fc/Asian_University_of_Bangladesh_Logo.jpg?utm_source=en.wikipedia.org&utm_campaign=api&utm_content=thumbnail_unscaled,https://upload.wikimedia.org/wikipedia/en/f/fc/Asian_University_of_Bangladesh_Logo.jpg?utm_source=en.wikipedia.org&utm_campaign=parser&utm_content=thumbnail_unscaled,,,,"[""https://upload.wikimedia.org/wikipedia/en/f/fc/Asian_University_of_Bangladesh_Logo.jpg?utm_source=en.wikipedia.org&utm_campaign=api&utm_content=thumbnail_unscaled"", ""https://upload.wikimedia.org/wikipedia/en/f/fc/Asian_University_of_Bangladesh_Logo.jpg?utm_source=en.wikipedia.org&utm_campaign=parser&utm_content=thumbnail_unscaled""]","[{""title"": ""এশিয়ান বিশ্ববিদ্যালয় বাংলাদেশ ভর্তি তথ্য (Admission)"", ""url"": ""https://www.aub.edu.bd/admission"", ""type"": ""admission""}, {""title"": ""এশিয়ান বিশ্ববিদ্যালয় বাংলাদেশ পরিচিতি ও ইতিহাস (About)"", ""url"": ""https://www.aub.edu.bd/about"", ""type"": ""about""}, {""title"": ""এশিয়ান বিশ্ববিদ্যালয় বাংলাদেশ নোটিশ বোর্ড (Notice Board)"", ""url"": ""https://www.aub.edu.bd/notices"", ""type"": ""notices""}, {""title"": ""এশিয়ান বিশ্ববিদ্যালয় বাংলাদেশ যোগাযোগ (Contact)"", ""url"": ""https://www.aub.edu.bd/contact"", ""type"": ""contact""}]"
uni_crawler_84,ইস্ট ওয়েস্ট বিশ্ববিদ্যালয়,East West University,ইডব্লিউইউ (EWU),Universities,,no_issue_detected,https://www.ewubd.edu,"ইস্ট ওয়েস্ট বিশ্ববিদ্যালয়, ঢাকা (গুলশান)‑এ ১৯৯৬ সালে গড়ে উঠেছে; ব্যবসা, কম্পিউটার বিজ্ঞান ও আইন শিক্ষায় বিশেষজ্ঞ।",23.7686,90.4255,https://thumb.wikimedia.org/wikipedia/commons/thumb/1/16/East-west-university-LogoSVG.svg/330px-East-west-university-LogoSVG.svg.png?utm_source=en.wikipedia.org&utm_campaign=api&utm_content=thumbnail,https://thumb.wikimedia.org/wikipedia/commons/thumb/1/16/East-west-university-LogoSVG.svg/500px-East-west-university-LogoSVG.svg.png?utm_source=en.wikipedia.org&utm_campaign=parser&utm_content=thumbnail,https://thumb.wikimedia.org/wikipedia/commons/thumb/f/fb/East_West_University_Campus.JPG/1280px-East_West_University_Campus.JPG?utm_source=en.wikipedia.org&utm_campaign=parser&utm_content=thumbnail,,,"[""https://thumb.wikimedia.org/wikipedia/commons/thumb/1/16/East-west-university-LogoSVG.svg/330px-East-west-university-LogoSVG.svg.png?utm_source=en.wikipedia.org&utm_campaign=api&utm_content=thumbnail"", ""https://thumb.wikimedia.org/wikipedia/commons/thumb/1/16/East-west-university-LogoSVG.svg/500px-East-west-university-LogoSVG.svg.png?utm_source=en.wikipedia.org&utm_campaign=parser&utm_content=thumbnail"", ""https://thumb.wikimedia.org/wikipedia/commons/thumb/f/fb/East_West_University_Campus.JPG/1280px-East_West_University_Campus.JPG?utm_source=en.wikipedia.org&utm_campaign=parser&utm_content=thumbnail""]","[{""title"": ""ইস্ট ওয়েস্ট বিশ্ববিদ্যালয় ভর্তি তথ্য (Admission)"", ""url"": ""https://www.ewubd.edu/admission"", ""type"": ""admission""}, {""title"": ""ইস্ট ওয়েস্ট বিশ্ববিদ্যালয় পরিচিতি ও ইতিহাস (About)"", ""url"": ""https://www.ewubd.edu/about"", ""type"": ""about""}, {""title"": ""ইস্ট ওয়েস্ট বিশ্ববিদ্যালয় নোটিশ বোর্ড (Notice Board)"", ""url"": ""https://www.ewubd.edu/notices"", ""type"": ""notices""}, {""title"": ""ইস্ট ওয়েস্ট বিশ্ববিদ্যালয় যোগাযোগ (Contact)"", ""url"": ""https://www.ewubd.edu/contact"", ""type"": ""contact""}]"
uni_crawler_85,গণ বিশ্ববিদ্যালয়,Gono Bishwabidyalay,জিবি (GB),Universities,,no_issue_detected,https://www.gb.edu.bd,"গণ বিশ্ববিদ্যালয়, ঢাকা (মিরপুর)‑এ ১৯৯৪ সালে প্রতিষ্ঠিত; সামাজিক বিজ্ঞান, ব্যবসা ও আইন ক্ষেত্রে শক্তিশালী পাঠ্যক্রম রয়েছে।",23.75,90.38,https://thumb.wikimedia.org/wikipedia/commons/thumb/d/da/Gono_Bishwabidyalay_Logo.svg/330px-Gono_Bishwabidyalay_Logo.svg.png?utm_source=en.wikipedia.org&utm_campaign=api&utm_content=thumbnail,https://thumb.wikimedia.org/wikipedia/commons/thumb/d/da/Gono_Bishwabidyalay_Logo.svg/500px-Gono_Bishwabidyalay_Logo.svg.png?utm_source=en.wikipedia.org&utm_campaign=parser&utm_content=thumbnail,https://thumb.wikimedia.org/wikipedia/commons/thumb/4/47/Library_By_Sobuj.jpg/500px-Library_By_Sobuj.jpg?utm_source=en.wikipedia.org&utm_campaign=parser&utm_content=thumbnail,https://thumb.wikimedia.org/wikipedia/commons/thumb/1/1b/GB_front_View.jpg/500px-GB_front_View.jpg?utm_source=en.wikipedia.org&utm_campaign=parser&utm_content=thumbnail,https://thumb.wikimedia.org/wikipedia/commons/thumb/2/2b/Academic_Sj.jpg/500px-Academic_Sj.jpg?utm_source=en.wikipedia.org&utm_campaign=parser&utm_content=thumbnail,"[""https://thumb.wikimedia.org/wikipedia/commons/thumb/d/da/Gono_Bishwabidyalay_Logo.svg/330px-Gono_Bishwabidyalay_Logo.svg.png?utm_source=en.wikipedia.org&utm_campaign=api&utm_content=thumbnail"", ""https://thumb.wikimedia.org/wikipedia/commons/thumb/d/da/Gono_Bishwabidyalay_Logo.svg/500px-Gono_Bishwabidyalay_Logo.svg.png?utm_source=en.wikipedia.org&utm_campaign=parser&utm_content=thumbnail"", ""https://thumb.wikimedia.org/wikipedia/commons/thumb/4/47/Library_By_Sobuj.jpg/500px-Library_By_Sobuj.jpg?utm_source=en.wikipedia.org&utm_campaign=parser&utm_content=thumbnail"", ""https://thumb.wikimedia.org/wikipedia/commons/thumb/1/1b/GB_front_View.jpg/500px-GB_front_View.jpg?utm_source=en.wikipedia.org&utm_campaign=parser&utm_content=thumbnail"", ""https://thumb.wikimedia.org/wikipedia/commons/thumb/2/2b/Academic_Sj.jpg/500px-Academic_Sj.jpg?utm_source=en.wikipedia.org&utm_campaign=parser&utm_content=thumbnail""]","[{""title"": ""গণ বিশ্ববিদ্যালয় ভর্তি তথ্য (Admission)"", ""url"": ""https://www.gb.edu.bd/admission"", ""type"": ""admission""}, {""title"": ""গণ বিশ্ববিদ্যালয় পরিচিতি ও ইতিহাস (About)"", ""url"": ""https://www.gb.edu.bd/about"", ""type"": ""about""}, {""title"": ""গণ বিশ্ববিদ্যালয় নোটিশ বোর্ড (Notice Board)"", ""url"": ""https://www.gb.edu.bd/notices"", ""type"": ""notices""}, {""title"": ""গণ বিশ্ববিদ্যালয় যোগাযোগ (Contact)"", ""url"": ""https://www.gb.edu.bd/contact"", ""type"": ""contact""}]"
uni_crawler_86,"পিপলস বিশ্ববিদ্যালয়, বাংলাদেশ",People's University of Bangladesh,পিইউবি (PUB),Universities,"যান্ত্রিক ত্রুটি: apostrophe-s (""এস"") বিচ্ছিন্ন টোকেন হিসেবে থেকে গিয়েছিল",verified_fixed,https://www.pub.edu.bd,"পিপলস বিশ্ববিদ্যালয়, বাংলাদেশ, ঢাকা (গুলশান)‑এ ২০১৫ সালে গৃহীত; ব্যবসা ও আইন শিক্ষায় আধুনিক দৃষ্টিভঙ্গি প্রদান করে।",23.75,90.38,https://upload.wikimedia.org/wikipedia/en/9/94/People%27s_University_of_Bangladesh_logo.jpg?utm_source=en.wikipedia.org&utm_campaign=api&utm_content=thumbnail_unscaled,https://upload.wikimedia.org/wikipedia/en/9/94/People%27s_University_of_Bangladesh_logo.jpg?utm_source=en.wikipedia.org&utm_campaign=parser&utm_content=thumbnail_unscaled,,,,"[""https://upload.wikimedia.org/wikipedia/en/9/94/People%27s_University_of_Bangladesh_logo.jpg?utm_source=en.wikipedia.org&utm_campaign=api&utm_content=thumbnail_unscaled"", ""https://upload.wikimedia.org/wikipedia/en/9/94/People%27s_University_of_Bangladesh_logo.jpg?utm_source=en.wikipedia.org&utm_campaign=parser&utm_content=thumbnail_unscaled""]","[{""title"": ""পিপলস বিশ্ববিদ্যালয়, বাংলাদেশ ভর্তি তথ্য (Admission)"", ""url"": ""https://www.pub.edu.bd/admission"", ""type"": ""admission""}, {""title"": ""পিপলস বিশ্ববিদ্যালয়, বাংলাদেশ পরিচিতি ও ইতিহাস (About)"", ""url"": ""https://www.pub.edu.bd/about"", ""type"": ""about""}, {""title"": ""পিপলস বিশ্ববিদ্যালয়, বাংলাদেশ নোটিশ বোর্ড (Notice Board)"", ""url"": ""https://www.pub.edu.bd/notices"", ""type"": ""notices""}, {""title"": ""পিপলস বিশ্ববিদ্যালয়, বাংলাদেশ যোগাযোগ (Contact)"", ""url"": ""https://www.pub.edu.bd/contact"", ""type"": ""contact""}]"
uni_crawler_87,কুইন্স বিশ্ববিদ্যালয়,Queens University,কিউইউ (QU),Universities,,no_issue_detected,https://www.qu.edu.bd,কুইন্স ইউনিভার্সিটি ১৯৯৬ সালে ঢাকায় প্রতিষ্ঠিত বাংলাদেশ বিশ্ববিদ্যালয় মঞ্জুরী কমিশন (ইউজিসি) অনুমোদিত একটি বেসরকারি বিশ্ববিদ্যালয়।,23.75,90.38,https://upload.wikimedia.org/wikipedia/commons/thumb/c/cb/Dhaka_University_logo.svg/300px-Dhaka_University_logo.svg.png,,,,,"[""https://upload.wikimedia.org/wikipedia/commons/thumb/c/cb/Dhaka_University_logo.svg/300px-Dhaka_University_logo.svg.png""]","[{""title"": ""কুইন্স বিশ্ববিদ্যালয় ভর্তি তথ্য (Admission)"", ""url"": ""https://www.qu.edu.bd/admission"", ""type"": ""admission""}, {""title"": ""কুইন্স বিশ্ববিদ্যালয় পরিচিতি ও ইতিহাস (About)"", ""url"": ""https://www.qu.edu.bd/about"", ""type"": ""about""}, {""title"": ""কুইন্স বিশ্ববিদ্যালয় নোটিশ বোর্ড (Notice Board)"", ""url"": ""https://www.qu.edu.bd/notices"", ""type"": ""notices""}, {""title"": ""কুইন্স বিশ্ববিদ্যালয় যোগাযোগ (Contact)"", ""url"": ""https://www.qu.edu.bd/contact"", ""type"": ""contact""}]"
uni_crawler_88,বিশ্ববিদ্যালয় এশিয়া প্যাসিফিক বাংলাদেশ,University of Asia Pacific (Bangladesh),ইউএপি (UAP),Universities,"শব্দক্রম ""বিশ্ববিদ্যালয়..."" — প্রকৃত প্রাতিষ্ঠানিক ব্যবহার যাচাই প্রয়োজন (BAUST খুলনা/সৈয়দপুরের ভিন্নতা থেকে দেখা গেছে যে অনুমান নিরাপদ নয়)",needs_manual_review,https://www.uap.edu.bd,"বিশ্ববিদ্যালয় এশিয়া প্যাসিফিক বাংলাদেশ, ঢাকা (গুলশান)‑এ ১৯৯৫ সালে গড়ে উঠেছে; ব্যবসা ও তথ্যপ্রযুক্তি ক্ষেত্রে বিশেষায়িত।",23.75,90.38,https://thumb.wikimedia.org/wikipedia/en/thumb/d/d7/University_of_Asia_Pacific_%28Bangladesh%29_logo.png/330px-University_of_Asia_Pacific_%28Bangladesh%29_logo.png?utm_source=en.wikipedia.org&utm_campaign=api&utm_content=thumbnail,https://thumb.wikimedia.org/wikipedia/en/thumb/d/d7/University_of_Asia_Pacific_%28Bangladesh%29_logo.png/330px-University_of_Asia_Pacific_%28Bangladesh%29_logo.png?utm_source=en.wikipedia.org&utm_campaign=parser&utm_content=thumbnail,,,,"[""https://thumb.wikimedia.org/wikipedia/en/thumb/d/d7/University_of_Asia_Pacific_%28Bangladesh%29_logo.png/330px-University_of_Asia_Pacific_%28Bangladesh%29_logo.png?utm_source=en.wikipedia.org&utm_campaign=api&utm_content=thumbnail"", ""https://thumb.wikimedia.org/wikipedia/en/thumb/d/d7/University_of_Asia_Pacific_%28Bangladesh%29_logo.png/330px-University_of_Asia_Pacific_%28Bangladesh%29_logo.png?utm_source=en.wikipedia.org&utm_campaign=parser&utm_content=thumbnail""]","[{""title"": ""বিশ্ববিদ্যালয় এশিয়া প্যাসিফিক বাংলাদেশ ভর্তি তথ্য (Admission)"", ""url"": ""https://www.uap.edu.bd/admission"", ""type"": ""admission""}, {""title"": ""বিশ্ববিদ্যালয় এশিয়া প্যাসিফিক বাংলাদেশ পরিচিতি ও ইতিহাস (About)"", ""url"": ""https://www.uap.edu.bd/about"", ""type"": ""about""}, {""title"": ""বিশ্ববিদ্যালয় এশিয়া প্যাসিফিক বাংলাদেশ নোটিশ বোর্ড (Notice Board)"", ""url"": ""https://www.uap.edu.bd/notices"", ""type"": ""notices""}, {""title"": ""বিশ্ববিদ্যালয় এশিয়া প্যাসিফিক বাংলাদেশ যোগাযোগ (Contact)"", ""url"": ""https://www.uap.edu.bd/contact"", ""type"": ""contact""}]"
uni_crawler_89,চট্টগ্রাম ইন্ডিপেনডেন্ট বিশ্ববিদ্যালয়,Chittagong Independent University (CIU),সিআইইউ (CIU),Universities,"নামের মধ্যে সংক্ষিপ্ত রূপ (সিআইইউ) অপ্রয়োজনীয়ভাবে পুনরাবৃত্ত হয়েছিল, পৃথক acronym কলামে আগে থেকেই আছে",verified_fixed,https://www.ciu.edu.bd,"চট্টগ্রাম ইন্ডিপেনডেন্ট বিশ্ববিদ্যালয়, চট্টগ্রাম (পটিয়া)‑এ ১৯৯৯ সালে প্রতিষ্ঠিত; প্রকৌশল ও ব্যবসা শিক্ষায় উৎকর্ষ অর্জন করেছে।",23.75,90.38,https://upload.wikimedia.org/wikipedia/en/b/bd/ChittagongIndependentUniversitylogo.jpg?utm_source=en.wikipedia.org&utm_campaign=api&utm_content=thumbnail_unscaled,https://upload.wikimedia.org/wikipedia/en/b/bd/ChittagongIndependentUniversitylogo.jpg?utm_source=en.wikipedia.org&utm_campaign=parser&utm_content=thumbnail_unscaled,https://thumb.wikimedia.org/wikipedia/commons/thumb/d/dd/Chittagong_Independent_University_2014.jpg/500px-Chittagong_Independent_University_2014.jpg?utm_source=en.wikipedia.org&utm_campaign=parser&utm_content=thumbnail,,,"[""https://upload.wikimedia.org/wikipedia/en/b/bd/ChittagongIndependentUniversitylogo.jpg?utm_source=en.wikipedia.org&utm_campaign=api&utm_content=thumbnail_unscaled"", ""https://upload.wikimedia.org/wikipedia/en/b/bd/ChittagongIndependentUniversitylogo.jpg?utm_source=en.wikipedia.org&utm_campaign=parser&utm_content=thumbnail_unscaled"", ""https://thumb.wikimedia.org/wikipedia/commons/thumb/d/dd/Chittagong_Independent_University_2014.jpg/500px-Chittagong_Independent_University_2014.jpg?utm_source=en.wikipedia.org&utm_campaign=parser&utm_content=thumbnail""]","[{""title"": ""চট্টগ্রাম ইন্ডিপেনডেন্ট বিশ্ববিদ্যালয় ভর্তি তথ্য (Admission)"", ""url"": ""https://www.ciu.edu.bd/admission"", ""type"": ""admission""}, {""title"": ""চট্টগ্রাম ইন্ডিপেনডেন্ট বিশ্ববিদ্যালয় পরিচিতি ও ইতিহাস (About)"", ""url"": ""https://www.ciu.edu.bd/about"", ""type"": ""about""}, {""title"": ""চট্টগ্রাম ইন্ডিপেনডেন্ট বিশ্ববিদ্যালয় নোটিশ বোর্ড (Notice Board)"", ""url"": ""https://www.ciu.edu.bd/notices"", ""type"": ""notices""}, {""title"": ""চট্টগ্রাম ইন্ডিপেনডেন্ট বিশ্ববিদ্যালয় যোগাযোগ (Contact)"", ""url"": ""https://www.ciu.edu.bd/contact"", ""type"": ""contact""}]"
uni_crawler_90,বাংলাদেশ বিশ্ববিদ্যালয়,Bangladesh University,বিইউ (BU),Universities,,no_issue_detected,https://www.bu.edu.bd,"বাংলাদেশ বিশ্ববিদ্যালয়, ঢাকা (গুলশান)‑এ ২০০১ সালে গৃহীত; ব্যবসা ও আইন বিভাগে আধুনিক পাঠ্যক্রম চালু রয়েছে।",23.75,90.38,https://thumb.wikimedia.org/wikipedia/en/thumb/7/72/BU_logo_banner.png/330px-BU_logo_banner.png?utm_source=en.wikipedia.org&utm_campaign=parser&utm_content=thumbnail,,,,,"[""https://thumb.wikimedia.org/wikipedia/en/thumb/7/72/BU_logo_banner.png/330px-BU_logo_banner.png?utm_source=en.wikipedia.org&utm_campaign=parser&utm_content=thumbnail""]","[{""title"": ""বাংলাদেশ বিশ্ববিদ্যালয় ভর্তি তথ্য (Admission)"", ""url"": ""https://www.bu.edu.bd/admission"", ""type"": ""admission""}, {""title"": ""বাংলাদেশ বিশ্ববিদ্যালয় পরিচিতি ও ইতিহাস (About)"", ""url"": ""https://www.bu.edu.bd/about"", ""type"": ""about""}, {""title"": ""বাংলাদেশ বিশ্ববিদ্যালয় নোটিশ বোর্ড (Notice Board)"", ""url"": ""https://www.bu.edu.bd/notices"", ""type"": ""notices""}, {""title"": ""বাংলাদেশ বিশ্ববিদ্যালয় যোগাযোগ (Contact)"", ""url"": ""https://www.bu.edu.bd/contact"", ""type"": ""contact""}]"
uni_crawler_91,বিজিসি ট্রাস্ট বিশ্ববিদ্যালয় বাংলাদেশ,BGC Trust University Bangladesh,বিজিসিটিইউবি (BGCTUB),Universities,,no_issue_detected,https://www.bgctub.edu.bd,বিজিসি ট্রাস্ট বিশ্ববিদ্যালয় বাংলাদেশ (BGC Trust University Bangladesh) বাংলাদেশের একটি ইউজিসি অনুমোদিত উচ্চশিক্ষা প্রতিষ্ঠান।,23.75,90.38,https://upload.wikimedia.org/wikipedia/commons/thumb/c/cb/Dhaka_University_logo.svg/300px-Dhaka_University_logo.svg.png,,,,,"[""https://upload.wikimedia.org/wikipedia/commons/thumb/c/cb/Dhaka_University_logo.svg/300px-Dhaka_University_logo.svg.png""]","[{""title"": ""বিজিসি ট্রাস্ট বিশ্ববিদ্যালয় বাংলাদেশ ভর্তি তথ্য (Admission)"", ""url"": ""https://www.bgctub.edu.bd/admission"", ""type"": ""admission""}, {""title"": ""বিজিসি ট্রাস্ট বিশ্ববিদ্যালয় বাংলাদেশ পরিচিতি ও ইতিহাস (About)"", ""url"": ""https://www.bgctub.edu.bd/about"", ""type"": ""about""}, {""title"": ""বিজিসি ট্রাস্ট বিশ্ববিদ্যালয় বাংলাদেশ নোটিশ বোর্ড (Notice Board)"", ""url"": ""https://www.bgctub.edu.bd/notices"", ""type"": ""notices""}, {""title"": ""বিজিসি ট্রাস্ট বিশ্ববিদ্যালয় বাংলাদেশ যোগাযোগ (Contact)"", ""url"": ""https://www.bgctub.edu.bd/contact"", ""type"": ""contact""}]"
uni_crawler_92,ব্র্যাক বিশ্ববিদ্যালয়,BRAC University,ব্র্যাকইউ (BracU),Universities,,no_issue_detected,https://www.bracu.ac.bd,ব্র্যাক বিশ্ববিদ্যালয় (BRAC University) বাংলাদেশের একটি ইউজিসি অনুমোদিত উচ্চশিক্ষা প্রতিষ্ঠান।,23.7719,90.4074,https://thumb.wikimedia.org/wikipedia/en/thumb/4/40/BRAC_University_monogram.svg/330px-BRAC_University_monogram.svg.png?utm_source=en.wikipedia.org&utm_campaign=api&utm_content=thumbnail,https://thumb.wikimedia.org/wikipedia/en/thumb/4/40/BRAC_University_monogram.svg/500px-BRAC_University_monogram.svg.png?utm_source=en.wikipedia.org&utm_campaign=parser&utm_content=thumbnail,https://thumb.wikimedia.org/wikipedia/commons/thumb/4/40/Inside_the_BRAC_University_residential_campus_%28Tarc%29.jpg/1280px-Inside_the_BRAC_University_residential_campus_%28Tarc%29.jpg?utm_source=en.wikipedia.org&utm_campaign=parser&utm_content=thumbnail,https://thumb.wikimedia.org/wikipedia/commons/thumb/4/42/ZR9_8522.jpg/1280px-ZR9_8522.jpg?utm_source=en.wikipedia.org&utm_campaign=parser&utm_content=thumbnail,,"[""https://thumb.wikimedia.org/wikipedia/en/thumb/4/40/BRAC_University_monogram.svg/330px-BRAC_University_monogram.svg.png?utm_source=en.wikipedia.org&utm_campaign=api&utm_content=thumbnail"", ""https://thumb.wikimedia.org/wikipedia/en/thumb/4/40/BRAC_University_monogram.svg/500px-BRAC_University_monogram.svg.png?utm_source=en.wikipedia.org&utm_campaign=parser&utm_content=thumbnail"", ""https://thumb.wikimedia.org/wikipedia/commons/thumb/4/40/Inside_the_BRAC_University_residential_campus_%28Tarc%29.jpg/1280px-Inside_the_BRAC_University_residential_campus_%28Tarc%29.jpg?utm_source=en.wikipedia.org&utm_campaign=parser&utm_content=thumbnail"", ""https://thumb.wikimedia.org/wikipedia/commons/thumb/4/42/ZR9_8522.jpg/1280px-ZR9_8522.jpg?utm_source=en.wikipedia.org&utm_campaign=parser&utm_content=thumbnail""]","[{""title"": ""ব্র্যাক বিশ্ববিদ্যালয় ভর্তি তথ্য (Admission)"", ""url"": ""https://www.bracu.ac.bd/admission"", ""type"": ""admission""}, {""title"": ""ব্র্যাক বিশ্ববিদ্যালয় পরিচিতি ও ইতিহাস (About)"", ""url"": ""https://www.bracu.ac.bd/about"", ""type"": ""about""}, {""title"": ""ব্র্যাক বিশ্ববিদ্যালয় নোটিশ বোর্ড (Notice Board)"", ""url"": ""https://www.bracu.ac.bd/notices"", ""type"": ""notices""}, {""title"": ""ব্র্যাক বিশ্ববিদ্যালয় যোগাযোগ (Contact)"", ""url"": ""https://www.bracu.ac.bd/contact"", ""type"": ""contact""}]"
uni_crawler_93,মানারাত ইন্টারন্যাশনাল বিশ্ববিদ্যালয়,Manarat International University,এমআইইউ (MIU),Universities,,no_issue_detected,https://www.miu.edu.bd,মানারাত ইন্টারন্যাশনাল বিশ্ববিদ্যালয় (Manarat International University) বাংলাদেশের একটি ইউজিসি অনুমোদিত উচ্চশিক্ষা প্রতিষ্ঠান।,23.75,90.38,https://upload.wikimedia.org/wikipedia/commons/thumb/c/cb/Dhaka_University_logo.svg/300px-Dhaka_University_logo.svg.png,,,,,"[""https://upload.wikimedia.org/wikipedia/commons/thumb/c/cb/Dhaka_University_logo.svg/300px-Dhaka_University_logo.svg.png""]","[{""title"": ""মানারাত ইন্টারন্যাশনাল বিশ্ববিদ্যালয় ভর্তি তথ্য (Admission)"", ""url"": ""https://www.miu.edu.bd/admission"", ""type"": ""admission""}, {""title"": ""মানারাত ইন্টারন্যাশনাল বিশ্ববিদ্যালয় পরিচিতি ও ইতিহাস (About)"", ""url"": ""https://www.miu.edu.bd/about"", ""type"": ""about""}, {""title"": ""মানারাত ইন্টারন্যাশনাল বিশ্ববিদ্যালয় নোটিশ বোর্ড (Notice Board)"", ""url"": ""https://www.miu.edu.bd/notices"", ""type"": ""notices""}, {""title"": ""মানারাত ইন্টারন্যাশনাল বিশ্ববিদ্যালয় যোগাযোগ (Contact)"", ""url"": ""https://www.miu.edu.bd/contact"", ""type"": ""contact""}]"
uni_crawler_94,প্রিমিয়ার বিশ্ববিদ্যালয় চট্টগ্রাম,"Premier University, Chittagong",পিইউ (PU),Universities,,no_issue_detected,https://www.pu.edu.bd,"প্রিমিয়ার বিশ্ববিদ্যালয় চট্টগ্রাম (Premier University, Chittagong) বাংলাদেশের একটি ইউজিসি অনুমোদিত উচ্চশিক্ষা প্রতিষ্ঠান।",23.75,90.38,https://thumb.wikimedia.org/wikipedia/en/thumb/7/78/Logo_of_Premier_University_%28PU%29.png/330px-Logo_of_Premier_University_%28PU%29.png?utm_source=en.wikipedia.org&utm_campaign=api&utm_content=thumbnail,https://thumb.wikimedia.org/wikipedia/en/thumb/7/78/Logo_of_Premier_University_%28PU%29.png/330px-Logo_of_Premier_University_%28PU%29.png?utm_source=en.wikipedia.org&utm_campaign=parser&utm_content=thumbnail,https://thumb.wikimedia.org/wikipedia/commons/thumb/8/8e/Premier_university_campus_01.jpg/500px-Premier_university_campus_01.jpg?utm_source=en.wikipedia.org&utm_campaign=parser&utm_content=thumbnail,https://thumb.wikimedia.org/wikipedia/commons/thumb/2/27/Premier_University_22.jpg/500px-Premier_University_22.jpg?utm_source=en.wikipedia.org&utm_campaign=parser&utm_content=thumbnail,https://thumb.wikimedia.org/wikipedia/commons/thumb/7/70/Premier_university_campus_03.jpg/1280px-Premier_university_campus_03.jpg?utm_source=en.wikipedia.org&utm_campaign=parser&utm_content=thumbnail,"[""https://thumb.wikimedia.org/wikipedia/en/thumb/7/78/Logo_of_Premier_University_%28PU%29.png/330px-Logo_of_Premier_University_%28PU%29.png?utm_source=en.wikipedia.org&utm_campaign=api&utm_content=thumbnail"", ""https://thumb.wikimedia.org/wikipedia/en/thumb/7/78/Logo_of_Premier_University_%28PU%29.png/330px-Logo_of_Premier_University_%28PU%29.png?utm_source=en.wikipedia.org&utm_campaign=parser&utm_content=thumbnail"", ""https://thumb.wikimedia.org/wikipedia/commons/thumb/8/8e/Premier_university_campus_01.jpg/500px-Premier_university_campus_01.jpg?utm_source=en.wikipedia.org&utm_campaign=parser&utm_content=thumbnail"", ""https://thumb.wikimedia.org/wikipedia/commons/thumb/2/27/Premier_University_22.jpg/500px-Premier_University_22.jpg?utm_source=en.wikipedia.org&utm_campaign=parser&utm_content=thumbnail"", ""https://thumb.wikimedia.org/wikipedia/commons/thumb/7/70/Premier_university_campus_03.jpg/1280px-Premier_university_campus_03.jpg?utm_source=en.wikipedia.org&utm_campaign=parser&utm_content=thumbnail""]","[{""title"": ""প্রিমিয়ার বিশ্ববিদ্যালয় চট্টগ্রাম ভর্তি তথ্য (Admission)"", ""url"": ""https://www.pu.edu.bd/admission"", ""type"": ""admission""}, {""title"": ""প্রিমিয়ার বিশ্ববিদ্যালয় চট্টগ্রাম পরিচিতি ও ইতিহাস (About)"", ""url"": ""https://www.pu.edu.bd/about"", ""type"": ""about""}, {""title"": ""প্রিমিয়ার বিশ্ববিদ্যালয় চট্টগ্রাম নোটিশ বোর্ড (Notice Board)"", ""url"": ""https://www.pu.edu.bd/notices"", ""type"": ""notices""}, {""title"": ""প্রিমিয়ার বিশ্ববিদ্যালয় চট্টগ্রাম যোগাযোগ (Contact)"", ""url"": ""https://www.pu.edu.bd/contact"", ""type"": ""contact""}]"
uni_crawler_95,সাউদার্ন বিশ্ববিদ্যালয় বাংলাদেশ,"Southern University, Bangladesh",এসইউবি (SUB),Universities,,no_issue_detected,https://www.sub.edu.bd,"সাউদার্ন বিশ্ববিদ্যালয় বাংলাদেশ (Southern University, Bangladesh) বাংলাদেশের একটি ইউজিসি অনুমোদিত উচ্চশিক্ষা প্রতিষ্ঠান।",23.75,90.38,https://upload.wikimedia.org/wikipedia/commons/thumb/c/cb/Dhaka_University_logo.svg/300px-Dhaka_University_logo.svg.png,,,,,"[""https://upload.wikimedia.org/wikipedia/commons/thumb/c/cb/Dhaka_University_logo.svg/300px-Dhaka_University_logo.svg.png""]","[{""title"": ""সাউদার্ন বিশ্ববিদ্যালয় বাংলাদেশ ভর্তি তথ্য (Admission)"", ""url"": ""https://www.sub.edu.bd/admission"", ""type"": ""admission""}, {""title"": ""সাউদার্ন বিশ্ববিদ্যালয় বাংলাদেশ পরিচিতি ও ইতিহাস (About)"", ""url"": ""https://www.sub.edu.bd/about"", ""type"": ""about""}, {""title"": ""সাউদার্ন বিশ্ববিদ্যালয় বাংলাদেশ নোটিশ বোর্ড (Notice Board)"", ""url"": ""https://www.sub.edu.bd/notices"", ""type"": ""notices""}, {""title"": ""সাউদার্ন বিশ্ববিদ্যালয় বাংলাদেশ যোগাযোগ (Contact)"", ""url"": ""https://www.sub.edu.bd/contact"", ""type"": ""contact""}]"
uni_crawler_96,সিলেট ইন্টারন্যাশনাল বিশ্ববিদ্যালয়,Sylhet International University,এসআইইউ (SIU),Universities,,no_issue_detected,https://www.siu.edu.bd,সিলেট ইন্টারন্যাশনাল বিশ্ববিদ্যালয় (Sylhet International University) বাংলাদেশের একটি ইউজিসি অনুমোদিত উচ্চশিক্ষা প্রতিষ্ঠান।,23.75,90.38,https://upload.wikimedia.org/wikipedia/en/2/2f/SIU_Logo_Emrul.jpeg?utm_source=en.wikipedia.org&utm_campaign=api&utm_content=thumbnail_unscaled,,,,,"[""https://upload.wikimedia.org/wikipedia/en/2/2f/SIU_Logo_Emrul.jpeg?utm_source=en.wikipedia.org&utm_campaign=api&utm_content=thumbnail_unscaled""]","[{""title"": ""সিলেট ইন্টারন্যাশনাল বিশ্ববিদ্যালয় ভর্তি তথ্য (Admission)"", ""url"": ""https://www.siu.edu.bd/admission"", ""type"": ""admission""}, {""title"": ""সিলেট ইন্টারন্যাশনাল বিশ্ববিদ্যালয় পরিচিতি ও ইতিহাস (About)"", ""url"": ""https://www.siu.edu.bd/about"", ""type"": ""about""}, {""title"": ""সিলেট ইন্টারন্যাশনাল বিশ্ববিদ্যালয় নোটিশ বোর্ড (Notice Board)"", ""url"": ""https://www.siu.edu.bd/notices"", ""type"": ""notices""}, {""title"": ""সিলেট ইন্টারন্যাশনাল বিশ্ববিদ্যালয় যোগাযোগ (Contact)"", ""url"": ""https://www.siu.edu.bd/contact"", ""type"": ""contact""}]"
uni_crawler_97,বিশ্ববিদ্যালয় ডেভেলপমেন্ট অল্টারনেটিভ,University of Development Alternative,ইউওডিএ (UODA),Universities,"শব্দক্রম ""বিশ্ববিদ্যালয়..."" — প্রকৃত প্রাতিষ্ঠানিক ব্যবহার যাচাই প্রয়োজন (BAUST খুলনা/সৈয়দপুরের ভিন্নতা থেকে দেখা গেছে যে অনুমান নিরাপদ নয়)",needs_manual_review,https://www.uoda.edu.bd,বিশ্ববিদ্যালয় ডেভেলপমেন্ট অল্টারনেটিভ (University of Development Alternative) বাংলাদেশের একটি ইউজিসি অনুমোদিত উচ্চশিক্ষা প্রতিষ্ঠান।,23.75,90.38,https://upload.wikimedia.org/wikipedia/en/f/f0/UODA.png?utm_source=en.wikipedia.org&utm_campaign=api&utm_content=thumbnail_unscaled,,,,,"[""https://upload.wikimedia.org/wikipedia/en/f/f0/UODA.png?utm_source=en.wikipedia.org&utm_campaign=api&utm_content=thumbnail_unscaled""]","[{""title"": ""বিশ্ববিদ্যালয় ডেভেলপমেন্ট অল্টারনেটিভ ভর্তি তথ্য (Admission)"", ""url"": ""https://www.uoda.edu.bd/admission"", ""type"": ""admission""}, {""title"": ""বিশ্ববিদ্যালয় ডেভেলপমেন্ট অল্টারনেটিভ পরিচিতি ও ইতিহাস (About)"", ""url"": ""https://www.uoda.edu.bd/about"", ""type"": ""about""}, {""title"": ""বিশ্ববিদ্যালয় ডেভেলপমেন্ট অল্টারনেটিভ নোটিশ বোর্ড (Notice Board)"", ""url"": ""https://www.uoda.edu.bd/notices"", ""type"": ""notices""}, {""title"": ""বিশ্ববিদ্যালয় ডেভেলপমেন্ট অল্টারনেটিভ যোগাযোগ (Contact)"", ""url"": ""https://www.uoda.edu.bd/contact"", ""type"": ""contact""}]"
uni_crawler_98,সিটি বিশ্ববিদ্যালয় বাংলাদেশ,"City University, Bangladesh",সিইউবি (CUB),Universities,,no_issue_detected,https://www.cub.edu.bd,"সিটি বিশ্ববিদ্যালয় বাংলাদেশ (City University, Bangladesh) বাংলাদেশের একটি ইউজিসি অনুমোদিত উচ্চশিক্ষা প্রতিষ্ঠান।",23.75,90.38,https://upload.wikimedia.org/wikipedia/en/f/ff/City_University_%28Bangladesh%29_logo.png?utm_source=en.wikipedia.org&utm_campaign=api&utm_content=thumbnail_unscaled,,,,,"[""https://upload.wikimedia.org/wikipedia/en/f/ff/City_University_%28Bangladesh%29_logo.png?utm_source=en.wikipedia.org&utm_campaign=api&utm_content=thumbnail_unscaled""]","[{""title"": ""সিটি বিশ্ববিদ্যালয় বাংলাদেশ ভর্তি তথ্য (Admission)"", ""url"": ""https://www.cub.edu.bd/admission"", ""type"": ""admission""}, {""title"": ""সিটি বিশ্ববিদ্যালয় বাংলাদেশ পরিচিতি ও ইতিহাস (About)"", ""url"": ""https://www.cub.edu.bd/about"", ""type"": ""about""}, {""title"": ""সিটি বিশ্ববিদ্যালয় বাংলাদেশ নোটিশ বোর্ড (Notice Board)"", ""url"": ""https://www.cub.edu.bd/notices"", ""type"": ""notices""}, {""title"": ""সিটি বিশ্ববিদ্যালয় বাংলাদেশ যোগাযোগ (Contact)"", ""url"": ""https://www.cub.edu.bd/contact"", ""type"": ""contact""}]"
uni_crawler_99,ড্যাফোডিল ইন্টারন্যাশনাল ইউনিভার্সিটি,Daffodil International University,ডিআইইউ (DIU),Universities,,no_issue_detected,https://daffodilvarsity.edu.bd,ড্যাফোডিল ইন্টারন্যাশনাল ইউনিভার্সিটি (Daffodil International University) বাংলাদেশের একটি ইউজিসি অনুমোদিত উচ্চশিক্ষা প্রতিষ্ঠান।,23.8767,90.32,https://thumb.wikimedia.org/wikipedia/en/thumb/e/e8/Daffodil_International_University_Monogram.svg/330px-Daffodil_International_University_Monogram.svg.png?utm_source=en.wikipedia.org&utm_campaign=api&utm_content=thumbnail,,,,,"[""https://thumb.wikimedia.org/wikipedia/en/thumb/e/e8/Daffodil_International_University_Monogram.svg/330px-Daffodil_International_University_Monogram.svg.png?utm_source=en.wikipedia.org&utm_campaign=api&utm_content=thumbnail""]","[{""title"": ""ড্যাফোডিল ইন্টারন্যাশনাল ইউনিভার্সিটি ভর্তি তথ্য (Admission)"", ""url"": ""https://daffodilvarsity.edu.bd/admission"", ""type"": ""admission""}, {""title"": ""ড্যাফোডিল ইন্টারন্যাশনাল ইউনিভার্সিটি পরিচিতি ও ইতিহাস (About)"", ""url"": ""https://daffodilvarsity.edu.bd/about"", ""type"": ""about""}, {""title"": ""ড্যাফোডিল ইন্টারন্যাশনাল ইউনিভার্সিটি নোটিশ বোর্ড (Notice Board)"", ""url"": ""https://daffodilvarsity.edu.bd/notices"", ""type"": ""notices""}, {""title"": ""ড্যাফোডিল ইন্টারন্যাশনাল ইউনিভার্সিটি যোগাযোগ (Contact)"", ""url"": ""https://daffodilvarsity.edu.bd/contact"", ""type"": ""contact""}]"
uni_crawler_100,গ্রিন বিশ্ববিদ্যালয় বাংলাদেশ,Green University of Bangladesh,জিইউবি (GUB),Universities,,no_issue_detected,https://www.gub.edu.bd,গ্রিন বিশ্ববিদ্যালয় বাংলাদেশ (Green University of Bangladesh) বাংলাদেশের একটি ইউজিসি অনুমোদিত উচ্চশিক্ষা প্রতিষ্ঠান।,23.75,90.38,https://thumb.wikimedia.org/wikipedia/en/thumb/e/ed/Green_University_of_Bangladesh_logo.svg/330px-Green_University_of_Bangladesh_logo.svg.png?utm_source=en.wikipedia.org&utm_campaign=api&utm_content=thumbnail,,,,,"[""https://thumb.wikimedia.org/wikipedia/en/thumb/e/ed/Green_University_of_Bangladesh_logo.svg/330px-Green_University_of_Bangladesh_logo.svg.png?utm_source=en.wikipedia.org&utm_campaign=api&utm_content=thumbnail""]","[{""title"": ""গ্রিন বিশ্ববিদ্যালয় বাংলাদেশ ভর্তি তথ্য (Admission)"", ""url"": ""https://www.gub.edu.bd/admission"", ""type"": ""admission""}, {""title"": ""গ্রিন বিশ্ববিদ্যালয় বাংলাদেশ পরিচিতি ও ইতিহাস (About)"", ""url"": ""https://www.gub.edu.bd/about"", ""type"": ""about""}, {""title"": ""গ্রিন বিশ্ববিদ্যালয় বাংলাদেশ নোটিশ বোর্ড (Notice Board)"", ""url"": ""https://www.gub.edu.bd/notices"", ""type"": ""notices""}, {""title"": ""গ্রিন বিশ্ববিদ্যালয় বাংলাদেশ যোগাযোগ (Contact)"", ""url"": ""https://www.gub.edu.bd/contact"", ""type"": ""contact""}]"
uni_crawler_101,ইবাইস বিশ্ববিদ্যালয়,IBAIS University,ইবি (IU),Universities,,no_issue_detected,https://www.iu.edu.bd,ইবাইস বিশ্ববিদ্যালয় (IBAIS University) বাংলাদেশের একটি ইউজিসি অনুমোদিত উচ্চশিক্ষা প্রতিষ্ঠান।,23.75,90.38,https://upload.wikimedia.org/wikipedia/commons/thumb/c/cb/Dhaka_University_logo.svg/300px-Dhaka_University_logo.svg.png,,,,,"[""https://upload.wikimedia.org/wikipedia/commons/thumb/c/cb/Dhaka_University_logo.svg/300px-Dhaka_University_logo.svg.png""]","[{""title"": ""ইবাইস বিশ্ববিদ্যালয় ভর্তি তথ্য (Admission)"", ""url"": ""https://www.iu.edu.bd/admission"", ""type"": ""admission""}, {""title"": ""ইবাইস বিশ্ববিদ্যালয় পরিচিতি ও ইতিহাস (About)"", ""url"": ""https://www.iu.edu.bd/about"", ""type"": ""about""}, {""title"": ""ইবাইস বিশ্ববিদ্যালয় নোটিশ বোর্ড (Notice Board)"", ""url"": ""https://www.iu.edu.bd/notices"", ""type"": ""notices""}, {""title"": ""ইবাইস বিশ্ববিদ্যালয় যোগাযোগ (Contact)"", ""url"": ""https://www.iu.edu.bd/contact"", ""type"": ""contact""}]"
uni_crawler_102,লিডিং বিশ্ববিদ্যালয়,Leading University,এলইউ (LU),Universities,,no_issue_detected,https://www.lu.edu.bd,লিডিং বিশ্ববিদ্যালয় (Leading University) বাংলাদেশের একটি ইউজিসি অনুমোদিত উচ্চশিক্ষা প্রতিষ্ঠান।,23.75,90.38,https://upload.wikimedia.org/wikipedia/en/0/02/Leading_University_Logo.png?utm_source=en.wikipedia.org&utm_campaign=api&utm_content=thumbnail_unscaled,,,,,"[""https://upload.wikimedia.org/wikipedia/en/0/02/Leading_University_Logo.png?utm_source=en.wikipedia.org&utm_campaign=api&utm_content=thumbnail_unscaled""]","[{""title"": ""লিডিং বিশ্ববিদ্যালয় ভর্তি তথ্য (Admission)"", ""url"": ""https://www.lu.edu.bd/admission"", ""type"": ""admission""}, {""title"": ""লিডিং বিশ্ববিদ্যালয় পরিচিতি ও ইতিহাস (About)"", ""url"": ""https://www.lu.edu.bd/about"", ""type"": ""about""}, {""title"": ""লিডিং বিশ্ববিদ্যালয় নোটিশ বোর্ড (Notice Board)"", ""url"": ""https://www.lu.edu.bd/notices"", ""type"": ""notices""}, {""title"": ""লিডিং বিশ্ববিদ্যালয় যোগাযোগ (Contact)"", ""url"": ""https://www.lu.edu.bd/contact"", ""type"": ""contact""}]"
uni_crawler_103,নর্দান বিশ্ববিদ্যালয় বাংলাদেশ,"Northern University, Bangladesh",এনইউবি (NUB),Universities,,no_issue_detected,https://www.nub.edu.bd,"নর্দান বিশ্ববিদ্যালয় বাংলাদেশ (Northern University, Bangladesh) বাংলাদেশের একটি ইউজিসি অনুমোদিত উচ্চশিক্ষা প্রতিষ্ঠান।",23.75,90.38,https://upload.wikimedia.org/wikipedia/commons/thumb/c/cb/Dhaka_University_logo.svg/300px-Dhaka_University_logo.svg.png,,,,,"[""https://upload.wikimedia.org/wikipedia/commons/thumb/c/cb/Dhaka_University_logo.svg/300px-Dhaka_University_logo.svg.png""]","[{""title"": ""নর্দান বিশ্ববিদ্যালয় বাংলাদেশ ভর্তি তথ্য (Admission)"", ""url"": ""https://www.nub.edu.bd/admission"", ""type"": ""admission""}, {""title"": ""নর্দান বিশ্ববিদ্যালয় বাংলাদেশ পরিচিতি ও ইতিহাস (About)"", ""url"": ""https://www.nub.edu.bd/about"", ""type"": ""about""}, {""title"": ""নর্দান বিশ্ববিদ্যালয় বাংলাদেশ নোটিশ বোর্ড (Notice Board)"", ""url"": ""https://www.nub.edu.bd/notices"", ""type"": ""notices""}, {""title"": ""নর্দান বিশ্ববিদ্যালয় বাংলাদেশ যোগাযোগ (Contact)"", ""url"": ""https://www.nub.edu.bd/contact"", ""type"": ""contact""}]"
uni_crawler_104,প্রাইম বিশ্ববিদ্যালয়,Prime University,পিইউ (PU),Universities,,no_issue_detected,https://www.pu.edu.bd,প্রাইম বিশ্ববিদ্যালয় (Prime University) বাংলাদেশের একটি ইউজিসি অনুমোদিত উচ্চশিক্ষা প্রতিষ্ঠান।,23.75,90.38,https://upload.wikimedia.org/wikipedia/commons/thumb/c/cb/Dhaka_University_logo.svg/300px-Dhaka_University_logo.svg.png,,,,,"[""https://upload.wikimedia.org/wikipedia/commons/thumb/c/cb/Dhaka_University_logo.svg/300px-Dhaka_University_logo.svg.png""]","[{""title"": ""প্রাইম বিশ্ববিদ্যালয় ভর্তি তথ্য (Admission)"", ""url"": ""https://www.pu.edu.bd/admission"", ""type"": ""admission""}, {""title"": ""প্রাইম বিশ্ববিদ্যালয় পরিচিতি ও ইতিহাস (About)"", ""url"": ""https://www.pu.edu.bd/about"", ""type"": ""about""}, {""title"": ""প্রাইম বিশ্ববিদ্যালয় নোটিশ বোর্ড (Notice Board)"", ""url"": ""https://www.pu.edu.bd/notices"", ""type"": ""notices""}, {""title"": ""প্রাইম বিশ্ববিদ্যালয় যোগাযোগ (Contact)"", ""url"": ""https://www.pu.edu.bd/contact"", ""type"": ""contact""}]"
uni_crawler_105,সাউথইস্ট বিশ্ববিদ্যালয়,Southeast University,এসইইউ (SEU),Universities,,no_issue_detected,https://www.seu.edu.bd,সাউথইস্ট বিশ্ববিদ্যালয় (Southeast University) বাংলাদেশের একটি ইউজিসি অনুমোদিত উচ্চশিক্ষা প্রতিষ্ঠান।,23.75,90.38,https://upload.wikimedia.org/wikipedia/en/a/ab/Southeast_University_logo.png?utm_source=en.wikipedia.org&utm_campaign=parser&utm_content=thumbnail_unscaled,https://thumb.wikimedia.org/wikipedia/commons/thumb/7/70/Auditorium_of_Southeast_University_in_winter.jpg/500px-Auditorium_of_Southeast_University_in_winter.jpg?utm_source=en.wikipedia.org&utm_campaign=parser&utm_content=thumbnail,https://thumb.wikimedia.org/wikipedia/commons/thumb/c/c7/%E5%9B%BD%E7%AB%8B%E4%B8%AD%E5%A4%AE%E5%A4%A7%E5%AD%A6%E5%AD%9F%E8%8A%B3%E5%9B%BE%E4%B9%A6%E9%A6%86%E6%97%A7%E5%9D%80%E5%85%A8%E6%99%AF2019.jpg/1280px-%E5%9B%BD%E7%AB%8B%E4%B8%AD%E5%A4%AE%E5%A4%A7%E5%AD%A6%E5%AD%9F%E8%8A%B3%E5%9B%BE%E4%B9%A6%E9%A6%86%E6%97%A7%E5%9D%80%E5%85%A8%E6%99%AF2019.jpg?utm_source=en.wikipedia.org&utm_campaign=parser&utm_content=thumbnail,https://thumb.wikimedia.org/wikipedia/commons/thumb/f/f8/Full_View_of_Liangjiang_Normal_School.jpg/330px-Full_View_of_Liangjiang_Normal_School.jpg?utm_source=en.wikipedia.org&utm_campaign=parser&utm_content=thumbnail,https://thumb.wikimedia.org/wikipedia/commons/thumb/d/dd/YiziFang%2C_Southeast_University.jpg/500px-YiziFang%2C_Southeast_University.jpg?utm_source=en.wikipedia.org&utm_campaign=parser&utm_content=thumbnail,"[""https://upload.wikimedia.org/wikipedia/en/a/ab/Southeast_University_logo.png?utm_source=en.wikipedia.org&utm_campaign=parser&utm_content=thumbnail_unscaled"", ""https://thumb.wikimedia.org/wikipedia/commons/thumb/7/70/Auditorium_of_Southeast_University_in_winter.jpg/500px-Auditorium_of_Southeast_University_in_winter.jpg?utm_source=en.wikipedia.org&utm_campaign=parser&utm_content=thumbnail"", ""https://thumb.wikimedia.org/wikipedia/commons/thumb/c/c7/%E5%9B%BD%E7%AB%8B%E4%B8%AD%E5%A4%AE%E5%A4%A7%E5%AD%A6%E5%AD%9F%E8%8A%B3%E5%9B%BE%E4%B9%A6%E9%A6%86%E6%97%A7%E5%9D%80%E5%85%A8%E6%99%AF2019.jpg/1280px-%E5%9B%BD%E7%AB%8B%E4%B8%AD%E5%A4%AE%E5%A4%A7%E5%AD%A6%E5%AD%9F%E8%8A%B3%E5%9B%BE%E4%B9%A6%E9%A6%86%E6%97%A7%E5%9D%80%E5%85%A8%E6%99%AF2019.jpg?utm_source=en.wikipedia.org&utm_campaign=parser&utm_content=thumbnail"", ""https://thumb.wikimedia.org/wikipedia/commons/thumb/f/f8/Full_View_of_Liangjiang_Normal_School.jpg/330px-Full_View_of_Liangjiang_Normal_School.jpg?utm_source=en.wikipedia.org&utm_campaign=parser&utm_content=thumbnail"", ""https://thumb.wikimedia.org/wikipedia/commons/thumb/d/dd/YiziFang%2C_Southeast_University.jpg/500px-YiziFang%2C_Southeast_University.jpg?utm_source=en.wikipedia.org&utm_campaign=parser&utm_content=thumbnail""]","[{""title"": ""সাউথইস্ট বিশ্ববিদ্যালয় ভর্তি তথ্য (Admission)"", ""url"": ""https://www.seu.edu.bd/admission"", ""type"": ""admission""}, {""title"": ""সাউথইস্ট বিশ্ববিদ্যালয় পরিচিতি ও ইতিহাস (About)"", ""url"": ""https://www.seu.edu.bd/about"", ""type"": ""about""}, {""title"": ""সাউথইস্ট বিশ্ববিদ্যালয় নোটিশ বোর্ড (Notice Board)"", ""url"": ""https://www.seu.edu.bd/notices"", ""type"": ""notices""}, {""title"": ""সাউথইস্ট বিশ্ববিদ্যালয় যোগাযোগ (Contact)"", ""url"": ""https://www.seu.edu.bd/contact"", ""type"": ""contact""}]"
uni_crawler_106,স্ট্যামফোর্ড বিশ্ববিদ্যালয় বাংলাদেশ,Stamford University Bangladesh,এসইউ (SU),Universities,,no_issue_detected,https://www.su.edu.bd,স্ট্যামফোর্ড বিশ্ববিদ্যালয় বাংলাদেশ (Stamford University Bangladesh) বাংলাদেশের একটি ইউজিসি অনুমোদিত উচ্চশিক্ষা প্রতিষ্ঠান।,23.75,90.38,https://thumb.wikimedia.org/wikipedia/en/thumb/d/d9/Stamford_University_Bangladesh_Monogram.svg/330px-Stamford_University_Bangladesh_Monogram.svg.png?utm_source=en.wikipedia.org&utm_campaign=api&utm_content=thumbnail,,,,,"[""https://thumb.wikimedia.org/wikipedia/en/thumb/d/d9/Stamford_University_Bangladesh_Monogram.svg/330px-Stamford_University_Bangladesh_Monogram.svg.png?utm_source=en.wikipedia.org&utm_campaign=api&utm_content=thumbnail""]","[{""title"": ""স্ট্যামফোর্ড বিশ্ববিদ্যালয় বাংলাদেশ ভর্তি তথ্য (Admission)"", ""url"": ""https://www.su.edu.bd/admission"", ""type"": ""admission""}, {""title"": ""স্ট্যামফোর্ড বিশ্ববিদ্যালয় বাংলাদেশ পরিচিতি ও ইতিহাস (About)"", ""url"": ""https://www.su.edu.bd/about"", ""type"": ""about""}, {""title"": ""স্ট্যামফোর্ড বিশ্ববিদ্যালয় বাংলাদেশ নোটিশ বোর্ড (Notice Board)"", ""url"": ""https://www.su.edu.bd/notices"", ""type"": ""notices""}, {""title"": ""স্ট্যামফোর্ড বিশ্ববিদ্যালয় বাংলাদেশ যোগাযোগ (Contact)"", ""url"": ""https://www.su.edu.bd/contact"", ""type"": ""contact""}]"
uni_crawler_107,স্টেট বিশ্ববিদ্যালয় বাংলাদেশ,State University of Bangladesh,এসইউবি (SUB),Universities,,no_issue_detected,https://www.sub.edu.bd,স্টেট বিশ্ববিদ্যালয় বাংলাদেশ (State University of Bangladesh) বাংলাদেশের একটি ইউজিসি অনুমোদিত উচ্চশিক্ষা প্রতিষ্ঠান।,23.75,90.38,https://upload.wikimedia.org/wikipedia/commons/thumb/c/cb/Dhaka_University_logo.svg/300px-Dhaka_University_logo.svg.png,,,,,"[""https://upload.wikimedia.org/wikipedia/commons/thumb/c/cb/Dhaka_University_logo.svg/300px-Dhaka_University_logo.svg.png""]","[{""title"": ""স্টেট বিশ্ববিদ্যালয় বাংলাদেশ ভর্তি তথ্য (Admission)"", ""url"": ""https://www.sub.edu.bd/admission"", ""type"": ""admission""}, {""title"": ""স্টেট বিশ্ববিদ্যালয় বাংলাদেশ পরিচিতি ও ইতিহাস (About)"", ""url"": ""https://www.sub.edu.bd/about"", ""type"": ""about""}, {""title"": ""স্টেট বিশ্ববিদ্যালয় বাংলাদেশ নোটিশ বোর্ড (Notice Board)"", ""url"": ""https://www.sub.edu.bd/notices"", ""type"": ""notices""}, {""title"": ""স্টেট বিশ্ববিদ্যালয় বাংলাদেশ যোগাযোগ (Contact)"", ""url"": ""https://www.sub.edu.bd/contact"", ""type"": ""contact""}]"
uni_crawler_108,ইস্টার্ন বিশ্ববিদ্যালয় বাংলাদেশ,"Eastern University, Bangladesh",ইইউ (EU),Universities,,no_issue_detected,https://www.eu.edu.bd,"ইস্টার্ন বিশ্ববিদ্যালয় বাংলাদেশ (Eastern University, Bangladesh) বাংলাদেশের একটি ইউজিসি অনুমোদিত উচ্চশিক্ষা প্রতিষ্ঠান।",23.75,90.38,https://thumb.wikimedia.org/wikipedia/commons/thumb/c/c3/EU_SEAL.svg/330px-EU_SEAL.svg.png?utm_source=en.wikipedia.org&utm_campaign=api&utm_content=thumbnail,,,,,"[""https://thumb.wikimedia.org/wikipedia/commons/thumb/c/c3/EU_SEAL.svg/330px-EU_SEAL.svg.png?utm_source=en.wikipedia.org&utm_campaign=api&utm_content=thumbnail""]","[{""title"": ""ইস্টার্ন বিশ্ববিদ্যালয় বাংলাদেশ ভর্তি তথ্য (Admission)"", ""url"": ""https://www.eu.edu.bd/admission"", ""type"": ""admission""}, {""title"": ""ইস্টার্ন বিশ্ববিদ্যালয় বাংলাদেশ পরিচিতি ও ইতিহাস (About)"", ""url"": ""https://www.eu.edu.bd/about"", ""type"": ""about""}, {""title"": ""ইস্টার্ন বিশ্ববিদ্যালয় বাংলাদেশ নোটিশ বোর্ড (Notice Board)"", ""url"": ""https://www.eu.edu.bd/notices"", ""type"": ""notices""}, {""title"": ""ইস্টার্ন বিশ্ববিদ্যালয় বাংলাদেশ যোগাযোগ (Contact)"", ""url"": ""https://www.eu.edu.bd/contact"", ""type"": ""contact""}]"
uni_crawler_109,মেট্রোপলিটন বিশ্ববিদ্যালয়,Metropolitan University,এমইউ (MU),Universities,,no_issue_detected,https://www.mu.edu.bd,মেট্রোপলিটন বিশ্ববিদ্যালয় (Metropolitan University) বাংলাদেশের একটি ইউজিসি অনুমোদিত উচ্চশিক্ষা প্রতিষ্ঠান।,23.75,90.38,https://upload.wikimedia.org/wikipedia/commons/thumb/c/cb/Dhaka_University_logo.svg/300px-Dhaka_University_logo.svg.png,,,,,"[""https://upload.wikimedia.org/wikipedia/commons/thumb/c/cb/Dhaka_University_logo.svg/300px-Dhaka_University_logo.svg.png""]","[{""title"": ""মেট্রোপলিটন বিশ্ববিদ্যালয় ভর্তি তথ্য (Admission)"", ""url"": ""https://www.mu.edu.bd/admission"", ""type"": ""admission""}, {""title"": ""মেট্রোপলিটন বিশ্ববিদ্যালয় পরিচিতি ও ইতিহাস (About)"", ""url"": ""https://www.mu.edu.bd/about"", ""type"": ""about""}, {""title"": ""মেট্রোপলিটন বিশ্ববিদ্যালয় নোটিশ বোর্ড (Notice Board)"", ""url"": ""https://www.mu.edu.bd/notices"", ""type"": ""notices""}, {""title"": ""মেট্রোপলিটন বিশ্ববিদ্যালয় যোগাযোগ (Contact)"", ""url"": ""https://www.mu.edu.bd/contact"", ""type"": ""contact""}]"
uni_crawler_110,মিলেনিয়াম বিশ্ববিদ্যালয়,Millennium University,এমইউ (MU),Universities,,no_issue_detected,https://www.mu.edu.bd,মিলেনিয়াম বিশ্ববিদ্যালয় (Millennium University) বাংলাদেশের একটি ইউজিসি অনুমোদিত উচ্চশিক্ষা প্রতিষ্ঠান।,23.75,90.38,https://upload.wikimedia.org/wikipedia/commons/thumb/c/cb/Dhaka_University_logo.svg/300px-Dhaka_University_logo.svg.png,,,,,"[""https://upload.wikimedia.org/wikipedia/commons/thumb/c/cb/Dhaka_University_logo.svg/300px-Dhaka_University_logo.svg.png""]","[{""title"": ""মিলেনিয়াম বিশ্ববিদ্যালয় ভর্তি তথ্য (Admission)"", ""url"": ""https://www.mu.edu.bd/admission"", ""type"": ""admission""}, {""title"": ""মিলেনিয়াম বিশ্ববিদ্যালয় পরিচিতি ও ইতিহাস (About)"", ""url"": ""https://www.mu.edu.bd/about"", ""type"": ""about""}, {""title"": ""মিলেনিয়াম বিশ্ববিদ্যালয় নোটিশ বোর্ড (Notice Board)"", ""url"": ""https://www.mu.edu.bd/notices"", ""type"": ""notices""}, {""title"": ""মিলেনিয়াম বিশ্ববিদ্যালয় যোগাযোগ (Contact)"", ""url"": ""https://www.mu.edu.bd/contact"", ""type"": ""contact""}]"
uni_crawler_111,প্রাইমএশিয়া বিশ্ববিদ্যালয়,Primeasia University,পিএইউ (PAU),Universities,,no_issue_detected,https://www.pau.edu.bd,প্রাইমএশিয়া বিশ্ববিদ্যালয় (Primeasia University) বাংলাদেশের একটি ইউজিসি অনুমোদিত উচ্চশিক্ষা প্রতিষ্ঠান।,23.75,90.38,https://upload.wikimedia.org/wikipedia/commons/thumb/c/cb/Dhaka_University_logo.svg/300px-Dhaka_University_logo.svg.png,,,,,"[""https://upload.wikimedia.org/wikipedia/commons/thumb/c/cb/Dhaka_University_logo.svg/300px-Dhaka_University_logo.svg.png""]","[{""title"": ""প্রাইমএশিয়া বিশ্ববিদ্যালয় ভর্তি তথ্য (Admission)"", ""url"": ""https://www.pau.edu.bd/admission"", ""type"": ""admission""}, {""title"": ""প্রাইমএশিয়া বিশ্ববিদ্যালয় পরিচিতি ও ইতিহাস (About)"", ""url"": ""https://www.pau.edu.bd/about"", ""type"": ""about""}, {""title"": ""প্রাইমএশিয়া বিশ্ববিদ্যালয় নোটিশ বোর্ড (Notice Board)"", ""url"": ""https://www.pau.edu.bd/notices"", ""type"": ""notices""}, {""title"": ""প্রাইমএশিয়া বিশ্ববিদ্যালয় যোগাযোগ (Contact)"", ""url"": ""https://www.pau.edu.bd/contact"", ""type"": ""contact""}]"
uni_crawler_112,রয়েল বিশ্ববিদ্যালয় ঢাকা,Royal University of Dhaka,আরইউডি (RUD),Universities,,no_issue_detected,https://www.rud.edu.bd,রয়েল বিশ্ববিদ্যালয় ঢাকা (Royal University of Dhaka) বাংলাদেশের একটি ইউজিসি অনুমোদিত উচ্চশিক্ষা প্রতিষ্ঠান।,23.75,90.38,https://upload.wikimedia.org/wikipedia/commons/thumb/c/cb/Dhaka_University_logo.svg/300px-Dhaka_University_logo.svg.png,,,,,"[""https://upload.wikimedia.org/wikipedia/commons/thumb/c/cb/Dhaka_University_logo.svg/300px-Dhaka_University_logo.svg.png""]","[{""title"": ""রয়েল বিশ্ববিদ্যালয় ঢাকা ভর্তি তথ্য (Admission)"", ""url"": ""https://www.rud.edu.bd/admission"", ""type"": ""admission""}, {""title"": ""রয়েল বিশ্ববিদ্যালয় ঢাকা পরিচিতি ও ইতিহাস (About)"", ""url"": ""https://www.rud.edu.bd/about"", ""type"": ""about""}, {""title"": ""রয়েল বিশ্ববিদ্যালয় ঢাকা নোটিশ বোর্ড (Notice Board)"", ""url"": ""https://www.rud.edu.bd/notices"", ""type"": ""notices""}, {""title"": ""রয়েল বিশ্ববিদ্যালয় ঢাকা যোগাযোগ (Contact)"", ""url"": ""https://www.rud.edu.bd/contact"", ""type"": ""contact""}]"
uni_crawler_113,ইউনাইটেড ইন্টারন্যাশনাল ইউনিভার্সিটি,United International University,ইউআইইউ (UIU),Universities,,no_issue_detected,https://uiu.ac.bd,ইউনাইটেড ইন্টারন্যাশনাল ইউনিভার্সিটি (United International University) বাংলাদেশের একটি ইউজিসি অনুমোদিত উচ্চশিক্ষা প্রতিষ্ঠান।,23.7977,90.4497,https://thumb.wikimedia.org/wikipedia/en/thumb/6/6b/United_International_University_Monogram.svg/330px-United_International_University_Monogram.svg.png?utm_source=en.wikipedia.org&utm_campaign=api&utm_content=thumbnail,,,,,"[""https://thumb.wikimedia.org/wikipedia/en/thumb/6/6b/United_International_University_Monogram.svg/330px-United_International_University_Monogram.svg.png?utm_source=en.wikipedia.org&utm_campaign=api&utm_content=thumbnail""]","[{""title"": ""ইউনাইটেড ইন্টারন্যাশনাল ইউনিভার্সিটি ভর্তি তথ্য (Admission)"", ""url"": ""https://uiu.ac.bd/admission"", ""type"": ""admission""}, {""title"": ""ইউনাইটেড ইন্টারন্যাশনাল ইউনিভার্সিটি পরিচিতি ও ইতিহাস (About)"", ""url"": ""https://uiu.ac.bd/about"", ""type"": ""about""}, {""title"": ""ইউনাইটেড ইন্টারন্যাশনাল ইউনিভার্সিটি নোটিশ বোর্ড (Notice Board)"", ""url"": ""https://uiu.ac.bd/notices"", ""type"": ""notices""}, {""title"": ""ইউনাইটেড ইন্টারন্যাশনাল ইউনিভার্সিটি যোগাযোগ (Contact)"", ""url"": ""https://uiu.ac.bd/contact"", ""type"": ""contact""}]"
uni_crawler_114,বিশ্ববিদ্যালয় ইনফরমেশন টেকনোলজি অ্যান্ড সায়েন্সেস,University of Information Technology and Sciences,ইউআইটিএস (UITS),Universities,"শব্দক্রম ""বিশ্ববিদ্যালয়..."" — প্রকৃত প্রাতিষ্ঠানিক ব্যবহার যাচাই প্রয়োজন (BAUST খুলনা/সৈয়দপুরের ভিন্নতা থেকে দেখা গেছে যে অনুমান নিরাপদ নয়)",needs_manual_review,https://www.uits.edu.bd,বিশ্ববিদ্যালয় ইনফরমেশন টেকনোলজি অ্যান্ড সায়েন্সেস (University of Information Technology and Sciences) বাংলাদেশের একটি ইউজিসি অনুমোদিত উচ্চশিক্ষা প্রতিষ্ঠান।,23.75,90.38,https://upload.wikimedia.org/wikipedia/commons/thumb/c/cb/Dhaka_University_logo.svg/300px-Dhaka_University_logo.svg.png,,,,,"[""https://upload.wikimedia.org/wikipedia/commons/thumb/c/cb/Dhaka_University_logo.svg/300px-Dhaka_University_logo.svg.png""]","[{""title"": ""বিশ্ববিদ্যালয় ইনফরমেশন টেকনোলজি অ্যান্ড সায়েন্সেস ভর্তি তথ্য (Admission)"", ""url"": ""https://www.uits.edu.bd/admission"", ""type"": ""admission""}, {""title"": ""বিশ্ববিদ্যালয় ইনফরমেশন টেকনোলজি অ্যান্ড সায়েন্সেস পরিচিতি ও ইতিহাস (About)"", ""url"": ""https://www.uits.edu.bd/about"", ""type"": ""about""}, {""title"": ""বিশ্ববিদ্যালয় ইনফরমেশন টেকনোলজি অ্যান্ড সায়েন্সেস নোটিশ বোর্ড (Notice Board)"", ""url"": ""https://www.uits.edu.bd/notices"", ""type"": ""notices""}, {""title"": ""বিশ্ববিদ্যালয় ইনফরমেশন টেকনোলজি অ্যান্ড সায়েন্সেস যোগাযোগ (Contact)"", ""url"": ""https://www.uits.edu.bd/contact"", ""type"": ""contact""}]"
uni_crawler_115,বিশ্ববিদ্যালয় সাউথ এশিয়া বাংলাদেশ,"University of South Asia, Bangladesh",ইউএসএবি (USAB),Universities,"শব্দক্রম ""বিশ্ববিদ্যালয়..."" — প্রকৃত প্রাতিষ্ঠানিক ব্যবহার যাচাই প্রয়োজন (BAUST খুলনা/সৈয়দপুরের ভিন্নতা থেকে দেখা গেছে যে অনুমান নিরাপদ নয়)",needs_manual_review,https://www.usab.edu.bd,"বিশ্ববিদ্যালয় সাউথ এশিয়া বাংলাদেশ (University of South Asia, Bangladesh) বাংলাদেশের একটি ইউজিসি অনুমোদিত উচ্চশিক্ষা প্রতিষ্ঠান।",23.75,90.38,https://upload.wikimedia.org/wikipedia/commons/thumb/c/cb/Dhaka_University_logo.svg/300px-Dhaka_University_logo.svg.png,,,,,"[""https://upload.wikimedia.org/wikipedia/commons/thumb/c/cb/Dhaka_University_logo.svg/300px-Dhaka_University_logo.svg.png""]","[{""title"": ""বিশ্ববিদ্যালয় সাউথ এশিয়া বাংলাদেশ ভর্তি তথ্য (Admission)"", ""url"": ""https://www.usab.edu.bd/admission"", ""type"": ""admission""}, {""title"": ""বিশ্ববিদ্যালয় সাউথ এশিয়া বাংলাদেশ পরিচিতি ও ইতিহাস (About)"", ""url"": ""https://www.usab.edu.bd/about"", ""type"": ""about""}, {""title"": ""বিশ্ববিদ্যালয় সাউথ এশিয়া বাংলাদেশ নোটিশ বোর্ড (Notice Board)"", ""url"": ""https://www.usab.edu.bd/notices"", ""type"": ""notices""}, {""title"": ""বিশ্ববিদ্যালয় সাউথ এশিয়া বাংলাদেশ যোগাযোগ (Contact)"", ""url"": ""https://www.usab.edu.bd/contact"", ""type"": ""contact""}]"
uni_crawler_116,প্রেসিডেন্সি বিশ্ববিদ্যালয়,Presidency University,পিইউ (PU),Universities,,no_issue_detected,https://www.pu.edu.bd,প্রেসিডেন্সি বিশ্ববিদ্যালয় (Presidency University) বাংলাদেশের একটি ইউজিসি অনুমোদিত উচ্চশিক্ষা প্রতিষ্ঠান।,23.75,90.38,https://upload.wikimedia.org/wikipedia/commons/thumb/c/cb/Dhaka_University_logo.svg/300px-Dhaka_University_logo.svg.png,,,,,"[""https://upload.wikimedia.org/wikipedia/commons/thumb/c/cb/Dhaka_University_logo.svg/300px-Dhaka_University_logo.svg.png""]","[{""title"": ""প্রেসিডেন্সি বিশ্ববিদ্যালয় ভর্তি তথ্য (Admission)"", ""url"": ""https://www.pu.edu.bd/admission"", ""type"": ""admission""}, {""title"": ""প্রেসিডেন্সি বিশ্ববিদ্যালয় পরিচিতি ও ইতিহাস (About)"", ""url"": ""https://www.pu.edu.bd/about"", ""type"": ""about""}, {""title"": ""প্রেসিডেন্সি বিশ্ববিদ্যালয় নোটিশ বোর্ড (Notice Board)"", ""url"": ""https://www.pu.edu.bd/notices"", ""type"": ""notices""}, {""title"": ""প্রেসিডেন্সি বিশ্ববিদ্যালয় যোগাযোগ (Contact)"", ""url"": ""https://www.pu.edu.bd/contact"", ""type"": ""contact""}]"
uni_crawler_117,উত্তরা বিশ্ববিদ্যালয়,Uttara University,ইউইউ (UU),Universities,,no_issue_detected,https://www.uu.edu.bd,উত্তরা বিশ্ববিদ্যালয় (Uttara University) বাংলাদেশের একটি ইউজিসি অনুমোদিত উচ্চশিক্ষা প্রতিষ্ঠান।,23.75,90.38,https://upload.wikimedia.org/wikipedia/commons/thumb/c/cb/Dhaka_University_logo.svg/300px-Dhaka_University_logo.svg.png,,,,,"[""https://upload.wikimedia.org/wikipedia/commons/thumb/c/cb/Dhaka_University_logo.svg/300px-Dhaka_University_logo.svg.png""]","[{""title"": ""উত্তরা বিশ্ববিদ্যালয় ভর্তি তথ্য (Admission)"", ""url"": ""https://www.uu.edu.bd/admission"", ""type"": ""admission""}, {""title"": ""উত্তরা বিশ্ববিদ্যালয় পরিচিতি ও ইতিহাস (About)"", ""url"": ""https://www.uu.edu.bd/about"", ""type"": ""about""}, {""title"": ""উত্তরা বিশ্ববিদ্যালয় নোটিশ বোর্ড (Notice Board)"", ""url"": ""https://www.uu.edu.bd/notices"", ""type"": ""notices""}, {""title"": ""উত্তরা বিশ্ববিদ্যালয় যোগাযোগ (Contact)"", ""url"": ""https://www.uu.edu.bd/contact"", ""type"": ""contact""}]"
uni_crawler_118,ভিক্টোরিয়া বিশ্ববিদ্যালয় বাংলাদেশ,Victoria University of Bangladesh,ভিইউবি (VUB),Universities,,no_issue_detected,https://www.vub.edu.bd,ভিক্টোরিয়া বিশ্ববিদ্যালয় বাংলাদেশ (Victoria University of Bangladesh) বাংলাদেশের একটি ইউজিসি অনুমোদিত উচ্চশিক্ষা প্রতিষ্ঠান।,23.75,90.38,https://upload.wikimedia.org/wikipedia/commons/thumb/c/cb/Dhaka_University_logo.svg/300px-Dhaka_University_logo.svg.png,,,,,"[""https://upload.wikimedia.org/wikipedia/commons/thumb/c/cb/Dhaka_University_logo.svg/300px-Dhaka_University_logo.svg.png""]","[{""title"": ""ভিক্টোরিয়া বিশ্ববিদ্যালয় বাংলাদেশ ভর্তি তথ্য (Admission)"", ""url"": ""https://www.vub.edu.bd/admission"", ""type"": ""admission""}, {""title"": ""ভিক্টোরিয়া বিশ্ববিদ্যালয় বাংলাদেশ পরিচিতি ও ইতিহাস (About)"", ""url"": ""https://www.vub.edu.bd/about"", ""type"": ""about""}, {""title"": ""ভিক্টোরিয়া বিশ্ববিদ্যালয় বাংলাদেশ নোটিশ বোর্ড (Notice Board)"", ""url"": ""https://www.vub.edu.bd/notices"", ""type"": ""notices""}, {""title"": ""ভিক্টোরিয়া বিশ্ববিদ্যালয় বাংলাদেশ যোগাযোগ (Contact)"", ""url"": ""https://www.vub.edu.bd/contact"", ""type"": ""contact""}]"
uni_crawler_119,ওয়ার্ল্ড বিশ্ববিদ্যালয় বাংলাদেশ,World University of Bangladesh,ডব্লিউইউবি (WUB),Universities,,no_issue_detected,https://www.wub.edu.bd,ওয়ার্ল্ড বিশ্ববিদ্যালয় বাংলাদেশ (World University of Bangladesh) বাংলাদেশের একটি ইউজিসি অনুমোদিত উচ্চশিক্ষা প্রতিষ্ঠান।,23.75,90.38,https://upload.wikimedia.org/wikipedia/commons/thumb/c/cb/Dhaka_University_logo.svg/300px-Dhaka_University_logo.svg.png,,,,,"[""https://upload.wikimedia.org/wikipedia/commons/thumb/c/cb/Dhaka_University_logo.svg/300px-Dhaka_University_logo.svg.png""]","[{""title"": ""ওয়ার্ল্ড বিশ্ববিদ্যালয় বাংলাদেশ ভর্তি তথ্য (Admission)"", ""url"": ""https://www.wub.edu.bd/admission"", ""type"": ""admission""}, {""title"": ""ওয়ার্ল্ড বিশ্ববিদ্যালয় বাংলাদেশ পরিচিতি ও ইতিহাস (About)"", ""url"": ""https://www.wub.edu.bd/about"", ""type"": ""about""}, {""title"": ""ওয়ার্ল্ড বিশ্ববিদ্যালয় বাংলাদেশ নোটিশ বোর্ড (Notice Board)"", ""url"": ""https://www.wub.edu.bd/notices"", ""type"": ""notices""}, {""title"": ""ওয়ার্ল্ড বিশ্ববিদ্যালয় বাংলাদেশ যোগাযোগ (Contact)"", ""url"": ""https://www.wub.edu.bd/contact"", ""type"": ""contact""}]"
uni_crawler_120,আশা বিশ্ববিদ্যালয় বাংলাদেশ,Asa University Bangladesh,এএসএইউবি (ASAUB),Universities,,no_issue_detected,https://www.asaub.edu.bd,আশা বিশ্ববিদ্যালয় বাংলাদেশ (Asa University Bangladesh) বাংলাদেশের একটি ইউজিসি অনুমোদিত উচ্চশিক্ষা প্রতিষ্ঠান।,23.75,90.38,https://thumb.wikimedia.org/wikipedia/commons/thumb/b/bb/ASA_University_Bangladesh.png/330px-ASA_University_Bangladesh.png?utm_source=en.wikipedia.org&utm_campaign=api&utm_content=thumbnail,,,,,"[""https://thumb.wikimedia.org/wikipedia/commons/thumb/b/bb/ASA_University_Bangladesh.png/330px-ASA_University_Bangladesh.png?utm_source=en.wikipedia.org&utm_campaign=api&utm_content=thumbnail""]","[{""title"": ""আশা বিশ্ববিদ্যালয় বাংলাদেশ ভর্তি তথ্য (Admission)"", ""url"": ""https://www.asaub.edu.bd/admission"", ""type"": ""admission""}, {""title"": ""আশা বিশ্ববিদ্যালয় বাংলাদেশ পরিচিতি ও ইতিহাস (About)"", ""url"": ""https://www.asaub.edu.bd/about"", ""type"": ""about""}, {""title"": ""আশা বিশ্ববিদ্যালয় বাংলাদেশ নোটিশ বোর্ড (Notice Board)"", ""url"": ""https://www.asaub.edu.bd/notices"", ""type"": ""notices""}, {""title"": ""আশা বিশ্ববিদ্যালয় বাংলাদেশ যোগাযোগ (Contact)"", ""url"": ""https://www.asaub.edu.bd/contact"", ""type"": ""contact""}]"
uni_crawler_121,বাংলাদেশ ইসলামী বিশ্ববিদ্যালয়,Bangladesh Islami University,বিআইইউ (BIU),Universities,,no_issue_detected,https://www.biu.edu.bd,বাংলাদেশ ইসলামী বিশ্ববিদ্যালয় (Bangladesh Islami University) বাংলাদেশের একটি ইউজিসি অনুমোদিত উচ্চশিক্ষা প্রতিষ্ঠান।,23.75,90.38,https://upload.wikimedia.org/wikipedia/commons/thumb/c/cb/Dhaka_University_logo.svg/300px-Dhaka_University_logo.svg.png,,,,,"[""https://upload.wikimedia.org/wikipedia/commons/thumb/c/cb/Dhaka_University_logo.svg/300px-Dhaka_University_logo.svg.png""]","[{""title"": ""বাংলাদেশ ইসলামী বিশ্ববিদ্যালয় ভর্তি তথ্য (Admission)"", ""url"": ""https://www.biu.edu.bd/admission"", ""type"": ""admission""}, {""title"": ""বাংলাদেশ ইসলামী বিশ্ববিদ্যালয় পরিচিতি ও ইতিহাস (About)"", ""url"": ""https://www.biu.edu.bd/about"", ""type"": ""about""}, {""title"": ""বাংলাদেশ ইসলামী বিশ্ববিদ্যালয় নোটিশ বোর্ড (Notice Board)"", ""url"": ""https://www.biu.edu.bd/notices"", ""type"": ""notices""}, {""title"": ""বাংলাদেশ ইসলামী বিশ্ববিদ্যালয় যোগাযোগ (Contact)"", ""url"": ""https://www.biu.edu.bd/contact"", ""type"": ""contact""}]"
uni_crawler_122,ইস্ট ডেল্টা বিশ্ববিদ্যালয়,East Delta University,ইডিইউ (EDU),Universities,,no_issue_detected,https://www.edu.edu.bd,ইস্ট ডেল্টা বিশ্ববিদ্যালয় (East Delta University) বাংলাদেশের একটি ইউজিসি অনুমোদিত উচ্চশিক্ষা প্রতিষ্ঠান।,23.75,90.38,https://thumb.wikimedia.org/wikipedia/commons/thumb/8/87/Seal_of_EDU.jpg/330px-Seal_of_EDU.jpg?utm_source=en.wikipedia.org&utm_campaign=api&utm_content=thumbnail,,,,,"[""https://thumb.wikimedia.org/wikipedia/commons/thumb/8/87/Seal_of_EDU.jpg/330px-Seal_of_EDU.jpg?utm_source=en.wikipedia.org&utm_campaign=api&utm_content=thumbnail""]","[{""title"": ""ইস্ট ডেল্টা বিশ্ববিদ্যালয় ভর্তি তথ্য (Admission)"", ""url"": ""https://www.edu.edu.bd/admission"", ""type"": ""admission""}, {""title"": ""ইস্ট ডেল্টা বিশ্ববিদ্যালয় পরিচিতি ও ইতিহাস (About)"", ""url"": ""https://www.edu.edu.bd/about"", ""type"": ""about""}, {""title"": ""ইস্ট ডেল্টা বিশ্ববিদ্যালয় নোটিশ বোর্ড (Notice Board)"", ""url"": ""https://www.edu.edu.bd/notices"", ""type"": ""notices""}, {""title"": ""ইস্ট ডেল্টা বিশ্ববিদ্যালয় যোগাযোগ (Contact)"", ""url"": ""https://www.edu.edu.bd/contact"", ""type"": ""contact""}]"
uni_crawler_123,নর্দান বিশ্ববিদ্যালয় বিজনেস অ্যান্ড টেকনোলজি খুলনা,Northern University of Business and Technology Khulna,এনইউবি (NUB),Universities,,no_issue_detected,https://www.nub.edu.bd,নর্দান বিশ্ববিদ্যালয় বিজনেস অ্যান্ড টেকনোলজি খুলনা (Northern University of Business and Technology Khulna) বাংলাদেশের একটি ইউজিসি অনুমোদিত উচ্চশিক্ষা প্রতিষ্ঠান।,23.75,90.38,https://upload.wikimedia.org/wikipedia/commons/thumb/c/cb/Dhaka_University_logo.svg/300px-Dhaka_University_logo.svg.png,,,,,"[""https://upload.wikimedia.org/wikipedia/commons/thumb/c/cb/Dhaka_University_logo.svg/300px-Dhaka_University_logo.svg.png""]","[{""title"": ""নর্দান বিশ্ববিদ্যালয় বিজনেস অ্যান্ড টেকনোলজি খুলনা ভর্তি তথ্য (Admission)"", ""url"": ""https://www.nub.edu.bd/admission"", ""type"": ""admission""}, {""title"": ""নর্দান বিশ্ববিদ্যালয় বিজনেস অ্যান্ড টেকনোলজি খুলনা পরিচিতি ও ইতিহাস (About)"", ""url"": ""https://www.nub.edu.bd/about"", ""type"": ""about""}, {""title"": ""নর্দান বিশ্ববিদ্যালয় বিজনেস অ্যান্ড টেকনোলজি খুলনা নোটিশ বোর্ড (Notice Board)"", ""url"": ""https://www.nub.edu.bd/notices"", ""type"": ""notices""}, {""title"": ""নর্দান বিশ্ববিদ্যালয় বিজনেস অ্যান্ড টেকনোলজি খুলনা যোগাযোগ (Contact)"", ""url"": ""https://www.nub.edu.bd/contact"", ""type"": ""contact""}]"
uni_crawler_124,ব্রিটানিয়া বিশ্ববিদ্যালয়,Britannia University,বিইউ (BU),Universities,,no_issue_detected,https://www.bu.edu.bd,ব্রিটানিয়া বিশ্ববিদ্যালয় (Britannia University) বাংলাদেশের একটি ইউজিসি অনুমোদিত উচ্চশিক্ষা প্রতিষ্ঠান।,23.75,90.38,https://thumb.wikimedia.org/wikipedia/commons/thumb/7/72/Britannia_University_Logo.png/330px-Britannia_University_Logo.png?utm_source=en.wikipedia.org&utm_campaign=api&utm_content=thumbnail,https://thumb.wikimedia.org/wikipedia/commons/thumb/7/72/Britannia_University_Logo.png/330px-Britannia_University_Logo.png?utm_source=en.wikipedia.org&utm_campaign=parser&utm_content=thumbnail,,,,"[""https://thumb.wikimedia.org/wikipedia/commons/thumb/7/72/Britannia_University_Logo.png/330px-Britannia_University_Logo.png?utm_source=en.wikipedia.org&utm_campaign=api&utm_content=thumbnail"", ""https://thumb.wikimedia.org/wikipedia/commons/thumb/7/72/Britannia_University_Logo.png/330px-Britannia_University_Logo.png?utm_source=en.wikipedia.org&utm_campaign=parser&utm_content=thumbnail""]","[{""title"": ""ব্রিটানিয়া বিশ্ববিদ্যালয় ভর্তি তথ্য (Admission)"", ""url"": ""https://www.bu.edu.bd/admission"", ""type"": ""admission""}, {""title"": ""ব্রিটানিয়া বিশ্ববিদ্যালয় পরিচিতি ও ইতিহাস (About)"", ""url"": ""https://www.bu.edu.bd/about"", ""type"": ""about""}, {""title"": ""ব্রিটানিয়া বিশ্ববিদ্যালয় নোটিশ বোর্ড (Notice Board)"", ""url"": ""https://www.bu.edu.bd/notices"", ""type"": ""notices""}, {""title"": ""ব্রিটানিয়া বিশ্ববিদ্যালয় যোগাযোগ (Contact)"", ""url"": ""https://www.bu.edu.bd/contact"", ""type"": ""contact""}]"
uni_crawler_125,ফেনী বিশ্ববিদ্যালয়,Feni University,এফইউ (FU),Universities,,no_issue_detected,https://www.fu.edu.bd,ফেনী বিশ্ববিদ্যালয় (Feni University) বাংলাদেশের একটি ইউজিসি অনুমোদিত উচ্চশিক্ষা প্রতিষ্ঠান।,23.75,90.38,https://upload.wikimedia.org/wikipedia/commons/thumb/c/cb/Dhaka_University_logo.svg/300px-Dhaka_University_logo.svg.png,,,,,"[""https://upload.wikimedia.org/wikipedia/commons/thumb/c/cb/Dhaka_University_logo.svg/300px-Dhaka_University_logo.svg.png""]","[{""title"": ""ফেনী বিশ্ববিদ্যালয় ভর্তি তথ্য (Admission)"", ""url"": ""https://www.fu.edu.bd/admission"", ""type"": ""admission""}, {""title"": ""ফেনী বিশ্ববিদ্যালয় পরিচিতি ও ইতিহাস (About)"", ""url"": ""https://www.fu.edu.bd/about"", ""type"": ""about""}, {""title"": ""ফেনী বিশ্ববিদ্যালয় নোটিশ বোর্ড (Notice Board)"", ""url"": ""https://www.fu.edu.bd/notices"", ""type"": ""notices""}, {""title"": ""ফেনী বিশ্ববিদ্যালয় যোগাযোগ (Contact)"", ""url"": ""https://www.fu.edu.bd/contact"", ""type"": ""contact""}]"
uni_crawler_126,খাজা ইউনুস আলী বিশ্ববিদ্যালয়,Khwaja Yunus Ali University,কেওয়াইএইউ (KYAU),Universities,,no_issue_detected,https://www.kyau.edu.bd,খাজা ইউনুস আলী বিশ্ববিদ্যালয় (Khwaja Yunus Ali University) বাংলাদেশের একটি ইউজিসি অনুমোদিত উচ্চশিক্ষা প্রতিষ্ঠান।,23.75,90.38,https://upload.wikimedia.org/wikipedia/commons/thumb/c/cb/Dhaka_University_logo.svg/300px-Dhaka_University_logo.svg.png,,,,,"[""https://upload.wikimedia.org/wikipedia/commons/thumb/c/cb/Dhaka_University_logo.svg/300px-Dhaka_University_logo.svg.png""]","[{""title"": ""খাজা ইউনুস আলী বিশ্ববিদ্যালয় ভর্তি তথ্য (Admission)"", ""url"": ""https://www.kyau.edu.bd/admission"", ""type"": ""admission""}, {""title"": ""খাজা ইউনুস আলী বিশ্ববিদ্যালয় পরিচিতি ও ইতিহাস (About)"", ""url"": ""https://www.kyau.edu.bd/about"", ""type"": ""about""}, {""title"": ""খাজা ইউনুস আলী বিশ্ববিদ্যালয় নোটিশ বোর্ড (Notice Board)"", ""url"": ""https://www.kyau.edu.bd/notices"", ""type"": ""notices""}, {""title"": ""খাজা ইউনুস আলী বিশ্ববিদ্যালয় যোগাযোগ (Contact)"", ""url"": ""https://www.kyau.edu.bd/contact"", ""type"": ""contact""}]"
uni_crawler_127,ইউরোপিয়ান বিশ্ববিদ্যালয় বাংলাদেশ,European University of Bangladesh,ইইউবি (EUB),Universities,,no_issue_detected,https://www.eub.edu.bd,ইউরোপিয়ান বিশ্ববিদ্যালয় বাংলাদেশ (European University of Bangladesh) বাংলাদেশের একটি ইউজিসি অনুমোদিত উচ্চশিক্ষা প্রতিষ্ঠান।,23.75,90.38,https://upload.wikimedia.org/wikipedia/commons/thumb/c/cb/Dhaka_University_logo.svg/300px-Dhaka_University_logo.svg.png,,,,,"[""https://upload.wikimedia.org/wikipedia/commons/thumb/c/cb/Dhaka_University_logo.svg/300px-Dhaka_University_logo.svg.png""]","[{""title"": ""ইউরোপিয়ান বিশ্ববিদ্যালয় বাংলাদেশ ভর্তি তথ্য (Admission)"", ""url"": ""https://www.eub.edu.bd/admission"", ""type"": ""admission""}, {""title"": ""ইউরোপিয়ান বিশ্ববিদ্যালয় বাংলাদেশ পরিচিতি ও ইতিহাস (About)"", ""url"": ""https://www.eub.edu.bd/about"", ""type"": ""about""}, {""title"": ""ইউরোপিয়ান বিশ্ববিদ্যালয় বাংলাদেশ নোটিশ বোর্ড (Notice Board)"", ""url"": ""https://www.eub.edu.bd/notices"", ""type"": ""notices""}, {""title"": ""ইউরোপিয়ান বিশ্ববিদ্যালয় বাংলাদেশ যোগাযোগ (Contact)"", ""url"": ""https://www.eub.edu.bd/contact"", ""type"": ""contact""}]"
uni_crawler_128,ফার্স্ট ক্যাপিটাল বিশ্ববিদ্যালয় বাংলাদেশ,First Capital University Of Bangladesh,এফসিইউবি (FCUB),Universities,,no_issue_detected,https://www.fcub.edu.bd,ফার্স্ট ক্যাপিটাল বিশ্ববিদ্যালয় বাংলাদেশ (First Capital University Of Bangladesh) বাংলাদেশের একটি ইউজিসি অনুমোদিত উচ্চশিক্ষা প্রতিষ্ঠান।,23.75,90.38,https://upload.wikimedia.org/wikipedia/commons/thumb/c/cb/Dhaka_University_logo.svg/300px-Dhaka_University_logo.svg.png,,,,,"[""https://upload.wikimedia.org/wikipedia/commons/thumb/c/cb/Dhaka_University_logo.svg/300px-Dhaka_University_logo.svg.png""]","[{""title"": ""ফার্স্ট ক্যাপিটাল বিশ্ববিদ্যালয় বাংলাদেশ ভর্তি তথ্য (Admission)"", ""url"": ""https://www.fcub.edu.bd/admission"", ""type"": ""admission""}, {""title"": ""ফার্স্ট ক্যাপিটাল বিশ্ববিদ্যালয় বাংলাদেশ পরিচিতি ও ইতিহাস (About)"", ""url"": ""https://www.fcub.edu.bd/about"", ""type"": ""about""}, {""title"": ""ফার্স্ট ক্যাপিটাল বিশ্ববিদ্যালয় বাংলাদেশ নোটিশ বোর্ড (Notice Board)"", ""url"": ""https://www.fcub.edu.bd/notices"", ""type"": ""notices""}, {""title"": ""ফার্স্ট ক্যাপিটাল বিশ্ববিদ্যালয় বাংলাদেশ যোগাযোগ (Contact)"", ""url"": ""https://www.fcub.edu.bd/contact"", ""type"": ""contact""}]"
uni_crawler_129,বিজিএমইএ বিশ্ববিদ্যালয় ফ্যাশন টেকনোলজি,BGMEA University of Fashion & Technology,বিইউএফটি (BUFT),Universities,,no_issue_detected,https://www.buft.edu.bd,বিজিএমইএ বিশ্ববিদ্যালয় ফ্যাশন টেকনোলজি (BGMEA University of Fashion & Technology) বাংলাদেশের একটি ইউজিসি অনুমোদিত উচ্চশিক্ষা প্রতিষ্ঠান।,23.75,90.38,https://upload.wikimedia.org/wikipedia/en/e/ef/BGMEA_University_of_Fashion_%26_Technology_logo.png?utm_source=en.wikipedia.org&utm_campaign=api&utm_content=thumbnail_unscaled,https://upload.wikimedia.org/wikipedia/en/e/ef/BGMEA_University_of_Fashion_%26_Technology_logo.png?utm_source=en.wikipedia.org&utm_campaign=parser&utm_content=thumbnail_unscaled,https://thumb.wikimedia.org/wikipedia/commons/thumb/3/3e/BUFT-CAMPUS.jpg/1280px-BUFT-CAMPUS.jpg?utm_source=en.wikipedia.org&utm_campaign=parser&utm_content=thumbnail,https://thumb.wikimedia.org/wikipedia/commons/thumb/1/11/BGMEA_University_Campus.jpg/1280px-BGMEA_University_Campus.jpg?utm_source=en.wikipedia.org&utm_campaign=parser&utm_content=thumbnail,,"[""https://upload.wikimedia.org/wikipedia/en/e/ef/BGMEA_University_of_Fashion_%26_Technology_logo.png?utm_source=en.wikipedia.org&utm_campaign=api&utm_content=thumbnail_unscaled"", ""https://upload.wikimedia.org/wikipedia/en/e/ef/BGMEA_University_of_Fashion_%26_Technology_logo.png?utm_source=en.wikipedia.org&utm_campaign=parser&utm_content=thumbnail_unscaled"", ""https://thumb.wikimedia.org/wikipedia/commons/thumb/3/3e/BUFT-CAMPUS.jpg/1280px-BUFT-CAMPUS.jpg?utm_source=en.wikipedia.org&utm_campaign=parser&utm_content=thumbnail"", ""https://thumb.wikimedia.org/wikipedia/commons/thumb/1/11/BGMEA_University_Campus.jpg/1280px-BGMEA_University_Campus.jpg?utm_source=en.wikipedia.org&utm_campaign=parser&utm_content=thumbnail""]","[{""title"": ""বিজিএমইএ বিশ্ববিদ্যালয় ফ্যাশন টেকনোলজি ভর্তি তথ্য (Admission)"", ""url"": ""https://www.buft.edu.bd/admission"", ""type"": ""admission""}, {""title"": ""বিজিএমইএ বিশ্ববিদ্যালয় ফ্যাশন টেকনোলজি পরিচিতি ও ইতিহাস (About)"", ""url"": ""https://www.buft.edu.bd/about"", ""type"": ""about""}, {""title"": ""বিজিএমইএ বিশ্ববিদ্যালয় ফ্যাশন টেকনোলজি নোটিশ বোর্ড (Notice Board)"", ""url"": ""https://www.buft.edu.bd/notices"", ""type"": ""notices""}, {""title"": ""বিজিএমইএ বিশ্ববিদ্যালয় ফ্যাশন টেকনোলজি যোগাযোগ (Contact)"", ""url"": ""https://www.buft.edu.bd/contact"", ""type"": ""contact""}]"
uni_crawler_130,হামদর্দ বিশ্ববিদ্যালয় বাংলাদেশ,Hamdard University Bangladesh,এইচইউবি (HUB),Universities,,no_issue_detected,https://www.hub.edu.bd,হামদর্দ বিশ্ববিদ্যালয় বাংলাদেশ (Hamdard University Bangladesh) বাংলাদেশের একটি ইউজিসি অনুমোদিত উচ্চশিক্ষা প্রতিষ্ঠান।,23.75,90.38,https://thumb.wikimedia.org/wikipedia/commons/thumb/8/87/2017-01-10-HUB-Campus.jpg/330px-2017-01-10-HUB-Campus.jpg?utm_source=en.wikipedia.org&utm_campaign=api&utm_content=thumbnail,https://thumb.wikimedia.org/wikipedia/commons/thumb/8/87/2017-01-10-HUB-Campus.jpg/1280px-2017-01-10-HUB-Campus.jpg?utm_source=en.wikipedia.org&utm_campaign=parser&utm_content=thumbnail,https://thumb.wikimedia.org/wikipedia/commons/thumb/a/ac/Hamdard_University_Bangladesh_Campus.jpg/1280px-Hamdard_University_Bangladesh_Campus.jpg?utm_source=en.wikipedia.org&utm_campaign=parser&utm_content=thumbnail,,,"[""https://thumb.wikimedia.org/wikipedia/commons/thumb/8/87/2017-01-10-HUB-Campus.jpg/330px-2017-01-10-HUB-Campus.jpg?utm_source=en.wikipedia.org&utm_campaign=api&utm_content=thumbnail"", ""https://thumb.wikimedia.org/wikipedia/commons/thumb/8/87/2017-01-10-HUB-Campus.jpg/1280px-2017-01-10-HUB-Campus.jpg?utm_source=en.wikipedia.org&utm_campaign=parser&utm_content=thumbnail"", ""https://thumb.wikimedia.org/wikipedia/commons/thumb/a/ac/Hamdard_University_Bangladesh_Campus.jpg/1280px-Hamdard_University_Bangladesh_Campus.jpg?utm_source=en.wikipedia.org&utm_campaign=parser&utm_content=thumbnail""]","[{""title"": ""হামদর্দ বিশ্ববিদ্যালয় বাংলাদেশ ভর্তি তথ্য (Admission)"", ""url"": ""https://www.hub.edu.bd/admission"", ""type"": ""admission""}, {""title"": ""হামদর্দ বিশ্ববিদ্যালয় বাংলাদেশ পরিচিতি ও ইতিহাস (About)"", ""url"": ""https://www.hub.edu.bd/about"", ""type"": ""about""}, {""title"": ""হামদর্দ বিশ্ববিদ্যালয় বাংলাদেশ নোটিশ বোর্ড (Notice Board)"", ""url"": ""https://www.hub.edu.bd/notices"", ""type"": ""notices""}, {""title"": ""হামদর্দ বিশ্ববিদ্যালয় বাংলাদেশ যোগাযোগ (Contact)"", ""url"": ""https://www.hub.edu.bd/contact"", ""type"": ""contact""}]"
uni_crawler_131,ঈশা খাঁ ইন্টারন্যাশনাল বিশ্ববিদ্যালয়,Ishakha International University,আইআইইউবি (IIUB),Universities,,no_issue_detected,https://www.iiub.edu.bd,"ঢাকার বাড্ডা এলাকায় ২০১৫ সালে প্রতিষ্ঠিত ঈশা খাঁ ইন্টারন্যাশনাল বিশ্ববিদ্যালয়, ব্যবসা ও আইন শিক্ষায় বিশেষজ্ঞ।",23.75,90.38,https://upload.wikimedia.org/wikipedia/commons/thumb/c/cb/Dhaka_University_logo.svg/300px-Dhaka_University_logo.svg.png,,,,,"[""https://upload.wikimedia.org/wikipedia/commons/thumb/c/cb/Dhaka_University_logo.svg/300px-Dhaka_University_logo.svg.png""]","[{""title"": ""ঈশা খাঁ ইন্টারন্যাশনাল বিশ্ববিদ্যালয় ভর্তি তথ্য (Admission)"", ""url"": ""https://www.iiub.edu.bd/admission"", ""type"": ""admission""}, {""title"": ""ঈশা খাঁ ইন্টারন্যাশনাল বিশ্ববিদ্যালয় পরিচিতি ও ইতিহাস (About)"", ""url"": ""https://www.iiub.edu.bd/about"", ""type"": ""about""}, {""title"": ""ঈশা খাঁ ইন্টারন্যাশনাল বিশ্ববিদ্যালয় নোটিশ বোর্ড (Notice Board)"", ""url"": ""https://www.iiub.edu.bd/notices"", ""type"": ""notices""}, {""title"": ""ঈশা খাঁ ইন্টারন্যাশনাল বিশ্ববিদ্যালয় যোগাযোগ (Contact)"", ""url"": ""https://www.iiub.edu.bd/contact"", ""type"": ""contact""}]"
uni_crawler_132,নর্থ ইস্ট বিশ্ববিদ্যালয় বাংলাদেশ,North East University Bangladesh,এনইইউবি (NEUB),Universities,,no_issue_detected,https://www.neub.edu.bd,"সিলেটের উত্তরে অবস্থিত, ২০১২ সালে গৃহীত নর্থ ইস্ট বিশ্ববিদ্যালয় বাংলাদেশ, প্রকৌশল ও ব্যবস্থাপনা বিভাগে উৎকর্ষ অর্জন করেছে।",23.75,90.38,https://upload.wikimedia.org/wikipedia/en/2/21/NEUB_Logo_Emrul.jpg?utm_source=en.wikipedia.org&utm_campaign=api&utm_content=thumbnail_unscaled,https://upload.wikimedia.org/wikipedia/en/2/21/NEUB_Logo_Emrul.jpg?utm_source=en.wikipedia.org&utm_campaign=parser&utm_content=thumbnail_unscaled,,,,"[""https://upload.wikimedia.org/wikipedia/en/2/21/NEUB_Logo_Emrul.jpg?utm_source=en.wikipedia.org&utm_campaign=api&utm_content=thumbnail_unscaled"", ""https://upload.wikimedia.org/wikipedia/en/2/21/NEUB_Logo_Emrul.jpg?utm_source=en.wikipedia.org&utm_campaign=parser&utm_content=thumbnail_unscaled""]","[{""title"": ""নর্থ ইস্ট বিশ্ববিদ্যালয় বাংলাদেশ ভর্তি তথ্য (Admission)"", ""url"": ""https://www.neub.edu.bd/admission"", ""type"": ""admission""}, {""title"": ""নর্থ ইস্ট বিশ্ববিদ্যালয় বাংলাদেশ পরিচিতি ও ইতিহাস (About)"", ""url"": ""https://www.neub.edu.bd/about"", ""type"": ""about""}, {""title"": ""নর্থ ইস্ট বিশ্ববিদ্যালয় বাংলাদেশ নোটিশ বোর্ড (Notice Board)"", ""url"": ""https://www.neub.edu.bd/notices"", ""type"": ""notices""}, {""title"": ""নর্থ ইস্ট বিশ্ববিদ্যালয় বাংলাদেশ যোগাযোগ (Contact)"", ""url"": ""https://www.neub.edu.bd/contact"", ""type"": ""contact""}]"
uni_crawler_133,নর্থ ওয়েস্টার্ন বিশ্ববিদ্যালয় বাংলাদেশ,"North Western University, Bangladesh",এনডব্লিউইউ (NWU),Universities,,no_issue_detected,https://www.nwu.edu.bd,"ঢাকার উত্তরে ২০১২ সালে প্রতিষ্ঠিত নর্থ ওয়েস্টার্ন বিশ্ববিদ্যালয় বাংলাদেশ, তথ্যপ্রযুক্তি ও ইলেকট্রিক্যাল ইঞ্জিনিয়ারিং‑এ বিশেষায়িত।",23.75,90.38,https://upload.wikimedia.org/wikipedia/commons/thumb/c/cb/Dhaka_University_logo.svg/300px-Dhaka_University_logo.svg.png,,,,,"[""https://upload.wikimedia.org/wikipedia/commons/thumb/c/cb/Dhaka_University_logo.svg/300px-Dhaka_University_logo.svg.png""]","[{""title"": ""নর্থ ওয়েস্টার্ন বিশ্ববিদ্যালয় বাংলাদেশ ভর্তি তথ্য (Admission)"", ""url"": ""https://www.nwu.edu.bd/admission"", ""type"": ""admission""}, {""title"": ""নর্থ ওয়েস্টার্ন বিশ্ববিদ্যালয় বাংলাদেশ পরিচিতি ও ইতিহাস (About)"", ""url"": ""https://www.nwu.edu.bd/about"", ""type"": ""about""}, {""title"": ""নর্থ ওয়েস্টার্ন বিশ্ববিদ্যালয় বাংলাদেশ নোটিশ বোর্ড (Notice Board)"", ""url"": ""https://www.nwu.edu.bd/notices"", ""type"": ""notices""}, {""title"": ""নর্থ ওয়েস্টার্ন বিশ্ববিদ্যালয় বাংলাদেশ যোগাযোগ (Contact)"", ""url"": ""https://www.nwu.edu.bd/contact"", ""type"": ""contact""}]"
uni_crawler_134,পোর্ট সিটি ইন্টারন্যাশনাল বিশ্ববিদ্যালয়,Port City International University,পিসিআইইউ (PCIU),Universities,,no_issue_detected,https://www.pciu.edu.bd,"চট্টগ্রামের নতুন পোর্ট সিটি এলাকায় ২০১৭ সালে উদ্বোধিত পোর্ট সিটি ইন্টারন্যাশনাল বিশ্ববিদ্যালয়, সামুদ্রিক ও ব্যবসা গবেষণায় কেন্দ্রিক।",23.75,90.38,https://upload.wikimedia.org/wikipedia/commons/8/81/Port_City_International_University_Logo.png?utm_source=en.wikipedia.org&utm_campaign=api&utm_content=thumbnail_unscaled,https://upload.wikimedia.org/wikipedia/commons/8/81/Port_City_International_University_Logo.png?utm_source=en.wikipedia.org&utm_campaign=parser&utm_content=thumbnail_unscaled,https://upload.wikimedia.org/wikipedia/commons/6/6b/PortCity_International_University.jpg?utm_source=en.wikipedia.org&utm_campaign=parser&utm_content=thumbnail_unscaled,,,"[""https://upload.wikimedia.org/wikipedia/commons/8/81/Port_City_International_University_Logo.png?utm_source=en.wikipedia.org&utm_campaign=api&utm_content=thumbnail_unscaled"", ""https://upload.wikimedia.org/wikipedia/commons/8/81/Port_City_International_University_Logo.png?utm_source=en.wikipedia.org&utm_campaign=parser&utm_content=thumbnail_unscaled"", ""https://upload.wikimedia.org/wikipedia/commons/6/6b/PortCity_International_University.jpg?utm_source=en.wikipedia.org&utm_campaign=parser&utm_content=thumbnail_unscaled""]","[{""title"": ""পোর্ট সিটি ইন্টারন্যাশনাল বিশ্ববিদ্যালয় ভর্তি তথ্য (Admission)"", ""url"": ""https://www.pciu.edu.bd/admission"", ""type"": ""admission""}, {""title"": ""পোর্ট সিটি ইন্টারন্যাশনাল বিশ্ববিদ্যালয় পরিচিতি ও ইতিহাস (About)"", ""url"": ""https://www.pciu.edu.bd/about"", ""type"": ""about""}, {""title"": ""পোর্ট সিটি ইন্টারন্যাশনাল বিশ্ববিদ্যালয় নোটিশ বোর্ড (Notice Board)"", ""url"": ""https://www.pciu.edu.bd/notices"", ""type"": ""notices""}, {""title"": ""পোর্ট সিটি ইন্টারন্যাশনাল বিশ্ববিদ্যালয় যোগাযোগ (Contact)"", ""url"": ""https://www.pciu.edu.bd/contact"", ""type"": ""contact""}]"
uni_crawler_135,বরেন্দ্র বিশ্ববিদ্যালয়,Varendra University,ভিইউ (VU),Universities,,no_issue_detected,https://www.vu.edu.bd,"রাজশাহী জেলার বরেন্দ্র এলাকায় ২০১২ সালে প্রতিষ্ঠিত বরেন্দ্র বিশ্ববিদ্যালয়, মানবিক ও সামাজিক বিজ্ঞান ক্ষেত্রে বিশেষজ্ঞ।",23.75,90.38,https://thumb.wikimedia.org/wikipedia/commons/thumb/3/37/Iconlogo.jpg/330px-Iconlogo.jpg?utm_source=en.wikipedia.org&utm_campaign=api&utm_content=thumbnail,https://thumb.wikimedia.org/wikipedia/commons/thumb/9/9d/VARENDRA_UNIVERSITY-01.jpg/1280px-VARENDRA_UNIVERSITY-01.jpg?utm_source=en.wikipedia.org&utm_campaign=parser&utm_content=thumbnail,,,,"[""https://thumb.wikimedia.org/wikipedia/commons/thumb/3/37/Iconlogo.jpg/330px-Iconlogo.jpg?utm_source=en.wikipedia.org&utm_campaign=api&utm_content=thumbnail"", ""https://thumb.wikimedia.org/wikipedia/commons/thumb/9/9d/VARENDRA_UNIVERSITY-01.jpg/1280px-VARENDRA_UNIVERSITY-01.jpg?utm_source=en.wikipedia.org&utm_campaign=parser&utm_content=thumbnail""]","[{""title"": ""বরেন্দ্র বিশ্ববিদ্যালয় ভর্তি তথ্য (Admission)"", ""url"": ""https://www.vu.edu.bd/admission"", ""type"": ""admission""}, {""title"": ""বরেন্দ্র বিশ্ববিদ্যালয় পরিচিতি ও ইতিহাস (About)"", ""url"": ""https://www.vu.edu.bd/about"", ""type"": ""about""}, {""title"": ""বরেন্দ্র বিশ্ববিদ্যালয় নোটিশ বোর্ড (Notice Board)"", ""url"": ""https://www.vu.edu.bd/notices"", ""type"": ""notices""}, {""title"": ""বরেন্দ্র বিশ্ববিদ্যালয় যোগাযোগ (Contact)"", ""url"": ""https://www.vu.edu.bd/contact"", ""type"": ""contact""}]"
uni_crawler_136,সোনারগাঁও বিশ্ববিদ্যালয়,Sonargaon University,এসইউ (SU),Universities,,no_issue_detected,https://www.su.edu.bd,"ঢাকার গুলশান রোডে ২০১২ সালে গৃহীত সোনারগাঁও বিশ্ববিদ্যালয়, ব্যবসা প্রশাসন ও আইন শিক্ষায় প্রাধান্য পায়।",23.75,90.38,https://upload.wikimedia.org/wikipedia/commons/thumb/c/cb/Dhaka_University_logo.svg/300px-Dhaka_University_logo.svg.png,,,,,"[""https://upload.wikimedia.org/wikipedia/commons/thumb/c/cb/Dhaka_University_logo.svg/300px-Dhaka_University_logo.svg.png""]","[{""title"": ""সোনারগাঁও বিশ্ববিদ্যালয় ভর্তি তথ্য (Admission)"", ""url"": ""https://www.su.edu.bd/admission"", ""type"": ""admission""}, {""title"": ""সোনারগাঁও বিশ্ববিদ্যালয় পরিচিতি ও ইতিহাস (About)"", ""url"": ""https://www.su.edu.bd/about"", ""type"": ""about""}, {""title"": ""সোনারগাঁও বিশ্ববিদ্যালয় নোটিশ বোর্ড (Notice Board)"", ""url"": ""https://www.su.edu.bd/notices"", ""type"": ""notices""}, {""title"": ""সোনারগাঁও বিশ্ববিদ্যালয় যোগাযোগ (Contact)"", ""url"": ""https://www.su.edu.bd/contact"", ""type"": ""contact""}]"
uni_crawler_137,কক্সবাজার ইন্টারন্যাশনাল বিশ্ববিদ্যালয়,Cox's Bazar International University,সিবিআইইউ (CBIU),Universities,"যান্ত্রিক ত্রুটি সংশোধন + প্রতিষ্ঠিত বাংলা বানান ""কক্সবাজার"" (একত্রে)",verified_fixed,https://www.cbiu.edu.bd,"কক্সবাজারের সমুদ্রতীরবর্তী এলাকায় ২০১৫ সালে প্রতিষ্ঠিত কক্সবাজার ইন্টারন্যাশনাল বিশ্ববিদ্যালয়, পর্যটন ও আতিথেয়তা শাখায় বিশেষজ্ঞ।",23.75,90.38,https://upload.wikimedia.org/wikipedia/commons/thumb/c/cb/Dhaka_University_logo.svg/300px-Dhaka_University_logo.svg.png,,,,,"[""https://upload.wikimedia.org/wikipedia/commons/thumb/c/cb/Dhaka_University_logo.svg/300px-Dhaka_University_logo.svg.png""]","[{""title"": ""কক্সবাজার ইন্টারন্যাশনাল বিশ্ববিদ্যালয় ভর্তি তথ্য (Admission)"", ""url"": ""https://www.cbiu.edu.bd/admission"", ""type"": ""admission""}, {""title"": ""কক্সবাজার ইন্টারন্যাশনাল বিশ্ববিদ্যালয় পরিচিতি ও ইতিহাস (About)"", ""url"": ""https://www.cbiu.edu.bd/about"", ""type"": ""about""}, {""title"": ""কক্সবাজার ইন্টারন্যাশনাল বিশ্ববিদ্যালয় নোটিশ বোর্ড (Notice Board)"", ""url"": ""https://www.cbiu.edu.bd/notices"", ""type"": ""notices""}, {""title"": ""কক্সবাজার ইন্টারন্যাশনাল বিশ্ববিদ্যালয় যোগাযোগ (Contact)"", ""url"": ""https://www.cbiu.edu.bd/contact"", ""type"": ""contact""}]"
uni_crawler_138,ফারইস্ট ইন্টারন্যাশনাল বিশ্ববিদ্যালয়,Fareast International University,এফআইইউ (FIU),Universities,,no_issue_detected,https://www.fiu.edu.bd,"ঢাকার গুলশান রোডে ২০১৫ সালে গৃহীত ফারইস্ট ইন্টারন্যাশনাল বিশ্ববিদ্যালয়, ইঞ্জিনিয়ারিং ও ম্যানেজমেন্টে উৎকর্ষ অর্জন করেছে।",23.75,90.38,https://upload.wikimedia.org/wikipedia/commons/thumb/c/cb/Dhaka_University_logo.svg/300px-Dhaka_University_logo.svg.png,,,,,"[""https://upload.wikimedia.org/wikipedia/commons/thumb/c/cb/Dhaka_University_logo.svg/300px-Dhaka_University_logo.svg.png""]","[{""title"": ""ফারইস্ট ইন্টারন্যাশনাল বিশ্ববিদ্যালয় ভর্তি তথ্য (Admission)"", ""url"": ""https://www.fiu.edu.bd/admission"", ""type"": ""admission""}, {""title"": ""ফারইস্ট ইন্টারন্যাশনাল বিশ্ববিদ্যালয় পরিচিতি ও ইতিহাস (About)"", ""url"": ""https://www.fiu.edu.bd/about"", ""type"": ""about""}, {""title"": ""ফারইস্ট ইন্টারন্যাশনাল বিশ্ববিদ্যালয় নোটিশ বোর্ড (Notice Board)"", ""url"": ""https://www.fiu.edu.bd/notices"", ""type"": ""notices""}, {""title"": ""ফারইস্ট ইন্টারন্যাশনাল বিশ্ববিদ্যালয় যোগাযোগ (Contact)"", ""url"": ""https://www.fiu.edu.bd/contact"", ""type"": ""contact""}]"
uni_crawler_139,জার্মান বিশ্ববিদ্যালয় বাংলাদেশ,German University Bangladesh,জিইউবি (GUB),Universities,,no_issue_detected,https://www.gub.edu.bd,"ঢাকার উত্তরে ২০১৭ সালে প্রতিষ্ঠিত জার্মান বিশ্ববিদ্যালয় বাংলাদেশ, জার্মান‑ভাষী প্রকৌশল ও বিজ্ঞান প্রোগ্রাম প্রদান করে।",23.75,90.38,https://upload.wikimedia.org/wikipedia/commons/thumb/c/cb/Dhaka_University_logo.svg/300px-Dhaka_University_logo.svg.png,,,,,"[""https://upload.wikimedia.org/wikipedia/commons/thumb/c/cb/Dhaka_University_logo.svg/300px-Dhaka_University_logo.svg.png""]","[{""title"": ""জার্মান বিশ্ববিদ্যালয় বাংলাদেশ ভর্তি তথ্য (Admission)"", ""url"": ""https://www.gub.edu.bd/admission"", ""type"": ""admission""}, {""title"": ""জার্মান বিশ্ববিদ্যালয় বাংলাদেশ পরিচিতি ও ইতিহাস (About)"", ""url"": ""https://www.gub.edu.bd/about"", ""type"": ""about""}, {""title"": ""জার্মান বিশ্ববিদ্যালয় বাংলাদেশ নোটিশ বোর্ড (Notice Board)"", ""url"": ""https://www.gub.edu.bd/notices"", ""type"": ""notices""}, {""title"": ""জার্মান বিশ্ববিদ্যালয় বাংলাদেশ যোগাযোগ (Contact)"", ""url"": ""https://www.gub.edu.bd/contact"", ""type"": ""contact""}]"
uni_crawler_140,নর্থ বেঙ্গল ইন্টারন্যাশনাল বিশ্ববিদ্যালয়,North Bengal International University,এনবিআইইউ (NBIU),Universities,,no_issue_detected,https://www.nbiu.edu.bd,"সিলেটের উত্তরাঞ্চলে ২০১৫ সালে গৃহীত নর্থ বেঙ্গল ইন্টারন্যাশনাল বিশ্ববিদ্যালয়, কৃষি ও ব্যবসা শিক্ষায় বিশেষায়িত।",23.75,90.38,https://upload.wikimedia.org/wikipedia/en/4/4e/NBIU_logo.png?utm_source=en.wikipedia.org&utm_campaign=api&utm_content=thumbnail_unscaled,https://upload.wikimedia.org/wikipedia/en/4/4e/NBIU_logo.png?utm_source=en.wikipedia.org&utm_campaign=parser&utm_content=thumbnail_unscaled,,,,"[""https://upload.wikimedia.org/wikipedia/en/4/4e/NBIU_logo.png?utm_source=en.wikipedia.org&utm_campaign=api&utm_content=thumbnail_unscaled"", ""https://upload.wikimedia.org/wikipedia/en/4/4e/NBIU_logo.png?utm_source=en.wikipedia.org&utm_campaign=parser&utm_content=thumbnail_unscaled""]","[{""title"": ""নর্থ বেঙ্গল ইন্টারন্যাশনাল বিশ্ববিদ্যালয় ভর্তি তথ্য (Admission)"", ""url"": ""https://www.nbiu.edu.bd/admission"", ""type"": ""admission""}, {""title"": ""নর্থ বেঙ্গল ইন্টারন্যাশনাল বিশ্ববিদ্যালয় পরিচিতি ও ইতিহাস (About)"", ""url"": ""https://www.nbiu.edu.bd/about"", ""type"": ""about""}, {""title"": ""নর্থ বেঙ্গল ইন্টারন্যাশনাল বিশ্ববিদ্যালয় নোটিশ বোর্ড (Notice Board)"", ""url"": ""https://www.nbiu.edu.bd/notices"", ""type"": ""notices""}, {""title"": ""নর্থ বেঙ্গল ইন্টারন্যাশনাল বিশ্ববিদ্যালয় যোগাযোগ (Contact)"", ""url"": ""https://www.nbiu.edu.bd/contact"", ""type"": ""contact""}]"
uni_crawler_141,নটর ডেম বিশ্ববিদ্যালয় বাংলাদেশ,Notre Dame University Bangladesh,এনডিইউবি (NDUB),Universities,,no_issue_detected,https://www.ndub.edu.bd,নটর ডেম বিশ্ববিদ্যালয় বাংলাদেশ (Notre Dame University Bangladesh) বাংলাদেশের একটি ইউজিসি অনুমোদিত উচ্চশিক্ষা প্রতিষ্ঠান।,23.75,90.38,https://thumb.wikimedia.org/wikipedia/en/thumb/a/af/Notre_Dame_University_Bangladesh_Monogram.svg/330px-Notre_Dame_University_Bangladesh_Monogram.svg.png?utm_source=en.wikipedia.org&utm_campaign=api&utm_content=thumbnail,https://thumb.wikimedia.org/wikipedia/en/thumb/a/af/Notre_Dame_University_Bangladesh_Monogram.svg/330px-Notre_Dame_University_Bangladesh_Monogram.svg.png?utm_source=en.wikipedia.org&utm_campaign=parser&utm_content=thumbnail,https://thumb.wikimedia.org/wikipedia/en/thumb/c/ce/The_proposed_build_for_NDUB%27s_permanent_campus.jpg/330px-The_proposed_build_for_NDUB%27s_permanent_campus.jpg?utm_source=en.wikipedia.org&utm_campaign=parser&utm_content=thumbnail,,,"[""https://thumb.wikimedia.org/wikipedia/en/thumb/a/af/Notre_Dame_University_Bangladesh_Monogram.svg/330px-Notre_Dame_University_Bangladesh_Monogram.svg.png?utm_source=en.wikipedia.org&utm_campaign=api&utm_content=thumbnail"", ""https://thumb.wikimedia.org/wikipedia/en/thumb/a/af/Notre_Dame_University_Bangladesh_Monogram.svg/330px-Notre_Dame_University_Bangladesh_Monogram.svg.png?utm_source=en.wikipedia.org&utm_campaign=parser&utm_content=thumbnail"", ""https://thumb.wikimedia.org/wikipedia/en/thumb/c/ce/The_proposed_build_for_NDUB%27s_permanent_campus.jpg/330px-The_proposed_build_for_NDUB%27s_permanent_campus.jpg?utm_source=en.wikipedia.org&utm_campaign=parser&utm_content=thumbnail""]","[{""title"": ""নটর ডেম বিশ্ববিদ্যালয় বাংলাদেশ ভর্তি তথ্য (Admission)"", ""url"": ""https://www.ndub.edu.bd/admission"", ""type"": ""admission""}, {""title"": ""নটর ডেম বিশ্ববিদ্যালয় বাংলাদেশ পরিচিতি ও ইতিহাস (About)"", ""url"": ""https://www.ndub.edu.bd/about"", ""type"": ""about""}, {""title"": ""নটর ডেম বিশ্ববিদ্যালয় বাংলাদেশ নোটিশ বোর্ড (Notice Board)"", ""url"": ""https://www.ndub.edu.bd/notices"", ""type"": ""notices""}, {""title"": ""নটর ডেম বিশ্ববিদ্যালয় বাংলাদেশ যোগাযোগ (Contact)"", ""url"": ""https://www.ndub.edu.bd/contact"", ""type"": ""contact""}]"
uni_crawler_142,রণদা প্রসাদ সাহা বিশ্ববিদ্যালয়,Ranada Prasad Shaha University,আরপিএসইউ (RPSU),Universities,,no_issue_detected,https://www.rpsu.edu.bd,রণদা প্রসাদ সাহা বিশ্ববিদ্যালয় (Ranada Prasad Shaha University) বাংলাদেশের একটি ইউজিসি অনুমোদিত উচ্চশিক্ষা প্রতিষ্ঠান।,23.75,90.38,https://upload.wikimedia.org/wikipedia/commons/thumb/c/cb/Dhaka_University_logo.svg/300px-Dhaka_University_logo.svg.png,,,,,"[""https://upload.wikimedia.org/wikipedia/commons/thumb/c/cb/Dhaka_University_logo.svg/300px-Dhaka_University_logo.svg.png""]","[{""title"": ""রণদা প্রসাদ সাহা বিশ্ববিদ্যালয় ভর্তি তথ্য (Admission)"", ""url"": ""https://www.rpsu.edu.bd/admission"", ""type"": ""admission""}, {""title"": ""রণদা প্রসাদ সাহা বিশ্ববিদ্যালয় পরিচিতি ও ইতিহাস (About)"", ""url"": ""https://www.rpsu.edu.bd/about"", ""type"": ""about""}, {""title"": ""রণদা প্রসাদ সাহা বিশ্ববিদ্যালয় নোটিশ বোর্ড (Notice Board)"", ""url"": ""https://www.rpsu.edu.bd/notices"", ""type"": ""notices""}, {""title"": ""রণদা প্রসাদ সাহা বিশ্ববিদ্যালয় যোগাযোগ (Contact)"", ""url"": ""https://www.rpsu.edu.bd/contact"", ""type"": ""contact""}]"
uni_crawler_143,ব্রহ্মপুত্র ইন্টারন্যাশনাল বিশ্ববিদ্যালয়,Brahmaputra International University,বিআইইউ (BIU),Universities,,no_issue_detected,https://www.biu.edu.bd,ব্রহ্মপুত্র ইন্টারন্যাশনাল বিশ্ববিদ্যালয় (Brahmaputra International University) বাংলাদেশের একটি ইউজিসি অনুমোদিত উচ্চশিক্ষা প্রতিষ্ঠান।,23.75,90.38,https://upload.wikimedia.org/wikipedia/commons/thumb/c/cb/Dhaka_University_logo.svg/300px-Dhaka_University_logo.svg.png,,,,,"[""https://upload.wikimedia.org/wikipedia/commons/thumb/c/cb/Dhaka_University_logo.svg/300px-Dhaka_University_logo.svg.png""]","[{""title"": ""ব্রহ্মপুত্র ইন্টারন্যাশনাল বিশ্ববিদ্যালয় ভর্তি তথ্য (Admission)"", ""url"": ""https://www.biu.edu.bd/admission"", ""type"": ""admission""}, {""title"": ""ব্রহ্মপুত্র ইন্টারন্যাশনাল বিশ্ববিদ্যালয় পরিচিতি ও ইতিহাস (About)"", ""url"": ""https://www.biu.edu.bd/about"", ""type"": ""about""}, {""title"": ""ব্রহ্মপুত্র ইন্টারন্যাশনাল বিশ্ববিদ্যালয় নোটিশ বোর্ড (Notice Board)"", ""url"": ""https://www.biu.edu.bd/notices"", ""type"": ""notices""}, {""title"": ""ব্রহ্মপুত্র ইন্টারন্যাশনাল বিশ্ববিদ্যালয় যোগাযোগ (Contact)"", ""url"": ""https://www.biu.edu.bd/contact"", ""type"": ""contact""}]"
uni_crawler_144,টাইমস বিশ্ববিদ্যালয় বাংলাদেশ,Times University Bangladesh,টিএমইউবি (TMUB),Universities,,no_issue_detected,https://www.tmub.edu.bd,টাইমস বিশ্ববিদ্যালয় বাংলাদেশ (Times University Bangladesh) বাংলাদেশের একটি ইউজিসি অনুমোদিত উচ্চশিক্ষা প্রতিষ্ঠান।,23.75,90.38,https://upload.wikimedia.org/wikipedia/commons/thumb/c/cb/Dhaka_University_logo.svg/300px-Dhaka_University_logo.svg.png,,,,,"[""https://upload.wikimedia.org/wikipedia/commons/thumb/c/cb/Dhaka_University_logo.svg/300px-Dhaka_University_logo.svg.png""]","[{""title"": ""টাইমস বিশ্ববিদ্যালয় বাংলাদেশ ভর্তি তথ্য (Admission)"", ""url"": ""https://www.tmub.edu.bd/admission"", ""type"": ""admission""}, {""title"": ""টাইমস বিশ্ববিদ্যালয় বাংলাদেশ পরিচিতি ও ইতিহাস (About)"", ""url"": ""https://www.tmub.edu.bd/about"", ""type"": ""about""}, {""title"": ""টাইমস বিশ্ববিদ্যালয় বাংলাদেশ নোটিশ বোর্ড (Notice Board)"", ""url"": ""https://www.tmub.edu.bd/notices"", ""type"": ""notices""}, {""title"": ""টাইমস বিশ্ববিদ্যালয় বাংলাদেশ যোগাযোগ (Contact)"", ""url"": ""https://www.tmub.edu.bd/contact"", ""type"": ""contact""}]"
uni_crawler_145,কানাডিয়ান বিশ্ববিদ্যালয় বাংলাদেশ,Canadian University of Bangladesh,সিইউবি (CUB),Universities,,no_issue_detected,https://www.cub.edu.bd,কানাডিয়ান বিশ্ববিদ্যালয় বাংলাদেশ (Canadian University of Bangladesh) বাংলাদেশের একটি ইউজিসি অনুমোদিত উচ্চশিক্ষা প্রতিষ্ঠান।,23.75,90.38,https://upload.wikimedia.org/wikipedia/commons/thumb/c/cb/Dhaka_University_logo.svg/300px-Dhaka_University_logo.svg.png,,,,,"[""https://upload.wikimedia.org/wikipedia/commons/thumb/c/cb/Dhaka_University_logo.svg/300px-Dhaka_University_logo.svg.png""]","[{""title"": ""কানাডিয়ান বিশ্ববিদ্যালয় বাংলাদেশ ভর্তি তথ্য (Admission)"", ""url"": ""https://www.cub.edu.bd/admission"", ""type"": ""admission""}, {""title"": ""কানাডিয়ান বিশ্ববিদ্যালয় বাংলাদেশ পরিচিতি ও ইতিহাস (About)"", ""url"": ""https://www.cub.edu.bd/about"", ""type"": ""about""}, {""title"": ""কানাডিয়ান বিশ্ববিদ্যালয় বাংলাদেশ নোটিশ বোর্ড (Notice Board)"", ""url"": ""https://www.cub.edu.bd/notices"", ""type"": ""notices""}, {""title"": ""কানাডিয়ান বিশ্ববিদ্যালয় বাংলাদেশ যোগাযোগ (Contact)"", ""url"": ""https://www.cub.edu.bd/contact"", ""type"": ""contact""}]"
uni_crawler_146,গ্লোবাল বিশ্ববিদ্যালয় বাংলাদেশ,Global University Bangladesh,জিইউবি (GUB),Universities,,no_issue_detected,https://www.gub.edu.bd,গ্লোবাল বিশ্ববিদ্যালয় বাংলাদেশ (Global University Bangladesh) বাংলাদেশের একটি ইউজিসি অনুমোদিত উচ্চশিক্ষা প্রতিষ্ঠান।,23.75,90.38,https://upload.wikimedia.org/wikipedia/en/1/1e/Global_University_Bangladesh.png?utm_source=en.wikipedia.org&utm_campaign=api&utm_content=thumbnail_unscaled,https://upload.wikimedia.org/wikipedia/en/1/1e/Global_University_Bangladesh.png?utm_source=en.wikipedia.org&utm_campaign=parser&utm_content=thumbnail_unscaled,,,,"[""https://upload.wikimedia.org/wikipedia/en/1/1e/Global_University_Bangladesh.png?utm_source=en.wikipedia.org&utm_campaign=api&utm_content=thumbnail_unscaled"", ""https://upload.wikimedia.org/wikipedia/en/1/1e/Global_University_Bangladesh.png?utm_source=en.wikipedia.org&utm_campaign=parser&utm_content=thumbnail_unscaled""]","[{""title"": ""গ্লোবাল বিশ্ববিদ্যালয় বাংলাদেশ ভর্তি তথ্য (Admission)"", ""url"": ""https://www.gub.edu.bd/admission"", ""type"": ""admission""}, {""title"": ""গ্লোবাল বিশ্ববিদ্যালয় বাংলাদেশ পরিচিতি ও ইতিহাস (About)"", ""url"": ""https://www.gub.edu.bd/about"", ""type"": ""about""}, {""title"": ""গ্লোবাল বিশ্ববিদ্যালয় বাংলাদেশ নোটিশ বোর্ড (Notice Board)"", ""url"": ""https://www.gub.edu.bd/notices"", ""type"": ""notices""}, {""title"": ""গ্লোবাল বিশ্ববিদ্যালয় বাংলাদেশ যোগাযোগ (Contact)"", ""url"": ""https://www.gub.edu.bd/contact"", ""type"": ""contact""}]"
uni_crawler_147,এনপিআই বিশ্ববিদ্যালয় বাংলাদেশ,NPI University of Bangladesh,এনপিআইইউবি (NPIUB),Universities,,no_issue_detected,https://www.npiub.edu.bd,এনপিআই বিশ্ববিদ্যালয় বাংলাদেশ (NPI University of Bangladesh) বাংলাদেশের একটি ইউজিসি অনুমোদিত উচ্চশিক্ষা প্রতিষ্ঠান।,23.75,90.38,https://upload.wikimedia.org/wikipedia/commons/thumb/c/cb/Dhaka_University_logo.svg/300px-Dhaka_University_logo.svg.png,,,,,"[""https://upload.wikimedia.org/wikipedia/commons/thumb/c/cb/Dhaka_University_logo.svg/300px-Dhaka_University_logo.svg.png""]","[{""title"": ""এনপিআই বিশ্ববিদ্যালয় বাংলাদেশ ভর্তি তথ্য (Admission)"", ""url"": ""https://www.npiub.edu.bd/admission"", ""type"": ""admission""}, {""title"": ""এনপিআই বিশ্ববিদ্যালয় বাংলাদেশ পরিচিতি ও ইতিহাস (About)"", ""url"": ""https://www.npiub.edu.bd/about"", ""type"": ""about""}, {""title"": ""এনপিআই বিশ্ববিদ্যালয় বাংলাদেশ নোটিশ বোর্ড (Notice Board)"", ""url"": ""https://www.npiub.edu.bd/notices"", ""type"": ""notices""}, {""title"": ""এনপিআই বিশ্ববিদ্যালয় বাংলাদেশ যোগাযোগ (Contact)"", ""url"": ""https://www.npiub.edu.bd/contact"", ""type"": ""contact""}]"
uni_crawler_148,রবীন্দ্র মৈত্রী বিশ্ববিদ্যালয়,Rabindra Maitree University,আরএমইউ (RMU),Universities,,no_issue_detected,https://www.rmu.edu.bd,রবীন্দ্র মৈত্রী বিশ্ববিদ্যালয় (Rabindra Maitree University) বাংলাদেশের একটি ইউজিসি অনুমোদিত উচ্চশিক্ষা প্রতিষ্ঠান।,23.75,90.38,https://upload.wikimedia.org/wikipedia/commons/thumb/c/cb/Dhaka_University_logo.svg/300px-Dhaka_University_logo.svg.png,,,,,"[""https://upload.wikimedia.org/wikipedia/commons/thumb/c/cb/Dhaka_University_logo.svg/300px-Dhaka_University_logo.svg.png""]","[{""title"": ""রবীন্দ্র মৈত্রী বিশ্ববিদ্যালয় ভর্তি তথ্য (Admission)"", ""url"": ""https://www.rmu.edu.bd/admission"", ""type"": ""admission""}, {""title"": ""রবীন্দ্র মৈত্রী বিশ্ববিদ্যালয় পরিচিতি ও ইতিহাস (About)"", ""url"": ""https://www.rmu.edu.bd/about"", ""type"": ""about""}, {""title"": ""রবীন্দ্র মৈত্রী বিশ্ববিদ্যালয় নোটিশ বোর্ড (Notice Board)"", ""url"": ""https://www.rmu.edu.bd/notices"", ""type"": ""notices""}, {""title"": ""রবীন্দ্র মৈত্রী বিশ্ববিদ্যালয় যোগাযোগ (Contact)"", ""url"": ""https://www.rmu.edu.bd/contact"", ""type"": ""contact""}]"
uni_crawler_149,বিশ্ববিদ্যালয় স্কলার্স,University of Scholars,আইইউএস (IUS),Universities,"শব্দক্রম ""বিশ্ববিদ্যালয়..."" — প্রকৃত প্রাতিষ্ঠানিক ব্যবহার যাচাই প্রয়োজন (BAUST খুলনা/সৈয়দপুরের ভিন্নতা থেকে দেখা গেছে যে অনুমান নিরাপদ নয়)",needs_manual_review,https://www.ius.edu.bd,বিশ্ববিদ্যালয় স্কলার্স (University of Scholars) বাংলাদেশের একটি ইউজিসি অনুমোদিত উচ্চশিক্ষা প্রতিষ্ঠান।,23.75,90.38,https://upload.wikimedia.org/wikipedia/commons/thumb/c/cb/Dhaka_University_logo.svg/300px-Dhaka_University_logo.svg.png,,,,,"[""https://upload.wikimedia.org/wikipedia/commons/thumb/c/cb/Dhaka_University_logo.svg/300px-Dhaka_University_logo.svg.png""]","[{""title"": ""বিশ্ববিদ্যালয় স্কলার্স ভর্তি তথ্য (Admission)"", ""url"": ""https://www.ius.edu.bd/admission"", ""type"": ""admission""}, {""title"": ""বিশ্ববিদ্যালয় স্কলার্স পরিচিতি ও ইতিহাস (About)"", ""url"": ""https://www.ius.edu.bd/about"", ""type"": ""about""}, {""title"": ""বিশ্ববিদ্যালয় স্কলার্স নোটিশ বোর্ড (Notice Board)"", ""url"": ""https://www.ius.edu.bd/notices"", ""type"": ""notices""}, {""title"": ""বিশ্ববিদ্যালয় স্কলার্স যোগাযোগ (Contact)"", ""url"": ""https://www.ius.edu.bd/contact"", ""type"": ""contact""}]"
uni_crawler_150,বিশ্ববিদ্যালয় ক্রিয়েটিভ টেকনোলজি চট্টগ্রাম,University of Creative Technology Chittagong,ইউসিটিসি (UCTC),Universities,"শব্দক্রম ""বিশ্ববিদ্যালয়..."" — প্রকৃত প্রাতিষ্ঠানিক ব্যবহার যাচাই প্রয়োজন (BAUST খুলনা/সৈয়দপুরের ভিন্নতা থেকে দেখা গেছে যে অনুমান নিরাপদ নয়)",needs_manual_review,https://www.uctc.edu.bd,বিশ্ববিদ্যালয় ক্রিয়েটিভ টেকনোলজি চট্টগ্রাম (University of Creative Technology Chittagong) বাংলাদেশের একটি ইউজিসি অনুমোদিত উচ্চশিক্ষা প্রতিষ্ঠান।,23.75,90.38,https://thumb.wikimedia.org/wikipedia/commons/thumb/a/a9/UCTC_Library.jpg/250px-UCTC_Library.jpg?utm_source=en.wikipedia.org&utm_campaign=parser&utm_content=thumbnail,https://thumb.wikimedia.org/wikipedia/commons/thumb/9/92/UCTC_Campus_Building_%28Wide_view%29.jpg/250px-UCTC_Campus_Building_%28Wide_view%29.jpg?utm_source=en.wikipedia.org&utm_campaign=parser&utm_content=thumbnail,https://thumb.wikimedia.org/wikipedia/commons/thumb/a/ae/Class_Room_%28Mechanical_Engineering%29.jpg/250px-Class_Room_%28Mechanical_Engineering%29.jpg?utm_source=en.wikipedia.org&utm_campaign=parser&utm_content=thumbnail,,,"[""https://thumb.wikimedia.org/wikipedia/commons/thumb/a/a9/UCTC_Library.jpg/250px-UCTC_Library.jpg?utm_source=en.wikipedia.org&utm_campaign=parser&utm_content=thumbnail"", ""https://thumb.wikimedia.org/wikipedia/commons/thumb/9/92/UCTC_Campus_Building_%28Wide_view%29.jpg/250px-UCTC_Campus_Building_%28Wide_view%29.jpg?utm_source=en.wikipedia.org&utm_campaign=parser&utm_content=thumbnail"", ""https://thumb.wikimedia.org/wikipedia/commons/thumb/a/ae/Class_Room_%28Mechanical_Engineering%29.jpg/250px-Class_Room_%28Mechanical_Engineering%29.jpg?utm_source=en.wikipedia.org&utm_campaign=parser&utm_content=thumbnail""]","[{""title"": ""বিশ্ববিদ্যালয় ক্রিয়েটিভ টেকনোলজি চট্টগ্রাম ভর্তি তথ্য (Admission)"", ""url"": ""https://www.uctc.edu.bd/admission"", ""type"": ""admission""}, {""title"": ""বিশ্ববিদ্যালয় ক্রিয়েটিভ টেকনোলজি চট্টগ্রাম পরিচিতি ও ইতিহাস (About)"", ""url"": ""https://www.uctc.edu.bd/about"", ""type"": ""about""}, {""title"": ""বিশ্ববিদ্যালয় ক্রিয়েটিভ টেকনোলজি চট্টগ্রাম নোটিশ বোর্ড (Notice Board)"", ""url"": ""https://www.uctc.edu.bd/notices"", ""type"": ""notices""}, {""title"": ""বিশ্ববিদ্যালয় ক্রিয়েটিভ টেকনোলজি চট্টগ্রাম যোগাযোগ (Contact)"", ""url"": ""https://www.uctc.edu.bd/contact"", ""type"": ""contact""}]"
uni_crawler_151,আনোয়ার খান মডার্ন বিশ্ববিদ্যালয়,Anwer Khan Modern University,একেএমইউ (AKMU),Universities,,no_issue_detected,https://www.akmu.edu.bd,আনোয়ার খান মডার্ন বিশ্ববিদ্যালয় (Anwer Khan Modern University) বাংলাদেশের একটি ইউজিসি অনুমোদিত উচ্চশিক্ষা প্রতিষ্ঠান।,23.75,90.38,https://upload.wikimedia.org/wikipedia/commons/thumb/c/cb/Dhaka_University_logo.svg/300px-Dhaka_University_logo.svg.png,,,,,"[""https://upload.wikimedia.org/wikipedia/commons/thumb/c/cb/Dhaka_University_logo.svg/300px-Dhaka_University_logo.svg.png""]","[{""title"": ""আনোয়ার খান মডার্ন বিশ্ববিদ্যালয় ভর্তি তথ্য (Admission)"", ""url"": ""https://www.akmu.edu.bd/admission"", ""type"": ""admission""}, {""title"": ""আনোয়ার খান মডার্ন বিশ্ববিদ্যালয় পরিচিতি ও ইতিহাস (About)"", ""url"": ""https://www.akmu.edu.bd/about"", ""type"": ""about""}, {""title"": ""আনোয়ার খান মডার্ন বিশ্ববিদ্যালয় নোটিশ বোর্ড (Notice Board)"", ""url"": ""https://www.akmu.edu.bd/notices"", ""type"": ""notices""}, {""title"": ""আনোয়ার খান মডার্ন বিশ্ববিদ্যালয় যোগাযোগ (Contact)"", ""url"": ""https://www.akmu.edu.bd/contact"", ""type"": ""contact""}]"
uni_crawler_152,বিশ্ববিদ্যালয় গ্লোবাল ভিলেজ,University of Global Village,ইউআইজিভি (UIGV),Universities,"শব্দক্রম ""বিশ্ববিদ্যালয়..."" — প্রকৃত প্রাতিষ্ঠানিক ব্যবহার যাচাই প্রয়োজন (BAUST খুলনা/সৈয়দপুরের ভিন্নতা থেকে দেখা গেছে যে অনুমান নিরাপদ নয়)",needs_manual_review,https://www.uigv.edu.bd,বিশ্ববিদ্যালয় গ্লোবাল ভিলেজ (University of Global Village) বাংলাদেশের একটি ইউজিসি অনুমোদিত উচ্চশিক্ষা প্রতিষ্ঠান।,23.75,90.38,https://upload.wikimedia.org/wikipedia/commons/thumb/c/cb/Dhaka_University_logo.svg/300px-Dhaka_University_logo.svg.png,,,,,"[""https://upload.wikimedia.org/wikipedia/commons/thumb/c/cb/Dhaka_University_logo.svg/300px-Dhaka_University_logo.svg.png""]","[{""title"": ""বিশ্ববিদ্যালয় গ্লোবাল ভিলেজ ভর্তি তথ্য (Admission)"", ""url"": ""https://www.uigv.edu.bd/admission"", ""type"": ""admission""}, {""title"": ""বিশ্ববিদ্যালয় গ্লোবাল ভিলেজ পরিচিতি ও ইতিহাস (About)"", ""url"": ""https://www.uigv.edu.bd/about"", ""type"": ""about""}, {""title"": ""বিশ্ববিদ্যালয় গ্লোবাল ভিলেজ নোটিশ বোর্ড (Notice Board)"", ""url"": ""https://www.uigv.edu.bd/notices"", ""type"": ""notices""}, {""title"": ""বিশ্ববিদ্যালয় গ্লোবাল ভিলেজ যোগাযোগ (Contact)"", ""url"": ""https://www.uigv.edu.bd/contact"", ""type"": ""contact""}]"
uni_crawler_153,খুলনা খান বাহাদুর আহছানউল্লা বিশ্ববিদ্যালয়,Khulna Khan Bahadur Ahsanullah University,কেকেবিএইউ (KKBAU),Universities,,no_issue_detected,https://www.kkbau.edu.bd,খুলনা খান বাহাদুর আহছানউল্লা বিশ্ববিদ্যালয় (Khulna Khan Bahadur Ahsanullah University) বাংলাদেশের একটি ইউজিসি অনুমোদিত উচ্চশিক্ষা প্রতিষ্ঠান।,23.75,90.38,https://upload.wikimedia.org/wikipedia/commons/thumb/c/cb/Dhaka_University_logo.svg/300px-Dhaka_University_logo.svg.png,,,,,"[""https://upload.wikimedia.org/wikipedia/commons/thumb/c/cb/Dhaka_University_logo.svg/300px-Dhaka_University_logo.svg.png""]","[{""title"": ""খুলনা খান বাহাদুর আহছানউল্লা বিশ্ববিদ্যালয় ভর্তি তথ্য (Admission)"", ""url"": ""https://www.kkbau.edu.bd/admission"", ""type"": ""admission""}, {""title"": ""খুলনা খান বাহাদুর আহছানউল্লা বিশ্ববিদ্যালয় পরিচিতি ও ইতিহাস (About)"", ""url"": ""https://www.kkbau.edu.bd/about"", ""type"": ""about""}, {""title"": ""খুলনা খান বাহাদুর আহছানউল্লা বিশ্ববিদ্যালয় নোটিশ বোর্ড (Notice Board)"", ""url"": ""https://www.kkbau.edu.bd/notices"", ""type"": ""notices""}, {""title"": ""খুলনা খান বাহাদুর আহছানউল্লা বিশ্ববিদ্যালয় যোগাযোগ (Contact)"", ""url"": ""https://www.kkbau.edu.bd/contact"", ""type"": ""contact""}]"
uni_crawler_154,ট্রাস্ট বিশ্ববিদ্যালয় বরিশাল,"Trust University, Barishal",টিইউবি (TUB),Universities,,no_issue_detected,https://www.tub.edu.bd,"ট্রাস্ট বিশ্ববিদ্যালয় বরিশাল (Trust University, Barishal) বাংলাদেশের একটি ইউজিসি অনুমোদিত উচ্চশিক্ষা প্রতিষ্ঠান।",23.75,90.38,https://upload.wikimedia.org/wikipedia/commons/thumb/c/cb/Dhaka_University_logo.svg/300px-Dhaka_University_logo.svg.png,,,,,"[""https://upload.wikimedia.org/wikipedia/commons/thumb/c/cb/Dhaka_University_logo.svg/300px-Dhaka_University_logo.svg.png""]","[{""title"": ""ট্রাস্ট বিশ্ববিদ্যালয় বরিশাল ভর্তি তথ্য (Admission)"", ""url"": ""https://www.tub.edu.bd/admission"", ""type"": ""admission""}, {""title"": ""ট্রাস্ট বিশ্ববিদ্যালয় বরিশাল পরিচিতি ও ইতিহাস (About)"", ""url"": ""https://www.tub.edu.bd/about"", ""type"": ""about""}, {""title"": ""ট্রাস্ট বিশ্ববিদ্যালয় বরিশাল নোটিশ বোর্ড (Notice Board)"", ""url"": ""https://www.tub.edu.bd/notices"", ""type"": ""notices""}, {""title"": ""ট্রাস্ট বিশ্ববিদ্যালয় বরিশাল যোগাযোগ (Contact)"", ""url"": ""https://www.tub.edu.bd/contact"", ""type"": ""contact""}]"
uni_crawler_155,বিশ্ববিদ্যালয় ব্রাহ্মণবাড়িয়া,University of Brahmanbaria,ইউওবি (UOB),Universities,"শব্দক্রম ""বিশ্ববিদ্যালয়..."" — প্রকৃত প্রাতিষ্ঠানিক ব্যবহার যাচাই প্রয়োজন (BAUST খুলনা/সৈয়দপুরের ভিন্নতা থেকে দেখা গেছে যে অনুমান নিরাপদ নয়)",needs_manual_review,https://www.uob.edu.bd,বিশ্ববিদ্যালয় ব্রাহ্মণবাড়িয়া (University of Brahmanbaria) বাংলাদেশের একটি ইউজিসি অনুমোদিত উচ্চশিক্ষা প্রতিষ্ঠান।,23.75,90.38,https://upload.wikimedia.org/wikipedia/commons/thumb/c/cb/Dhaka_University_logo.svg/300px-Dhaka_University_logo.svg.png,,,,,"[""https://upload.wikimedia.org/wikipedia/commons/thumb/c/cb/Dhaka_University_logo.svg/300px-Dhaka_University_logo.svg.png""]","[{""title"": ""বিশ্ববিদ্যালয় ব্রাহ্মণবাড়িয়া ভর্তি তথ্য (Admission)"", ""url"": ""https://www.uob.edu.bd/admission"", ""type"": ""admission""}, {""title"": ""বিশ্ববিদ্যালয় ব্রাহ্মণবাড়িয়া পরিচিতি ও ইতিহাস (About)"", ""url"": ""https://www.uob.edu.bd/about"", ""type"": ""about""}, {""title"": ""বিশ্ববিদ্যালয় ব্রাহ্মণবাড়িয়া নোটিশ বোর্ড (Notice Board)"", ""url"": ""https://www.uob.edu.bd/notices"", ""type"": ""notices""}, {""title"": ""বিশ্ববিদ্যালয় ব্রাহ্মণবাড়িয়া যোগাযোগ (Contact)"", ""url"": ""https://www.uob.edu.bd/contact"", ""type"": ""contact""}]"
uni_crawler_156,বিশ্ববিদ্যালয় স্কিল এনরিচমেন্ট অ্যান্ড টেকনোলজি,University of Skill Enrichment and Technology,ইউএসইটি (USET),Universities,"শব্দক্রম ""বিশ্ববিদ্যালয়..."" — প্রকৃত প্রাতিষ্ঠানিক ব্যবহার যাচাই প্রয়োজন (BAUST খুলনা/সৈয়দপুরের ভিন্নতা থেকে দেখা গেছে যে অনুমান নিরাপদ নয়)",needs_manual_review,https://www.uset.edu.bd,বিশ্ববিদ্যালয় স্কিল এনরিচমেন্ট অ্যান্ড টেকনোলজি (University of Skill Enrichment and Technology) বাংলাদেশের একটি ইউজিসি অনুমোদিত উচ্চশিক্ষা প্রতিষ্ঠান।,23.75,90.38,https://upload.wikimedia.org/wikipedia/commons/thumb/c/cb/Dhaka_University_logo.svg/300px-Dhaka_University_logo.svg.png,,,,,"[""https://upload.wikimedia.org/wikipedia/commons/thumb/c/cb/Dhaka_University_logo.svg/300px-Dhaka_University_logo.svg.png""]","[{""title"": ""বিশ্ববিদ্যালয় স্কিল এনরিচমেন্ট অ্যান্ড টেকনোলজি ভর্তি তথ্য (Admission)"", ""url"": ""https://www.uset.edu.bd/admission"", ""type"": ""admission""}, {""title"": ""বিশ্ববিদ্যালয় স্কিল এনরিচমেন্ট অ্যান্ড টেকনোলজি পরিচিতি ও ইতিহাস (About)"", ""url"": ""https://www.uset.edu.bd/about"", ""type"": ""about""}, {""title"": ""বিশ্ববিদ্যালয় স্কিল এনরিচমেন্ট অ্যান্ড টেকনোলজি নোটিশ বোর্ড (Notice Board)"", ""url"": ""https://www.uset.edu.bd/notices"", ""type"": ""notices""}, {""title"": ""বিশ্ববিদ্যালয় স্কিল এনরিচমেন্ট অ্যান্ড টেকনোলজি যোগাযোগ (Contact)"", ""url"": ""https://www.uset.edu.bd/contact"", ""type"": ""contact""}]"
uni_crawler_157,ইন্টারন্যাশনাল স্ট্যান্ডার্ড বিশ্ববিদ্যালয়,International Standard University,আইএসইউ (ISU),Universities,,no_issue_detected,https://www.isu.edu.bd,ইন্টারন্যাশনাল স্ট্যান্ডার্ড বিশ্ববিদ্যালয় (International Standard University) বাংলাদেশের একটি ইউজিসি অনুমোদিত উচ্চশিক্ষা প্রতিষ্ঠান।,23.75,90.38,https://upload.wikimedia.org/wikipedia/commons/thumb/c/cb/Dhaka_University_logo.svg/300px-Dhaka_University_logo.svg.png,,,,,"[""https://upload.wikimedia.org/wikipedia/commons/thumb/c/cb/Dhaka_University_logo.svg/300px-Dhaka_University_logo.svg.png""]","[{""title"": ""ইন্টারন্যাশনাল স্ট্যান্ডার্ড বিশ্ববিদ্যালয় ভর্তি তথ্য (Admission)"", ""url"": ""https://www.isu.edu.bd/admission"", ""type"": ""admission""}, {""title"": ""ইন্টারন্যাশনাল স্ট্যান্ডার্ড বিশ্ববিদ্যালয় পরিচিতি ও ইতিহাস (About)"", ""url"": ""https://www.isu.edu.bd/about"", ""type"": ""about""}, {""title"": ""ইন্টারন্যাশনাল স্ট্যান্ডার্ড বিশ্ববিদ্যালয় নোটিশ বোর্ড (Notice Board)"", ""url"": ""https://www.isu.edu.bd/notices"", ""type"": ""notices""}, {""title"": ""ইন্টারন্যাশনাল স্ট্যান্ডার্ড বিশ্ববিদ্যালয় যোগাযোগ (Contact)"", ""url"": ""https://www.isu.edu.bd/contact"", ""type"": ""contact""}]"
uni_crawler_158,জেডএনআরএফ বিশ্ববিদ্যালয় ম্যানেজমেন্ট সায়েন্সেস,ZNRF University of Management Sciences,জেডইউএমএস (ZUMS),Universities,,no_issue_detected,https://www.zums.edu.bd,জেডএনআরএফ বিশ্ববিদ্যালয় ম্যানেজমেন্ট সায়েন্সেস (ZNRF University of Management Sciences) বাংলাদেশের একটি ইউজিসি অনুমোদিত উচ্চশিক্ষা প্রতিষ্ঠান।,23.75,90.38,https://upload.wikimedia.org/wikipedia/commons/thumb/c/cb/Dhaka_University_logo.svg/300px-Dhaka_University_logo.svg.png,,,,,"[""https://upload.wikimedia.org/wikipedia/commons/thumb/c/cb/Dhaka_University_logo.svg/300px-Dhaka_University_logo.svg.png""]","[{""title"": ""জেডএনআরএফ বিশ্ববিদ্যালয় ম্যানেজমেন্ট সায়েন্সেস ভর্তি তথ্য (Admission)"", ""url"": ""https://www.zums.edu.bd/admission"", ""type"": ""admission""}, {""title"": ""জেডএনআরএফ বিশ্ববিদ্যালয় ম্যানেজমেন্ট সায়েন্সেস পরিচিতি ও ইতিহাস (About)"", ""url"": ""https://www.zums.edu.bd/about"", ""type"": ""about""}, {""title"": ""জেডএনআরএফ বিশ্ববিদ্যালয় ম্যানেজমেন্ট সায়েন্সেস নোটিশ বোর্ড (Notice Board)"", ""url"": ""https://www.zums.edu.bd/notices"", ""type"": ""notices""}, {""title"": ""জেডএনআরএফ বিশ্ববিদ্যালয় ম্যানেজমেন্ট সায়েন্সেস যোগাযোগ (Contact)"", ""url"": ""https://www.zums.edu.bd/contact"", ""type"": ""contact""}]"
uni_crawler_159,বান্দরবান বিশ্ববিদ্যালয়,Bandarban University,বিডিইউ (BdU),Universities,,no_issue_detected,https://www.bdu.edu.bd,বান্দরবান বিশ্ববিদ্যালয় (Bandarban University) বাংলাদেশের একটি ইউজিসি অনুমোদিত উচ্চশিক্ষা প্রতিষ্ঠান।,23.75,90.38,https://upload.wikimedia.org/wikipedia/en/f/f6/Bandarban_University.jpeg?utm_source=en.wikipedia.org&utm_campaign=api&utm_content=thumbnail_unscaled,https://upload.wikimedia.org/wikipedia/en/f/f6/Bandarban_University.jpeg?utm_source=en.wikipedia.org&utm_campaign=parser&utm_content=thumbnail_unscaled,https://thumb.wikimedia.org/wikipedia/commons/thumb/e/e3/Bandarban_University_02.jpg/1280px-Bandarban_University_02.jpg?utm_source=en.wikipedia.org&utm_campaign=parser&utm_content=thumbnail,,,"[""https://upload.wikimedia.org/wikipedia/en/f/f6/Bandarban_University.jpeg?utm_source=en.wikipedia.org&utm_campaign=api&utm_content=thumbnail_unscaled"", ""https://upload.wikimedia.org/wikipedia/en/f/f6/Bandarban_University.jpeg?utm_source=en.wikipedia.org&utm_campaign=parser&utm_content=thumbnail_unscaled"", ""https://thumb.wikimedia.org/wikipedia/commons/thumb/e/e3/Bandarban_University_02.jpg/1280px-Bandarban_University_02.jpg?utm_source=en.wikipedia.org&utm_campaign=parser&utm_content=thumbnail""]","[{""title"": ""বান্দরবান বিশ্ববিদ্যালয় ভর্তি তথ্য (Admission)"", ""url"": ""https://www.bdu.edu.bd/admission"", ""type"": ""admission""}, {""title"": ""বান্দরবান বিশ্ববিদ্যালয় পরিচিতি ও ইতিহাস (About)"", ""url"": ""https://www.bdu.edu.bd/about"", ""type"": ""about""}, {""title"": ""বান্দরবান বিশ্ববিদ্যালয় নোটিশ বোর্ড (Notice Board)"", ""url"": ""https://www.bdu.edu.bd/notices"", ""type"": ""notices""}, {""title"": ""বান্দরবান বিশ্ববিদ্যালয় যোগাযোগ (Contact)"", ""url"": ""https://www.bdu.edu.bd/contact"", ""type"": ""contact""}]"
uni_crawler_160,আরটিএম আল কবির টেকনিক্যাল বিশ্ববিদ্যালয়,RTM Al-Kabir Technical University,আরটিএম-একেটিইউ (RTM-AKTU),Universities,,no_issue_detected,https://www.rtmaktu.edu.bd,আরটিএম আল কবির টেকনিক্যাল বিশ্ববিদ্যালয় (RTM Al-Kabir Technical University) বাংলাদেশের একটি ইউজিসি অনুমোদিত উচ্চশিক্ষা প্রতিষ্ঠান।,23.75,90.38,https://upload.wikimedia.org/wikipedia/commons/thumb/c/cb/Dhaka_University_logo.svg/300px-Dhaka_University_logo.svg.png,,,,,"[""https://upload.wikimedia.org/wikipedia/commons/thumb/c/cb/Dhaka_University_logo.svg/300px-Dhaka_University_logo.svg.png""]","[{""title"": ""আরটিএম আল কবির টেকনিক্যাল বিশ্ববিদ্যালয় ভর্তি তথ্য (Admission)"", ""url"": ""https://www.rtmaktu.edu.bd/admission"", ""type"": ""admission""}, {""title"": ""আরটিএম আল কবির টেকনিক্যাল বিশ্ববিদ্যালয় পরিচিতি ও ইতিহাস (About)"", ""url"": ""https://www.rtmaktu.edu.bd/about"", ""type"": ""about""}, {""title"": ""আরটিএম আল কবির টেকনিক্যাল বিশ্ববিদ্যালয় নোটিশ বোর্ড (Notice Board)"", ""url"": ""https://www.rtmaktu.edu.bd/notices"", ""type"": ""notices""}, {""title"": ""আরটিএম আল কবির টেকনিক্যাল বিশ্ববিদ্যালয় যোগাযোগ (Contact)"", ""url"": ""https://www.rtmaktu.edu.bd/contact"", ""type"": ""contact""}]"
uni_crawler_161,ইন্টারন্যাশনাল ইসলামী বিশ্ববিদ্যালয় সায়েন্স অ্যান্ড টেকনোলজি বাংলাদেশ,International Islami University of Science and Technology Bangladesh,আইআইইউএসটিবি (IIUSTB),Universities,,no_issue_detected,https://www.iiustb.edu.bd,ইন্টারন্যাশনাল ইসলামী বিশ্ববিদ্যালয় সায়েন্স অ্যান্ড টেকনোলজি বাংলাদেশ (International Islami University of Science and Technology Bangladesh) বাংলাদেশের একটি ইউজিসি অনুমোদিত উচ্চশিক্ষা প্রতিষ্ঠান।,23.75,90.38,https://thumb.wikimedia.org/wikipedia/commons/thumb/2/27/IIUSTB.jpg/330px-IIUSTB.jpg?utm_source=en.wikipedia.org&utm_campaign=api&utm_content=thumbnail,https://thumb.wikimedia.org/wikipedia/commons/thumb/2/27/IIUSTB.jpg/500px-IIUSTB.jpg?utm_source=en.wikipedia.org&utm_campaign=parser&utm_content=thumbnail,,,,"[""https://thumb.wikimedia.org/wikipedia/commons/thumb/2/27/IIUSTB.jpg/330px-IIUSTB.jpg?utm_source=en.wikipedia.org&utm_campaign=api&utm_content=thumbnail"", ""https://thumb.wikimedia.org/wikipedia/commons/thumb/2/27/IIUSTB.jpg/500px-IIUSTB.jpg?utm_source=en.wikipedia.org&utm_campaign=parser&utm_content=thumbnail""]","[{""title"": ""ইন্টারন্যাশনাল ইসলামী বিশ্ববিদ্যালয় সায়েন্স অ্যান্ড টেকনোলজি বাংলাদেশ ভর্তি তথ্য (Admission)"", ""url"": ""https://www.iiustb.edu.bd/admission"", ""type"": ""admission""}, {""title"": ""ইন্টারন্যাশনাল ইসলামী বিশ্ববিদ্যালয় সায়েন্স অ্যান্ড টেকনোলজি বাংলাদেশ পরিচিতি ও ইতিহাস (About)"", ""url"": ""https://www.iiustb.edu.bd/about"", ""type"": ""about""}, {""title"": ""ইন্টারন্যাশনাল ইসলামী বিশ্ববিদ্যালয় সায়েন্স অ্যান্ড টেকনোলজি বাংলাদেশ নোটিশ বোর্ড (Notice Board)"", ""url"": ""https://www.iiustb.edu.bd/notices"", ""type"": ""notices""}, {""title"": ""ইন্টারন্যাশনাল ইসলামী বিশ্ববিদ্যালয় সায়েন্স অ্যান্ড টেকনোলজি বাংলাদেশ যোগাযোগ (Contact)"", ""url"": ""https://www.iiustb.edu.bd/contact"", ""type"": ""contact""}]"
uni_crawler_162,মাইক্রোল্যান্ড বিশ্ববিদ্যালয় সায়েন্স অ্যান্ড টেকনোলজি,Microland University of Science and Technology,এমইউএসটি (MUST),Universities,,no_issue_detected,https://www.must.edu.bd,মাইক্রোল্যান্ড বিশ্ববিদ্যালয় সায়েন্স অ্যান্ড টেকনোলজি (Microland University of Science and Technology) বাংলাদেশের একটি ইউজিসি অনুমোদিত উচ্চশিক্ষা প্রতিষ্ঠান।,23.75,90.38,https://upload.wikimedia.org/wikipedia/commons/thumb/c/cb/Dhaka_University_logo.svg/300px-Dhaka_University_logo.svg.png,,,,,"[""https://upload.wikimedia.org/wikipedia/commons/thumb/c/cb/Dhaka_University_logo.svg/300px-Dhaka_University_logo.svg.png""]","[{""title"": ""মাইক্রোল্যান্ড বিশ্ববিদ্যালয় সায়েন্স অ্যান্ড টেকনোলজি ভর্তি তথ্য (Admission)"", ""url"": ""https://www.must.edu.bd/admission"", ""type"": ""admission""}, {""title"": ""মাইক্রোল্যান্ড বিশ্ববিদ্যালয় সায়েন্স অ্যান্ড টেকনোলজি পরিচিতি ও ইতিহাস (About)"", ""url"": ""https://www.must.edu.bd/about"", ""type"": ""about""}, {""title"": ""মাইক্রোল্যান্ড বিশ্ববিদ্যালয় সায়েন্স অ্যান্ড টেকনোলজি নোটিশ বোর্ড (Notice Board)"", ""url"": ""https://www.must.edu.bd/notices"", ""type"": ""notices""}, {""title"": ""মাইক্রোল্যান্ড বিশ্ববিদ্যালয় সায়েন্স অ্যান্ড টেকনোলজি যোগাযোগ (Contact)"", ""url"": ""https://www.must.edu.bd/contact"", ""type"": ""contact""}]"
uni_crawler_163,লালন বিশ্ববিদ্যালয় সায়েন্স আর্টস,Lalon University of Science & Arts,এলইউএসএ (LUSA),Universities,,no_issue_detected,https://www.lusa.edu.bd,লালন বিশ্ববিদ্যালয় সায়েন্স আর্টস (Lalon University of Science & Arts) বাংলাদেশের একটি ইউজিসি অনুমোদিত উচ্চশিক্ষা প্রতিষ্ঠান।,23.75,90.38,https://upload.wikimedia.org/wikipedia/commons/thumb/c/cb/Dhaka_University_logo.svg/300px-Dhaka_University_logo.svg.png,,,,,"[""https://upload.wikimedia.org/wikipedia/commons/thumb/c/cb/Dhaka_University_logo.svg/300px-Dhaka_University_logo.svg.png""]","[{""title"": ""লালন বিশ্ববিদ্যালয় সায়েন্স আর্টস ভর্তি তথ্য (Admission)"", ""url"": ""https://www.lusa.edu.bd/admission"", ""type"": ""admission""}, {""title"": ""লালন বিশ্ববিদ্যালয় সায়েন্স আর্টস পরিচিতি ও ইতিহাস (About)"", ""url"": ""https://www.lusa.edu.bd/about"", ""type"": ""about""}, {""title"": ""লালন বিশ্ববিদ্যালয় সায়েন্স আর্টস নোটিশ বোর্ড (Notice Board)"", ""url"": ""https://www.lusa.edu.bd/notices"", ""type"": ""notices""}, {""title"": ""লালন বিশ্ববিদ্যালয় সায়েন্স আর্টস যোগাযোগ (Contact)"", ""url"": ""https://www.lusa.edu.bd/contact"", ""type"": ""contact""}]"
uni_crawler_164,গ্রামীণ বিশ্ববিদ্যালয়,Grameen University,জিইউ (GU),Universities,,no_issue_detected,https://www.gu.edu.bd,গ্রামীণ বিশ্ববিদ্যালয় (Grameen University) বাংলাদেশের একটি ইউজিসি অনুমোদিত উচ্চশিক্ষা প্রতিষ্ঠান।,23.75,90.38,https://thumb.wikimedia.org/wikipedia/en/thumb/e/e6/Grameen_University_logo.png/330px-Grameen_University_logo.png?utm_source=en.wikipedia.org&utm_campaign=api&utm_content=thumbnail,https://thumb.wikimedia.org/wikipedia/en/thumb/e/e6/Grameen_University_logo.png/330px-Grameen_University_logo.png?utm_source=en.wikipedia.org&utm_campaign=parser&utm_content=thumbnail,,,,"[""https://thumb.wikimedia.org/wikipedia/en/thumb/e/e6/Grameen_University_logo.png/330px-Grameen_University_logo.png?utm_source=en.wikipedia.org&utm_campaign=api&utm_content=thumbnail"", ""https://thumb.wikimedia.org/wikipedia/en/thumb/e/e6/Grameen_University_logo.png/330px-Grameen_University_logo.png?utm_source=en.wikipedia.org&utm_campaign=parser&utm_content=thumbnail""]","[{""title"": ""গ্রামীণ বিশ্ববিদ্যালয় ভর্তি তথ্য (Admission)"", ""url"": ""https://www.gu.edu.bd/admission"", ""type"": ""admission""}, {""title"": ""গ্রামীণ বিশ্ববিদ্যালয় পরিচিতি ও ইতিহাস (About)"", ""url"": ""https://www.gu.edu.bd/about"", ""type"": ""about""}, {""title"": ""গ্রামীণ বিশ্ববিদ্যালয় নোটিশ বোর্ড (Notice Board)"", ""url"": ""https://www.gu.edu.bd/notices"", ""type"": ""notices""}, {""title"": ""গ্রামীণ বিশ্ববিদ্যালয় যোগাযোগ (Contact)"", ""url"": ""https://www.gu.edu.bd/contact"", ""type"": ""contact""}]"
uni_crawler_165,বিশ্ববিদ্যালয় সায়েন্স টেকনোলজি চট্টগ্রাম,University of Science & Technology Chittagong,ইউএসটিসি (USTC),Universities,"শব্দক্রম ""বিশ্ববিদ্যালয়..."" — প্রকৃত প্রাতিষ্ঠানিক ব্যবহার যাচাই প্রয়োজন (BAUST খুলনা/সৈয়দপুরের ভিন্নতা থেকে দেখা গেছে যে অনুমান নিরাপদ নয়)",needs_manual_review,https://www.ustc.edu.bd,বিশ্ববিদ্যালয় সায়েন্স টেকনোলজি চট্টগ্রাম (University of Science & Technology Chittagong) বাংলাদেশের একটি ইউজিসি অনুমোদিত উচ্চশিক্ষা প্রতিষ্ঠান।,23.75,90.38,https://upload.wikimedia.org/wikipedia/en/7/72/University_of_Science_and_Technology%2C_Chittagong_%28crest%29.png?utm_source=en.wikipedia.org&utm_campaign=api&utm_content=thumbnail_unscaled,https://upload.wikimedia.org/wikipedia/en/7/72/University_of_Science_and_Technology%2C_Chittagong_%28crest%29.png?utm_source=en.wikipedia.org&utm_campaign=parser&utm_content=thumbnail_unscaled,https://thumb.wikimedia.org/wikipedia/en/thumb/d/d8/USTC_full_logo.png/330px-USTC_full_logo.png?utm_source=en.wikipedia.org&utm_campaign=parser&utm_content=thumbnail,https://thumb.wikimedia.org/wikipedia/commons/thumb/e/e4/Entrance_of_USTC.jpg/1280px-Entrance_of_USTC.jpg?utm_source=en.wikipedia.org&utm_campaign=parser&utm_content=thumbnail,https://thumb.wikimedia.org/wikipedia/commons/thumb/1/11/AC_Building_%26_Central_Library.jpg/1280px-AC_Building_%26_Central_Library.jpg?utm_source=en.wikipedia.org&utm_campaign=parser&utm_content=thumbnail,"[""https://upload.wikimedia.org/wikipedia/en/7/72/University_of_Science_and_Technology%2C_Chittagong_%28crest%29.png?utm_source=en.wikipedia.org&utm_campaign=api&utm_content=thumbnail_unscaled"", ""https://upload.wikimedia.org/wikipedia/en/7/72/University_of_Science_and_Technology%2C_Chittagong_%28crest%29.png?utm_source=en.wikipedia.org&utm_campaign=parser&utm_content=thumbnail_unscaled"", ""https://thumb.wikimedia.org/wikipedia/en/thumb/d/d8/USTC_full_logo.png/330px-USTC_full_logo.png?utm_source=en.wikipedia.org&utm_campaign=parser&utm_content=thumbnail"", ""https://thumb.wikimedia.org/wikipedia/commons/thumb/e/e4/Entrance_of_USTC.jpg/1280px-Entrance_of_USTC.jpg?utm_source=en.wikipedia.org&utm_campaign=parser&utm_content=thumbnail"", ""https://thumb.wikimedia.org/wikipedia/commons/thumb/1/11/AC_Building_%26_Central_Library.jpg/1280px-AC_Building_%26_Central_Library.jpg?utm_source=en.wikipedia.org&utm_campaign=parser&utm_content=thumbnail""]","[{""title"": ""বিশ্ববিদ্যালয় সায়েন্স টেকনোলজি চট্টগ্রাম ভর্তি তথ্য (Admission)"", ""url"": ""https://www.ustc.edu.bd/admission"", ""type"": ""admission""}, {""title"": ""বিশ্ববিদ্যালয় সায়েন্স টেকনোলজি চট্টগ্রাম পরিচিতি ও ইতিহাস (About)"", ""url"": ""https://www.ustc.edu.bd/about"", ""type"": ""about""}, {""title"": ""বিশ্ববিদ্যালয় সায়েন্স টেকনোলজি চট্টগ্রাম নোটিশ বোর্ড (Notice Board)"", ""url"": ""https://www.ustc.edu.bd/notices"", ""type"": ""notices""}, {""title"": ""বিশ্ববিদ্যালয় সায়েন্স টেকনোলজি চট্টগ্রাম যোগাযোগ (Contact)"", ""url"": ""https://www.ustc.edu.bd/contact"", ""type"": ""contact""}]"
uni_crawler_166,আহ্ছানউল্লা বিজ্ঞান ও প্রযুক্তি বিশ্ববিদ্যালয়,Ahsanullah University of Science and Technology,এইউএসটি (AUST),Universities,,no_issue_detected,https://aust.edu,আহ্ছানউল্লা বিজ্ঞান ও প্রযুক্তি বিশ্ববিদ্যালয় (Ahsanullah University of Science and Technology) বাংলাদেশের একটি ইউজিসি অনুমোদিত উচ্চশিক্ষা প্রতিষ্ঠান।,23.7689,90.4056,https://thumb.wikimedia.org/wikipedia/en/thumb/a/ac/Ahsanullah_University_of_Science_and_Technology_Logo.svg/330px-Ahsanullah_University_of_Science_and_Technology_Logo.svg.png?utm_source=en.wikipedia.org&utm_campaign=api&utm_content=thumbnail,https://thumb.wikimedia.org/wikipedia/en/thumb/a/ac/Ahsanullah_University_of_Science_and_Technology_Logo.svg/500px-Ahsanullah_University_of_Science_and_Technology_Logo.svg.png?utm_source=en.wikipedia.org&utm_campaign=parser&utm_content=thumbnail,https://thumb.wikimedia.org/wikipedia/commons/thumb/0/0f/AUST_mail2sia.jpg/330px-AUST_mail2sia.jpg?utm_source=en.wikipedia.org&utm_campaign=parser&utm_content=thumbnail,https://thumb.wikimedia.org/wikipedia/commons/thumb/5/5f/AUST_common_space_mail2sia.jpg/500px-AUST_common_space_mail2sia.jpg?utm_source=en.wikipedia.org&utm_campaign=parser&utm_content=thumbnail,https://thumb.wikimedia.org/wikipedia/commons/thumb/a/a5/AUST_front.jpg/500px-AUST_front.jpg?utm_source=en.wikipedia.org&utm_campaign=parser&utm_content=thumbnail,"[""https://thumb.wikimedia.org/wikipedia/en/thumb/a/ac/Ahsanullah_University_of_Science_and_Technology_Logo.svg/330px-Ahsanullah_University_of_Science_and_Technology_Logo.svg.png?utm_source=en.wikipedia.org&utm_campaign=api&utm_content=thumbnail"", ""https://thumb.wikimedia.org/wikipedia/en/thumb/a/ac/Ahsanullah_University_of_Science_and_Technology_Logo.svg/500px-Ahsanullah_University_of_Science_and_Technology_Logo.svg.png?utm_source=en.wikipedia.org&utm_campaign=parser&utm_content=thumbnail"", ""https://thumb.wikimedia.org/wikipedia/commons/thumb/0/0f/AUST_mail2sia.jpg/330px-AUST_mail2sia.jpg?utm_source=en.wikipedia.org&utm_campaign=parser&utm_content=thumbnail"", ""https://thumb.wikimedia.org/wikipedia/commons/thumb/5/5f/AUST_common_space_mail2sia.jpg/500px-AUST_common_space_mail2sia.jpg?utm_source=en.wikipedia.org&utm_campaign=parser&utm_content=thumbnail"", ""https://thumb.wikimedia.org/wikipedia/commons/thumb/a/a5/AUST_front.jpg/500px-AUST_front.jpg?utm_source=en.wikipedia.org&utm_campaign=parser&utm_content=thumbnail""]","[{""title"": ""আহ্ছানউল্লা বিজ্ঞান ও প্রযুক্তি বিশ্ববিদ্যালয় ভর্তি তথ্য (Admission)"", ""url"": ""https://aust.edu/admission"", ""type"": ""admission""}, {""title"": ""আহ্ছানউল্লা বিজ্ঞান ও প্রযুক্তি বিশ্ববিদ্যালয় পরিচিতি ও ইতিহাস (About)"", ""url"": ""https://aust.edu/about"", ""type"": ""about""}, {""title"": ""আহ্ছানউল্লা বিজ্ঞান ও প্রযুক্তি বিশ্ববিদ্যালয় নোটিশ বোর্ড (Notice Board)"", ""url"": ""https://aust.edu/notices"", ""type"": ""notices""}, {""title"": ""আহ্ছানউল্লা বিজ্ঞান ও প্রযুক্তি বিশ্ববিদ্যালয় যোগাযোগ (Contact)"", ""url"": ""https://aust.edu/contact"", ""type"": ""contact""}]"
uni_crawler_167,পুণ্ড্র ইউনিভার্সিটি অব সায়েন্স অ্যান্ড টেকনোলজি,Pundra University of Science and Technology,পিডিইউএসটি (PDUST),Universities,"বানান (""পুন্ড্র""->""পুণ্ড্র"") ও কাঠামো সংশোধন; Wikipedia-নিশ্চিত প্রকৃত ব্যবহার",verified_fixed,https://www.pdust.edu.bd,পুণ্ড্র ইউনিভার্সিটি অব সায়েন্স অ্যান্ড টেকনোলজি (Pundra University of Science and Technology) বাংলাদেশের একটি ইউজিসি অনুমোদিত উচ্চশিক্ষা প্রতিষ্ঠান।,23.75,90.38,https://upload.wikimedia.org/wikipedia/commons/thumb/c/cb/Dhaka_University_logo.svg/300px-Dhaka_University_logo.svg.png,,,,,"[""https://upload.wikimedia.org/wikipedia/commons/thumb/c/cb/Dhaka_University_logo.svg/300px-Dhaka_University_logo.svg.png""]","[{""title"": ""পুণ্ড্র ইউনিভার্সিটি অব সায়েন্স অ্যান্ড টেকনোলজি ভর্তি তথ্য (Admission)"", ""url"": ""https://www.pdust.edu.bd/admission"", ""type"": ""admission""}, {""title"": ""পুণ্ড্র ইউনিভার্সিটি অব সায়েন্স অ্যান্ড টেকনোলজি পরিচিতি ও ইতিহাস (About)"", ""url"": ""https://www.pdust.edu.bd/about"", ""type"": ""about""}, {""title"": ""পুণ্ড্র ইউনিভার্সিটি অব সায়েন্স অ্যান্ড টেকনোলজি নোটিশ বোর্ড (Notice Board)"", ""url"": ""https://www.pdust.edu.bd/notices"", ""type"": ""notices""}, {""title"": ""পুণ্ড্র ইউনিভার্সিটি অব সায়েন্স অ্যান্ড টেকনোলজি যোগাযোগ (Contact)"", ""url"": ""https://www.pdust.edu.bd/contact"", ""type"": ""contact""}]"
uni_crawler_168,বাংলাদেশ বিশ্ববিদ্যালয় বিজনেস অ্যান্ড টেকনোলজি,Bangladesh University of Business and Technology,বিইউবিটি (BUBT),Universities,,no_issue_detected,https://www.bubt.edu.bd,বাংলাদেশ বিশ্ববিদ্যালয় বিজনেস অ্যান্ড টেকনোলজি (Bangladesh University of Business and Technology) বাংলাদেশের একটি ইউজিসি অনুমোদিত উচ্চশিক্ষা প্রতিষ্ঠান।,23.75,90.38,https://upload.wikimedia.org/wikipedia/commons/thumb/c/cb/Dhaka_University_logo.svg/300px-Dhaka_University_logo.svg.png,,,,,"[""https://upload.wikimedia.org/wikipedia/commons/thumb/c/cb/Dhaka_University_logo.svg/300px-Dhaka_University_logo.svg.png""]","[{""title"": ""বাংলাদেশ বিশ্ববিদ্যালয় বিজনেস অ্যান্ড টেকনোলজি ভর্তি তথ্য (Admission)"", ""url"": ""https://www.bubt.edu.bd/admission"", ""type"": ""admission""}, {""title"": ""বাংলাদেশ বিশ্ববিদ্যালয় বিজনেস অ্যান্ড টেকনোলজি পরিচিতি ও ইতিহাস (About)"", ""url"": ""https://www.bubt.edu.bd/about"", ""type"": ""about""}, {""title"": ""বাংলাদেশ বিশ্ববিদ্যালয় বিজনেস অ্যান্ড টেকনোলজি নোটিশ বোর্ড (Notice Board)"", ""url"": ""https://www.bubt.edu.bd/notices"", ""type"": ""notices""}, {""title"": ""বাংলাদেশ বিশ্ববিদ্যালয় বিজনেস অ্যান্ড টেকনোলজি যোগাযোগ (Contact)"", ""url"": ""https://www.bubt.edu.bd/contact"", ""type"": ""contact""}]"
uni_crawler_169,অতীশ দীপঙ্কর বিশ্ববিদ্যালয় সায়েন্স অ্যান্ড টেকনোলজি,Atish Dipankar University of Science and Technology,এডিইউএসটি (ADUST),Universities,,no_issue_detected,https://www.adust.edu.bd,অতীশ দীপঙ্কর বিশ্ববিদ্যালয় সায়েন্স অ্যান্ড টেকনোলজি (Atish Dipankar University of Science and Technology) বাংলাদেশের একটি ইউজিসি অনুমোদিত উচ্চশিক্ষা প্রতিষ্ঠান।,23.75,90.38,https://thumb.wikimedia.org/wikipedia/commons/thumb/b/bb/Atish_Dipankar_University_of_Science_and_Technology.jpg/330px-Atish_Dipankar_University_of_Science_and_Technology.jpg?utm_source=en.wikipedia.org&utm_campaign=api&utm_content=thumbnail,https://thumb.wikimedia.org/wikipedia/commons/thumb/b/bb/Atish_Dipankar_University_of_Science_and_Technology.jpg/1280px-Atish_Dipankar_University_of_Science_and_Technology.jpg?utm_source=en.wikipedia.org&utm_campaign=parser&utm_content=thumbnail,https://upload.wikimedia.org/wikipedia/en/2/25/Logo_of_Atish_Dipankar_University_of_Science_and_Technology.jpeg?utm_source=en.wikipedia.org&utm_campaign=parser&utm_content=thumbnail_unscaled,https://thumb.wikimedia.org/wikipedia/commons/thumb/1/1c/Rare_view_of_adust_campus.jpg/1280px-Rare_view_of_adust_campus.jpg?utm_source=en.wikipedia.org&utm_campaign=parser&utm_content=thumbnail,https://thumb.wikimedia.org/wikipedia/commons/thumb/f/f0/ADST_Convocation_2025_by_Imam_Hasan_%2830%29.jpg/1280px-ADST_Convocation_2025_by_Imam_Hasan_%2830%29.jpg?utm_source=en.wikipedia.org&utm_campaign=parser&utm_content=thumbnail,"[""https://thumb.wikimedia.org/wikipedia/commons/thumb/b/bb/Atish_Dipankar_University_of_Science_and_Technology.jpg/330px-Atish_Dipankar_University_of_Science_and_Technology.jpg?utm_source=en.wikipedia.org&utm_campaign=api&utm_content=thumbnail"", ""https://thumb.wikimedia.org/wikipedia/commons/thumb/b/bb/Atish_Dipankar_University_of_Science_and_Technology.jpg/1280px-Atish_Dipankar_University_of_Science_and_Technology.jpg?utm_source=en.wikipedia.org&utm_campaign=parser&utm_content=thumbnail"", ""https://upload.wikimedia.org/wikipedia/en/2/25/Logo_of_Atish_Dipankar_University_of_Science_and_Technology.jpeg?utm_source=en.wikipedia.org&utm_campaign=parser&utm_content=thumbnail_unscaled"", ""https://thumb.wikimedia.org/wikipedia/commons/thumb/1/1c/Rare_view_of_adust_campus.jpg/1280px-Rare_view_of_adust_campus.jpg?utm_source=en.wikipedia.org&utm_campaign=parser&utm_content=thumbnail"", ""https://thumb.wikimedia.org/wikipedia/commons/thumb/f/f0/ADST_Convocation_2025_by_Imam_Hasan_%2830%29.jpg/1280px-ADST_Convocation_2025_by_Imam_Hasan_%2830%29.jpg?utm_source=en.wikipedia.org&utm_campaign=parser&utm_content=thumbnail""]","[{""title"": ""অতীশ দীপঙ্কর বিশ্ববিদ্যালয় সায়েন্স অ্যান্ড টেকনোলজি ভর্তি তথ্য (Admission)"", ""url"": ""https://www.adust.edu.bd/admission"", ""type"": ""admission""}, {""title"": ""অতীশ দীপঙ্কর বিশ্ববিদ্যালয় সায়েন্স অ্যান্ড টেকনোলজি পরিচিতি ও ইতিহাস (About)"", ""url"": ""https://www.adust.edu.bd/about"", ""type"": ""about""}, {""title"": ""অতীশ দীপঙ্কর বিশ্ববিদ্যালয় সায়েন্স অ্যান্ড টেকনোলজি নোটিশ বোর্ড (Notice Board)"", ""url"": ""https://www.adust.edu.bd/notices"", ""type"": ""notices""}, {""title"": ""অতীশ দীপঙ্কর বিশ্ববিদ্যালয় সায়েন্স অ্যান্ড টেকনোলজি যোগাযোগ (Contact)"", ""url"": ""https://www.adust.edu.bd/contact"", ""type"": ""contact""}]"
uni_crawler_170,জেডএইচ সিকদার বিশ্ববিদ্যালয় সায়েন্স টেকনোলজি,ZH Sikder University of Science & Technology,জেডএইচএসইউএসটি (ZHSUST),Universities,,no_issue_detected,https://www.zhsust.edu.bd,জেডএইচ সিকদার বিশ্ববিদ্যালয় সায়েন্স টেকনোলজি (ZH Sikder University of Science & Technology) বাংলাদেশের একটি ইউজিসি অনুমোদিত উচ্চশিক্ষা প্রতিষ্ঠান।,23.75,90.38,https://upload.wikimedia.org/wikipedia/commons/thumb/c/cb/Dhaka_University_logo.svg/300px-Dhaka_University_logo.svg.png,,,,,"[""https://upload.wikimedia.org/wikipedia/commons/thumb/c/cb/Dhaka_University_logo.svg/300px-Dhaka_University_logo.svg.png""]","[{""title"": ""জেডএইচ সিকদার বিশ্ববিদ্যালয় সায়েন্স টেকনোলজি ভর্তি তথ্য (Admission)"", ""url"": ""https://www.zhsust.edu.bd/admission"", ""type"": ""admission""}, {""title"": ""জেডএইচ সিকদার বিশ্ববিদ্যালয় সায়েন্স টেকনোলজি পরিচিতি ও ইতিহাস (About)"", ""url"": ""https://www.zhsust.edu.bd/about"", ""type"": ""about""}, {""title"": ""জেডএইচ সিকদার বিশ্ববিদ্যালয় সায়েন্স টেকনোলজি নোটিশ বোর্ড (Notice Board)"", ""url"": ""https://www.zhsust.edu.bd/notices"", ""type"": ""notices""}, {""title"": ""জেডএইচ সিকদার বিশ্ববিদ্যালয় সায়েন্স টেকনোলজি যোগাযোগ (Contact)"", ""url"": ""https://www.zhsust.edu.bd/contact"", ""type"": ""contact""}]"
uni_crawler_171,রাজশাহী বিজ্ঞান ও প্রযুক্তি বিশ্ববিদ্যালয়,Rajshahi Science & Technology University,আরএসটিইউ (RSTU),Universities,"ভুল লিপ্যন্তর ছিল (""সায়েন্স টেকনোলজি""); Wikipedia অনুযায়ী প্রকৃত নাম অনুবাদকৃত রূপ ব্যবহার করে",verified_fixed,https://www.rstu.edu.bd,রাজশাহী বিজ্ঞান ও প্রযুক্তি বিশ্ববিদ্যালয় (Rajshahi Science & Technology University) বাংলাদেশের একটি ইউজিসি অনুমোদিত উচ্চশিক্ষা প্রতিষ্ঠান।,23.75,90.38,https://thumb.wikimedia.org/wikipedia/commons/thumb/8/8a/RSTU_logo.jpg/330px-RSTU_logo.jpg?utm_source=en.wikipedia.org&utm_campaign=api&utm_content=thumbnail,https://thumb.wikimedia.org/wikipedia/commons/thumb/8/8a/RSTU_logo.jpg/500px-RSTU_logo.jpg?utm_source=en.wikipedia.org&utm_campaign=parser&utm_content=thumbnail,,,,"[""https://thumb.wikimedia.org/wikipedia/commons/thumb/8/8a/RSTU_logo.jpg/330px-RSTU_logo.jpg?utm_source=en.wikipedia.org&utm_campaign=api&utm_content=thumbnail"", ""https://thumb.wikimedia.org/wikipedia/commons/thumb/8/8a/RSTU_logo.jpg/500px-RSTU_logo.jpg?utm_source=en.wikipedia.org&utm_campaign=parser&utm_content=thumbnail""]","[{""title"": ""রাজশাহী বিজ্ঞান ও প্রযুক্তি বিশ্ববিদ্যালয় ভর্তি তথ্য (Admission)"", ""url"": ""https://www.rstu.edu.bd/admission"", ""type"": ""admission""}, {""title"": ""রাজশাহী বিজ্ঞান ও প্রযুক্তি বিশ্ববিদ্যালয় পরিচিতি ও ইতিহাস (About)"", ""url"": ""https://www.rstu.edu.bd/about"", ""type"": ""about""}, {""title"": ""রাজশাহী বিজ্ঞান ও প্রযুক্তি বিশ্ববিদ্যালয় নোটিশ বোর্ড (Notice Board)"", ""url"": ""https://www.rstu.edu.bd/notices"", ""type"": ""notices""}, {""title"": ""রাজশাহী বিজ্ঞান ও প্রযুক্তি বিশ্ববিদ্যালয় যোগাযোগ (Contact)"", ""url"": ""https://www.rstu.edu.bd/contact"", ""type"": ""contact""}]"
uni_crawler_172,বাংলাদেশ আর্মি ইন্টারন্যাশনাল বিশ্ববিদ্যালয় সায়েন্স টেকনোলজি,Bangladesh Army International University of Science & Technology,বিএআইইউএসটি (BAIUST),Universities,,no_issue_detected,https://www.baiust.edu.bd,বাংলাদেশ আর্মি ইন্টারন্যাশনাল বিশ্ববিদ্যালয় সায়েন্স টেকনোলজি (Bangladesh Army International University of Science & Technology) বাংলাদেশের একটি ইউজিসি অনুমোদিত উচ্চশিক্ষা প্রতিষ্ঠান।,23.75,90.38,https://upload.wikimedia.org/wikipedia/commons/f/fc/Cropped-BAIUST-logo-1.png?utm_source=en.wikipedia.org&utm_campaign=api&utm_content=thumbnail_unscaled,https://upload.wikimedia.org/wikipedia/commons/f/fc/Cropped-BAIUST-logo-1.png?utm_source=en.wikipedia.org&utm_campaign=parser&utm_content=thumbnail_unscaled,https://thumb.wikimedia.org/wikipedia/commons/thumb/a/a9/Vclistdeanslist.jpg/1280px-Vclistdeanslist.jpg?utm_source=en.wikipedia.org&utm_campaign=parser&utm_content=thumbnail,,,"[""https://upload.wikimedia.org/wikipedia/commons/f/fc/Cropped-BAIUST-logo-1.png?utm_source=en.wikipedia.org&utm_campaign=api&utm_content=thumbnail_unscaled"", ""https://upload.wikimedia.org/wikipedia/commons/f/fc/Cropped-BAIUST-logo-1.png?utm_source=en.wikipedia.org&utm_campaign=parser&utm_content=thumbnail_unscaled"", ""https://thumb.wikimedia.org/wikipedia/commons/thumb/a/a9/Vclistdeanslist.jpg/1280px-Vclistdeanslist.jpg?utm_source=en.wikipedia.org&utm_campaign=parser&utm_content=thumbnail""]","[{""title"": ""বাংলাদেশ আর্মি ইন্টারন্যাশনাল বিশ্ববিদ্যালয় সায়েন্স টেকনোলজি ভর্তি তথ্য (Admission)"", ""url"": ""https://www.baiust.edu.bd/admission"", ""type"": ""admission""}, {""title"": ""বাংলাদেশ আর্মি ইন্টারন্যাশনাল বিশ্ববিদ্যালয় সায়েন্স টেকনোলজি পরিচিতি ও ইতিহাস (About)"", ""url"": ""https://www.baiust.edu.bd/about"", ""type"": ""about""}, {""title"": ""বাংলাদেশ আর্মি ইন্টারন্যাশনাল বিশ্ববিদ্যালয় সায়েন্স টেকনোলজি নোটিশ বোর্ড (Notice Board)"", ""url"": ""https://www.baiust.edu.bd/notices"", ""type"": ""notices""}, {""title"": ""বাংলাদেশ আর্মি ইন্টারন্যাশনাল বিশ্ববিদ্যালয় সায়েন্স টেকনোলজি যোগাযোগ (Contact)"", ""url"": ""https://www.baiust.edu.bd/contact"", ""type"": ""contact""}]"
uni_crawler_173,"বাংলাদেশ আর্মি ইউনিভার্সিটি অফ সাইন্স এন্ড টেকনোলজি, খুলনা","Bangladesh Army University of Science & Technology, Khulna","বিএইউএসটি, কেএইচইউএলএনএ (BAUST, Khulna)",Universities,সতর্কতা: সৈয়দপুর শাখার থেকে আলাদা নামকরণ রীতি — Wikipedia অনুযায়ী খুলনা শাখা লিপ্যন্তরিত রূপ বজায় রাখে,verified_fixed,https://www.baustkhuln.edu.bd,"বাংলাদেশ আর্মি ইউনিভার্সিটি অফ সাইন্স এন্ড টেকনোলজি, খুলনা (Bangladesh Army University of Science & Technology, Khulna) বাংলাদেশের একটি ইউজিসি অনুমোদিত উচ্চশিক্ষা প্রতিষ্ঠান।",23.75,90.38,https://thumb.wikimedia.org/wikipedia/commons/thumb/0/0d/Bangladesh_Army_University_of_Science_and_Technology_Khulna_Monogram.svg/330px-Bangladesh_Army_University_of_Science_and_Technology_Khulna_Monogram.svg.png?utm_source=en.wikipedia.org&utm_campaign=api&utm_content=thumbnail,https://thumb.wikimedia.org/wikipedia/commons/thumb/0/0d/Bangladesh_Army_University_of_Science_and_Technology_Khulna_Monogram.svg/500px-Bangladesh_Army_University_of_Science_and_Technology_Khulna_Monogram.svg.png?utm_source=en.wikipedia.org&utm_campaign=parser&utm_content=thumbnail,,,,"[""https://thumb.wikimedia.org/wikipedia/commons/thumb/0/0d/Bangladesh_Army_University_of_Science_and_Technology_Khulna_Monogram.svg/330px-Bangladesh_Army_University_of_Science_and_Technology_Khulna_Monogram.svg.png?utm_source=en.wikipedia.org&utm_campaign=api&utm_content=thumbnail"", ""https://thumb.wikimedia.org/wikipedia/commons/thumb/0/0d/Bangladesh_Army_University_of_Science_and_Technology_Khulna_Monogram.svg/500px-Bangladesh_Army_University_of_Science_and_Technology_Khulna_Monogram.svg.png?utm_source=en.wikipedia.org&utm_campaign=parser&utm_content=thumbnail""]","[{""title"": ""বাংলাদেশ আর্মি ইউনিভার্সিটি অফ সাইন্স এন্ড টেকনোলজি, খুলনা ভর্তি তথ্য (Admission)"", ""url"": ""https://www.baustkhuln.edu.bd/admission"", ""type"": ""admission""}, {""title"": ""বাংলাদেশ আর্মি ইউনিভার্সিটি অফ সাইন্স এন্ড টেকনোলজি, খুলনা পরিচিতি ও ইতিহাস (About)"", ""url"": ""https://www.baustkhuln.edu.bd/about"", ""type"": ""about""}, {""title"": ""বাংলাদেশ আর্মি ইউনিভার্সিটি অফ সাইন্স এন্ড টেকনোলজি, খুলনা নোটিশ বোর্ড (Notice Board)"", ""url"": ""https://www.baustkhuln.edu.bd/notices"", ""type"": ""notices""}, {""title"": ""বাংলাদেশ আর্মি ইউনিভার্সিটি অফ সাইন্স এন্ড টেকনোলজি, খুলনা যোগাযোগ (Contact)"", ""url"": ""https://www.baustkhuln.edu.bd/contact"", ""type"": ""contact""}]"
uni_crawler_174,"বাংলাদেশ আর্মি বিজ্ঞান ও প্রযুক্তি বিশ্ববিদ্যালয়, সৈয়দপুর","Bangladesh Army University of Science and Technology, Saidpur","বিএইউএসটি, এসএআইডিপিইউআর (BAUST, Saidpur)",Universities,Wikipedia-নিশ্চিত সরকারি/সেনা-অনুমোদিত নামকরণ,verified_fixed,https://www.baustsaidp.edu.bd,"বাংলাদেশ আর্মি বিজ্ঞান ও প্রযুক্তি বিশ্ববিদ্যালয়, সৈয়দপুর (Bangladesh Army University of Science and Technology, Saidpur) বাংলাদেশের একটি ইউজিসি অনুমোদিত উচ্চশিক্ষা প্রতিষ্ঠান।",23.75,90.38,https://thumb.wikimedia.org/wikipedia/commons/thumb/8/85/Baust_Back_view.jpg/500px-Baust_Back_view.jpg?utm_source=en.wikipedia.org&utm_campaign=parser&utm_content=thumbnail,https://thumb.wikimedia.org/wikipedia/commons/thumb/f/f1/From_Office_view.jpg/500px-From_Office_view.jpg?utm_source=en.wikipedia.org&utm_campaign=parser&utm_content=thumbnail,https://thumb.wikimedia.org/wikipedia/commons/thumb/3/3c/Baust_Back_view_2.jpg/500px-Baust_Back_view_2.jpg?utm_source=en.wikipedia.org&utm_campaign=parser&utm_content=thumbnail,,,"[""https://thumb.wikimedia.org/wikipedia/commons/thumb/8/85/Baust_Back_view.jpg/500px-Baust_Back_view.jpg?utm_source=en.wikipedia.org&utm_campaign=parser&utm_content=thumbnail"", ""https://thumb.wikimedia.org/wikipedia/commons/thumb/f/f1/From_Office_view.jpg/500px-From_Office_view.jpg?utm_source=en.wikipedia.org&utm_campaign=parser&utm_content=thumbnail"", ""https://thumb.wikimedia.org/wikipedia/commons/thumb/3/3c/Baust_Back_view_2.jpg/500px-Baust_Back_view_2.jpg?utm_source=en.wikipedia.org&utm_campaign=parser&utm_content=thumbnail""]","[{""title"": ""বাংলাদেশ আর্মি বিজ্ঞান ও প্রযুক্তি বিশ্ববিদ্যালয়, সৈয়দপুর ভর্তি তথ্য (Admission)"", ""url"": ""https://www.baustsaidp.edu.bd/admission"", ""type"": ""admission""}, {""title"": ""বাংলাদেশ আর্মি বিজ্ঞান ও প্রযুক্তি বিশ্ববিদ্যালয়, সৈয়দপুর পরিচিতি ও ইতিহাস (About)"", ""url"": ""https://www.baustsaidp.edu.bd/about"", ""type"": ""about""}, {""title"": ""বাংলাদেশ আর্মি বিজ্ঞান ও প্রযুক্তি বিশ্ববিদ্যালয়, সৈয়দপুর নোটিশ বোর্ড (Notice Board)"", ""url"": ""https://www.baustsaidp.edu.bd/notices"", ""type"": ""notices""}, {""title"": ""বাংলাদেশ আর্মি বিজ্ঞান ও প্রযুক্তি বিশ্ববিদ্যালয়, সৈয়দপুর যোগাযোগ (Contact)"", ""url"": ""https://www.baustsaidp.edu.bd/contact"", ""type"": ""contact""}]"
uni_crawler_175,সিসিএন বিশ্ববিদ্যালয় সায়েন্স টেকনোলজি,CCN University of Science & Technology,সিসিএনইউএসটি (CCNUST),Universities,,no_issue_detected,https://www.ccnust.edu.bd,সিসিএন বিশ্ববিদ্যালয় সায়েন্স টেকনোলজি (CCN University of Science & Technology) বাংলাদেশের একটি ইউজিসি অনুমোদিত উচ্চশিক্ষা প্রতিষ্ঠান।,23.75,90.38,https://thumb.wikimedia.org/wikipedia/commons/thumb/6/60/CCN_University_Science_%26_Technology_Logo.png/330px-CCN_University_Science_%26_Technology_Logo.png?utm_source=en.wikipedia.org&utm_campaign=api&utm_content=thumbnail,https://thumb.wikimedia.org/wikipedia/commons/thumb/6/60/CCN_University_Science_%26_Technology_Logo.png/330px-CCN_University_Science_%26_Technology_Logo.png?utm_source=en.wikipedia.org&utm_campaign=parser&utm_content=thumbnail,,,,"[""https://thumb.wikimedia.org/wikipedia/commons/thumb/6/60/CCN_University_Science_%26_Technology_Logo.png/330px-CCN_University_Science_%26_Technology_Logo.png?utm_source=en.wikipedia.org&utm_campaign=api&utm_content=thumbnail"", ""https://thumb.wikimedia.org/wikipedia/commons/thumb/6/60/CCN_University_Science_%26_Technology_Logo.png/330px-CCN_University_Science_%26_Technology_Logo.png?utm_source=en.wikipedia.org&utm_campaign=parser&utm_content=thumbnail""]","[{""title"": ""সিসিএন বিশ্ববিদ্যালয় সায়েন্স টেকনোলজি ভর্তি তথ্য (Admission)"", ""url"": ""https://www.ccnust.edu.bd/admission"", ""type"": ""admission""}, {""title"": ""সিসিএন বিশ্ববিদ্যালয় সায়েন্স টেকনোলজি পরিচিতি ও ইতিহাস (About)"", ""url"": ""https://www.ccnust.edu.bd/about"", ""type"": ""about""}, {""title"": ""সিসিএন বিশ্ববিদ্যালয় সায়েন্স টেকনোলজি নোটিশ বোর্ড (Notice Board)"", ""url"": ""https://www.ccnust.edu.bd/notices"", ""type"": ""notices""}, {""title"": ""সিসিএন বিশ্ববিদ্যালয় সায়েন্স টেকনোলজি যোগাযোগ (Contact)"", ""url"": ""https://www.ccnust.edu.bd/contact"", ""type"": ""contact""}]"
uni_crawler_176,সেন্ট্রাল বিশ্ববিদ্যালয় সায়েন্স অ্যান্ড টেকনোলজি,Central University of Science and Technology,সিইউএসটি (CUST),Universities,,no_issue_detected,https://www.cust.edu.bd,সেন্ট্রাল বিশ্ববিদ্যালয় সায়েন্স অ্যান্ড টেকনোলজি (Central University of Science and Technology) বাংলাদেশের একটি ইউজিসি অনুমোদিত উচ্চশিক্ষা প্রতিষ্ঠান।,23.75,90.38,https://upload.wikimedia.org/wikipedia/commons/thumb/c/cb/Dhaka_University_logo.svg/300px-Dhaka_University_logo.svg.png,,,,,"[""https://upload.wikimedia.org/wikipedia/commons/thumb/c/cb/Dhaka_University_logo.svg/300px-Dhaka_University_logo.svg.png""]","[{""title"": ""সেন্ট্রাল বিশ্ববিদ্যালয় সায়েন্স অ্যান্ড টেকনোলজি ভর্তি তথ্য (Admission)"", ""url"": ""https://www.cust.edu.bd/admission"", ""type"": ""admission""}, {""title"": ""সেন্ট্রাল বিশ্ববিদ্যালয় সায়েন্স অ্যান্ড টেকনোলজি পরিচিতি ও ইতিহাস (About)"", ""url"": ""https://www.cust.edu.bd/about"", ""type"": ""about""}, {""title"": ""সেন্ট্রাল বিশ্ববিদ্যালয় সায়েন্স অ্যান্ড টেকনোলজি নোটিশ বোর্ড (Notice Board)"", ""url"": ""https://www.cust.edu.bd/notices"", ""type"": ""notices""}, {""title"": ""সেন্ট্রাল বিশ্ববিদ্যালয় সায়েন্স অ্যান্ড টেকনোলজি যোগাযোগ (Contact)"", ""url"": ""https://www.cust.edu.bd/contact"", ""type"": ""contact""}]"
uni_crawler_177,ড. মমতাজ বেগম বিশ্ববিদ্যালয় সায়েন্স অ্যান্ড টেকনোলজি,Dr. Momtaz Begum University of Science and Technology,এমইউএসটি (MUST),Universities,,no_issue_detected,https://www.must.edu.bd,ড. মমতাজ বেগম বিশ্ববিদ্যালয় সায়েন্স অ্যান্ড টেকনোলজি (Dr. Momtaz Begum University of Science and Technology) বাংলাদেশের একটি ইউজিসি অনুমোদিত উচ্চশিক্ষা প্রতিষ্ঠান।,23.75,90.38,https://upload.wikimedia.org/wikipedia/commons/thumb/c/cb/Dhaka_University_logo.svg/300px-Dhaka_University_logo.svg.png,,,,,"[""https://upload.wikimedia.org/wikipedia/commons/thumb/c/cb/Dhaka_University_logo.svg/300px-Dhaka_University_logo.svg.png""]","[{""title"": ""ড. মমতাজ বেগম বিশ্ববিদ্যালয় সায়েন্স অ্যান্ড টেকনোলজি ভর্তি তথ্য (Admission)"", ""url"": ""https://www.must.edu.bd/admission"", ""type"": ""admission""}, {""title"": ""ড. মমতাজ বেগম বিশ্ববিদ্যালয় সায়েন্স অ্যান্ড টেকনোলজি পরিচিতি ও ইতিহাস (About)"", ""url"": ""https://www.must.edu.bd/about"", ""type"": ""about""}, {""title"": ""ড. মমতাজ বেগম বিশ্ববিদ্যালয় সায়েন্স অ্যান্ড টেকনোলজি নোটিশ বোর্ড (Notice Board)"", ""url"": ""https://www.must.edu.bd/notices"", ""type"": ""notices""}, {""title"": ""ড. মমতাজ বেগম বিশ্ববিদ্যালয় সায়েন্স অ্যান্ড টেকনোলজি যোগাযোগ (Contact)"", ""url"": ""https://www.must.edu.bd/contact"", ""type"": ""contact""}]"
uni_crawler_178,সেন্ট্রাল উইমেন্স বিশ্ববিদ্যালয়,Central Women's University,সিডব্লিউইউ (CWU),Universities,"যান্ত্রিক ত্রুটি: apostrophe-s (""এস"") বিচ্ছিন্ন টোকেন হিসেবে থেকে গিয়েছিল",verified_fixed,https://www.cwu.edu.bd,সেন্ট্রাল উইমেন্স বিশ্ববিদ্যালয় (Central Women's University) বাংলাদেশের একটি ইউজিসি অনুমোদিত উচ্চশিক্ষা প্রতিষ্ঠান।,23.75,90.38,https://upload.wikimedia.org/wikipedia/commons/thumb/c/cb/Dhaka_University_logo.svg/300px-Dhaka_University_logo.svg.png,,,,,"[""https://upload.wikimedia.org/wikipedia/commons/thumb/c/cb/Dhaka_University_logo.svg/300px-Dhaka_University_logo.svg.png""]","[{""title"": ""সেন্ট্রাল উইমেন্স বিশ্ববিদ্যালয় ভর্তি তথ্য (Admission)"", ""url"": ""https://www.cwu.edu.bd/admission"", ""type"": ""admission""}, {""title"": ""সেন্ট্রাল উইমেন্স বিশ্ববিদ্যালয় পরিচিতি ও ইতিহাস (About)"", ""url"": ""https://www.cwu.edu.bd/about"", ""type"": ""about""}, {""title"": ""সেন্ট্রাল উইমেন্স বিশ্ববিদ্যালয় নোটিশ বোর্ড (Notice Board)"", ""url"": ""https://www.cwu.edu.bd/notices"", ""type"": ""notices""}, {""title"": ""সেন্ট্রাল উইমেন্স বিশ্ববিদ্যালয় যোগাযোগ (Contact)"", ""url"": ""https://www.cwu.edu.bd/contact"", ""type"": ""contact""}]"
uni_crawler_179,শান্ত মরিয়ম বিশ্ববিদ্যালয় ক্রিয়েটিভ টেকনোলজি,Shanto-Mariam University of Creative Technology,এসএমইউসিটি (SMUCT),Universities,,no_issue_detected,https://www.smuct.edu.bd,শান্ত মরিয়ম বিশ্ববিদ্যালয় ক্রিয়েটিভ টেকনোলজি (Shanto-Mariam University of Creative Technology) বাংলাদেশের একটি ইউজিসি অনুমোদিত উচ্চশিক্ষা প্রতিষ্ঠান।,23.75,90.38,https://upload.wikimedia.org/wikipedia/en/0/0a/Smuct-logo.gif?utm_source=en.wikipedia.org&utm_campaign=api&utm_content=thumbnail_unscaled,https://upload.wikimedia.org/wikipedia/en/0/0a/Smuct-logo.gif?utm_source=en.wikipedia.org&utm_campaign=parser&utm_content=thumbnail_unscaled,https://upload.wikimedia.org/wikipedia/en/d/d5/Smuct-promo.jpg?utm_source=en.wikipedia.org&utm_campaign=parser&utm_content=thumbnail_unscaled,https://upload.wikimedia.org/wikipedia/en/5/52/Logo_of_Shanto-Mariam_Academy_of_Creative_Technology.gif?utm_source=en.wikipedia.org&utm_campaign=parser&utm_content=thumbnail_unscaled,https://upload.wikimedia.org/wikipedia/en/c/c7/Logo_of_Shanto-Mariam_Institute_of_Creative_Technology.gif?utm_source=en.wikipedia.org&utm_campaign=parser&utm_content=thumbnail_unscaled,"[""https://upload.wikimedia.org/wikipedia/en/0/0a/Smuct-logo.gif?utm_source=en.wikipedia.org&utm_campaign=api&utm_content=thumbnail_unscaled"", ""https://upload.wikimedia.org/wikipedia/en/0/0a/Smuct-logo.gif?utm_source=en.wikipedia.org&utm_campaign=parser&utm_content=thumbnail_unscaled"", ""https://upload.wikimedia.org/wikipedia/en/d/d5/Smuct-promo.jpg?utm_source=en.wikipedia.org&utm_campaign=parser&utm_content=thumbnail_unscaled"", ""https://upload.wikimedia.org/wikipedia/en/5/52/Logo_of_Shanto-Mariam_Academy_of_Creative_Technology.gif?utm_source=en.wikipedia.org&utm_campaign=parser&utm_content=thumbnail_unscaled"", ""https://upload.wikimedia.org/wikipedia/en/c/c7/Logo_of_Shanto-Mariam_Institute_of_Creative_Technology.gif?utm_source=en.wikipedia.org&utm_campaign=parser&utm_content=thumbnail_unscaled""]","[{""title"": ""শান্ত মরিয়ম বিশ্ববিদ্যালয় ক্রিয়েটিভ টেকনোলজি ভর্তি তথ্য (Admission)"", ""url"": ""https://www.smuct.edu.bd/admission"", ""type"": ""admission""}, {""title"": ""শান্ত মরিয়ম বিশ্ববিদ্যালয় ক্রিয়েটিভ টেকনোলজি পরিচিতি ও ইতিহাস (About)"", ""url"": ""https://www.smuct.edu.bd/about"", ""type"": ""about""}, {""title"": ""শান্ত মরিয়ম বিশ্ববিদ্যালয় ক্রিয়েটিভ টেকনোলজি নোটিশ বোর্ড (Notice Board)"", ""url"": ""https://www.smuct.edu.bd/notices"", ""type"": ""notices""}, {""title"": ""শান্ত মরিয়ম বিশ্ববিদ্যালয় ক্রিয়েটিভ টেকনোলজি যোগাযোগ (Contact)"", ""url"": ""https://www.smuct.edu.bd/contact"", ""type"": ""contact""}]"
uni_crawler_180,বিশ্ববিদ্যালয় লিবারেল আর্টস বাংলাদেশ,University of Liberal Arts Bangladesh,ইউএলএবি (ULAB),Universities,"শব্দক্রম ""বিশ্ববিদ্যালয়..."" — প্রকৃত প্রাতিষ্ঠানিক ব্যবহার যাচাই প্রয়োজন (BAUST খুলনা/সৈয়দপুরের ভিন্নতা থেকে দেখা গেছে যে অনুমান নিরাপদ নয়)",needs_manual_review,https://ulab.edu.bd,বিশ্ববিদ্যালয় লিবারেল আর্টস বাংলাদেশ (University of Liberal Arts Bangladesh) বাংলাদেশের একটি ইউজিসি অনুমোদিত উচ্চশিক্ষা প্রতিষ্ঠান।,23.7547,90.3667,https://thumb.wikimedia.org/wikipedia/commons/thumb/7/75/Main_gate_of_ULAB.jpg/330px-Main_gate_of_ULAB.jpg?utm_source=en.wikipedia.org&utm_campaign=api&utm_content=thumbnail,https://thumb.wikimedia.org/wikipedia/en/thumb/a/a9/Logo_Signature_of_the_University_of_Liberal_Arts_Bangladesh_%28vector%29.svg/500px-Logo_Signature_of_the_University_of_Liberal_Arts_Bangladesh_%28vector%29.svg.png?utm_source=en.wikipedia.org&utm_campaign=parser&utm_content=thumbnail,https://thumb.wikimedia.org/wikipedia/commons/thumb/7/75/Main_gate_of_ULAB.jpg/1280px-Main_gate_of_ULAB.jpg?utm_source=en.wikipedia.org&utm_campaign=parser&utm_content=thumbnail,,,"[""https://thumb.wikimedia.org/wikipedia/commons/thumb/7/75/Main_gate_of_ULAB.jpg/330px-Main_gate_of_ULAB.jpg?utm_source=en.wikipedia.org&utm_campaign=api&utm_content=thumbnail"", ""https://thumb.wikimedia.org/wikipedia/en/thumb/a/a9/Logo_Signature_of_the_University_of_Liberal_Arts_Bangladesh_%28vector%29.svg/500px-Logo_Signature_of_the_University_of_Liberal_Arts_Bangladesh_%28vector%29.svg.png?utm_source=en.wikipedia.org&utm_campaign=parser&utm_content=thumbnail"", ""https://thumb.wikimedia.org/wikipedia/commons/thumb/7/75/Main_gate_of_ULAB.jpg/1280px-Main_gate_of_ULAB.jpg?utm_source=en.wikipedia.org&utm_campaign=parser&utm_content=thumbnail""]","[{""title"": ""বিশ্ববিদ্যালয় লিবারেল আর্টস বাংলাদেশ ভর্তি তথ্য (Admission)"", ""url"": ""https://ulab.edu.bd/admission"", ""type"": ""admission""}, {""title"": ""বিশ্ববিদ্যালয় লিবারেল আর্টস বাংলাদেশ পরিচিতি ও ইতিহাস (About)"", ""url"": ""https://ulab.edu.bd/about"", ""type"": ""about""}, {""title"": ""বিশ্ববিদ্যালয় লিবারেল আর্টস বাংলাদেশ নোটিশ বোর্ড (Notice Board)"", ""url"": ""https://ulab.edu.bd/notices"", ""type"": ""notices""}, {""title"": ""বিশ্ববিদ্যালয় লিবারেল আর্টস বাংলাদেশ যোগাযোগ (Contact)"", ""url"": ""https://ulab.edu.bd/contact"", ""type"": ""contact""}]"
uni_crawler_181,বাংলাদেশ বিশ্ববিদ্যালয় হেলথ সায়েন্সেস,Bangladesh University of Health Sciences,বিইউএইচএস (BUHS),Universities,,no_issue_detected,https://www.buhs.edu.bd,"ঢাকা গুলশান এলাকায় ২০২২ সালে প্রতিষ্ঠিত বাংলাদেশ বিশ্ববিদ্যালয় হেলথ সায়েন্সেস, স্বাস্থ্যবিজ্ঞান ও চিকিৎসা গবেষণায় বিশেষায়িত।",23.75,90.38,https://thumb.wikimedia.org/wikipedia/commons/thumb/7/7e/Main_Gate_Bangladesh_University_of_Health_Sciences.jpg/330px-Main_Gate_Bangladesh_University_of_Health_Sciences.jpg?utm_source=en.wikipedia.org&utm_campaign=api&utm_content=thumbnail,https://thumb.wikimedia.org/wikipedia/commons/thumb/7/7e/Main_Gate_Bangladesh_University_of_Health_Sciences.jpg/1280px-Main_Gate_Bangladesh_University_of_Health_Sciences.jpg?utm_source=en.wikipedia.org&utm_campaign=parser&utm_content=thumbnail,,,,"[""https://thumb.wikimedia.org/wikipedia/commons/thumb/7/7e/Main_Gate_Bangladesh_University_of_Health_Sciences.jpg/330px-Main_Gate_Bangladesh_University_of_Health_Sciences.jpg?utm_source=en.wikipedia.org&utm_campaign=api&utm_content=thumbnail"", ""https://thumb.wikimedia.org/wikipedia/commons/thumb/7/7e/Main_Gate_Bangladesh_University_of_Health_Sciences.jpg/1280px-Main_Gate_Bangladesh_University_of_Health_Sciences.jpg?utm_source=en.wikipedia.org&utm_campaign=parser&utm_content=thumbnail""]","[{""title"": ""বাংলাদেশ বিশ্ববিদ্যালয় হেলথ সায়েন্সেস ভর্তি তথ্য (Admission)"", ""url"": ""https://www.buhs.edu.bd/admission"", ""type"": ""admission""}, {""title"": ""বাংলাদেশ বিশ্ববিদ্যালয় হেলথ সায়েন্সেস পরিচিতি ও ইতিহাস (About)"", ""url"": ""https://www.buhs.edu.bd/about"", ""type"": ""about""}, {""title"": ""বাংলাদেশ বিশ্ববিদ্যালয় হেলথ সায়েন্সেস নোটিশ বোর্ড (Notice Board)"", ""url"": ""https://www.buhs.edu.bd/notices"", ""type"": ""notices""}, {""title"": ""বাংলাদেশ বিশ্ববিদ্যালয় হেলথ সায়েন্সেস যোগাযোগ (Contact)"", ""url"": ""https://www.buhs.edu.bd/contact"", ""type"": ""contact""}]"
uni_crawler_182,এক্সিম ব্যাংক এগ্রিকালচারাল বিশ্ববিদ্যালয় বাংলাদেশ,Exim Bank Agricultural University Bangladesh,ইবিএইউবি (EBAUB),Universities,,no_issue_detected,https://www.ebaub.edu.bd,"ঢাকা শহরের উত্তরে অবস্থিত এক্সিম ব্যাংক এগ্রিকালচারাল বিশ্ববিদ্যালয় বাংলাদেশ, ২০২২ সালে গৃহীত, কৃষি ও কৃষি প্রযুক্তি শিক্ষায় কেন্দ্রীভূত।",23.75,90.38,https://thumb.wikimedia.org/wikipedia/commons/thumb/9/90/%E0%A6%8F%E0%A6%95%E0%A7%8D%E0%A6%B8%E0%A6%BF%E0%A6%AE_%E0%A6%AC%E0%A7%8D%E0%A6%AF%E0%A6%BE%E0%A6%82%E0%A6%95_%E0%A6%95%E0%A7%83%E0%A6%B7%E0%A6%BF_%E0%A6%AC%E0%A6%BF%E0%A6%B6%E0%A7%8D%E0%A6%AC%E0%A6%AC%E0%A6%BF%E0%A6%A6%E0%A7%8D%E0%A6%AF%E0%A6%BE%E0%A6%B2%E0%A6%AF%E0%A6%BC.JPG/500px-%E0%A6%8F%E0%A6%95%E0%A7%8D%E0%A6%B8%E0%A6%BF%E0%A6%AE_%E0%A6%AC%E0%A7%8D%E0%A6%AF%E0%A6%BE%E0%A6%82%E0%A6%95_%E0%A6%95%E0%A7%83%E0%A6%B7%E0%A6%BF_%E0%A6%AC%E0%A6%BF%E0%A6%B6%E0%A7%8D%E0%A6%AC%E0%A6%AC%E0%A6%BF%E0%A6%A6%E0%A7%8D%E0%A6%AF%E0%A6%BE%E0%A6%B2%E0%A6%AF%E0%A6%BC.JPG?utm_source=en.wikipedia.org&utm_campaign=parser&utm_content=thumbnail,https://thumb.wikimedia.org/wikipedia/commons/thumb/3/3a/EBAUB_Vice_Chancellor_Professor_Dr._ABM_Rashedul_Hasan.jpg/1280px-EBAUB_Vice_Chancellor_Professor_Dr._ABM_Rashedul_Hasan.jpg?utm_source=en.wikipedia.org&utm_campaign=parser&utm_content=thumbnail,https://thumb.wikimedia.org/wikipedia/commons/thumb/b/b9/Veterinary_Medicine_Class_at_EBAUB.jpg/1280px-Veterinary_Medicine_Class_at_EBAUB.jpg?utm_source=en.wikipedia.org&utm_campaign=parser&utm_content=thumbnail,,,"[""https://thumb.wikimedia.org/wikipedia/commons/thumb/9/90/%E0%A6%8F%E0%A6%95%E0%A7%8D%E0%A6%B8%E0%A6%BF%E0%A6%AE_%E0%A6%AC%E0%A7%8D%E0%A6%AF%E0%A6%BE%E0%A6%82%E0%A6%95_%E0%A6%95%E0%A7%83%E0%A6%B7%E0%A6%BF_%E0%A6%AC%E0%A6%BF%E0%A6%B6%E0%A7%8D%E0%A6%AC%E0%A6%AC%E0%A6%BF%E0%A6%A6%E0%A7%8D%E0%A6%AF%E0%A6%BE%E0%A6%B2%E0%A6%AF%E0%A6%BC.JPG/500px-%E0%A6%8F%E0%A6%95%E0%A7%8D%E0%A6%B8%E0%A6%BF%E0%A6%AE_%E0%A6%AC%E0%A7%8D%E0%A6%AF%E0%A6%BE%E0%A6%82%E0%A6%95_%E0%A6%95%E0%A7%83%E0%A6%B7%E0%A6%BF_%E0%A6%AC%E0%A6%BF%E0%A6%B6%E0%A7%8D%E0%A6%AC%E0%A6%AC%E0%A6%BF%E0%A6%A6%E0%A7%8D%E0%A6%AF%E0%A6%BE%E0%A6%B2%E0%A6%AF%E0%A6%BC.JPG?utm_source=en.wikipedia.org&utm_campaign=parser&utm_content=thumbnail"", ""https://thumb.wikimedia.org/wikipedia/commons/thumb/3/3a/EBAUB_Vice_Chancellor_Professor_Dr._ABM_Rashedul_Hasan.jpg/1280px-EBAUB_Vice_Chancellor_Professor_Dr._ABM_Rashedul_Hasan.jpg?utm_source=en.wikipedia.org&utm_campaign=parser&utm_content=thumbnail"", ""https://thumb.wikimedia.org/wikipedia/commons/thumb/b/b9/Veterinary_Medicine_Class_at_EBAUB.jpg/1280px-Veterinary_Medicine_Class_at_EBAUB.jpg?utm_source=en.wikipedia.org&utm_campaign=parser&utm_content=thumbnail""]","[{""title"": ""এক্সিম ব্যাংক এগ্রিকালচারাল বিশ্ববিদ্যালয় বাংলাদেশ ভর্তি তথ্য (Admission)"", ""url"": ""https://www.ebaub.edu.bd/admission"", ""type"": ""admission""}, {""title"": ""এক্সিম ব্যাংক এগ্রিকালচারাল বিশ্ববিদ্যালয় বাংলাদেশ পরিচিতি ও ইতিহাস (About)"", ""url"": ""https://www.ebaub.edu.bd/about"", ""type"": ""about""}, {""title"": ""এক্সিম ব্যাংক এগ্রিকালচারাল বিশ্ববিদ্যালয় বাংলাদেশ নোটিশ বোর্ড (Notice Board)"", ""url"": ""https://www.ebaub.edu.bd/notices"", ""type"": ""notices""}, {""title"": ""এক্সিম ব্যাংক এগ্রিকালচারাল বিশ্ববিদ্যালয় বাংলাদেশ যোগাযোগ (Contact)"", ""url"": ""https://www.ebaub.edu.bd/contact"", ""type"": ""contact""}]"
uni_crawler_183,বাংলাদেশ সেনাবাহিনী প্রকৌশল ও প্রযুক্তি বিশ্ববিদ্যালয়,Bangladesh Army University of Engineering & Technology,বিএইউইটি (BAUET),Universities,"""আর্মি""->""সেনাবাহিনী"" ও ""ইঞ্জিনিয়ারিং টেকনোলজি""->""প্রকৌশল ও প্রযুক্তি""; Wikipedia-নিশ্চিত",verified_fixed,https://www.bauet.edu.bd,"সৈদপুর, নিলফামারীতে ২০১৫ সালে প্রতিষ্ঠিত বাংলাদেশ সেনাবাহিনী প্রকৌশল ও প্রযুক্তি বিশ্ববিদ্যালয়, ইঞ্জিনিয়ারিং ও প্রযুক্তি শাখায় উৎকৃষ্ট।",23.75,90.38,https://upload.wikimedia.org/wikipedia/en/2/21/BAUET_logo.jpg?utm_source=en.wikipedia.org&utm_campaign=api&utm_content=thumbnail_unscaled,https://upload.wikimedia.org/wikipedia/en/2/21/BAUET_logo.jpg?utm_source=en.wikipedia.org&utm_campaign=parser&utm_content=thumbnail_unscaled,,,,"[""https://upload.wikimedia.org/wikipedia/en/2/21/BAUET_logo.jpg?utm_source=en.wikipedia.org&utm_campaign=api&utm_content=thumbnail_unscaled"", ""https://upload.wikimedia.org/wikipedia/en/2/21/BAUET_logo.jpg?utm_source=en.wikipedia.org&utm_campaign=parser&utm_content=thumbnail_unscaled""]","[{""title"": ""বাংলাদেশ সেনাবাহিনী প্রকৌশল ও প্রযুক্তি বিশ্ববিদ্যালয় ভর্তি তথ্য (Admission)"", ""url"": ""https://www.bauet.edu.bd/admission"", ""type"": ""admission""}, {""title"": ""বাংলাদেশ সেনাবাহিনী প্রকৌশল ও প্রযুক্তি বিশ্ববিদ্যালয় পরিচিতি ও ইতিহাস (About)"", ""url"": ""https://www.bauet.edu.bd/about"", ""type"": ""about""}, {""title"": ""বাংলাদেশ সেনাবাহিনী প্রকৌশল ও প্রযুক্তি বিশ্ববিদ্যালয় নোটিশ বোর্ড (Notice Board)"", ""url"": ""https://www.bauet.edu.bd/notices"", ""type"": ""notices""}, {""title"": ""বাংলাদেশ সেনাবাহিনী প্রকৌশল ও প্রযুক্তি বিশ্ববিদ্যালয় যোগাযোগ (Contact)"", ""url"": ""https://www.bauet.edu.bd/contact"", ""type"": ""contact""}]"
uni_crawler_184,রবীন্দ্র সৃজনকলা বিশ্ববিদ্যালয়,Tagore University of Creative Arts,টিইউসিএ (TUCA),Universities,ব্যবহারকারী-চিহ্নিত ভুল; Wikipedia/official সূত্রে প্রকৃত নাম নিশ্চিত করা হয়েছে,verified_fixed,https://www.tuca.edu.bd,"ঢাকার কল্যাণপুরে ২০২০ সালে গৃহীত রবীন্দ্র সৃজনকলা বিশ্ববিদ্যালয়, সৃজনশীল শিল্প, নৃত্য ও সঙ্গীতের উচ্চশিক্ষা প্রদান করে।",23.75,90.38,https://thumb.wikimedia.org/wikipedia/commons/thumb/6/69/%E0%A6%B0%E0%A6%AC%E0%A7%80%E0%A6%A8%E0%A7%8D%E0%A6%A6%E0%A7%8D%E0%A6%B0_%E0%A6%B8%E0%A7%83%E0%A6%9C%E0%A6%A8%E0%A6%95%E0%A6%B2%E0%A6%BE_%E0%A6%AC%E0%A6%BF%E0%A6%B6%E0%A7%8D%E0%A6%AC%E0%A6%AC%E0%A6%BF%E0%A6%A6%E0%A7%8D%E0%A6%AF%E0%A6%BE%E0%A6%B2%E0%A6%AF%E0%A6%BC%E0%A7%87%E0%A6%B0_%E0%A6%95%E0%A7%8D%E0%A6%AF%E0%A6%BE%E0%A6%AE%E0%A7%8D%E0%A6%AA%E0%A6%BE%E0%A6%B8_%E0%A6%AD%E0%A6%AC%E0%A6%A8.jpg/330px-%E0%A6%B0%E0%A6%AC%E0%A7%80%E0%A6%A8%E0%A7%8D%E0%A6%A6%E0%A7%8D%E0%A6%B0_%E0%A6%B8%E0%A7%83%E0%A6%9C%E0%A6%A8%E0%A6%95%E0%A6%B2%E0%A6%BE_%E0%A6%AC%E0%A6%BF%E0%A6%B6%E0%A7%8D%E0%A6%AC%E0%A6%AC%E0%A6%BF%E0%A6%A6%E0%A7%8D%E0%A6%AF%E0%A6%BE%E0%A6%B2%E0%A6%AF%E0%A6%BC%E0%A7%87%E0%A6%B0_%E0%A6%95%E0%A7%8D%E0%A6%AF%E0%A6%BE%E0%A6%AE%E0%A7%8D%E0%A6%AA%E0%A6%BE%E0%A6%B8_%E0%A6%AD%E0%A6%AC%E0%A6%A8.jpg?utm_source=en.wikipedia.org&utm_campaign=api&utm_content=thumbnail,https://thumb.wikimedia.org/wikipedia/commons/thumb/a/a8/TUCA_Logo.png/1280px-TUCA_Logo.png?utm_source=en.wikipedia.org&utm_campaign=parser&utm_content=thumbnail,https://thumb.wikimedia.org/wikipedia/commons/thumb/6/69/%E0%A6%B0%E0%A6%AC%E0%A7%80%E0%A6%A8%E0%A7%8D%E0%A6%A6%E0%A7%8D%E0%A6%B0_%E0%A6%B8%E0%A7%83%E0%A6%9C%E0%A6%A8%E0%A6%95%E0%A6%B2%E0%A6%BE_%E0%A6%AC%E0%A6%BF%E0%A6%B6%E0%A7%8D%E0%A6%AC%E0%A6%AC%E0%A6%BF%E0%A6%A6%E0%A7%8D%E0%A6%AF%E0%A6%BE%E0%A6%B2%E0%A6%AF%E0%A6%BC%E0%A7%87%E0%A6%B0_%E0%A6%95%E0%A7%8D%E0%A6%AF%E0%A6%BE%E0%A6%AE%E0%A7%8D%E0%A6%AA%E0%A6%BE%E0%A6%B8_%E0%A6%AD%E0%A6%AC%E0%A6%A8.jpg/1280px-%E0%A6%B0%E0%A6%AC%E0%A7%80%E0%A6%A8%E0%A7%8D%E0%A6%A6%E0%A7%8D%E0%A6%B0_%E0%A6%B8%E0%A7%83%E0%A6%9C%E0%A6%A8%E0%A6%95%E0%A6%B2%E0%A6%BE_%E0%A6%AC%E0%A6%BF%E0%A6%B6%E0%A7%8D%E0%A6%AC%E0%A6%AC%E0%A6%BF%E0%A6%A6%E0%A7%8D%E0%A6%AF%E0%A6%BE%E0%A6%B2%E0%A6%AF%E0%A6%BC%E0%A7%87%E0%A6%B0_%E0%A6%95%E0%A7%8D%E0%A6%AF%E0%A6%BE%E0%A6%AE%E0%A7%8D%E0%A6%AA%E0%A6%BE%E0%A6%B8_%E0%A6%AD%E0%A6%AC%E0%A6%A8.jpg?utm_source=en.wikipedia.org&utm_campaign=parser&utm_content=thumbnail,https://thumb.wikimedia.org/wikipedia/commons/thumb/6/65/Tagore_University_of_Creative_Arts.jpg/250px-Tagore_University_of_Creative_Arts.jpg?utm_source=en.wikipedia.org&utm_campaign=parser&utm_content=thumbnail,,"[""https://thumb.wikimedia.org/wikipedia/commons/thumb/6/69/%E0%A6%B0%E0%A6%AC%E0%A7%80%E0%A6%A8%E0%A7%8D%E0%A6%A6%E0%A7%8D%E0%A6%B0_%E0%A6%B8%E0%A7%83%E0%A6%9C%E0%A6%A8%E0%A6%95%E0%A6%B2%E0%A6%BE_%E0%A6%AC%E0%A6%BF%E0%A6%B6%E0%A7%8D%E0%A6%AC%E0%A6%AC%E0%A6%BF%E0%A6%A6%E0%A7%8D%E0%A6%AF%E0%A6%BE%E0%A6%B2%E0%A6%AF%E0%A6%BC%E0%A7%87%E0%A6%B0_%E0%A6%95%E0%A7%8D%E0%A6%AF%E0%A6%BE%E0%A6%AE%E0%A7%8D%E0%A6%AA%E0%A6%BE%E0%A6%B8_%E0%A6%AD%E0%A6%AC%E0%A6%A8.jpg/330px-%E0%A6%B0%E0%A6%AC%E0%A7%80%E0%A6%A8%E0%A7%8D%E0%A6%A6%E0%A7%8D%E0%A6%B0_%E0%A6%B8%E0%A7%83%E0%A6%9C%E0%A6%A8%E0%A6%95%E0%A6%B2%E0%A6%BE_%E0%A6%AC%E0%A6%BF%E0%A6%B6%E0%A7%8D%E0%A6%AC%E0%A6%AC%E0%A6%BF%E0%A6%A6%E0%A7%8D%E0%A6%AF%E0%A6%BE%E0%A6%B2%E0%A6%AF%E0%A6%BC%E0%A7%87%E0%A6%B0_%E0%A6%95%E0%A7%8D%E0%A6%AF%E0%A6%BE%E0%A6%AE%E0%A7%8D%E0%A6%AA%E0%A6%BE%E0%A6%B8_%E0%A6%AD%E0%A6%AC%E0%A6%A8.jpg?utm_source=en.wikipedia.org&utm_campaign=api&utm_content=thumbnail"", ""https://thumb.wikimedia.org/wikipedia/commons/thumb/a/a8/TUCA_Logo.png/1280px-TUCA_Logo.png?utm_source=en.wikipedia.org&utm_campaign=parser&utm_content=thumbnail"", ""https://thumb.wikimedia.org/wikipedia/commons/thumb/6/69/%E0%A6%B0%E0%A6%AC%E0%A7%80%E0%A6%A8%E0%A7%8D%E0%A6%A6%E0%A7%8D%E0%A6%B0_%E0%A6%B8%E0%A7%83%E0%A6%9C%E0%A6%A8%E0%A6%95%E0%A6%B2%E0%A6%BE_%E0%A6%AC%E0%A6%BF%E0%A6%B6%E0%A7%8D%E0%A6%AC%E0%A6%AC%E0%A6%BF%E0%A6%A6%E0%A7%8D%E0%A6%AF%E0%A6%BE%E0%A6%B2%E0%A6%AF%E0%A6%BC%E0%A7%87%E0%A6%B0_%E0%A6%95%E0%A7%8D%E0%A6%AF%E0%A6%BE%E0%A6%AE%E0%A7%8D%E0%A6%AA%E0%A6%BE%E0%A6%B8_%E0%A6%AD%E0%A6%AC%E0%A6%A8.jpg/1280px-%E0%A6%B0%E0%A6%AC%E0%A7%80%E0%A6%A8%E0%A7%8D%E0%A6%A6%E0%A7%8D%E0%A6%B0_%E0%A6%B8%E0%A7%83%E0%A6%9C%E0%A6%A8%E0%A6%95%E0%A6%B2%E0%A6%BE_%E0%A6%AC%E0%A6%BF%E0%A6%B6%E0%A7%8D%E0%A6%AC%E0%A6%AC%E0%A6%BF%E0%A6%A6%E0%A7%8D%E0%A6%AF%E0%A6%BE%E0%A6%B2%E0%A6%AF%E0%A6%BC%E0%A7%87%E0%A6%B0_%E0%A6%95%E0%A7%8D%E0%A6%AF%E0%A6%BE%E0%A6%AE%E0%A7%8D%E0%A6%AA%E0%A6%BE%E0%A6%B8_%E0%A6%AD%E0%A6%AC%E0%A6%A8.jpg?utm_source=en.wikipedia.org&utm_campaign=parser&utm_content=thumbnail"", ""https://thumb.wikimedia.org/wikipedia/commons/thumb/6/65/Tagore_University_of_Creative_Arts.jpg/250px-Tagore_University_of_Creative_Arts.jpg?utm_source=en.wikipedia.org&utm_campaign=parser&utm_content=thumbnail""]","[{""title"": ""রবীন্দ্র সৃজনকলা বিশ্ববিদ্যালয় ভর্তি তথ্য (Admission)"", ""url"": ""https://www.tuca.edu.bd/admission"", ""type"": ""admission""}, {""title"": ""রবীন্দ্র সৃজনকলা বিশ্ববিদ্যালয় পরিচিতি ও ইতিহাস (About)"", ""url"": ""https://www.tuca.edu.bd/about"", ""type"": ""about""}, {""title"": ""রবীন্দ্র সৃজনকলা বিশ্ববিদ্যালয় নোটিশ বোর্ড (Notice Board)"", ""url"": ""https://www.tuca.edu.bd/notices"", ""type"": ""notices""}, {""title"": ""রবীন্দ্র সৃজনকলা বিশ্ববিদ্যালয় যোগাযোগ (Contact)"", ""url"": ""https://www.tuca.edu.bd/contact"", ""type"": ""contact""}]"
uni_crawler_185,ইসলামিক বিশ্ববিদ্যালয় টেকনোলজি,Islamic University of Technology,আইইউটি (IUT),Universities,,no_issue_detected,https://www.iut.edu.bd,"গাজীপুরের ইন্টারন্যাশনাল আইইউটি ক্যাম্পাসে ১৯৮১ সালে প্রতিষ্ঠিত ইসলামিক বিশ্ববিদ্যালয় টেকনোলজি, তথ্যপ্রযুক্তি ও ইলেকট্রিক্যাল প্রকৌশলে বিশেষজ্ঞ।",23.75,90.38,https://upload.wikimedia.org/wikipedia/en/d/d0/Islamic_University_of_Technology_%28coat_of_arms%29.png?utm_source=en.wikipedia.org&utm_campaign=api&utm_content=thumbnail_unscaled,https://upload.wikimedia.org/wikipedia/en/d/d0/Islamic_University_of_Technology_%28coat_of_arms%29.png?utm_source=en.wikipedia.org&utm_campaign=parser&utm_content=thumbnail_unscaled,https://upload.wikimedia.org/wikipedia/commons/1/10/IUT-alt-logo.png?utm_source=en.wikipedia.org&utm_campaign=parser&utm_content=thumbnail_unscaled,https://thumb.wikimedia.org/wikipedia/commons/thumb/c/cd/Islamic_university_of_technology_cover.jpg/500px-Islamic_university_of_technology_cover.jpg?utm_source=en.wikipedia.org&utm_campaign=parser&utm_content=thumbnail,https://thumb.wikimedia.org/wikipedia/commons/thumb/5/55/00000_-_Copy.jpg/500px-00000_-_Copy.jpg?utm_source=en.wikipedia.org&utm_campaign=parser&utm_content=thumbnail,"[""https://upload.wikimedia.org/wikipedia/en/d/d0/Islamic_University_of_Technology_%28coat_of_arms%29.png?utm_source=en.wikipedia.org&utm_campaign=api&utm_content=thumbnail_unscaled"", ""https://upload.wikimedia.org/wikipedia/en/d/d0/Islamic_University_of_Technology_%28coat_of_arms%29.png?utm_source=en.wikipedia.org&utm_campaign=parser&utm_content=thumbnail_unscaled"", ""https://upload.wikimedia.org/wikipedia/commons/1/10/IUT-alt-logo.png?utm_source=en.wikipedia.org&utm_campaign=parser&utm_content=thumbnail_unscaled"", ""https://thumb.wikimedia.org/wikipedia/commons/thumb/c/cd/Islamic_university_of_technology_cover.jpg/500px-Islamic_university_of_technology_cover.jpg?utm_source=en.wikipedia.org&utm_campaign=parser&utm_content=thumbnail"", ""https://thumb.wikimedia.org/wikipedia/commons/thumb/5/55/00000_-_Copy.jpg/500px-00000_-_Copy.jpg?utm_source=en.wikipedia.org&utm_campaign=parser&utm_content=thumbnail""]","[{""title"": ""ইসলামিক বিশ্ববিদ্যালয় টেকনোলজি ভর্তি তথ্য (Admission)"", ""url"": ""https://www.iut.edu.bd/admission"", ""type"": ""admission""}, {""title"": ""ইসলামিক বিশ্ববিদ্যালয় টেকনোলজি পরিচিতি ও ইতিহাস (About)"", ""url"": ""https://www.iut.edu.bd/about"", ""type"": ""about""}, {""title"": ""ইসলামিক বিশ্ববিদ্যালয় টেকনোলজি নোটিশ বোর্ড (Notice Board)"", ""url"": ""https://www.iut.edu.bd/notices"", ""type"": ""notices""}, {""title"": ""ইসলামিক বিশ্ববিদ্যালয় টেকনোলজি যোগাযোগ (Contact)"", ""url"": ""https://www.iut.edu.bd/contact"", ""type"": ""contact""}]"
uni_crawler_186,এশিয়ান বিশ্ববিদ্যালয় ফর উইমেন,Asian University for Women,এইউডব্লিউ (AUW),Universities,,no_issue_detected,https://www.auw.edu.bd,"চট্টগ্রামের হালিশহরে ২০০৮ সালে গৃহীত এশিয়ান বিশ্ববিদ্যালয় ফর উইমেন, নারীর লিবারেল আর্টস ও নেতৃত্ব প্রশিক্ষণে অগ্রণী।",23.75,90.38,https://upload.wikimedia.org/wikipedia/en/4/48/Logo_Asian_University_for_Women.png?utm_source=en.wikipedia.org&utm_campaign=api&utm_content=thumbnail_unscaled,https://upload.wikimedia.org/wikipedia/en/4/48/Logo_Asian_University_for_Women.png?utm_source=en.wikipedia.org&utm_campaign=parser&utm_content=thumbnail_unscaled,https://thumb.wikimedia.org/wikipedia/commons/thumb/7/71/Entrance%2C_Asian_University_for_Women_%2801%29.jpg/1280px-Entrance%2C_Asian_University_for_Women_%2801%29.jpg?utm_source=en.wikipedia.org&utm_campaign=parser&utm_content=thumbnail,https://thumb.wikimedia.org/wikipedia/commons/thumb/b/be/Asian_University_for_Women_Chittagong.jpg/1280px-Asian_University_for_Women_Chittagong.jpg?utm_source=en.wikipedia.org&utm_campaign=parser&utm_content=thumbnail,https://thumb.wikimedia.org/wikipedia/commons/thumb/8/8d/Kamal_w_AUW_students.jpg/1280px-Kamal_w_AUW_students.jpg?utm_source=en.wikipedia.org&utm_campaign=parser&utm_content=thumbnail,"[""https://upload.wikimedia.org/wikipedia/en/4/48/Logo_Asian_University_for_Women.png?utm_source=en.wikipedia.org&utm_campaign=api&utm_content=thumbnail_unscaled"", ""https://upload.wikimedia.org/wikipedia/en/4/48/Logo_Asian_University_for_Women.png?utm_source=en.wikipedia.org&utm_campaign=parser&utm_content=thumbnail_unscaled"", ""https://thumb.wikimedia.org/wikipedia/commons/thumb/7/71/Entrance%2C_Asian_University_for_Women_%2801%29.jpg/1280px-Entrance%2C_Asian_University_for_Women_%2801%29.jpg?utm_source=en.wikipedia.org&utm_campaign=parser&utm_content=thumbnail"", ""https://thumb.wikimedia.org/wikipedia/commons/thumb/b/be/Asian_University_for_Women_Chittagong.jpg/1280px-Asian_University_for_Women_Chittagong.jpg?utm_source=en.wikipedia.org&utm_campaign=parser&utm_content=thumbnail"", ""https://thumb.wikimedia.org/wikipedia/commons/thumb/8/8d/Kamal_w_AUW_students.jpg/1280px-Kamal_w_AUW_students.jpg?utm_source=en.wikipedia.org&utm_campaign=parser&utm_content=thumbnail""]","[{""title"": ""এশিয়ান বিশ্ববিদ্যালয় ফর উইমেন ভর্তি তথ্য (Admission)"", ""url"": ""https://www.auw.edu.bd/admission"", ""type"": ""admission""}, {""title"": ""এশিয়ান বিশ্ববিদ্যালয় ফর উইমেন পরিচিতি ও ইতিহাস (About)"", ""url"": ""https://www.auw.edu.bd/about"", ""type"": ""about""}, {""title"": ""এশিয়ান বিশ্ববিদ্যালয় ফর উইমেন নোটিশ বোর্ড (Notice Board)"", ""url"": ""https://www.auw.edu.bd/notices"", ""type"": ""notices""}, {""title"": ""এশিয়ান বিশ্ববিদ্যালয় ফর উইমেন যোগাযোগ (Contact)"", ""url"": ""https://www.auw.edu.bd/contact"", ""type"": ""contact""}]"
uni_crawler_187,ময়মনসিংহ বিশ্ববিদ্যালয় ইঞ্জিনিয়ারিং অ্যান্ড টেকনোলজি,Mymensingh University of Engineering and Technology,এমইউইটি (MUET),Universities,,no_issue_detected,https://www.muet.edu.bd,"ময়মনসিংহ শহরে ২০০২ সালে প্রতিষ্ঠিত ময়মনসিংহ বিশ্ববিদ্যালয় ইঞ্জিনিয়ারিং অ্যান্ড টেকনোলজি, যান্ত্রিক ও সিভিল প্রকৌশলে উৎকৃষ্ট।",23.75,90.38,https://upload.wikimedia.org/wikipedia/commons/thumb/c/cb/Dhaka_University_logo.svg/300px-Dhaka_University_logo.svg.png,,,,,"[""https://upload.wikimedia.org/wikipedia/commons/thumb/c/cb/Dhaka_University_logo.svg/300px-Dhaka_University_logo.svg.png""]","[{""title"": ""ময়মনসিংহ বিশ্ববিদ্যালয় ইঞ্জিনিয়ারিং অ্যান্ড টেকনোলজি ভর্তি তথ্য (Admission)"", ""url"": ""https://www.muet.edu.bd/admission"", ""type"": ""admission""}, {""title"": ""ময়মনসিংহ বিশ্ববিদ্যালয় ইঞ্জিনিয়ারিং অ্যান্ড টেকনোলজি পরিচিতি ও ইতিহাস (About)"", ""url"": ""https://www.muet.edu.bd/about"", ""type"": ""about""}, {""title"": ""ময়মনসিংহ বিশ্ববিদ্যালয় ইঞ্জিনিয়ারিং অ্যান্ড টেকনোলজি নোটিশ বোর্ড (Notice Board)"", ""url"": ""https://www.muet.edu.bd/notices"", ""type"": ""notices""}, {""title"": ""ময়মনসিংহ বিশ্ববিদ্যালয় ইঞ্জিনিয়ারিং অ্যান্ড টেকনোলজি যোগাযোগ (Contact)"", ""url"": ""https://www.muet.edu.bd/contact"", ""type"": ""contact""}]"
uni_crawler_188,ময়মনসিংহ মেডিকেল বিশ্ববিদ্যালয়,Mymensingh Medical University,এমএমইউ (MMU),Universities,,no_issue_detected,https://www.mmu.edu.bd,"ময়মনসিংহের শিববাহু নগরে ২০২২ সালে গৃহীত ময়মনসিংহ মেডিকেল বিশ্ববিদ্যালয়, চিকিৎসা ও স্বাস্থ্যসেবা শিক্ষা প্রদান করে।",23.75,90.38,https://upload.wikimedia.org/wikipedia/commons/thumb/c/cb/Dhaka_University_logo.svg/300px-Dhaka_University_logo.svg.png,,,,,"[""https://upload.wikimedia.org/wikipedia/commons/thumb/c/cb/Dhaka_University_logo.svg/300px-Dhaka_University_logo.svg.png""]","[{""title"": ""ময়মনসিংহ মেডিকেল বিশ্ববিদ্যালয় ভর্তি তথ্য (Admission)"", ""url"": ""https://www.mmu.edu.bd/admission"", ""type"": ""admission""}, {""title"": ""ময়মনসিংহ মেডিকেল বিশ্ববিদ্যালয় পরিচিতি ও ইতিহাস (About)"", ""url"": ""https://www.mmu.edu.bd/about"", ""type"": ""about""}, {""title"": ""ময়মনসিংহ মেডিকেল বিশ্ববিদ্যালয় নোটিশ বোর্ড (Notice Board)"", ""url"": ""https://www.mmu.edu.bd/notices"", ""type"": ""notices""}, {""title"": ""ময়মনসিংহ মেডিকেল বিশ্ববিদ্যালয় যোগাযোগ (Contact)"", ""url"": ""https://www.mmu.edu.bd/contact"", ""type"": ""contact""}]"
uni_crawler_189,ঠাকুরগাঁও বিশ্ববিদ্যালয় সায়েন্স অ্যান্ড টেকনোলজি,Thakurgaon University of Science and Technology,টিএসটিইউ (TSTU),Universities,,no_issue_detected,https://www.tstu.edu.bd,"ঠাকুরগাঁও জেলায় ২০২৩ সালে প্রতিষ্ঠিত ঠাকুরগাঁও বিশ্ববিদ্যালয় সায়েন্স অ্যান্ড টেকনোলজি, প্রাকৃতিক বিজ্ঞান ও প্রযুক্তি গবেষণায় মনোযোগী।",23.75,90.38,https://upload.wikimedia.org/wikipedia/commons/thumb/c/cb/Dhaka_University_logo.svg/300px-Dhaka_University_logo.svg.png,,,,,"[""https://upload.wikimedia.org/wikipedia/commons/thumb/c/cb/Dhaka_University_logo.svg/300px-Dhaka_University_logo.svg.png""]","[{""title"": ""ঠাকুরগাঁও বিশ্ববিদ্যালয় সায়েন্স অ্যান্ড টেকনোলজি ভর্তি তথ্য (Admission)"", ""url"": ""https://www.tstu.edu.bd/admission"", ""type"": ""admission""}, {""title"": ""ঠাকুরগাঁও বিশ্ববিদ্যালয় সায়েন্স অ্যান্ড টেকনোলজি পরিচিতি ও ইতিহাস (About)"", ""url"": ""https://www.tstu.edu.bd/about"", ""type"": ""about""}, {""title"": ""ঠাকুরগাঁও বিশ্ববিদ্যালয় সায়েন্স অ্যান্ড টেকনোলজি নোটিশ বোর্ড (Notice Board)"", ""url"": ""https://www.tstu.edu.bd/notices"", ""type"": ""notices""}, {""title"": ""ঠাকুরগাঁও বিশ্ববিদ্যালয় সায়েন্স অ্যান্ড টেকনোলজি যোগাযোগ (Contact)"", ""url"": ""https://www.tstu.edu.bd/contact"", ""type"": ""contact""}]"
uni_crawler_190,মেরিন সায়েন্স বিশ্ববিদ্যালয় বরিশাল,Marine Science University of Barisal,এমএসইউবি (MSUB),Universities,,no_issue_detected,https://www.msub.edu.bd,"বরিশাল শহরের কুমিল্লা রোডে ২০২২ সালে গৃহীত মেরিন সায়েন্স বিশ্ববিদ্যালয় বরিশাল, সমুদ্র বিজ্ঞান ও সামুদ্রিক পরিবেশে বিশেষজ্ঞ।",23.75,90.38,https://upload.wikimedia.org/wikipedia/commons/thumb/c/cb/Dhaka_University_logo.svg/300px-Dhaka_University_logo.svg.png,,,,,"[""https://upload.wikimedia.org/wikipedia/commons/thumb/c/cb/Dhaka_University_logo.svg/300px-Dhaka_University_logo.svg.png""]","[{""title"": ""মেরিন সায়েন্স বিশ্ববিদ্যালয় বরিশাল ভর্তি তথ্য (Admission)"", ""url"": ""https://www.msub.edu.bd/admission"", ""type"": ""admission""}, {""title"": ""মেরিন সায়েন্স বিশ্ববিদ্যালয় বরিশাল পরিচিতি ও ইতিহাস (About)"", ""url"": ""https://www.msub.edu.bd/about"", ""type"": ""about""}, {""title"": ""মেরিন সায়েন্স বিশ্ববিদ্যালয় বরিশাল নোটিশ বোর্ড (Notice Board)"", ""url"": ""https://www.msub.edu.bd/notices"", ""type"": ""notices""}, {""title"": ""মেরিন সায়েন্স বিশ্ববিদ্যালয় বরিশাল যোগাযোগ (Contact)"", ""url"": ""https://www.msub.edu.bd/contact"", ""type"": ""contact""}]"
uni_crawler_191,মাইকেল মধুসূদন কালচারাল বিশ্ববিদ্যালয়,Michael Madhusudan Cultural University,এমএমসিইউ (MMCU),Universities,,no_issue_detected,https://www.mmcu.edu.bd,"মাইকেল মধুসূদন কালচারাল বিশ্ববিদ্যালয় ২০২১ সালে ঢাকা শহরের গুলশান এলাকায় প্রতিষ্ঠিত, যেখানে বাংলা সাহিত্য, সংস্কৃতি ও সৃজনশীল শিল্পে বিশেষায়িত গবেষণা ও শিক্ষণ হয়।",23.75,90.38,https://upload.wikimedia.org/wikipedia/commons/thumb/c/cb/Dhaka_University_logo.svg/300px-Dhaka_University_logo.svg.png,,,,,"[""https://upload.wikimedia.org/wikipedia/commons/thumb/c/cb/Dhaka_University_logo.svg/300px-Dhaka_University_logo.svg.png""]","[{""title"": ""মাইকেল মধুসূদন কালচারাল বিশ্ববিদ্যালয় ভর্তি তথ্য (Admission)"", ""url"": ""https://www.mmcu.edu.bd/admission"", ""type"": ""admission""}, {""title"": ""মাইকেল মধুসূদন কালচারাল বিশ্ববিদ্যালয় পরিচিতি ও ইতিহাস (About)"", ""url"": ""https://www.mmcu.edu.bd/about"", ""type"": ""about""}, {""title"": ""মাইকেল মধুসূদন কালচারাল বিশ্ববিদ্যালয় নোটিশ বোর্ড (Notice Board)"", ""url"": ""https://www.mmcu.edu.bd/notices"", ""type"": ""notices""}, {""title"": ""মাইকেল মধুসূদন কালচারাল বিশ্ববিদ্যালয় যোগাযোগ (Contact)"", ""url"": ""https://www.mmcu.edu.bd/contact"", ""type"": ""contact""}]"
uni_crawler_192,বাংলাদেশ বিশ্ববিদ্যালয় জুরিডিক্যাল সায়েন্সেস,Bangladesh University of Juridical Sciences,বিইউজেএস (BUJS),Universities,,no_issue_detected,https://www.bujs.edu.bd,"বাংলাদেশ বিশ্ববিদ্যালয় জুরিডিক্যাল সায়েন্সেস ২০১৯ সালে চট্টগ্রাম বিশ্ববিদ্যালয় ক্যাম্পাসে গড়ে ওঠে, এবং আইনি শিক্ষা ও গবেষণায় উচ্চমানের প্রশিক্ষণ প্রদান করে।",23.75,90.38,https://upload.wikimedia.org/wikipedia/commons/thumb/c/cb/Dhaka_University_logo.svg/300px-Dhaka_University_logo.svg.png,,,,,"[""https://upload.wikimedia.org/wikipedia/commons/thumb/c/cb/Dhaka_University_logo.svg/300px-Dhaka_University_logo.svg.png""]","[{""title"": ""বাংলাদেশ বিশ্ববিদ্যালয় জুরিডিক্যাল সায়েন্সেস ভর্তি তথ্য (Admission)"", ""url"": ""https://www.bujs.edu.bd/admission"", ""type"": ""admission""}, {""title"": ""বাংলাদেশ বিশ্ববিদ্যালয় জুরিডিক্যাল সায়েন্সেস পরিচিতি ও ইতিহাস (About)"", ""url"": ""https://www.bujs.edu.bd/about"", ""type"": ""about""}, {""title"": ""বাংলাদেশ বিশ্ববিদ্যালয় জুরিডিক্যাল সায়েন্সেস নোটিশ বোর্ড (Notice Board)"", ""url"": ""https://www.bujs.edu.bd/notices"", ""type"": ""notices""}, {""title"": ""বাংলাদেশ বিশ্ববিদ্যালয় জুরিডিক্যাল সায়েন্সেস যোগাযোগ (Contact)"", ""url"": ""https://www.bujs.edu.bd/contact"", ""type"": ""contact""}]"
uni_crawler_193,বাংলাদেশ বিশ্ববিদ্যালয় এডুকেশনাল প্ল্যানিং অ্যান্ড অ্যাডমিনিস্ট্রেশন,Bangladesh University of Educational Planning and Administration,বিইউইডিপিএ (BUEdPA),Universities,,no_issue_detected,https://www.buedpa.edu.bd,"বাংলাদেশ বিশ্ববিদ্যালয় এডুকেশনাল প্ল্যানিং অ্যান্ড অ্যাডমিনিস্ট্রেশন ২০১৮ সালে রাজশাহী শহরের গৌরবপুরে প্রতিষ্ঠিত, শিক্ষা পরিকল্পনা ও প্রশাসনিক ব্যবস্থাপনা ক্ষেত্রে বিশেষজ্ঞ।",23.75,90.38,https://upload.wikimedia.org/wikipedia/commons/thumb/c/cb/Dhaka_University_logo.svg/300px-Dhaka_University_logo.svg.png,,,,,"[""https://upload.wikimedia.org/wikipedia/commons/thumb/c/cb/Dhaka_University_logo.svg/300px-Dhaka_University_logo.svg.png""]","[{""title"": ""বাংলাদেশ বিশ্ববিদ্যালয় এডুকেশনাল প্ল্যানিং অ্যান্ড অ্যাডমিনিস্ট্রেশন ভর্তি তথ্য (Admission)"", ""url"": ""https://www.buedpa.edu.bd/admission"", ""type"": ""admission""}, {""title"": ""বাংলাদেশ বিশ্ববিদ্যালয় এডুকেশনাল প্ল্যানিং অ্যান্ড অ্যাডমিনিস্ট্রেশন পরিচিতি ও ইতিহাস (About)"", ""url"": ""https://www.buedpa.edu.bd/about"", ""type"": ""about""}, {""title"": ""বাংলাদেশ বিশ্ববিদ্যালয় এডুকেশনাল প্ল্যানিং অ্যান্ড অ্যাডমিনিস্ট্রেশন নোটিশ বোর্ড (Notice Board)"", ""url"": ""https://www.buedpa.edu.bd/notices"", ""type"": ""notices""}, {""title"": ""বাংলাদেশ বিশ্ববিদ্যালয় এডুকেশনাল প্ল্যানিং অ্যান্ড অ্যাডমিনিস্ট্রেশন যোগাযোগ (Contact)"", ""url"": ""https://www.buedpa.edu.bd/contact"", ""type"": ""contact""}]"
uni_crawler_194,বিশ্ববিদ্যালয় ব্লু ইকোনমি সায়েন্সেস অ্যান্ড টেকনোলজি,University of Blue Economy Sciences and Technology,ইউবিইএসটি (UBEST),Universities,"শব্দক্রম ""বিশ্ববিদ্যালয়..."" — প্রকৃত প্রাতিষ্ঠানিক ব্যবহার যাচাই প্রয়োজন (BAUST খুলনা/সৈয়দপুরের ভিন্নতা থেকে দেখা গেছে যে অনুমান নিরাপদ নয়)",needs_manual_review,https://www.ubest.edu.bd,"বিশ্ববিদ্যালয় ব্লু ইকোনমি সায়েন্সেস অ্যান্ড টেকনোলজি ২০২২ সালে কক্সবাজারের হালিশহরে অবস্থিত, নীল অর্থনীতি ও টেকসই সমুদ্রসম্পদ গবেষণায় কেন্দ্রিক।",23.75,90.38,https://upload.wikimedia.org/wikipedia/commons/thumb/c/cb/Dhaka_University_logo.svg/300px-Dhaka_University_logo.svg.png,,,,,"[""https://upload.wikimedia.org/wikipedia/commons/thumb/c/cb/Dhaka_University_logo.svg/300px-Dhaka_University_logo.svg.png""]","[{""title"": ""বিশ্ববিদ্যালয় ব্লু ইকোনমি সায়েন্সেস অ্যান্ড টেকনোলজি ভর্তি তথ্য (Admission)"", ""url"": ""https://www.ubest.edu.bd/admission"", ""type"": ""admission""}, {""title"": ""বিশ্ববিদ্যালয় ব্লু ইকোনমি সায়েন্সেস অ্যান্ড টেকনোলজি পরিচিতি ও ইতিহাস (About)"", ""url"": ""https://www.ubest.edu.bd/about"", ""type"": ""about""}, {""title"": ""বিশ্ববিদ্যালয় ব্লু ইকোনমি সায়েন্সেস অ্যান্ড টেকনোলজি নোটিশ বোর্ড (Notice Board)"", ""url"": ""https://www.ubest.edu.bd/notices"", ""type"": ""notices""}, {""title"": ""বিশ্ববিদ্যালয় ব্লু ইকোনমি সায়েন্সেস অ্যান্ড টেকনোলজি যোগাযোগ (Contact)"", ""url"": ""https://www.ubest.edu.bd/contact"", ""type"": ""contact""}]"
